time,temp,dwpt,rhum,prcp,snow,wdir,wspd,wpgt,pres,tsun,coco,temp_F,date
2025-01-01 00:00:00,-4.0,-11.1,58.0,0.0,,120.0,22.0,,1025.0,,2.0,24.8,2025-01-01
2025-01-01 01:00:00,-5.0,-12.0,58.0,0.0,,130.0,22.2,,1024.0,,1.0,23.0,2025-01-01
2025-01-01 02:00:00,-5.0,-12.0,58.0,0.0,,130.0,24.1,,1023.0,,2.0,23.0,2025-01-01
2025-01-01 03:00:00,-4.0,-11.9,54.0,0.0,,140.0,19.0,,1024.0,,2.0,24.8,2025-01-01
2025-01-01 04:00:00,-4.0,-12.9,50.0,0.0,,130.0,22.2,,1023.0,,3.0,24.8,2025-01-01
2025-01-01 05:00:00,-3.0,-13.0,46.0,0.0,,130.0,30.0,,1022.0,,3.0,26.6,2025-01-01
2025-01-01 06:00:00,-4.0,-12.9,50.0,0.0,,130.0,19.0,,1023.0,,3.0,24.8,2025-01-01
2025-01-01 07:00:00,-4.0,-11.9,54.0,0.0,,140.0,24.1,,1023.0,,3.0,24.8,2025-01-01
2025-01-01 08:00:00,-3.0,-12.0,50.0,0.0,,150.0,13.0,,1023.0,,3.0,26.6,2025-01-01
2025-01-01 09:00:00,-2.0,-12.1,46.0,0.0,,140.0,22.2,,1022.0,,3.0,28.4,2025-01-01
2025-01-01 10:00:00,-1.0,-10.9,47.0,0.0,,140.0,20.4,,1023.0,,3.0,30.2,2025-01-01
2025-01-01 11:00:00,1.0,-11.1,40.0,0.0,,130.0,15.0,,1022.0,,3.0,33.8,2025-01-01
2025-01-01 12:00:00,2.0,-10.9,38.0,0.0,,140.0,16.7,,1021.0,,3.0,35.6,2025-01-01
2025-01-01 13:00:00,2.0,-10.9,38.0,0.0,,140.0,7.0,,1021.0,,3.0,35.6,2025-01-01
2025-01-01 14:00:00,4.0,-9.1,38.0,0.0,,110.0,13.0,,1020.0,,3.0,39.2,2025-01-01
2025-01-01 15:00:00,4.0,-9.1,38.0,0.0,,130.0,9.3,,1020.0,,3.0,39.2,2025-01-01
2025-01-01 16:00:00,4.0,-8.1,41.0,0.0,,90.0,9.3,,1020.0,,3.0,39.2,2025-01-01
2025-01-01 17:00:00,3.0,-9.0,41.0,0.0,,110.0,9.3,,1020.0,,3.0,37.4,2025-01-01
2025-01-01 18:00:00,3.0,-7.0,48.0,0.0,,120.0,9.3,,1020.0,,3.0,37.4,2025-01-01
2025-01-01 19:00:00,3.0,-4.9,56.0,0.0,,140.0,9.0,,1021.0,,3.0,37.4,2025-01-01
2025-01-01 20:00:00,3.0,-4.0,60.0,0.0,,130.0,11.1,,1021.0,,3.0,37.4,2025-01-01
2025-01-01 21:00:00,4.0,-4.0,56.0,0.0,,130.0,15.0,,1020.0,,3.0,39.2,2025-01-01
2025-01-01 22:00:00,4.0,-4.0,56.0,0.0,,110.0,22.2,,1020.0,,3.0,39.2,2025-01-01
2025-01-01 23:00:00,4.0,-3.1,60.0,0.0,,150.0,9.3,,1021.0,,3.0,39.2,2025-01-01
2025-01-02 00:00:00,4.0,-3.1,60.0,0.1,,120.0,9.0,,1021.0,,12.0,39.2,2025-01-02
2025-01-02 01:00:00,4.0,-3.1,60.0,0.0,,130.0,9.3,,1021.0,,3.0,39.2,2025-01-02
2025-01-02 02:00:00,4.0,-2.0,65.0,0.0,,120.0,7.4,,1022.0,,3.0,39.2,2025-01-02
2025-01-02 03:00:00,5.0,-1.0,65.0,0.0,,120.0,17.0,,1022.0,,3.0,41.0,2025-01-02
2025-01-02 04:00:00,5.0,-1.0,65.0,0.0,,110.0,13.0,,1022.0,,3.0,41.0,2025-01-02
2025-01-02 05:00:00,5.0,-1.0,65.0,0.0,,100.0,11.0,,1022.0,,3.0,41.0,2025-01-02
2025-01-02 06:00:00,4.0,-1.0,70.0,0.0,,40.0,9.3,,1023.0,,3.0,39.2,2025-01-02
2025-01-02 07:00:00,3.0,-1.0,75.0,0.0,,0.0,0.0,,1023.0,,3.0,37.4,2025-01-02
2025-01-02 08:00:00,4.0,0.0,75.0,0.0,,320.0,6.0,,1025.0,,3.0,39.2,2025-01-02
2025-01-02 09:00:00,5.0,0.0,70.0,0.1,,310.0,7.4,,1026.0,,12.0,41.0,2025-01-02
2025-01-02 10:00:00,5.0,0.9,75.0,0.0,,350.0,7.4,,1028.0,,3.0,41.0,2025-01-02
2025-01-02 11:00:00,8.0,0.0,57.0,0.0,,220.0,6.0,,1026.0,,3.0,46.4,2025-01-02
2025-01-02 12:00:00,8.0,0.9,61.0,0.0,,250.0,7.4,,1026.0,,3.0,46.4,2025-01-02
2025-01-02 13:00:00,9.0,-0.1,53.0,0.0,,310.0,7.0,,1026.0,,3.0,48.2,2025-01-02
2025-01-02 14:00:00,10.0,-1.1,46.0,0.0,,0.0,0.0,,1025.0,,1.0,50.0,2025-01-02
2025-01-02 15:00:00,9.0,-0.9,50.0,0.0,,0.0,0.0,,1025.0,,3.0,48.2,2025-01-02
2025-01-02 16:00:00,6.0,-1.0,61.0,0.0,,280.0,7.0,,1025.0,,3.0,42.8,2025-01-02
2025-01-02 17:00:00,3.0,-1.0,75.0,0.0,,270.0,9.0,,1025.0,,3.0,37.4,2025-01-02
2025-01-02 18:00:00,4.0,-2.0,65.0,0.0,,0.0,0.0,,1025.0,,3.0,39.2,2025-01-02
2025-01-02 19:00:00,5.0,-1.0,65.0,0.0,,110.0,17.0,,1025.0,,3.0,41.0,2025-01-02
2025-01-02 20:00:00,5.0,-1.0,65.0,0.0,,120.0,18.5,,1025.0,,3.0,41.0,2025-01-02
2025-01-02 21:00:00,5.0,-1.9,61.0,0.0,,110.0,18.5,,1025.0,,3.0,41.0,2025-01-02
2025-01-02 22:00:00,4.0,-2.0,65.0,0.0,,120.0,7.4,,1025.0,,3.0,39.2,2025-01-02
2025-01-02 23:00:00,5.0,-3.1,56.0,0.0,,140.0,16.7,,1025.0,,3.0,41.0,2025-01-02
2025-01-03 00:00:00,4.0,-3.1,60.0,0.0,,150.0,19.0,,1024.0,,3.0,39.2,2025-01-03
2025-01-03 01:00:00,4.0,-3.1,60.0,0.0,,140.0,27.8,,1024.0,,3.0,39.2,2025-01-03
2025-01-03 02:00:00,3.0,-2.9,65.0,0.0,,130.0,19.0,,1023.0,,3.0,37.4,2025-01-03
2025-01-03 03:00:00,5.0,-3.1,56.0,0.0,,130.0,20.4,,1023.0,,2.0,41.0,2025-01-03
2025-01-03 04:00:00,4.0,-4.0,56.0,0.0,,130.0,19.0,,1022.0,,3.0,39.2,2025-01-03
2025-01-03 05:00:00,4.0,-4.0,56.0,0.0,,130.0,22.0,,1021.0,,3.0,39.2,2025-01-03
2025-01-03 06:00:00,4.0,-5.0,52.0,0.0,,140.0,24.0,,1021.0,,3.0,39.2,2025-01-03
2025-01-03 07:00:00,4.0,-5.0,52.0,0.0,,140.0,32.0,,1021.0,,3.0,39.2,2025-01-03
2025-01-03 08:00:00,4.0,-5.0,52.0,0.0,,140.0,30.0,,1021.0,,3.0,39.2,2025-01-03
2025-01-03 09:00:00,7.0,-3.8,46.0,0.0,,110.0,19.0,,1021.0,,3.0,44.6,2025-01-03
2025-01-03 10:00:00,7.0,-5.1,42.0,0.0,,140.0,30.0,,1021.0,,3.0,44.6,2025-01-03
2025-01-03 11:00:00,10.0,-5.2,34.0,0.0,,140.0,24.0,,1019.0,,3.0,50.0,2025-01-03
2025-01-03 12:00:00,11.0,-3.9,35.0,0.0,,130.0,25.9,,1017.0,,3.0,51.8,2025-01-03
2025-01-03 13:00:00,13.0,-5.1,28.0,0.0,,130.0,26.0,,1016.0,,3.0,55.4,2025-01-03
2025-01-03 14:00:00,12.0,-5.1,30.0,0.0,,140.0,27.8,,1016.0,,3.0,53.6,2025-01-03
2025-01-03 15:00:00,12.0,-5.1,30.0,0.0,,130.0,25.9,,1015.0,,3.0,53.6,2025-01-03
2025-01-03 16:00:00,12.0,-5.1,30.0,0.0,,140.0,27.8,,1014.0,,3.0,53.6,2025-01-03
2025-01-03 17:00:00,11.0,-5.9,30.0,0.0,,130.0,31.5,,1013.0,,3.0,51.8,2025-01-03
2025-01-03 18:00:00,10.0,-6.0,32.0,0.0,,120.0,29.6,,1013.0,,3.0,50.0,2025-01-03
2025-01-03 19:00:00,10.0,-6.0,32.0,0.0,,120.0,39.0,,1013.0,,3.0,50.0,2025-01-03
2025-01-03 20:00:00,9.0,-6.8,32.0,0.0,,130.0,39.0,,1011.0,,3.0,48.2,2025-01-03
2025-01-03 21:00:00,9.0,-6.8,32.0,0.0,,130.0,44.0,,1012.0,,3.0,48.2,2025-01-03
2025-01-03 22:00:00,8.0,-6.9,34.0,0.0,,130.0,28.0,,1011.0,,3.0,46.4,2025-01-03
2025-01-03 23:00:00,8.0,-6.9,34.0,0.0,,130.0,41.0,,1010.0,,3.0,46.4,2025-01-03
2025-01-04 00:00:00,9.0,-6.8,32.0,0.0,,130.0,32.0,,1009.0,,3.0,48.2,2025-01-04
2025-01-04 01:00:00,8.0,-6.9,34.0,0.0,,130.0,33.3,,1009.0,,3.0,46.4,2025-01-04
2025-01-04 02:00:00,8.0,-6.9,34.0,0.0,,110.0,24.1,,1009.0,,3.0,46.4,2025-01-04
2025-01-04 03:00:00,9.0,-8.1,29.0,0.0,,210.0,9.3,,1009.0,,3.0,48.2,2025-01-04
2025-01-04 04:00:00,5.0,-1.9,61.0,0.0,,290.0,44.5,,1009.0,,3.0,41.0,2025-01-04
2025-01-04 05:00:00,4.0,0.0,75.0,0.0,,290.0,22.0,,1012.0,,3.0,39.2,2025-01-04
2025-01-04 06:00:00,3.0,0.1,81.0,1.1,,310.0,35.2,,1012.0,,13.0,37.4,2025-01-04
2025-01-04 07:00:00,2.0,1.0,93.0,2.4,,340.0,26.0,,1013.0,,13.0,35.6,2025-01-04
2025-01-04 08:00:00,1.0,1.0,100.0,1.6,,300.0,13.0,,1014.0,,13.0,33.8,2025-01-04
2025-01-04 09:00:00,1.0,1.0,100.0,2.9,,0.0,0.0,,1015.0,,13.0,33.8,2025-01-04
2025-01-04 10:00:00,2.0,1.0,93.0,1.8,,340.0,20.4,,1017.0,,13.0,35.6,2025-01-04
2025-01-04 11:00:00,2.0,1.0,93.0,0.2,,360.0,19.0,,1017.0,,12.0,35.6,2025-01-04
2025-01-04 12:00:00,3.0,0.1,81.0,0.1,,260.0,9.0,,1017.0,,12.0,37.4,2025-01-04
2025-01-04 13:00:00,2.0,1.0,93.0,0.7,,220.0,15.0,,1017.0,,12.0,35.6,2025-01-04
2025-01-04 14:00:00,3.0,-1.9,70.0,0.5,,310.0,17.0,,1018.0,,12.0,37.4,2025-01-04
2025-01-04 15:00:00,3.0,-1.9,70.0,0.2,,320.0,18.5,,1019.0,,19.0,37.4,2025-01-04
2025-01-04 16:00:00,3.0,-1.9,70.0,0.0,,290.0,11.1,,1020.0,,3.0,37.4,2025-01-04
2025-01-04 17:00:00,2.0,-0.9,81.0,0.0,,260.0,7.4,,1021.0,,2.0,35.6,2025-01-04
2025-01-04 18:00:00,2.0,-2.0,75.0,0.0,,260.0,7.4,,1021.0,,3.0,35.6,2025-01-04
2025-01-04 19:00:00,1.0,-2.9,75.0,0.1,,230.0,9.0,,1022.0,,14.0,33.8,2025-01-04
2025-01-04 20:00:00,0.0,-3.0,80.0,0.0,,240.0,7.4,,1022.0,,3.0,32.0,2025-01-04
2025-01-04 21:00:00,-1.0,-3.0,86.0,0.0,,240.0,9.3,,1022.0,,3.0,30.2,2025-01-04
2025-01-04 22:00:00,-2.0,-3.0,93.0,0.0,,120.0,5.5,,1023.0,,3.0,28.4,2025-01-04
2025-01-04 23:00:00,-2.0,-3.0,93.0,0.0,,138.0,7.2,,1024.0,,3.0,28.4,2025-01-04
2025-01-05 00:00:00,-3.0,-4.0,93.0,0.0,,200.0,7.4,,1023.0,,3.0,26.6,2025-01-05
2025-01-05 01:00:00,-3.0,-4.0,93.0,0.0,,0.0,0.0,,1024.0,,3.0,26.6,2025-01-05
2025-01-05 02:00:00,-3.0,-4.0,93.0,0.0,,190.0,9.0,,1024.0,,3.0,26.6,2025-01-05
2025-01-05 03:00:00,-3.0,-3.0,100.0,0.0,,0.0,0.0,,1025.0,,3.0,26.6,2025-01-05
2025-01-05 04:00:00,-4.0,-5.0,93.0,0.0,,0.0,0.0,,1025.0,,5.0,24.8,2025-01-05
2025-01-05 05:00:00,-4.0,-5.0,93.0,0.0,,119.0,6.1,,1025.0,,5.0,24.8,2025-01-05
2025-01-05 06:00:00,-5.0,-7.0,86.0,0.0,,160.0,7.4,,1026.0,,5.0,23.0,2025-01-05
2025-01-05 07:00:00,-4.0,-6.0,86.0,0.0,,140.0,5.5,,1026.0,,5.0,24.8,2025-01-05
2025-01-05 08:00:00,-3.0,-5.0,86.0,0.0,,120.0,9.0,,1026.0,,3.0,26.6,2025-01-05
2025-01-05 09:00:00,-2.0,-5.0,80.0,0.0,,130.0,9.3,,1026.0,,3.0,28.4,2025-01-05
2025-01-05 10:00:00,1.0,-4.1,69.0,0.0,,130.0,11.1,,1027.0,,3.0,33.8,2025-01-05
2025-01-05 11:00:00,3.0,-4.9,56.0,0.0,,160.0,7.0,,1027.0,,3.0,37.4,2025-01-05
2025-01-05 12:00:00,3.0,-4.0,60.0,0.0,,210.0,6.0,,1026.0,,3.0,37.4,2025-01-05
2025-01-05 13:00:00,4.0,-4.0,56.0,0.0,,190.0,7.0,,1026.0,,3.0,39.2,2025-01-05
2025-01-05 14:00:00,3.0,-4.0,60.0,0.0,,360.0,7.4,,1025.0,,3.0,37.4,2025-01-05
2025-01-05 15:00:00,4.0,-4.0,56.0,0.0,,0.0,0.0,,1026.0,,3.0,39.2,2025-01-05
2025-01-05 16:00:00,4.0,-5.0,52.0,0.0,,60.0,6.0,,1026.0,,3.0,39.2,2025-01-05
2025-01-05 17:00:00,2.0,-2.9,70.0,0.0,,210.0,7.0,,1026.0,,3.0,35.6,2025-01-05
2025-01-05 18:00:00,1.0,-2.1,80.0,0.0,,200.0,9.0,,1026.0,,3.0,33.8,2025-01-05
2025-01-05 19:00:00,1.0,-2.9,75.0,0.0,,200.0,6.0,,1026.0,,3.0,33.8,2025-01-05
2025-01-05 20:00:00,2.0,-2.9,70.0,0.0,,0.0,0.0,,1026.0,,3.0,35.6,2025-01-05
2025-01-05 21:00:00,2.0,-2.9,70.0,0.0,,0.0,0.0,,1026.0,,3.0,35.6,2025-01-05
2025-01-05 22:00:00,1.0,-2.1,80.0,0.0,,230.0,9.3,,1026.0,,3.0,33.8,2025-01-05
2025-01-05 23:00:00,0.0,-2.1,86.0,0.0,,210.0,6.0,,1026.0,,3.0,32.0,2025-01-05
2025-01-06 00:00:00,0.0,-2.1,86.0,0.0,,0.0,0.0,,1025.0,,3.0,32.0,2025-01-06
2025-01-06 01:00:00,0.0,-2.1,86.0,0.0,,190.0,6.0,,1025.0,,3.0,32.0,2025-01-06
2025-01-06 02:00:00,1.0,-2.1,80.0,0.0,,130.0,7.4,,1025.0,,3.0,33.8,2025-01-06
2025-01-06 03:00:00,1.0,-2.9,75.0,0.0,,0.0,0.0,,1024.0,,3.0,33.8,2025-01-06
2025-01-06 04:00:00,2.0,-2.9,70.0,0.0,,130.0,9.0,,1024.0,,3.0,35.6,2025-01-06
2025-01-06 05:00:00,1.0,-2.9,75.0,0.0,,100.0,13.0,,1023.0,,3.0,33.8,2025-01-06
2025-01-06 06:00:00,2.0,-2.9,70.0,0.0,,120.0,16.7,,1023.0,,3.0,35.6,2025-01-06
2025-01-06 07:00:00,1.0,-2.9,75.0,0.0,,120.0,9.0,,1023.0,,3.0,33.8,2025-01-06
2025-01-06 08:00:00,2.0,-2.9,70.0,0.0,,130.0,7.4,,1024.0,,3.0,35.6,2025-01-06
2025-01-06 09:00:00,3.0,-1.0,75.0,0.0,,100.0,13.0,,1025.0,,3.0,37.4,2025-01-06
2025-01-06 10:00:00,2.0,0.1,87.0,0.0,,100.0,7.4,,1025.0,,3.0,35.6,2025-01-06
2025-01-06 11:00:00,3.0,1.0,87.0,0.0,,10.0,11.1,,1024.0,,3.0,37.4,2025-01-06
2025-01-06 12:00:00,3.0,0.1,81.0,0.0,,320.0,9.3,,1023.0,,3.0,37.4,2025-01-06
2025-01-06 13:00:00,3.0,0.1,81.0,0.0,,360.0,7.0,,1022.0,,3.0,37.4,2025-01-06
2025-01-06 14:00:00,4.0,0.0,75.0,0.0,,360.0,6.0,,1022.0,,3.0,39.2,2025-01-06
2025-01-06 15:00:00,4.0,-1.0,70.0,0.0,,0.0,0.0,,1022.0,,3.0,39.2,2025-01-06
2025-01-06 16:00:00,3.0,-1.0,75.0,0.0,,330.0,7.0,,1022.0,,3.0,37.4,2025-01-06
2025-01-06 17:00:00,2.0,-0.9,81.0,0.0,,320.0,7.4,,1022.0,,3.0,35.6,2025-01-06
2025-01-06 18:00:00,1.0,-0.9,87.0,0.0,,0.0,0.0,,1022.0,,3.0,33.8,2025-01-06
2025-01-06 19:00:00,2.0,0.1,87.0,0.0,,150.0,2.9,,1023.0,,3.0,35.6,2025-01-06
2025-01-06 20:00:00,2.0,1.0,93.0,0.0,,320.0,7.4,,1023.0,,3.0,35.6,2025-01-06
2025-01-06 21:00:00,2.0,1.0,93.0,0.0,,350.0,13.0,,1023.0,,3.0,35.6,2025-01-06
2025-01-06 22:00:00,1.0,1.0,100.0,0.0,,110.0,7.0,,1023.0,,3.0,33.8,2025-01-06
2025-01-06 23:00:00,1.0,1.0,100.0,0.0,,190.0,7.0,,1023.0,,5.0,33.8,2025-01-06
2025-01-07 00:00:00,1.0,1.0,100.0,0.1,,240.0,6.0,,1023.0,,5.0,33.8,2025-01-07
2025-01-07 01:00:00,1.0,1.0,100.0,0.0,,114.0,3.6,,1023.0,,5.0,33.8,2025-01-07
2025-01-07 02:00:00,1.0,1.0,100.0,0.0,,320.0,13.0,,1023.0,,3.0,33.8,2025-01-07
2025-01-07 03:00:00,1.0,0.0,93.0,0.0,,320.0,11.0,,1024.0,,3.0,33.8,2025-01-07
2025-01-07 04:00:00,0.0,0.0,100.0,0.0,,330.0,13.0,,1024.0,,3.0,32.0,2025-01-07
2025-01-07 05:00:00,0.0,-1.0,93.0,0.0,,320.0,15.0,,1024.0,,3.0,32.0,2025-01-07
2025-01-07 06:00:00,0.0,-1.0,93.0,0.0,,330.0,13.0,,1025.0,,3.0,32.0,2025-01-07
2025-01-07 07:00:00,0.0,-2.1,86.0,0.0,,330.0,9.3,,1025.0,,3.0,32.0,2025-01-07
2025-01-07 08:00:00,0.0,-2.1,86.0,0.0,,330.0,14.8,,1026.0,,3.0,32.0,2025-01-07
2025-01-07 09:00:00,0.0,-2.1,86.0,0.0,,320.0,15.0,,1027.0,,3.0,32.0,2025-01-07
2025-01-07 10:00:00,1.0,-2.9,75.0,0.0,,320.0,11.0,,1027.0,,3.0,33.8,2025-01-07
2025-01-07 11:00:00,3.0,-2.9,65.0,0.0,,310.0,13.0,,1027.0,,3.0,37.4,2025-01-07
2025-01-07 12:00:00,4.0,-4.0,56.0,0.0,,320.0,15.0,,1027.0,,3.0,39.2,2025-01-07
2025-01-07 13:00:00,4.0,-5.0,52.0,0.0,,330.0,22.0,,1026.0,,2.0,39.2,2025-01-07
2025-01-07 14:00:00,4.0,-6.9,45.0,0.0,,320.0,13.0,,1026.0,,1.0,39.2,2025-01-07
2025-01-07 15:00:00,4.0,-6.9,45.0,0.0,,300.0,18.5,,1027.0,,1.0,39.2,2025-01-07
2025-01-07 16:00:00,4.0,-9.1,38.0,0.0,,240.0,11.1,,1028.0,,1.0,39.2,2025-01-07
2025-01-07 17:00:00,1.0,-8.0,51.0,0.0,,200.0,9.0,,1028.0,,1.0,33.8,2025-01-07
2025-01-07 18:00:00,0.0,-7.1,59.0,0.0,,180.0,5.5,,1029.0,,1.0,32.0,2025-01-07
2025-01-07 19:00:00,0.0,-8.9,51.0,0.0,,90.0,9.0,,1030.0,,1.0,32.0,2025-01-07
2025-01-07 20:00:00,0.0,-10.0,47.0,0.0,,0.0,0.0,,1030.0,,1.0,32.0,2025-01-07
2025-01-07 21:00:00,0.0,-10.0,47.0,0.0,,100.0,22.2,,1031.0,,1.0,32.0,2025-01-07
2025-01-07 22:00:00,0.0,-10.0,47.0,0.0,,90.0,7.0,,1031.0,,1.0,32.0,2025-01-07
2025-01-07 23:00:00,-1.0,-10.9,47.0,0.0,,150.0,16.7,,1031.0,,1.0,30.2,2025-01-07
2025-01-08 00:00:00,-2.0,-9.0,59.0,0.0,,250.0,7.4,,1031.0,,1.0,28.4,2025-01-08
2025-01-08 01:00:00,-1.0,-12.0,43.0,0.0,,190.0,9.3,,1031.0,,1.0,30.2,2025-01-08
2025-01-08 02:00:00,-2.0,-12.1,46.0,0.0,,120.0,14.8,,1032.0,,1.0,28.4,2025-01-08
2025-01-08 03:00:00,-4.0,-11.1,58.0,0.0,,140.0,7.0,,1033.0,,1.0,24.8,2025-01-08
2025-01-08 04:00:00,-4.0,-11.9,54.0,0.0,,130.0,13.0,,1033.0,,1.0,24.8,2025-01-08
2025-01-08 05:00:00,-5.0,-12.0,58.0,0.0,,120.0,7.4,,1033.0,,1.0,23.0,2025-01-08
2025-01-08 06:00:00,-6.0,-12.9,58.0,0.0,,110.0,17.0,,1032.0,,1.0,21.2,2025-01-08
2025-01-08 07:00:00,-6.0,-14.0,53.0,0.0,,130.0,18.5,,1032.0,,1.0,21.2,2025-01-08
2025-01-08 08:00:00,-4.0,-12.9,50.0,0.0,,120.0,18.5,,1033.0,,3.0,24.8,2025-01-08
2025-01-08 09:00:00,-3.0,-14.1,42.0,0.0,,120.0,15.0,,1033.0,,3.0,26.6,2025-01-08
2025-01-08 10:00:00,-2.0,-12.9,43.0,0.0,,100.0,14.8,,1034.0,,3.0,28.4,2025-01-08
2025-01-08 11:00:00,0.0,-11.1,43.0,0.0,,110.0,11.0,,1032.0,,3.0,32.0,2025-01-08
2025-01-08 12:00:00,1.0,-11.1,40.0,0.0,,23.0,3.2,,1031.0,,3.0,33.8,2025-01-08
2025-01-08 13:00:00,1.0,-9.9,44.0,0.0,,0.0,0.0,,1029.0,,3.0,33.8,2025-01-08
2025-01-08 14:00:00,2.0,-9.9,41.0,0.0,,140.0,7.4,,1028.0,,3.0,35.6,2025-01-08
2025-01-08 15:00:00,2.0,-10.9,38.0,0.0,,32.0,5.4,,1026.0,,3.0,35.6,2025-01-08
2025-01-08 16:00:00,1.0,-7.0,55.0,0.0,,330.0,9.0,,1025.0,,3.0,33.8,2025-01-08
2025-01-08 17:00:00,-1.0,-6.0,69.0,0.0,,0.0,0.0,,1025.0,,3.0,30.2,2025-01-08
2025-01-08 18:00:00,-2.0,-6.0,74.0,0.0,,0.0,0.0,,1025.0,,1.0,28.4,2025-01-08
2025-01-08 19:00:00,-1.0,-5.0,74.0,0.0,,250.0,6.0,,1025.0,,1.0,30.2,2025-01-08
2025-01-08 20:00:00,-1.0,-4.0,80.0,0.0,,0.0,0.0,,1026.0,,3.0,30.2,2025-01-08
2025-01-08 21:00:00,0.0,-5.0,69.0,0.0,,0.0,0.0,,1026.0,,3.0,32.0,2025-01-08
2025-01-08 22:00:00,-4.0,-6.0,86.0,0.0,,100.0,7.0,,1026.0,,3.0,24.8,2025-01-08
2025-01-08 23:00:00,-3.0,-6.0,80.0,0.0,,0.0,0.0,,1026.0,,3.0,26.6,2025-01-08
2025-01-09 00:00:00,-4.0,-6.0,86.0,0.0,,0.0,0.0,,1025.0,,3.0,24.8,2025-01-09
2025-01-09 01:00:00,-2.0,-6.0,74.0,0.0,,300.0,7.4,,1025.0,,3.0,28.4,2025-01-09
2025-01-09 02:00:00,-2.0,-6.9,69.0,0.0,,20.0,9.0,,1026.0,,2.0,28.4,2025-01-09
2025-01-09 03:00:00,-3.0,-6.0,80.0,0.0,,290.0,6.0,,1026.0,,1.0,26.6,2025-01-09
2025-01-09 04:00:00,-4.0,-6.0,86.0,0.0,,160.0,13.0,,1026.0,,1.0,24.8,2025-01-09
2025-01-09 05:00:00,-4.0,-6.9,80.0,0.0,,100.0,7.4,,1026.0,,2.0,24.8,2025-01-09
2025-01-09 06:00:00,-5.0,-7.0,86.0,0.0,,110.0,9.0,,1026.0,,1.0,23.0,2025-01-09
2025-01-09 07:00:00,-5.0,-7.9,80.0,0.0,,70.0,6.0,,1027.0,,2.0,23.0,2025-01-09
2025-01-09 08:00:00,-6.0,-9.1,79.0,0.0,,0.0,0.0,,1028.0,,2.0,21.2,2025-01-09
2025-01-09 09:00:00,-12.1,-16.8,68.0,0.0,,113.0,8.6,,1034.1,,1.0,10.220000000000002,2025-01-09
2025-01-09 10:00:00,0.0,-6.0,64.0,0.0,,113.0,7.9,,1030.0,,1.0,32.0,2025-01-09
2025-01-09 11:00:00,1.0,-5.9,60.0,0.0,,64.0,7.4,,1029.0,,1.0,33.8,2025-01-09
2025-01-09 12:00:00,2.0,-6.1,55.0,0.0,,300.0,13.0,,1028.0,,1.0,35.6,2025-01-09
2025-01-09 13:00:00,2.0,-6.1,55.0,0.0,,267.0,7.4,,1028.0,,1.0,35.6,2025-01-09
2025-01-09 14:00:00,2.0,-7.1,51.0,0.0,,330.0,7.4,,1028.0,,1.0,35.6,2025-01-09
2025-01-09 15:00:00,2.0,-6.1,55.0,0.0,,310.0,9.3,,1028.0,,1.0,35.6,2025-01-09
2025-01-09 16:00:00,2.0,-6.1,55.0,0.0,,310.0,9.3,,1030.0,,1.0,35.6,2025-01-09
2025-01-09 17:00:00,0.0,-3.9,75.0,0.0,,320.0,13.0,,1030.0,,1.0,32.0,2025-01-09
2025-01-09 18:00:00,0.0,-3.9,75.0,0.0,,320.0,14.8,,1031.0,,1.0,32.0,2025-01-09
2025-01-09 19:00:00,-3.0,-5.0,86.0,0.0,,170.0,11.0,,1031.0,,1.0,26.6,2025-01-09
2025-01-09 20:00:00,-4.0,-6.0,86.0,0.0,,190.0,14.8,,1031.0,,1.0,24.8,2025-01-09
2025-01-09 21:00:00,-4.0,-6.0,86.0,0.0,,130.0,7.4,,1031.0,,1.0,24.8,2025-01-09
2025-01-09 22:00:00,-5.0,-7.0,86.0,0.0,,130.0,9.3,,1032.0,,2.0,23.0,2025-01-09
2025-01-09 23:00:00,-5.0,-7.9,80.0,0.0,,120.0,13.0,,1032.0,,2.0,23.0,2025-01-09
2025-01-10 00:00:00,-5.0,-7.9,80.0,0.0,,120.0,11.1,,1032.0,,2.0,23.0,2025-01-10
2025-01-10 01:00:00,-6.0,-8.0,86.0,0.0,,110.0,13.0,,1032.0,,2.0,21.2,2025-01-10
2025-01-10 02:00:00,-7.0,-8.9,86.0,0.0,,180.0,9.0,,1032.0,,1.0,19.4,2025-01-10
2025-01-10 03:00:00,-6.0,-8.0,86.0,0.0,,140.0,11.1,,1031.0,,1.0,21.2,2025-01-10
2025-01-10 04:00:00,-6.0,-9.1,79.0,0.0,,130.0,9.3,,1031.0,,1.0,21.2,2025-01-10
2025-01-10 05:00:00,-6.0,-8.0,86.0,0.0,,0.0,0.0,,1031.0,,1.0,21.2,2025-01-10
2025-01-10 06:00:00,-6.0,-10.1,73.0,0.0,,0.0,0.0,,1031.0,,1.0,21.2,2025-01-10
2025-01-10 07:00:00,-7.0,-10.0,79.0,0.0,,0.0,0.0,,1031.0,,1.0,19.4,2025-01-10
2025-01-10 08:00:00,-8.0,-9.9,86.0,0.0,,130.0,5.5,,1031.0,,1.0,17.6,2025-01-10
2025-01-10 09:00:00,-3.0,-8.1,68.0,0.0,,130.0,7.0,,1031.0,,3.0,26.6,2025-01-10
2025-01-10 10:00:00,-2.0,-7.9,64.0,0.0,,140.0,11.1,,1031.0,,3.0,28.4,2025-01-10
2025-01-10 11:00:00,1.0,-8.0,51.0,0.0,,0.0,0.0,,1029.0,,3.0,33.8,2025-01-10
2025-01-10 12:00:00,1.0,-8.0,51.0,0.0,,46.0,6.0,,1029.0,,3.0,33.8,2025-01-10
2025-01-10 13:00:00,1.0,-7.0,55.0,0.0,,0.0,0.0,,1027.0,,3.0,33.8,2025-01-10
2025-01-10 14:00:00,3.0,-8.1,44.0,0.0,,0.0,0.0,,1026.0,,3.0,37.4,2025-01-10
2025-01-10 15:00:00,4.0,-9.1,38.0,0.0,,0.0,0.0,,1025.0,,2.0,39.2,2025-01-10
2025-01-10 16:00:00,3.0,-9.0,41.0,0.0,,90.0,9.3,,1024.0,,3.0,37.4,2025-01-10
2025-01-10 17:00:00,3.0,-8.1,44.0,0.0,,130.0,11.0,,1023.0,,3.0,37.4,2025-01-10
2025-01-10 18:00:00,2.0,-7.9,48.0,0.0,,110.0,11.1,,1020.0,,3.0,35.6,2025-01-10
2025-01-10 19:00:00,3.0,-8.1,44.0,0.0,,160.0,15.0,,1020.0,,3.0,37.4,2025-01-10
2025-01-10 20:00:00,2.0,-5.0,60.0,0.0,,320.0,7.0,,1020.0,,3.0,35.6,2025-01-10
2025-01-10 21:00:00,3.0,-8.1,44.0,0.0,,120.0,9.3,,1020.0,,3.0,37.4,2025-01-10
2025-01-10 22:00:00,1.0,-5.9,60.0,0.0,,140.0,7.0,,1019.0,,3.0,33.8,2025-01-10
2025-01-10 23:00:00,2.0,-7.1,51.0,0.0,,150.0,13.0,,1018.0,,3.0,35.6,2025-01-10
2025-01-11 00:00:00,2.0,-6.1,55.0,0.0,,180.0,9.3,,1017.0,,3.0,35.6,2025-01-11
2025-01-11 01:00:00,2.0,-5.0,60.0,0.0,,310.0,9.0,,1017.0,,3.0,35.6,2025-01-11
2025-01-11 02:00:00,1.0,-4.1,69.0,0.0,,40.0,7.4,,1019.0,,3.0,33.8,2025-01-11
2025-01-11 03:00:00,0.0,-1.0,93.0,0.2,,170.0,7.0,,1019.0,,14.0,32.0,2025-01-11
2025-01-11 04:00:00,-1.0,-1.0,100.0,0.2,,220.0,7.4,,1019.0,,14.0,30.2,2025-01-11
2025-01-11 05:00:00,-1.0,-1.0,100.0,0.6,,0.0,0.0,,1019.0,,15.0,30.2,2025-01-11
2025-01-11 06:00:00,0.0,-5.0,69.0,0.5,,320.0,20.4,,1020.0,,15.0,32.0,2025-01-11
2025-01-11 07:00:00,0.0,-3.9,75.0,0.8,,340.0,14.8,,1020.0,,15.0,32.0,2025-01-11
2025-01-11 08:00:00,0.0,-3.9,75.0,0.2,,50.0,9.0,,1021.0,,21.0,32.0,2025-01-11
2025-01-11 09:00:00,0.0,-3.9,75.0,0.3,,0.0,0.0,,1022.0,,21.0,32.0,2025-01-11
2025-01-11 10:00:00,0.0,-3.9,75.0,0.2,,280.0,11.0,,1022.0,,14.0,32.0,2025-01-11
2025-01-11 11:00:00,1.0,-4.1,69.0,0.1,,290.0,19.0,,1022.0,,14.0,33.8,2025-01-11
2025-01-11 12:00:00,1.0,-2.9,75.0,0.0,,290.0,18.5,,1021.0,,3.0,33.8,2025-01-11
2025-01-11 13:00:00,1.0,-2.9,75.0,0.0,,310.0,13.0,,1020.0,,3.0,33.8,2025-01-11
2025-01-11 14:00:00,2.0,-3.9,65.0,0.0,,350.0,18.5,,1020.0,,3.0,35.6,2025-01-11
2025-01-11 15:00:00,1.0,-5.1,64.0,0.0,,330.0,22.2,,1021.0,,3.0,33.8,2025-01-11
2025-01-11 16:00:00,1.0,-4.1,69.0,0.0,,300.0,14.8,,1021.0,,3.0,33.8,2025-01-11
2025-01-11 17:00:00,0.0,-3.9,75.0,0.2,,310.0,17.0,,1021.0,,21.0,32.0,2025-01-11
2025-01-11 18:00:00,0.0,-3.9,75.0,0.0,,310.0,16.7,,1021.0,,3.0,32.0,2025-01-11
2025-01-11 19:00:00,0.0,-3.9,75.0,0.0,,300.0,17.0,,1021.0,,2.0,32.0,2025-01-11
2025-01-11 20:00:00,-1.0,-3.0,86.0,0.0,,320.0,11.1,,1021.0,,2.0,30.2,2025-01-11
2025-01-11 21:00:00,-1.0,-3.0,86.0,0.0,,320.0,11.1,,1022.0,,3.0,30.2,2025-01-11
2025-01-11 22:00:00,0.0,-3.9,75.0,0.0,,310.0,18.5,,1022.0,,3.0,32.0,2025-01-11
2025-01-11 23:00:00,-1.0,-3.0,86.0,0.0,,310.0,13.0,,1022.0,,3.0,30.2,2025-01-11
2025-01-12 00:00:00,0.0,-3.9,75.0,0.0,,310.0,19.0,,1021.0,,3.0,32.0,2025-01-12
2025-01-12 01:00:00,-1.0,-4.0,80.0,0.0,,310.0,22.2,,1021.0,,3.0,30.2,2025-01-12
2025-01-12 02:00:00,-1.0,-4.0,80.0,0.0,,320.0,22.2,,1021.0,,3.0,30.2,2025-01-12
2025-01-12 03:00:00,-1.0,-4.0,80.0,0.0,,330.0,16.7,,1021.0,,3.0,30.2,2025-01-12
2025-01-12 04:00:00,-1.0,-4.0,80.0,0.2,,340.0,20.0,,1021.0,,14.0,30.2,2025-01-12
2025-01-12 05:00:00,-2.0,-3.0,93.0,0.1,,340.0,11.0,,1021.0,,14.0,28.4,2025-01-12
2025-01-12 06:00:00,-2.0,-3.0,93.0,0.0,,320.0,9.0,,1021.0,,3.0,28.4,2025-01-12
2025-01-12 07:00:00,-1.0,-4.0,80.0,0.0,,310.0,19.0,,1021.0,,5.0,30.2,2025-01-12
2025-01-12 08:00:00,-1.0,-4.0,80.0,0.0,,310.0,16.7,,1022.0,,3.0,30.2,2025-01-12
2025-01-12 09:00:00,-2.0,-3.0,93.0,0.0,,0.0,0.0,,1022.0,,5.0,28.4,2025-01-12
2025-01-12 10:00:00,0.0,-3.9,75.0,0.0,,310.0,7.4,,1023.0,,5.0,32.0,2025-01-12
2025-01-12 11:00:00,0.0,-3.9,75.0,0.0,,290.0,7.4,,1023.0,,5.0,32.0,2025-01-12
2025-01-12 12:00:00,0.0,-5.0,69.0,0.0,,310.0,11.0,,1022.0,,3.0,32.0,2025-01-12
2025-01-12 13:00:00,0.0,-5.0,69.0,0.0,,300.0,16.7,,1021.0,,3.0,32.0,2025-01-12
2025-01-12 14:00:00,1.0,-5.1,64.0,0.0,,60.0,13.0,,1021.0,,3.0,33.8,2025-01-12
2025-01-12 15:00:00,1.0,-5.1,64.0,0.0,,316.0,6.8,,1021.0,,2.0,33.8,2025-01-12
2025-01-12 16:00:00,0.0,-5.0,69.0,0.0,,310.0,24.1,,1022.0,,2.0,32.0,2025-01-12
2025-01-12 17:00:00,-1.0,-5.0,74.0,0.0,,320.0,19.0,,1022.0,,2.0,30.2,2025-01-12
2025-01-12 18:00:00,-1.0,-5.0,74.0,0.0,,330.0,13.0,,1022.0,,2.0,30.2,2025-01-12
2025-01-12 19:00:00,-2.0,-5.0,80.0,0.0,,330.0,11.0,,1023.0,,3.0,28.4,2025-01-12
2025-01-12 20:00:00,-4.0,-6.0,86.0,0.0,,0.0,0.0,,1023.0,,3.0,24.8,2025-01-12
2025-01-12 21:00:00,-5.0,-6.0,93.0,0.0,,110.0,13.0,,1024.0,,3.0,23.0,2025-01-12
2025-01-12 22:00:00,-5.0,-7.9,80.0,0.0,,120.0,19.0,,1024.0,,3.0,23.0,2025-01-12
2025-01-12 23:00:00,-5.0,-7.9,80.0,0.0,,100.0,16.7,,1025.0,,3.0,23.0,2025-01-12
2025-01-13 00:00:00,-6.0,-9.1,79.0,0.0,,110.0,16.7,,1025.0,,5.0,21.2,2025-01-13
2025-01-13 01:00:00,-5.0,-8.9,74.0,0.0,,50.0,9.3,,1026.0,,5.0,23.0,2025-01-13
2025-01-13 02:00:00,-6.0,-9.1,79.0,0.0,,110.0,11.1,,1026.0,,5.0,21.2,2025-01-13
2025-01-13 03:00:00,-6.0,-10.1,73.0,0.0,,120.0,17.0,,1026.0,,5.0,21.2,2025-01-13
2025-01-13 04:00:00,-6.0,-10.1,73.0,0.0,,110.0,11.1,,1026.0,,3.0,21.2,2025-01-13
2025-01-13 05:00:00,-6.0,-10.1,73.0,0.0,,100.0,14.8,,1026.0,,3.0,21.2,2025-01-13
2025-01-13 06:00:00,-6.0,-10.1,73.0,0.0,,100.0,9.0,,1027.0,,3.0,21.2,2025-01-13
2025-01-13 07:00:00,-6.0,-10.1,73.0,0.0,,130.0,13.0,,1027.0,,3.0,21.2,2025-01-13
2025-01-13 08:00:00,-5.0,-10.0,68.0,0.0,,120.0,9.0,,1027.0,,3.0,23.0,2025-01-13
2025-01-13 09:00:00,-5.0,-8.9,74.0,0.0,,100.0,7.4,,1028.0,,3.0,23.0,2025-01-13
2025-01-13 10:00:00,-4.0,-6.9,80.0,0.0,,150.0,7.0,,1028.0,,3.0,24.8,2025-01-13
2025-01-13 11:00:00,-2.0,-6.9,69.0,0.0,,70.0,5.5,,1028.0,,3.0,28.4,2025-01-13
2025-01-13 12:00:00,-1.0,-6.0,69.0,0.0,,360.0,7.0,,1028.0,,3.0,30.2,2025-01-13
2025-01-13 13:00:00,0.0,-8.9,51.0,0.0,,310.0,9.0,,1026.0,,3.0,32.0,2025-01-13
2025-01-13 14:00:00,-1.0,-8.9,55.0,0.0,,320.0,9.0,,1026.0,,3.0,30.2,2025-01-13
2025-01-13 15:00:00,-1.0,-7.0,64.0,0.0,,300.0,13.0,,1027.0,,3.0,30.2,2025-01-13
2025-01-13 16:00:00,-2.0,-5.0,80.0,0.0,,240.0,13.0,,1027.0,,3.0,28.4,2025-01-13
2025-01-13 17:00:00,-3.0,-5.0,86.0,0.0,,250.0,9.0,,1027.0,,3.0,26.6,2025-01-13
2025-01-13 18:00:00,-3.0,-5.0,86.0,0.0,,200.0,13.0,,1028.0,,3.0,26.6,2025-01-13
2025-01-13 19:00:00,-2.0,-5.0,80.0,0.0,,220.0,7.0,,1028.0,,3.0,28.4,2025-01-13
2025-01-13 20:00:00,-3.0,-5.0,86.0,0.0,,210.0,5.5,,1029.0,,3.0,26.6,2025-01-13
2025-01-13 21:00:00,-4.0,-5.0,93.0,0.0,,200.0,6.0,,1030.0,,3.0,24.8,2025-01-13
2025-01-13 22:00:00,-5.0,-7.0,86.0,0.0,,160.0,5.5,,1030.0,,3.0,23.0,2025-01-13
2025-01-13 23:00:00,-5.0,-6.0,93.0,0.0,,170.0,7.4,,1031.0,,3.0,23.0,2025-01-13
2025-01-14 00:00:00,-4.0,-6.0,86.0,0.0,,220.0,5.5,,1031.0,,3.0,24.8,2025-01-14
2025-01-14 01:00:00,-6.0,-8.0,86.0,0.0,,190.0,7.0,,1031.0,,3.0,21.2,2025-01-14
2025-01-14 02:00:00,-5.0,-7.9,80.0,0.0,,170.0,5.5,,1031.0,,3.0,23.0,2025-01-14
2025-01-14 03:00:00,-5.0,-7.9,80.0,0.0,,160.0,5.5,,1031.0,,3.0,23.0,2025-01-14
2025-01-14 04:00:00,-5.0,-7.9,80.0,0.0,,0.0,0.0,,1031.0,,3.0,23.0,2025-01-14
2025-01-14 05:00:00,-4.0,-6.9,80.0,0.0,,0.0,0.0,,1032.0,,2.0,24.8,2025-01-14
2025-01-14 06:00:00,-5.0,-7.9,80.0,0.0,,110.0,7.0,,1032.0,,2.0,23.0,2025-01-14
2025-01-14 07:00:00,-4.0,-8.0,74.0,0.0,,100.0,7.0,,1032.0,,2.0,24.8,2025-01-14
2025-01-14 08:00:00,-4.0,-6.9,80.0,0.0,,120.0,5.5,,1033.0,,2.0,24.8,2025-01-14
2025-01-14 09:00:00,-4.0,-6.9,80.0,0.0,,120.0,13.0,,1034.0,,2.0,24.8,2025-01-14
2025-01-14 10:00:00,-3.0,-6.0,80.0,0.0,,100.0,5.5,,1034.0,,3.0,26.6,2025-01-14
2025-01-14 11:00:00,-1.0,-7.0,64.0,0.0,,0.0,0.0,,1034.0,,1.0,30.2,2025-01-14
2025-01-14 12:00:00,-1.0,-7.0,64.0,0.0,,330.0,11.0,,1032.0,,1.0,30.2,2025-01-14
2025-01-14 13:00:00,0.0,-7.1,59.0,0.0,,0.0,0.0,,1032.0,,1.0,32.0,2025-01-14
2025-01-14 14:00:00,-1.0,-8.0,59.0,0.0,,0.0,0.0,,1032.0,,1.0,30.2,2025-01-14
2025-01-14 15:00:00,1.0,-8.0,51.0,0.0,,0.0,0.0,,1032.0,,3.0,33.8,2025-01-14
2025-01-14 16:00:00,0.0,-8.0,55.0,0.0,,165.0,4.0,,1032.0,,3.0,32.0,2025-01-14
2025-01-14 17:00:00,-2.0,-7.9,64.0,0.0,,0.0,0.0,,1032.0,,2.0,28.4,2025-01-14
2025-01-14 18:00:00,-4.0,-9.0,68.0,0.0,,250.0,5.5,,1032.0,,1.0,24.8,2025-01-14
2025-01-14 19:00:00,-4.0,-8.0,74.0,0.0,,100.0,7.0,,1033.0,,1.0,24.8,2025-01-14
2025-01-14 20:00:00,-4.0,-9.0,68.0,0.0,,120.0,14.8,,1033.0,,1.0,24.8,2025-01-14
2025-01-14 21:00:00,-5.0,-10.0,68.0,0.0,,120.0,15.0,,1034.0,,1.0,23.0,2025-01-14
2025-01-14 22:00:00,-5.0,-10.0,68.0,0.0,,120.0,16.7,,1034.0,,2.0,23.0,2025-01-14
2025-01-14 23:00:00,-5.0,-10.0,68.0,0.0,,120.0,14.8,,1034.0,,5.0,23.0,2025-01-14
2025-01-15 00:00:00,-6.0,-10.1,73.0,0.0,,120.0,16.7,,1034.0,,1.0,21.2,2025-01-15
2025-01-15 01:00:00,-6.0,-11.0,68.0,0.0,,130.0,20.4,,1034.0,,1.0,21.2,2025-01-15
2025-01-15 02:00:00,-6.0,-10.1,73.0,0.0,,120.0,24.1,,1034.0,,1.0,21.2,2025-01-15
2025-01-15 03:00:00,-6.0,-11.0,68.0,0.0,,130.0,19.0,,1034.0,,1.0,21.2,2025-01-15
2025-01-15 04:00:00,-7.0,-11.0,73.0,0.0,,140.0,13.0,,1034.0,,1.0,19.4,2025-01-15
2025-01-15 05:00:00,-8.0,-11.0,79.0,0.0,,130.0,13.0,,1034.0,,1.0,17.6,2025-01-15
2025-01-15 06:00:00,-7.0,-11.0,73.0,0.0,,130.0,17.0,,1035.0,,1.0,19.4,2025-01-15
2025-01-15 07:00:00,-7.0,-11.0,73.0,0.0,,140.0,14.8,,1035.0,,1.0,19.4,2025-01-15
2025-01-15 08:00:00,-7.0,-11.0,73.0,0.0,,130.0,9.3,,1036.0,,1.0,19.4,2025-01-15
2025-01-15 09:00:00,-3.0,-9.9,59.0,0.0,,140.0,9.0,,1036.0,,1.0,26.6,2025-01-15
2025-01-15 10:00:00,-2.0,-9.0,59.0,0.0,,210.0,7.4,,1036.0,,1.0,28.4,2025-01-15
2025-01-15 11:00:00,0.0,-8.0,55.0,0.0,,60.0,4.7,,1035.0,,1.0,32.0,2025-01-15
2025-01-15 12:00:00,0.0,-8.0,55.0,0.0,,0.0,0.0,,1035.0,,1.0,32.0,2025-01-15
2025-01-15 13:00:00,1.0,-7.0,55.0,0.0,,348.0,9.3,,1033.0,,1.0,33.8,2025-01-15
2025-01-15 14:00:00,3.0,-7.0,48.0,0.0,,310.0,7.0,,1033.0,,1.0,37.4,2025-01-15
2025-01-15 15:00:00,3.0,-7.0,48.0,0.0,,18.0,4.0,,1033.0,,1.0,37.4,2025-01-15
2025-01-15 16:00:00,2.0,-7.1,51.0,0.0,,330.0,9.3,,1033.0,,1.0,35.6,2025-01-15
2025-01-15 17:00:00,-1.0,-6.0,69.0,0.0,,300.0,7.4,,1033.0,,1.0,30.2,2025-01-15
2025-01-15 18:00:00,-2.0,-5.0,80.0,0.0,,0.0,0.0,,1033.0,,1.0,28.4,2025-01-15
2025-01-15 19:00:00,-3.0,-6.0,80.0,0.0,,95.0,2.2,,1033.0,,1.0,26.6,2025-01-15
2025-01-15 20:00:00,-5.0,-7.9,80.0,0.0,,200.0,5.5,,1032.0,,1.0,23.0,2025-01-15
2025-01-15 21:00:00,-6.0,-6.9,93.0,0.0,,108.0,2.9,,1032.0,,1.0,21.2,2025-01-15
2025-01-15 22:00:00,-6.0,-8.0,86.0,0.0,,0.0,0.0,,1032.0,,1.0,21.2,2025-01-15
2025-01-15 23:00:00,-5.0,-7.0,86.0,0.0,,0.0,0.0,,1032.0,,1.0,23.0,2025-01-15
2025-01-16 00:00:00,-6.0,-8.0,86.0,0.0,,90.0,9.3,,1032.0,,1.0,21.2,2025-01-16
2025-01-16 01:00:00,-6.0,-8.0,86.0,0.0,,100.0,5.5,,1031.0,,1.0,21.2,2025-01-16
2025-01-16 02:00:00,-11.2,-16.1,67.0,0.0,,104.0,6.5,,1036.0,,1.0,11.84,2025-01-16
2025-01-16 03:00:00,-11.6,-16.5,67.0,0.0,,103.0,6.5,,1035.5,,1.0,11.120000000000001,2025-01-16
2025-01-16 04:00:00,-12.0,-16.5,69.0,0.0,,104.0,6.8,,1035.1,,1.0,10.399999999999999,2025-01-16
2025-01-16 05:00:00,-7.0,-8.9,86.0,0.0,,0.0,0.0,,1029.0,,1.0,19.4,2025-01-16
2025-01-16 06:00:00,-8.0,-8.9,93.0,0.0,,160.0,7.0,,1028.0,,1.0,17.6,2025-01-16
2025-01-16 07:00:00,-7.0,-7.9,93.0,0.0,,190.0,6.0,,1028.0,,1.0,19.4,2025-01-16
2025-01-16 08:00:00,-6.0,-8.0,86.0,0.0,,0.0,0.0,,1027.0,,1.0,21.2,2025-01-16
2025-01-16 09:00:00,-4.0,-6.0,86.0,0.0,,70.0,14.8,,1027.0,,1.0,24.8,2025-01-16
2025-01-16 10:00:00,0.0,-5.0,69.0,0.0,,200.0,14.8,,1027.0,,1.0,32.0,2025-01-16
2025-01-16 11:00:00,1.0,-5.1,64.0,0.0,,230.0,9.3,,1025.0,,1.0,33.8,2025-01-16
2025-01-16 12:00:00,4.0,-5.0,52.0,0.0,,50.0,7.0,,1023.0,,1.0,39.2,2025-01-16
2025-01-16 13:00:00,5.0,-6.0,45.0,0.0,,0.0,0.0,,1022.0,,1.0,41.0,2025-01-16
2025-01-16 14:00:00,0.4,-6.5,60.0,0.0,,11.0,2.9,,1025.7,,1.0,32.72,2025-01-16
2025-01-16 15:00:00,5.0,-5.1,48.0,0.0,,320.0,9.3,,1020.0,,1.0,41.0,2025-01-16
2025-01-16 16:00:00,3.0,-7.0,48.0,0.0,,320.0,7.4,,1020.0,,1.0,37.4,2025-01-16
2025-01-16 17:00:00,0.0,-7.1,59.0,0.0,,124.0,4.0,,1019.0,,1.0,32.0,2025-01-16
2025-01-16 18:00:00,-2.0,-6.9,69.0,0.0,,170.0,5.5,,1019.0,,1.0,28.4,2025-01-16
2025-01-16 19:00:00,-1.0,-6.0,69.0,0.0,,230.0,6.0,,1019.0,,1.0,30.2,2025-01-16
2025-01-16 20:00:00,-5.0,-7.0,86.0,0.0,,100.0,7.0,,1018.0,,1.0,23.0,2025-01-16
2025-01-16 21:00:00,-3.0,-6.0,80.0,0.0,,140.0,5.5,,1018.0,,1.0,26.6,2025-01-16
2025-01-16 22:00:00,-3.0,-7.0,74.0,0.0,,60.0,5.5,,1018.0,,1.0,26.6,2025-01-16
2025-01-16 23:00:00,-6.0,-6.9,93.0,0.0,,170.0,9.3,,1017.0,,1.0,21.2,2025-01-16
2025-01-17 00:00:00,-5.0,-7.9,80.0,0.0,,130.0,7.4,,1017.0,,1.0,23.0,2025-01-17
2025-01-17 01:00:00,-4.0,-8.0,74.0,0.0,,110.0,11.1,,1017.0,,1.0,24.8,2025-01-17
2025-01-17 02:00:00,-6.0,-8.0,86.0,0.0,,170.0,9.0,,1016.0,,1.0,21.2,2025-01-17
2025-01-17 03:00:00,-6.0,-9.1,79.0,0.0,,100.0,7.4,,1016.0,,1.0,21.2,2025-01-17
2025-01-17 04:00:00,-6.0,-6.9,93.0,0.0,,0.0,0.0,,1016.0,,1.0,21.2,2025-01-17
2025-01-17 05:00:00,-6.0,-9.1,79.0,0.0,,220.0,5.5,,1016.0,,1.0,21.2,2025-01-17
2025-01-17 06:00:00,-5.0,-7.9,80.0,0.0,,180.0,9.0,,1016.0,,1.0,23.0,2025-01-17
2025-01-17 07:00:00,-4.0,-6.9,80.0,0.0,,190.0,9.3,,1016.0,,1.0,24.8,2025-01-17
2025-01-17 08:00:00,-5.0,-7.0,86.0,0.0,,0.0,0.0,,1016.0,,2.0,23.0,2025-01-17
2025-01-17 09:00:00,-1.0,-7.0,64.0,0.0,,210.0,6.0,,1016.0,,2.0,30.2,2025-01-17
2025-01-17 10:00:00,2.0,-5.0,60.0,0.0,,0.0,0.0,,1016.0,,2.0,35.6,2025-01-17
2025-01-17 11:00:00,4.0,-6.0,48.0,0.0,,220.0,7.0,,1016.0,,2.0,39.2,2025-01-17
2025-01-17 12:00:00,3.0,-5.9,52.0,0.0,,330.0,11.1,,1015.0,,2.0,37.4,2025-01-17
2025-01-17 13:00:00,2.0,-5.0,60.0,0.0,,310.0,11.1,,1014.0,,3.0,35.6,2025-01-17
2025-01-17 14:00:00,2.0,-6.1,55.0,0.0,,310.0,15.0,,1014.0,,2.0,35.6,2025-01-17
2025-01-17 15:00:00,3.0,-5.9,52.0,0.0,,310.0,18.5,,1014.0,,2.0,37.4,2025-01-17
2025-01-17 16:00:00,2.0,-3.9,65.0,0.0,,310.0,30.0,,1014.0,,2.0,35.6,2025-01-17
2025-01-17 17:00:00,2.0,-3.9,65.0,0.0,,310.0,33.3,,1015.0,,3.0,35.6,2025-01-17
2025-01-17 18:00:00,2.0,-3.9,65.0,0.0,,320.0,33.3,,1016.0,,2.0,35.6,2025-01-17
2025-01-17 19:00:00,1.0,-5.9,60.0,0.0,,330.0,27.8,,1017.0,,3.0,33.8,2025-01-17
2025-01-17 20:00:00,0.0,-5.0,69.0,0.0,,320.0,22.2,,1018.0,,3.0,32.0,2025-01-17
2025-01-17 21:00:00,-1.0,-6.0,69.0,0.0,,320.0,20.0,,1018.0,,3.0,30.2,2025-01-17
2025-01-17 22:00:00,-1.0,-6.0,69.0,0.0,,320.0,18.5,,1019.0,,3.0,30.2,2025-01-17
2025-01-17 23:00:00,-2.0,-6.0,74.0,0.0,,320.0,27.8,,1020.0,,3.0,28.4,2025-01-17
2025-01-18 00:00:00,-3.0,-7.0,74.0,0.0,,340.0,18.5,,1020.0,,3.0,26.6,2025-01-18
2025-01-18 01:00:00,-3.0,-7.0,74.0,0.0,,320.0,24.1,,1021.0,,3.0,26.6,2025-01-18
2025-01-18 02:00:00,-3.0,-6.0,80.0,0.0,,320.0,17.0,,1021.0,,3.0,26.6,2025-01-18
2025-01-18 03:00:00,-4.0,-8.0,74.0,0.2,,330.0,16.7,,1022.0,,14.0,24.8,2025-01-18
2025-01-18 04:00:00,-5.0,-10.0,68.0,0.2,,330.0,16.7,,1022.0,,14.0,23.0,2025-01-18
2025-01-18 05:00:00,-5.0,-8.9,74.0,0.0,,10.0,9.0,,1022.0,,3.0,23.0,2025-01-18
2025-01-18 06:00:00,-4.0,-11.1,58.0,0.0,,320.0,13.0,,1023.0,,3.0,24.8,2025-01-18
2025-01-18 07:00:00,-4.0,-11.9,54.0,0.1,,350.0,24.1,,1024.0,,14.0,24.8,2025-01-18
2025-01-18 08:00:00,-4.0,-10.0,63.0,0.2,,340.0,14.8,,1025.0,,14.0,24.8,2025-01-18
2025-01-18 09:00:00,-5.0,-7.9,80.0,0.2,,50.0,7.0,,1026.0,,14.0,23.0,2025-01-18
2025-01-18 10:00:00,-6.0,-6.9,93.0,0.1,,190.0,11.0,,1028.0,,14.0,21.2,2025-01-18
2025-01-18 11:00:00,-6.0,-6.0,100.0,0.1,,210.0,7.0,,1028.0,,21.0,21.2,2025-01-18
2025-01-18 12:00:00,-4.0,-6.0,86.0,0.0,,190.0,11.1,,1027.0,,1.0,24.8,2025-01-18
2025-01-18 13:00:00,-3.0,-8.1,68.0,0.0,,0.0,0.0,,1027.0,,1.0,26.6,2025-01-18
2025-01-18 14:00:00,-1.0,-10.9,47.0,0.0,,330.0,20.4,,1027.0,,1.0,30.2,2025-01-18
2025-01-18 15:00:00,-2.0,-12.1,46.0,0.0,,330.0,17.0,,1027.0,,2.0,28.4,2025-01-18
2025-01-18 16:00:00,-2.0,-12.1,46.0,0.0,,340.0,16.7,,1027.0,,1.0,28.4,2025-01-18
2025-01-18 17:00:00,-4.0,-12.9,50.0,0.0,,330.0,16.7,,1027.0,,2.0,24.8,2025-01-18
2025-01-18 18:00:00,-6.0,-14.0,53.0,0.0,,230.0,9.3,,1028.0,,3.0,21.2,2025-01-18
2025-01-18 19:00:00,-6.0,-11.9,63.0,0.0,,10.0,13.0,,1028.0,,3.0,21.2,2025-01-18
2025-01-18 20:00:00,-7.0,-11.9,68.0,0.0,,320.0,6.0,,1028.0,,3.0,19.4,2025-01-18
2025-01-18 21:00:00,-10.0,-13.0,79.0,0.0,,200.0,5.5,,1028.0,,3.0,14.0,2025-01-18
2025-01-18 22:00:00,-10.0,-13.9,73.0,0.0,,110.0,13.0,,1028.0,,3.0,14.0,2025-01-18
2025-01-18 23:00:00,-10.0,-15.0,67.0,0.0,,110.0,14.8,,1028.0,,3.0,14.0,2025-01-18
2025-01-19 00:00:00,-10.0,-15.0,67.0,0.0,,130.0,19.0,,1028.0,,3.0,14.0,2025-01-19
2025-01-19 01:00:00,-9.0,-15.0,62.0,0.0,,140.0,13.0,,1027.0,,3.0,15.8,2025-01-19
2025-01-19 02:00:00,-11.0,-15.1,72.0,0.0,,120.0,16.7,,1027.0,,3.0,12.2,2025-01-19
2025-01-19 03:00:00,-11.0,-15.1,72.0,0.0,,120.0,18.5,,1027.0,,2.0,12.2,2025-01-19
2025-01-19 04:00:00,-11.0,-15.9,67.0,0.0,,130.0,13.0,,1025.0,,2.0,12.2,2025-01-19
2025-01-19 05:00:00,-11.0,-15.1,72.0,0.0,,130.0,15.0,,1025.0,,2.0,12.2,2025-01-19
2025-01-19 06:00:00,-11.0,-15.1,72.0,0.0,,130.0,14.8,,1025.0,,3.0,12.2,2025-01-19
2025-01-19 07:00:00,-10.0,-15.0,67.0,0.0,,130.0,13.0,,1025.0,,3.0,14.0,2025-01-19
2025-01-19 08:00:00,-9.0,-15.0,62.0,0.0,,130.0,9.0,,1025.0,,3.0,15.8,2025-01-19
2025-01-19 09:00:00,-9.0,-14.0,67.0,0.0,,120.0,14.8,,1024.0,,3.0,15.8,2025-01-19
2025-01-19 10:00:00,-6.0,-12.9,58.0,0.0,,140.0,13.0,,1024.0,,3.0,21.2,2025-01-19
2025-01-19 11:00:00,-5.0,-12.9,54.0,0.0,,100.0,9.3,,1023.0,,3.0,23.0,2025-01-19
2025-01-19 12:00:00,-4.0,-11.9,54.0,0.0,,44.0,6.1,,1022.0,,3.0,24.8,2025-01-19
2025-01-19 13:00:00,-4.0,-11.9,54.0,0.0,,240.0,6.0,,1021.0,,3.0,24.8,2025-01-19
2025-01-19 14:00:00,-3.0,-11.0,54.0,0.0,,29.0,5.8,,1021.0,,3.0,26.6,2025-01-19
2025-01-19 15:00:00,-2.0,-11.0,50.0,0.0,,350.0,7.0,,1021.0,,3.0,28.4,2025-01-19
2025-01-19 16:00:00,-3.0,-13.0,46.0,0.0,,0.0,0.0,,1020.0,,3.0,26.6,2025-01-19
2025-01-19 17:00:00,-4.0,-11.1,58.0,0.0,,0.0,0.0,,1020.0,,3.0,24.8,2025-01-19
2025-01-19 18:00:00,-4.0,-10.0,63.0,0.0,,0.0,0.0,,1021.0,,3.0,24.8,2025-01-19
2025-01-19 19:00:00,-4.0,-10.0,63.0,0.0,,340.0,16.7,,1021.0,,3.0,24.8,2025-01-19
2025-01-19 20:00:00,-3.0,-11.0,54.0,0.0,,330.0,20.0,,1021.0,,3.0,26.6,2025-01-19
2025-01-19 21:00:00,-3.0,-11.0,54.0,0.0,,330.0,13.0,,1022.0,,3.0,26.6,2025-01-19
2025-01-19 22:00:00,-4.0,-10.0,63.0,0.0,,330.0,20.4,,1022.0,,3.0,24.8,2025-01-19
2025-01-19 23:00:00,-4.0,-9.0,68.0,0.0,,320.0,27.8,,1022.0,,3.0,24.8,2025-01-19
2025-01-20 00:00:00,-5.0,-8.9,74.0,0.0,,320.0,15.0,,1023.0,,3.0,23.0,2025-01-20
2025-01-20 01:00:00,-6.0,-10.1,73.0,0.0,,350.0,13.0,,1023.0,,3.0,21.2,2025-01-20
2025-01-20 02:00:00,-5.0,-10.0,68.0,0.0,,340.0,18.5,,1023.0,,2.0,23.0,2025-01-20
2025-01-20 03:00:00,-5.0,-10.0,68.0,0.0,,350.0,11.1,,1024.0,,2.0,23.0,2025-01-20
2025-01-20 04:00:00,-7.0,-11.0,73.0,0.0,,350.0,14.8,,1025.0,,2.0,19.4,2025-01-20
2025-01-20 05:00:00,-7.0,-11.9,68.0,0.0,,330.0,24.0,,1026.0,,1.0,19.4,2025-01-20
2025-01-20 06:00:00,-8.0,-13.1,67.0,0.0,,330.0,20.0,,1027.0,,2.0,17.6,2025-01-20
2025-01-20 07:00:00,-8.0,-14.0,62.0,0.0,,330.0,20.4,,1028.0,,2.0,17.6,2025-01-20
2025-01-20 08:00:00,-9.0,-15.0,62.0,0.0,,340.0,14.8,,1030.0,,5.0,15.8,2025-01-20
2025-01-20 09:00:00,-8.0,-15.0,57.0,0.0,,330.0,17.0,,1030.0,,5.0,17.6,2025-01-20
2025-01-20 10:00:00,-6.0,-16.0,45.0,0.0,,300.0,15.0,,1031.0,,2.0,21.2,2025-01-20
2025-01-20 11:00:00,-6.0,-16.9,42.0,0.0,,320.0,20.0,,1032.0,,1.0,21.2,2025-01-20
2025-01-20 12:00:00,-6.0,-16.0,45.0,0.0,,300.0,24.1,,1031.0,,1.0,21.2,2025-01-20
2025-01-20 13:00:00,-6.0,-19.0,35.0,0.0,,310.0,24.1,,1032.0,,1.0,21.2,2025-01-20
2025-01-20 14:00:00,-5.0,-18.1,35.0,0.0,,320.0,17.0,,1032.0,,1.0,23.0,2025-01-20
2025-01-20 15:00:00,-5.0,-21.1,27.0,0.0,,310.0,27.8,,1033.0,,1.0,23.0,2025-01-20
2025-01-20 16:00:00,-5.0,-22.0,25.0,0.0,,320.0,25.9,,1033.0,,1.0,23.0,2025-01-20
2025-01-20 17:00:00,-7.0,-22.1,29.0,0.0,,310.0,25.9,,1034.0,,1.0,19.4,2025-01-20
2025-01-20 18:00:00,-8.0,-21.8,32.0,0.0,,320.0,16.7,,1034.0,,1.0,17.6,2025-01-20
2025-01-20 19:00:00,-11.0,-18.9,52.0,0.0,,210.0,15.0,,1036.0,,1.0,12.2,2025-01-20
2025-01-20 20:00:00,-13.0,-19.9,56.0,0.0,,120.0,9.0,,1036.0,,1.0,8.600000000000001,2025-01-20
2025-01-20 21:00:00,-12.0,-20.1,51.0,0.0,,110.0,13.0,,1037.0,,1.0,10.399999999999999,2025-01-20
2025-01-20 22:00:00,-11.0,-19.9,48.0,0.0,,120.0,14.8,,1037.0,,1.0,12.2,2025-01-20
2025-01-20 23:00:00,-12.0,-21.0,47.0,0.0,,120.0,16.7,,1037.0,,1.0,10.399999999999999,2025-01-20
2025-01-21 00:00:00,-12.0,-22.1,43.0,0.0,,120.0,17.0,,1037.0,,1.0,10.399999999999999,2025-01-21
2025-01-21 01:00:00,-12.0,-22.1,43.0,0.0,,130.0,20.4,,1037.0,,1.0,10.399999999999999,2025-01-21
2025-01-21 02:00:00,-13.0,-22.0,47.0,0.0,,110.0,20.4,,1037.0,,1.0,8.600000000000001,2025-01-21
2025-01-21 03:00:00,-13.0,-22.0,47.0,0.0,,120.0,20.0,,1037.0,,1.0,8.600000000000001,2025-01-21
2025-01-21 04:00:00,-13.0,-22.0,47.0,0.0,,130.0,20.4,,1037.0,,1.0,8.600000000000001,2025-01-21
2025-01-21 05:00:00,-13.0,-23.0,43.0,0.0,,120.0,15.0,,1037.0,,1.0,8.600000000000001,2025-01-21
2025-01-21 06:00:00,-13.0,-23.0,43.0,0.0,,150.0,16.7,,1037.0,,1.0,8.600000000000001,2025-01-21
2025-01-21 07:00:00,-14.0,-22.9,47.0,0.0,,140.0,18.5,,1038.0,,3.0,6.800000000000001,2025-01-21
2025-01-21 08:00:00,-12.0,-22.9,40.0,0.0,,140.0,20.0,,1037.0,,3.0,10.399999999999999,2025-01-21
2025-01-21 09:00:00,-10.0,-22.0,37.0,0.0,,160.0,22.0,,1036.0,,3.0,14.0,2025-01-21
2025-01-21 10:00:00,-8.0,-21.8,32.0,0.0,,170.0,22.2,,1036.0,,3.0,17.6,2025-01-21
2025-01-21 11:00:00,-6.0,-20.8,30.0,0.0,,170.0,13.0,,1034.0,,3.0,21.2,2025-01-21
2025-01-21 12:00:00,-3.0,-20.8,24.0,0.0,,120.0,9.3,,1033.0,,1.0,26.6,2025-01-21
2025-01-21 13:00:00,-1.0,-23.0,17.0,0.0,,0.0,0.0,,1031.0,,1.0,30.2,2025-01-21
2025-01-21 14:00:00,0.0,-22.9,16.0,0.0,,100.0,6.0,,1030.0,,2.0,32.0,2025-01-21
2025-01-21 15:00:00,1.0,-22.1,16.0,0.0,,80.0,9.3,,1029.0,,3.0,33.8,2025-01-21
2025-01-21 16:00:00,2.0,-22.0,15.0,0.0,,120.0,9.3,,1029.0,,3.0,35.6,2025-01-21
2025-01-21 17:00:00,0.0,-11.1,43.0,0.0,,300.0,11.1,,1028.0,,3.0,32.0,2025-01-21
2025-01-21 18:00:00,-4.0,-10.0,63.0,0.0,,0.0,0.0,,1028.0,,3.0,24.8,2025-01-21
2025-01-21 19:00:00,-5.0,-11.0,63.0,0.0,,110.0,7.0,,1029.0,,3.0,23.0,2025-01-21
2025-01-21 20:00:00,-7.0,-13.1,62.0,0.0,,90.0,6.0,,1029.0,,3.0,19.4,2025-01-21
2025-01-21 21:00:00,-8.0,-15.0,57.0,0.0,,0.0,0.0,,1028.0,,3.0,17.6,2025-01-21
2025-01-21 22:00:00,-8.0,-15.0,57.0,0.0,,110.0,7.0,,1029.0,,3.0,17.6,2025-01-21
2025-01-21 23:00:00,-9.0,-15.0,62.0,0.0,,111.0,5.4,,1030.0,,1.0,15.8,2025-01-21
2025-01-22 00:00:00,-12.1,-18.5,59.0,0.0,,110.0,4.3,,1034.6,,1.0,10.220000000000002,2025-01-22
2025-01-22 01:00:00,-12.6,-19.2,58.0,0.0,,120.0,16.7,,1034.7,,1.0,9.32,2025-01-22
2025-01-22 02:00:00,-12.7,-19.5,57.0,0.0,,107.0,6.1,,1034.8,,1.0,9.14,2025-01-22
2025-01-22 03:00:00,-13.2,-19.7,58.0,0.0,,109.0,5.4,,1035.7,,2.0,8.240000000000002,2025-01-22
2025-01-22 04:00:00,-10.0,-15.0,67.0,0.0,,0.0,0.0,,1030.0,,3.0,14.0,2025-01-22
2025-01-22 05:00:00,-11.0,-15.1,72.0,0.0,,109.0,4.7,,1030.0,,1.0,12.2,2025-01-22
2025-01-22 06:00:00,-10.0,-15.0,67.0,0.0,,110.0,9.3,,1031.0,,1.0,14.0,2025-01-22
2025-01-22 07:00:00,-10.0,-13.9,73.0,0.0,,0.0,0.0,,1032.0,,1.0,14.0,2025-01-22
2025-01-22 08:00:00,-8.0,-11.0,79.0,0.0,,270.0,13.0,,1032.0,,1.0,17.6,2025-01-22
2025-01-22 09:00:00,-3.0,-8.1,68.0,0.0,,310.0,17.0,,1033.0,,1.0,26.6,2025-01-22
2025-01-22 10:00:00,-2.0,-9.0,59.0,0.0,,320.0,22.2,,1034.0,,1.0,28.4,2025-01-22
2025-01-22 11:00:00,0.0,-12.0,40.0,0.0,,310.0,24.1,,1034.0,,1.0,32.0,2025-01-22
2025-01-22 12:00:00,1.0,-13.1,34.0,0.0,,320.0,24.1,,1034.0,,1.0,33.8,2025-01-22
2025-01-22 13:00:00,2.0,-13.8,30.0,0.0,,330.0,16.7,,1033.0,,1.0,35.6,2025-01-22
2025-01-22 14:00:00,2.0,-13.8,30.0,0.0,,320.0,22.2,,1033.0,,1.0,35.6,2025-01-22
2025-01-22 15:00:00,1.0,-13.1,34.0,0.0,,320.0,24.0,,1033.0,,1.0,33.8,2025-01-22
2025-01-22 16:00:00,0.0,-11.1,43.0,0.0,,320.0,22.2,,1033.0,,1.0,32.0,2025-01-22
2025-01-22 17:00:00,-2.0,-11.0,50.0,0.0,,340.0,24.1,,1033.0,,1.0,28.4,2025-01-22
2025-01-22 18:00:00,-3.0,-12.0,50.0,0.0,,330.0,13.0,,1033.0,,1.0,26.6,2025-01-22
2025-01-22 19:00:00,-5.0,-12.0,58.0,0.0,,230.0,7.0,,1034.0,,1.0,23.0,2025-01-22
2025-01-22 20:00:00,-5.0,-12.0,58.0,0.0,,0.0,0.0,,1034.0,,1.0,23.0,2025-01-22
2025-01-22 21:00:00,-5.0,-12.0,58.0,0.0,,40.0,7.4,,1035.0,,1.0,23.0,2025-01-22
2025-01-22 22:00:00,-8.0,-12.0,73.0,0.0,,110.0,13.0,,1035.0,,1.0,17.6,2025-01-22
2025-01-22 23:00:00,-9.0,-14.0,67.0,0.0,,0.0,0.0,,1036.0,,1.0,15.8,2025-01-22
2025-01-23 00:00:00,-9.0,-14.0,67.0,0.0,,150.0,5.5,,1036.0,,1.0,15.8,2025-01-23
2025-01-23 01:00:00,-10.0,-13.9,73.0,0.0,,100.0,17.0,,1036.0,,1.0,14.0,2025-01-23
2025-01-23 02:00:00,-9.0,-14.0,67.0,0.0,,130.0,9.3,,1037.0,,1.0,15.8,2025-01-23
2025-01-23 03:00:00,-10.0,-13.9,73.0,0.0,,120.0,11.1,,1037.0,,1.0,14.0,2025-01-23
2025-01-23 04:00:00,-10.0,-13.9,73.0,0.0,,140.0,9.3,,1038.0,,1.0,14.0,2025-01-23
2025-01-23 05:00:00,-11.0,-15.1,72.0,0.0,,130.0,17.0,,1038.0,,1.0,12.2,2025-01-23
2025-01-23 06:00:00,-11.0,-15.1,72.0,0.0,,120.0,14.8,,1038.0,,1.0,12.2,2025-01-23
2025-01-23 07:00:00,-10.0,-15.9,62.0,0.0,,130.0,20.4,,1038.0,,1.0,14.0,2025-01-23
2025-01-23 08:00:00,-9.0,-15.0,62.0,0.0,,130.0,18.5,,1039.0,,1.0,15.8,2025-01-23
2025-01-23 09:00:00,-8.0,-15.0,57.0,0.0,,120.0,19.0,,1039.0,,1.0,17.6,2025-01-23
2025-01-23 10:00:00,-4.0,-13.9,46.0,0.0,,0.0,0.0,,1040.0,,1.0,24.8,2025-01-23
2025-01-23 11:00:00,-2.0,-12.9,43.0,0.0,,220.0,6.0,,1039.0,,1.0,28.4,2025-01-23
2025-01-23 12:00:00,-1.0,-12.9,40.0,0.0,,0.0,0.0,,1037.0,,1.0,30.2,2025-01-23
2025-01-23 13:00:00,1.0,-15.1,29.0,0.0,,318.0,4.3,,1036.0,,1.0,33.8,2025-01-23
2025-01-23 14:00:00,1.0,-15.1,29.0,0.0,,40.0,11.0,,1036.0,,1.0,33.8,2025-01-23
2025-01-23 15:00:00,1.0,-16.9,25.0,0.0,,0.0,0.0,,1035.0,,1.0,33.8,2025-01-23
2025-01-23 16:00:00,1.0,-15.1,29.0,0.0,,350.0,11.1,,1035.0,,1.0,33.8,2025-01-23
2025-01-23 17:00:00,-2.0,-11.0,50.0,0.0,,290.0,7.4,,1033.0,,1.0,28.4,2025-01-23
2025-01-23 18:00:00,-4.0,-11.1,58.0,0.0,,0.0,0.0,,1033.0,,1.0,24.8,2025-01-23
2025-01-23 19:00:00,-5.0,-12.9,54.0,0.0,,130.0,7.4,,1033.0,,1.0,23.0,2025-01-23
2025-01-23 20:00:00,-5.0,-14.1,49.0,0.0,,110.0,14.8,,1032.0,,1.0,23.0,2025-01-23
2025-01-23 21:00:00,-5.0,-14.1,49.0,0.0,,120.0,15.0,,1031.0,,1.0,23.0,2025-01-23
2025-01-23 22:00:00,-6.0,-15.0,49.0,0.0,,140.0,9.0,,1031.0,,1.0,21.2,2025-01-23
2025-01-23 23:00:00,-5.0,-14.1,49.0,0.0,,110.0,18.5,,1030.0,,1.0,23.0,2025-01-23
2025-01-24 00:00:00,-5.0,-15.1,45.0,0.0,,120.0,22.0,,1029.0,,1.0,23.0,2025-01-24
2025-01-24 01:00:00,-4.0,-15.0,42.0,0.0,,120.0,22.0,,1028.0,,1.0,24.8,2025-01-24
2025-01-24 02:00:00,-4.0,-15.0,42.0,0.0,,120.0,22.2,,1027.0,,1.0,24.8,2025-01-24
2025-01-24 03:00:00,-4.0,-15.9,39.0,0.0,,140.0,22.0,,1026.0,,1.0,24.8,2025-01-24
2025-01-24 04:00:00,-4.0,-15.9,39.0,0.0,,130.0,22.2,,1024.0,,1.0,24.8,2025-01-24
2025-01-24 05:00:00,-5.0,-16.8,39.0,0.0,,140.0,26.0,,1024.0,,3.0,23.0,2025-01-24
2025-01-24 06:00:00,-4.0,-16.9,36.0,0.0,,130.0,22.2,,1022.0,,3.0,24.8,2025-01-24
2025-01-24 07:00:00,-4.0,-16.9,36.0,0.0,,130.0,24.0,,1022.0,,2.0,24.8,2025-01-24
2025-01-24 08:00:00,-3.0,-17.0,33.0,0.0,,140.0,28.0,,1021.0,,3.0,26.6,2025-01-24
2025-01-24 09:00:00,-1.0,-16.9,31.0,0.0,,160.0,28.0,,1021.0,,3.0,30.2,2025-01-24
2025-01-24 10:00:00,0.0,-14.0,34.0,0.0,,50.0,9.0,,1020.0,,3.0,32.0,2025-01-24
2025-01-24 11:00:00,1.0,-15.1,29.0,0.0,,0.0,0.0,,1019.0,,3.0,33.8,2025-01-24
2025-01-24 12:00:00,1.0,-15.9,27.0,0.0,,30.0,5.5,,1018.0,,3.0,33.8,2025-01-24
2025-01-24 13:00:00,2.0,-11.9,35.0,0.0,,350.0,13.0,,1016.0,,3.0,35.6,2025-01-24
2025-01-24 14:00:00,1.0,-9.9,44.0,0.0,,340.0,9.0,,1016.0,,3.0,33.8,2025-01-24
2025-01-24 15:00:00,1.0,-9.9,44.0,0.0,,0.0,0.0,,1015.0,,3.0,33.8,2025-01-24
2025-01-24 16:00:00,1.0,-11.1,40.0,0.0,,350.0,7.4,,1015.0,,3.0,33.8,2025-01-24
2025-01-24 17:00:00,-1.0,-9.9,51.0,0.0,,220.0,5.5,,1015.0,,3.0,30.2,2025-01-24
2025-01-24 18:00:00,-1.0,-9.9,51.0,0.0,,180.0,7.4,,1015.0,,3.0,30.2,2025-01-24
2025-01-24 19:00:00,-1.0,-12.0,43.0,0.0,,115.0,7.9,,1014.0,,3.0,30.2,2025-01-24
2025-01-24 20:00:00,-1.0,-10.9,47.0,0.0,,0.0,0.0,,1014.0,,3.0,30.2,2025-01-24
2025-01-24 21:00:00,-2.0,-9.0,59.0,0.0,,0.0,0.0,,1014.0,,3.0,28.4,2025-01-24
2025-01-24 22:00:00,-1.0,-8.0,59.0,0.0,,300.0,6.0,,1015.0,,3.0,30.2,2025-01-24
2025-01-24 23:00:00,-2.0,-6.9,69.0,0.0,,0.0,0.0,,1014.0,,3.0,28.4,2025-01-24
2025-01-25 00:00:00,-2.0,-6.9,69.0,0.2,,150.0,6.0,,1014.0,,14.0,28.4,2025-01-25
2025-01-25 01:00:00,-2.0,-6.9,69.0,0.2,,100.0,7.4,,1014.0,,14.0,28.4,2025-01-25
2025-01-25 02:00:00,-1.0,-8.9,55.0,0.1,,0.0,0.0,,1014.0,,14.0,30.2,2025-01-25
2025-01-25 03:00:00,-2.0,-5.0,80.0,0.0,,0.0,0.0,,1014.0,,3.0,28.4,2025-01-25
2025-01-25 04:00:00,-3.0,-3.0,100.0,0.2,,0.0,0.0,,1014.0,,14.0,26.6,2025-01-25
2025-01-25 05:00:00,-3.0,-3.0,100.0,0.2,,320.0,9.0,,1013.0,,14.0,26.6,2025-01-25
2025-01-25 06:00:00,-3.0,-3.0,100.0,0.3,,320.0,7.4,,1014.0,,15.0,26.6,2025-01-25
2025-01-25 07:00:00,-3.0,-3.0,100.0,0.5,,320.0,7.4,,1014.0,,15.0,26.6,2025-01-25
2025-01-25 08:00:00,-3.0,-3.0,100.0,0.4,,310.0,6.0,,1014.0,,15.0,26.6,2025-01-25
2025-01-25 09:00:00,-3.0,-3.0,100.0,0.2,,310.0,11.0,,1014.0,,14.0,26.6,2025-01-25
2025-01-25 10:00:00,-3.0,-3.0,100.0,0.2,,310.0,13.0,,1014.0,,14.0,26.6,2025-01-25
2025-01-25 11:00:00,-2.0,-2.0,100.0,0.1,,330.0,14.8,,1015.0,,14.0,28.4,2025-01-25
2025-01-25 12:00:00,-2.0,-2.0,100.0,0.1,,330.0,9.3,,1014.0,,14.0,28.4,2025-01-25
2025-01-25 13:00:00,-2.0,-3.0,93.0,0.1,,330.0,13.0,,1014.0,,14.0,28.4,2025-01-25
2025-01-25 14:00:00,-2.0,-2.0,100.0,0.2,,300.0,15.0,,1014.0,,14.0,28.4,2025-01-25
2025-01-25 15:00:00,-3.0,-3.0,100.0,0.2,,310.0,13.0,,1015.0,,14.0,26.6,2025-01-25
2025-01-25 16:00:00,-2.0,-2.0,100.0,0.2,,350.0,11.1,,1015.0,,14.0,28.4,2025-01-25
2025-01-25 17:00:00,-3.0,-3.0,100.0,0.2,,320.0,11.1,,1015.0,,14.0,26.6,2025-01-25
2025-01-25 18:00:00,-4.0,-4.0,100.0,0.2,,0.0,0.0,,1015.0,,14.0,24.8,2025-01-25
2025-01-25 19:00:00,-3.0,-4.0,93.0,0.0,,300.0,11.0,,1015.0,,3.0,26.6,2025-01-25
2025-01-25 20:00:00,-3.0,-4.0,93.0,0.0,,310.0,18.5,,1016.0,,3.0,26.6,2025-01-25
2025-01-25 21:00:00,-3.0,-5.0,86.0,0.0,,0.0,0.0,,1017.0,,3.0,26.6,2025-01-25
2025-01-25 22:00:00,-5.0,-6.0,93.0,0.0,,240.0,7.4,,1017.0,,3.0,23.0,2025-01-25
2025-01-25 23:00:00,-6.0,-6.9,93.0,0.0,,240.0,7.0,,1018.0,,3.0,21.2,2025-01-25
2025-01-26 00:00:00,-6.0,-6.9,93.0,0.0,,0.0,0.0,,1018.0,,3.0,21.2,2025-01-26
2025-01-26 01:00:00,-5.0,-6.0,93.0,0.0,,0.0,0.0,,1019.0,,3.0,23.0,2025-01-26
2025-01-26 02:00:00,-5.0,-7.9,80.0,0.0,,170.0,7.4,,1019.0,,3.0,23.0,2025-01-26
2025-01-26 03:00:00,-6.0,-6.9,93.0,0.0,,200.0,9.3,,1019.0,,3.0,21.2,2025-01-26
2025-01-26 04:00:00,-7.0,-7.0,100.0,0.0,,130.0,7.0,,1019.0,,3.0,19.4,2025-01-26
2025-01-26 05:00:00,-6.0,-6.9,93.0,0.0,,190.0,13.0,,1020.0,,3.0,21.2,2025-01-26
2025-01-26 06:00:00,-6.0,-6.9,93.0,0.0,,200.0,13.0,,1021.0,,3.0,21.2,2025-01-26
2025-01-26 07:00:00,-8.0,-9.9,86.0,0.0,,230.0,7.0,,1021.0,,3.0,17.6,2025-01-26
2025-01-26 08:00:00,-8.0,-8.9,93.0,0.0,,200.0,7.4,,1022.0,,3.0,17.6,2025-01-26
2025-01-26 09:00:00,-6.0,-8.0,86.0,0.0,,0.0,0.0,,1022.0,,3.0,21.2,2025-01-26
2025-01-26 10:00:00,-4.0,-8.0,74.0,0.0,,101.0,4.3,,1023.0,,1.0,24.8,2025-01-26
2025-01-26 11:00:00,-3.0,-7.0,74.0,0.0,,294.0,4.7,,1023.0,,2.0,26.6,2025-01-26
2025-01-26 12:00:00,-2.0,-6.9,69.0,0.0,,260.0,5.5,,1023.0,,3.0,28.4,2025-01-26
2025-01-26 13:00:00,-2.0,-7.9,64.0,0.0,,0.0,0.0,,1023.0,,3.0,28.4,2025-01-26
2025-01-26 14:00:00,-1.0,-7.0,64.0,0.0,,203.0,5.8,,1023.0,,3.0,30.2,2025-01-26
2025-01-26 15:00:00,-1.0,-7.0,64.0,0.0,,210.0,6.0,,1023.0,,3.0,30.2,2025-01-26
2025-01-26 16:00:00,-1.0,-7.0,64.0,0.0,,0.0,0.0,,1023.0,,2.0,30.2,2025-01-26
2025-01-26 17:00:00,-5.0,-7.9,80.0,0.0,,0.0,0.0,,1023.0,,3.0,23.0,2025-01-26
2025-01-26 18:00:00,-6.0,-8.0,86.0,0.0,,133.0,2.9,,1023.0,,1.0,21.2,2025-01-26
2025-01-26 19:00:00,-5.0,-7.0,86.0,0.0,,127.0,2.2,,1024.0,,1.0,23.0,2025-01-26
2025-01-26 20:00:00,-7.0,-8.9,86.0,0.0,,0.0,0.0,,1024.0,,1.0,19.4,2025-01-26
2025-01-26 21:00:00,-10.0,-10.0,100.0,0.0,,0.0,0.0,,1025.0,,5.0,14.0,2025-01-26
2025-01-26 22:00:00,-10.0,-10.0,100.0,0.0,,200.0,7.4,,1025.0,,5.0,14.0,2025-01-26
2025-01-26 23:00:00,-10.0,-10.0,100.0,0.0,,200.0,11.1,,1025.0,,1.0,14.0,2025-01-26
2025-01-27 00:00:00,-9.0,-9.0,100.0,0.0,,113.0,7.2,,1025.0,,5.0,15.8,2025-01-27
2025-01-27 01:00:00,-12.0,-12.0,100.0,0.0,,170.0,7.4,,1025.0,,5.0,10.399999999999999,2025-01-27
2025-01-27 02:00:00,-13.0,-13.0,100.0,0.0,,0.0,0.0,,1025.0,,5.0,8.600000000000001,2025-01-27
2025-01-27 03:00:00,-13.0,-13.0,100.0,0.0,,130.0,6.0,,1025.0,,5.0,8.600000000000001,2025-01-27
2025-01-27 04:00:00,-12.0,-12.0,100.0,0.0,,0.0,0.0,,1024.0,,5.0,10.399999999999999,2025-01-27
2025-01-27 05:00:00,-15.0,-16.0,92.0,0.0,,320.0,11.0,,1024.0,,5.0,5.0,2025-01-27
2025-01-27 06:00:00,-15.0,-15.0,100.0,0.0,,0.0,0.0,,1024.0,,5.0,5.0,2025-01-27
2025-01-27 07:00:00,-15.0,-16.0,92.0,0.0,,0.0,0.0,,1023.0,,5.0,5.0,2025-01-27
2025-01-27 08:00:00,-13.0,-14.0,92.0,0.0,,220.0,7.0,,1024.0,,5.0,8.600000000000001,2025-01-27
2025-01-27 09:00:00,-12.0,-12.0,100.0,0.0,,0.0,0.0,,1024.0,,5.0,10.399999999999999,2025-01-27
2025-01-27 10:00:00,-7.0,-7.0,100.0,0.0,,0.0,0.0,,1024.0,,1.0,19.4,2025-01-27
2025-01-27 11:00:00,-6.0,-6.0,100.0,0.0,,0.0,0.0,,1024.0,,1.0,21.2,2025-01-27
2025-01-27 12:00:00,-3.0,-6.0,80.0,0.0,,240.0,6.0,,1022.0,,1.0,26.6,2025-01-27
2025-01-27 13:00:00,-2.0,-7.9,64.0,0.0,,240.0,6.0,,1021.0,,1.0,28.4,2025-01-27
2025-01-27 14:00:00,-1.0,-8.0,59.0,0.0,,197.0,5.4,,1021.0,,1.0,30.2,2025-01-27
2025-01-27 15:00:00,0.0,-8.0,55.0,0.0,,0.0,0.0,,1021.0,,1.0,32.0,2025-01-27
2025-01-27 16:00:00,0.0,-8.0,55.0,0.0,,0.0,0.0,,1021.0,,1.0,32.0,2025-01-27
2025-01-27 17:00:00,-3.0,-8.1,68.0,0.0,,0.0,0.0,,1021.0,,1.0,26.6,2025-01-27
2025-01-27 18:00:00,-5.0,-7.9,80.0,0.0,,0.0,0.0,,1021.0,,1.0,23.0,2025-01-27
2025-01-27 19:00:00,-8.0,-8.9,93.0,0.0,,130.0,6.0,,1021.0,,1.0,17.6,2025-01-27
2025-01-27 20:00:00,-7.0,-7.9,93.0,0.0,,180.0,5.5,,1022.0,,1.0,19.4,2025-01-27
2025-01-27 21:00:00,-10.0,-10.0,100.0,0.0,,0.0,0.0,,1021.0,,1.0,14.0,2025-01-27
2025-01-27 22:00:00,-9.0,-9.0,100.0,0.0,,114.0,4.7,,1022.0,,1.0,15.8,2025-01-27
2025-01-27 23:00:00,-11.0,-11.0,100.0,0.0,,0.0,0.0,,1022.0,,5.0,12.2,2025-01-27
2025-01-28 00:00:00,-11.0,-11.0,100.0,0.0,,300.0,7.0,,1022.0,,5.0,12.2,2025-01-28
2025-01-28 01:00:00,-12.0,-12.0,100.0,0.0,,0.0,0.0,,1021.0,,1.0,10.399999999999999,2025-01-28
2025-01-28 02:00:00,-12.0,-12.0,100.0,0.0,,0.0,0.0,,1021.0,,5.0,10.399999999999999,2025-01-28
2025-01-28 03:00:00,-13.0,-14.0,92.0,0.0,,280.0,6.0,,1020.0,,5.0,8.600000000000001,2025-01-28
2025-01-28 04:00:00,-14.0,-15.0,92.0,0.0,,0.0,0.0,,1020.0,,5.0,6.800000000000001,2025-01-28
2025-01-28 05:00:00,-13.0,-13.0,100.0,0.0,,0.0,0.0,,1019.0,,5.0,8.600000000000001,2025-01-28
2025-01-28 06:00:00,-14.0,-14.0,100.0,0.0,,300.0,6.0,,1019.0,,5.0,6.800000000000001,2025-01-28
2025-01-28 07:00:00,-14.0,-14.0,100.0,0.0,,0.0,0.0,,1020.0,,5.0,6.800000000000001,2025-01-28
2025-01-28 08:00:00,-13.0,-14.0,92.0,0.0,,111.0,7.6,,1020.0,,5.0,8.600000000000001,2025-01-28
2025-01-28 09:00:00,-7.0,-7.0,100.0,0.0,,0.0,0.0,,1020.0,,1.0,19.4,2025-01-28
2025-01-28 10:00:00,-7.0,-7.0,100.0,0.0,,210.0,7.4,,1020.0,,1.0,19.4,2025-01-28
2025-01-28 11:00:00,-4.0,-6.9,80.0,0.0,,310.0,6.0,,1020.0,,1.0,24.8,2025-01-28
2025-01-28 12:00:00,-2.0,-7.9,64.0,0.0,,0.0,0.0,,1019.0,,1.0,28.4,2025-01-28
2025-01-28 13:00:00,-2.0,-7.9,64.0,0.0,,310.0,5.5,,1018.0,,1.0,28.4,2025-01-28
2025-01-28 14:00:00,-1.0,-8.0,59.0,0.0,,0.0,0.0,,1017.0,,1.0,30.2,2025-01-28
2025-01-28 15:00:00,0.0,-8.0,55.0,0.0,,230.0,6.1,,1017.0,,1.0,32.0,2025-01-28
2025-01-28 16:00:00,-1.0,-8.0,59.0,0.0,,0.0,0.0,,1017.0,,1.0,30.2,2025-01-28
2025-01-28 17:00:00,-1.0,-8.0,59.0,0.0,,200.0,7.0,,1017.0,,1.0,30.2,2025-01-28
2025-01-28 18:00:00,-3.0,-9.1,63.0,0.0,,200.0,7.4,,1017.0,,1.0,26.6,2025-01-28
2025-01-28 19:00:00,-6.0,-10.1,73.0,0.0,,0.0,0.0,,1017.0,,1.0,21.2,2025-01-28
2025-01-28 20:00:00,-7.0,-8.9,86.0,0.0,,150.0,7.0,,1018.0,,1.0,19.4,2025-01-28
2025-01-28 21:00:00,-8.0,-9.9,86.0,0.0,,310.0,7.4,,1019.0,,1.0,17.6,2025-01-28
2025-01-28 22:00:00,-10.0,-11.1,92.0,0.0,,30.0,6.0,,1019.0,,1.0,14.0,2025-01-28
2025-01-28 23:00:00,-10.0,-11.1,92.0,0.0,,0.0,0.0,,1019.0,,1.0,14.0,2025-01-28
2025-01-29 00:00:00,-12.0,-12.0,100.0,0.0,,113.0,7.2,,1019.0,,5.0,10.399999999999999,2025-01-29
2025-01-29 01:00:00,-10.0,-10.0,100.0,0.0,,90.0,7.4,,1019.0,,5.0,14.0,2025-01-29
2025-01-29 02:00:00,-11.0,-11.0,100.0,0.0,,114.0,7.2,,1018.0,,5.0,12.2,2025-01-29
2025-01-29 03:00:00,-12.0,-12.0,100.0,0.0,,0.0,0.0,,1018.0,,5.0,10.399999999999999,2025-01-29
2025-01-29 04:00:00,-13.0,-13.0,100.0,0.0,,310.0,7.0,,1018.0,,5.0,8.600000000000001,2025-01-29
2025-01-29 05:00:00,-12.0,-12.0,100.0,0.0,,0.0,0.0,,1018.0,,5.0,10.399999999999999,2025-01-29
2025-01-29 06:00:00,-14.0,-15.0,92.0,0.0,,130.0,6.0,,1018.0,,5.0,6.800000000000001,2025-01-29
2025-01-29 07:00:00,-13.0,-13.0,100.0,0.0,,0.0,0.0,,1018.0,,5.0,8.600000000000001,2025-01-29
2025-01-29 08:00:00,-11.0,-11.0,100.0,0.0,,30.0,6.0,,1018.0,,5.0,12.2,2025-01-29
2025-01-29 09:00:00,-8.0,-8.0,100.0,0.0,,0.0,0.0,,1018.0,,1.0,17.6,2025-01-29
2025-01-29 10:00:00,-5.0,-7.0,86.0,0.0,,116.0,4.3,,1018.0,,1.0,23.0,2025-01-29
2025-01-29 11:00:00,-2.0,-6.9,69.0,0.0,,310.0,7.0,,1018.0,,1.0,28.4,2025-01-29
2025-01-29 12:00:00,-1.0,-7.0,64.0,0.0,,250.0,7.0,,1018.0,,1.0,30.2,2025-01-29
2025-01-29 13:00:00,0.0,-8.0,55.0,0.0,,0.0,0.0,,1016.0,,1.0,32.0,2025-01-29
2025-01-29 14:00:00,0.0,-7.1,59.0,0.0,,320.0,5.5,,1016.0,,1.0,32.0,2025-01-29
2025-01-29 15:00:00,1.0,-8.0,51.0,0.0,,0.0,0.0,,1016.0,,1.0,33.8,2025-01-29
2025-01-29 16:00:00,0.0,-7.1,59.0,0.0,,200.0,7.4,,1016.0,,1.0,32.0,2025-01-29
2025-01-29 17:00:00,-1.0,-8.0,59.0,0.0,,210.0,6.0,,1016.0,,1.0,30.2,2025-01-29
2025-01-29 18:00:00,-2.0,-7.9,64.0,0.0,,0.0,0.0,,1016.0,,1.0,28.4,2025-01-29
2025-01-29 19:00:00,-5.0,-7.9,80.0,0.0,,121.0,4.0,,1017.0,,1.0,23.0,2025-01-29
2025-01-29 20:00:00,-6.0,-8.0,86.0,0.0,,136.0,2.5,,1017.0,,1.0,21.2,2025-01-29
2025-01-29 21:00:00,-7.0,-8.9,86.0,0.0,,0.0,0.0,,1018.0,,1.0,19.4,2025-01-29
2025-01-29 22:00:00,-7.0,-8.9,86.0,0.0,,122.0,3.2,,1018.0,,1.0,19.4,2025-01-29
2025-01-29 23:00:00,-8.0,-8.9,93.0,0.0,,0.0,0.0,,1018.0,,5.0,17.6,2025-01-29
2025-01-30 00:00:00,-8.0,-8.9,93.0,0.0,,0.0,0.0,,1018.0,,5.0,17.6,2025-01-30
2025-01-30 01:00:00,-9.0,-10.1,92.0,0.0,,0.0,0.0,,1018.0,,1.0,15.8,2025-01-30
2025-01-30 02:00:00,-8.0,-8.9,93.0,0.0,,110.0,5.5,,1018.0,,1.0,17.6,2025-01-30
2025-01-30 03:00:00,-10.0,-11.1,92.0,0.0,,110.0,6.5,,1019.0,,5.0,14.0,2025-01-30
2025-01-30 04:00:00,-11.0,-11.0,100.0,0.0,,320.0,5.5,,1019.0,,5.0,12.2,2025-01-30
2025-01-30 05:00:00,-12.0,-12.0,100.0,0.0,,0.0,0.0,,1020.0,,5.0,10.399999999999999,2025-01-30
2025-01-30 06:00:00,-12.0,-12.0,100.0,0.0,,110.0,6.1,,1021.0,,5.0,10.399999999999999,2025-01-30
2025-01-30 07:00:00,-12.0,-12.0,100.0,0.0,,0.0,0.0,,1021.0,,5.0,10.399999999999999,2025-01-30
2025-01-30 08:00:00,-9.0,-9.0,100.0,0.0,,109.0,6.1,,1022.0,,5.0,15.8,2025-01-30
2025-01-30 09:00:00,-6.0,-6.0,100.0,0.0,,0.0,0.0,,1023.0,,1.0,21.2,2025-01-30
2025-01-30 10:00:00,-4.0,-5.0,93.0,0.0,,0.0,0.0,,1023.0,,1.0,24.8,2025-01-30
2025-01-30 11:00:00,0.0,-8.0,55.0,0.0,,0.0,0.0,,1023.0,,1.0,32.0,2025-01-30
2025-01-30 12:00:00,1.0,-5.9,60.0,0.0,,290.0,9.3,,1023.0,,1.0,33.8,2025-01-30
2025-01-30 13:00:00,2.0,-6.1,55.0,0.0,,310.0,9.0,,1022.0,,1.0,35.6,2025-01-30
2025-01-30 14:00:00,3.0,-7.0,48.0,0.0,,310.0,9.3,,1022.0,,1.0,37.4,2025-01-30
2025-01-30 15:00:00,3.0,-7.0,48.0,0.0,,290.0,7.0,,1023.0,,1.0,37.4,2025-01-30
2025-01-30 16:00:00,3.0,-8.1,44.0,0.0,,310.0,7.4,,1023.0,,1.0,37.4,2025-01-30
2025-01-30 17:00:00,-1.0,-7.0,64.0,0.0,,330.0,6.0,,1023.0,,1.0,30.2,2025-01-30
2025-01-30 18:00:00,-3.0,-7.0,74.0,0.0,,0.0,0.0,,1023.0,,1.0,26.6,2025-01-30
2025-01-30 19:00:00,-5.0,-7.0,86.0,0.0,,240.0,6.0,,1024.0,,1.0,23.0,2025-01-30
2025-01-30 20:00:00,-5.0,-7.9,80.0,0.0,,130.0,7.4,,1024.0,,1.0,23.0,2025-01-30
2025-01-30 21:00:00,-4.0,-8.0,74.0,0.0,,90.0,7.4,,1024.0,,1.0,24.8,2025-01-30
2025-01-30 22:00:00,-4.0,-9.0,68.0,0.0,,110.0,11.0,,1025.0,,1.0,24.8,2025-01-30
2025-01-30 23:00:00,-5.0,-8.9,74.0,0.0,,170.0,7.4,,1025.0,,5.0,23.0,2025-01-30
2025-01-31 00:00:00,-8.0,-9.9,86.0,0.0,,350.0,5.5,,1025.0,,5.0,17.6,2025-01-31
2025-01-31 01:00:00,-6.0,-9.1,79.0,0.0,,160.0,11.1,,1025.0,,5.0,21.2,2025-01-31
2025-01-31 02:00:00,-7.0,-7.9,93.0,0.0,,190.0,13.0,,1025.0,,1.0,19.4,2025-01-31
2025-01-31 03:00:00,-6.0,-10.1,73.0,0.0,,60.0,13.0,,1025.0,,1.0,21.2,2025-01-31
2025-01-31 04:00:00,-10.0,-11.1,92.0,0.0,,30.0,9.3,,1025.0,,1.0,14.0,2025-01-31
2025-01-31 05:00:00,-6.0,-11.0,68.0,0.0,,120.0,11.1,,1025.0,,1.0,21.2,2025-01-31
2025-01-31 06:00:00,-7.0,-11.0,73.0,0.0,,140.0,11.1,,1024.0,,1.0,19.4,2025-01-31
2025-01-31 07:00:00,-7.0,-8.9,86.0,0.0,,120.0,18.5,,1024.0,,3.0,19.4,2025-01-31
2025-01-31 08:00:00,-4.0,-11.1,58.0,0.0,,130.0,33.0,,1025.0,,3.0,24.8,2025-01-31
2025-01-31 09:00:00,-2.0,-10.1,54.0,0.0,,40.0,9.0,,1025.0,,3.0,28.4,2025-01-31
2025-01-31 10:00:00,0.0,-8.9,51.0,0.0,,150.0,15.0,,1025.0,,3.0,32.0,2025-01-31
2025-01-31 11:00:00,3.0,-10.0,38.0,0.0,,330.0,13.0,,1024.0,,3.0,37.4,2025-01-31
2025-01-31 12:00:00,1.0,-5.9,60.0,0.0,,300.0,13.0,,1023.0,,2.0,33.8,2025-01-31
2025-01-31 13:00:00,5.0,-7.8,39.0,0.0,,0.0,0.0,,1021.0,,3.0,41.0,2025-01-31
2025-01-31 14:00:00,2.0,-6.1,55.0,0.0,,300.0,9.3,,1020.0,,3.0,35.6,2025-01-31
2025-01-31 15:00:00,3.0,-7.0,48.0,0.0,,310.0,11.0,,1020.0,,3.0,37.4,2025-01-31
2025-01-31 16:00:00,2.0,-7.1,51.0,0.0,,250.0,11.0,,1020.0,,3.0,35.6,2025-01-31
2025-01-31 17:00:00,1.0,-5.9,60.0,0.0,,0.0,0.0,,1020.0,,3.0,33.8,2025-01-31
2025-01-31 18:00:00,1.0,-5.1,64.0,0.0,,150.0,11.1,,1020.0,,3.0,33.8,2025-01-31
2025-01-31 19:00:00,2.0,-5.0,60.0,0.0,,130.0,19.0,,1020.0,,3.0,35.6,2025-01-31
2025-01-31 20:00:00,4.0,-5.0,52.0,0.0,,90.0,9.3,,1021.0,,3.0,39.2,2025-01-31
2025-01-31 21:00:00,2.0,-3.9,65.0,0.0,,0.0,0.0,,1020.0,,3.0,35.6,2025-01-31
2025-01-31 22:00:00,6.0,-5.0,45.0,0.0,,130.0,11.0,,1019.0,,3.0,42.8,2025-01-31
2025-01-31 23:00:00,6.0,-5.0,45.0,0.0,,0.0,0.0,,1019.0,,3.0,42.8,2025-01-31
2025-02-01 00:00:00,6.0,-1.9,57.0,0.0,,140.0,7.0,,1019.0,,3.0,42.8,2025-02-01
2025-02-01 01:00:00,4.0,-3.1,60.0,0.0,,340.0,9.3,,1019.0,,3.0,39.2,2025-02-01
2025-02-01 02:00:00,4.0,-3.1,60.0,0.1,,100.0,11.0,,1019.0,,12.0,39.2,2025-02-01
2025-02-01 03:00:00,5.0,-1.9,61.0,0.4,,0.0,0.0,,1019.0,,12.0,41.0,2025-02-01
2025-02-01 04:00:00,6.0,-2.9,53.0,0.5,,0.0,0.0,,1019.0,,12.0,42.8,2025-02-01
2025-02-01 05:00:00,6.0,-1.9,57.0,0.1,,80.0,7.4,,1019.0,,12.0,42.8,2025-02-01
2025-02-01 06:00:00,5.0,-1.0,65.0,0.0,,170.0,11.1,,1019.0,,3.0,41.0,2025-02-01
2025-02-01 07:00:00,4.0,1.0,81.0,0.1,,100.0,11.1,,1019.0,,12.0,39.2,2025-02-01
2025-02-01 08:00:00,4.0,3.0,93.0,0.1,,80.0,15.0,,1019.0,,12.0,39.2,2025-02-01
2025-02-01 09:00:00,4.0,3.0,93.0,0.2,,90.0,13.0,,1019.0,,12.0,39.2,2025-02-01
2025-02-01 10:00:00,6.0,4.0,87.0,0.2,,120.0,7.0,,1019.0,,7.0,42.8,2025-02-01
2025-02-01 11:00:00,8.0,0.9,61.0,0.2,,50.0,9.3,,1019.0,,7.0,46.4,2025-02-01
2025-02-01 12:00:00,8.0,0.0,57.0,0.0,,120.0,6.0,,1017.0,,3.0,46.4,2025-02-01
2025-02-01 13:00:00,8.0,0.0,57.0,0.1,,0.0,0.0,,1017.0,,7.0,46.4,2025-02-01
2025-02-01 14:00:00,9.0,-0.1,53.0,0.3,,210.0,7.0,,1017.0,,8.0,48.2,2025-02-01
2025-02-01 15:00:00,8.0,0.0,57.0,0.0,,200.0,16.7,,1017.0,,3.0,46.4,2025-02-01
2025-02-01 16:00:00,6.0,2.1,76.0,0.0,,110.0,11.0,,1017.0,,3.0,42.8,2025-02-01
2025-02-01 17:00:00,6.0,2.1,76.0,0.0,,110.0,5.5,,1017.0,,3.0,42.8,2025-02-01
2025-02-01 18:00:00,5.0,2.0,81.0,0.0,,0.0,0.0,,1017.0,,3.0,41.0,2025-02-01
2025-02-01 19:00:00,5.0,2.0,81.0,0.0,,150.0,6.0,,1017.0,,3.0,41.0,2025-02-01
2025-02-01 20:00:00,5.0,2.0,81.0,0.1,,110.0,13.0,,1017.0,,7.0,41.0,2025-02-01
2025-02-01 21:00:00,3.0,2.0,93.0,0.2,,250.0,7.0,,1017.0,,7.0,37.4,2025-02-01
2025-02-01 22:00:00,3.0,3.0,100.0,0.0,,100.0,11.1,,1015.0,,3.0,37.4,2025-02-01
2025-02-01 23:00:00,3.0,2.0,93.0,0.0,,220.0,5.5,,1015.0,,3.0,37.4,2025-02-01
2025-02-02 00:00:00,3.0,3.0,100.0,0.0,,130.0,11.1,,1015.0,,3.0,37.4,2025-02-02
2025-02-02 01:00:00,3.0,2.0,93.0,0.0,,0.0,0.0,,1014.0,,3.0,37.4,2025-02-02
2025-02-02 02:00:00,3.0,2.0,93.0,0.0,,80.0,7.0,,1014.0,,3.0,37.4,2025-02-02
2025-02-02 03:00:00,4.0,2.0,87.0,0.0,,0.0,0.0,,1014.0,,3.0,39.2,2025-02-02
2025-02-02 04:00:00,4.0,2.0,87.0,0.0,,0.0,0.0,,1013.0,,3.0,39.2,2025-02-02
2025-02-02 05:00:00,5.0,2.0,81.0,0.0,,170.0,13.0,,1013.0,,3.0,41.0,2025-02-02
2025-02-02 06:00:00,6.0,2.1,76.0,0.0,,70.0,13.0,,1013.0,,3.0,42.8,2025-02-02
2025-02-02 07:00:00,6.0,2.1,76.0,0.0,,80.0,7.0,,1013.0,,3.0,42.8,2025-02-02
2025-02-02 08:00:00,8.0,0.9,61.0,0.0,,0.0,0.0,,1014.0,,3.0,46.4,2025-02-02
2025-02-02 09:00:00,10.0,1.1,54.0,0.0,,250.0,9.3,,1014.0,,3.0,50.0,2025-02-02
2025-02-02 10:00:00,11.0,0.1,47.0,0.0,,68.0,7.4,,1014.0,,3.0,51.8,2025-02-02
2025-02-02 11:00:00,14.0,-0.1,38.0,0.0,,90.0,15.0,,1014.0,,3.0,57.2,2025-02-02
2025-02-02 12:00:00,14.0,0.9,41.0,0.0,,210.0,11.1,,1013.0,,3.0,57.2,2025-02-02
2025-02-02 13:00:00,13.0,1.0,44.0,0.0,,20.0,13.0,,1013.0,,3.0,55.4,2025-02-02
2025-02-02 14:00:00,14.0,0.9,41.0,0.0,,60.0,6.0,,1012.0,,3.0,57.2,2025-02-02
2025-02-02 15:00:00,12.0,1.9,50.0,0.0,,130.0,7.4,,1011.0,,3.0,53.6,2025-02-02
2025-02-02 16:00:00,12.0,1.0,47.0,0.0,,120.0,9.0,,1011.0,,3.0,53.6,2025-02-02
2025-02-02 17:00:00,12.0,1.0,47.0,0.0,,110.0,7.4,,1011.0,,3.0,53.6,2025-02-02
2025-02-02 18:00:00,12.0,-3.0,35.0,0.0,,200.0,7.4,,1011.0,,3.0,53.6,2025-02-02
2025-02-02 19:00:00,13.0,-2.9,33.0,0.0,,210.0,20.0,,1011.0,,3.0,55.4,2025-02-02
2025-02-02 20:00:00,13.0,-2.9,33.0,0.0,,210.0,24.1,,1012.0,,3.0,55.4,2025-02-02
2025-02-02 21:00:00,13.0,-2.9,33.0,0.0,,220.0,28.0,,1012.0,,3.0,55.4,2025-02-02
2025-02-02 22:00:00,13.0,-2.9,33.0,0.0,,230.0,24.0,,1012.0,,3.0,55.4,2025-02-02
2025-02-02 23:00:00,13.0,-2.9,33.0,0.0,,230.0,28.0,,1013.0,,3.0,55.4,2025-02-02
2025-02-03 00:00:00,13.0,-2.9,33.0,0.0,,300.0,11.0,,1013.0,,3.0,55.4,2025-02-03
2025-02-03 01:00:00,12.0,-1.9,38.0,0.0,,240.0,15.0,,1013.0,,3.0,53.6,2025-02-03
2025-02-03 02:00:00,11.0,-2.1,40.0,0.0,,0.0,0.0,,1013.0,,3.0,51.8,2025-02-03
2025-02-03 03:00:00,10.0,-1.1,46.0,0.0,,0.0,0.0,,1013.0,,3.0,50.0,2025-02-03
2025-02-03 04:00:00,11.0,0.1,47.0,0.0,,50.0,7.4,,1013.0,,3.0,51.8,2025-02-03
2025-02-03 05:00:00,13.0,-1.0,38.0,0.0,,130.0,7.4,,1013.0,,3.0,55.4,2025-02-03
2025-02-03 06:00:00,14.0,-0.8,36.0,0.0,,340.0,7.0,,1013.0,,3.0,57.2,2025-02-03
2025-02-03 07:00:00,13.0,-1.0,38.0,0.0,,130.0,7.4,,1014.0,,3.0,55.4,2025-02-03
2025-02-03 08:00:00,14.0,-2.0,33.0,0.0,,110.0,5.5,,1014.0,,3.0,57.2,2025-02-03
2025-02-03 09:00:00,12.0,-0.9,41.0,0.0,,220.0,11.1,,1014.0,,3.0,53.6,2025-02-03
2025-02-03 10:00:00,13.0,0.0,41.0,0.0,,20.0,9.0,,1014.0,,3.0,55.4,2025-02-03
2025-02-03 11:00:00,15.0,0.0,36.0,0.0,,68.0,10.8,,1014.0,,3.0,59.0,2025-02-03
2025-02-03 12:00:00,15.0,0.0,36.0,0.0,,180.0,7.4,,1013.0,,3.0,59.0,2025-02-03
2025-02-03 13:00:00,17.0,-2.1,27.0,0.0,,60.0,14.8,,1011.0,,3.0,62.6,2025-02-03
2025-02-03 14:00:00,16.0,-2.0,29.0,0.0,,200.0,7.4,,1011.0,,3.0,60.8,2025-02-03
2025-02-03 15:00:00,14.0,-0.8,36.0,0.0,,130.0,13.0,,1011.0,,3.0,57.2,2025-02-03
2025-02-03 16:00:00,15.0,-1.2,33.0,0.0,,130.0,11.1,,1011.0,,3.0,59.0,2025-02-03
2025-02-03 17:00:00,14.0,-2.0,33.0,0.0,,130.0,11.1,,1011.0,,3.0,57.2,2025-02-03
2025-02-03 18:00:00,14.0,-2.9,31.0,0.0,,0.0,0.0,,1011.0,,3.0,57.2,2025-02-03
2025-02-03 19:00:00,12.0,-3.0,35.0,0.0,,140.0,11.0,,1011.0,,3.0,53.6,2025-02-03
2025-02-03 20:00:00,13.0,-5.1,28.0,0.0,,0.0,0.0,,1012.0,,3.0,55.4,2025-02-03
2025-02-03 21:00:00,12.0,-3.0,35.0,0.0,,120.0,9.0,,1011.0,,3.0,53.6,2025-02-03
2025-02-03 22:00:00,12.0,-3.8,33.0,0.0,,110.0,9.3,,1012.0,,3.0,53.6,2025-02-03
2025-02-03 23:00:00,15.0,-6.0,23.0,0.0,,150.0,9.3,,1012.0,,3.0,59.0,2025-02-03
2025-02-04 00:00:00,15.0,-6.0,23.0,0.0,,160.0,19.0,,1012.0,,3.0,59.0,2025-02-04
2025-02-04 01:00:00,15.0,-6.0,23.0,0.0,,140.0,11.1,,1011.0,,3.0,59.0,2025-02-04
2025-02-04 02:00:00,13.0,-4.2,30.0,0.0,,120.0,15.0,,1011.0,,3.0,55.4,2025-02-04
2025-02-04 03:00:00,11.0,-3.9,35.0,0.0,,200.0,5.5,,1011.0,,3.0,51.8,2025-02-04
2025-02-04 04:00:00,12.0,-3.8,33.0,0.0,,260.0,5.5,,1011.0,,3.0,53.6,2025-02-04
2025-02-04 05:00:00,12.0,-3.8,33.0,0.0,,80.0,13.0,,1011.0,,3.0,53.6,2025-02-04
2025-02-04 06:00:00,10.0,-2.0,43.0,0.0,,130.0,17.0,,1011.0,,3.0,50.0,2025-02-04
2025-02-04 07:00:00,11.0,-2.1,40.0,0.0,,140.0,14.8,,1012.0,,3.0,51.8,2025-02-04
2025-02-04 08:00:00,9.0,-2.0,46.0,0.0,,100.0,9.3,,1012.0,,3.0,48.2,2025-02-04
2025-02-04 09:00:00,11.0,-1.1,43.0,0.0,,0.0,0.0,,1012.0,,3.0,51.8,2025-02-04
2025-02-04 10:00:00,17.0,-1.2,29.0,0.0,,220.0,11.0,,1012.0,,3.0,62.6,2025-02-04
2025-02-04 11:00:00,19.0,-0.9,26.0,0.0,,240.0,26.0,,1011.0,,3.0,66.2,2025-02-04
2025-02-04 12:00:00,18.0,-0.8,28.0,0.0,,240.0,22.2,,1010.0,,3.0,64.4,2025-02-04
2025-02-04 13:00:00,18.0,-0.8,28.0,0.0,,220.0,30.0,,1009.0,,3.0,64.4,2025-02-04
2025-02-04 14:00:00,20.0,-1.2,24.0,0.0,,220.0,20.4,,1008.0,,3.0,68.0,2025-02-04
2025-02-04 15:00:00,20.0,-1.8,23.0,0.0,,220.0,37.0,,1008.0,,3.0,68.0,2025-02-04
2025-02-04 16:00:00,18.0,-0.8,28.0,0.0,,210.0,22.2,,1007.0,,3.0,64.4,2025-02-04
2025-02-04 17:00:00,17.0,-2.1,27.0,0.0,,220.0,22.2,,1007.0,,2.0,62.6,2025-02-04
2025-02-04 18:00:00,15.0,-2.0,31.0,0.0,,210.0,13.0,,1007.0,,3.0,59.0,2025-02-04
2025-02-04 19:00:00,14.0,-2.0,33.0,0.0,,200.0,15.0,,1007.0,,3.0,57.2,2025-02-04
2025-02-04 20:00:00,13.0,-2.9,33.0,0.0,,230.0,11.1,,1007.0,,3.0,55.4,2025-02-04
2025-02-04 21:00:00,13.0,-5.1,28.0,0.0,,230.0,28.0,,1008.0,,3.0,55.4,2025-02-04
2025-02-04 22:00:00,13.0,-4.2,30.0,0.0,,220.0,25.9,,1008.0,,3.0,55.4,2025-02-04
2025-02-04 23:00:00,14.0,-3.8,29.0,0.0,,200.0,32.0,,1007.0,,1.0,57.2,2025-02-04
2025-02-05 00:00:00,12.0,-3.8,33.0,0.0,,220.0,22.2,,1008.0,,3.0,53.6,2025-02-05
2025-02-05 01:00:00,12.0,-3.8,33.0,0.0,,210.0,22.2,,1008.0,,3.0,53.6,2025-02-05
2025-02-05 02:00:00,13.0,-4.2,30.0,0.0,,230.0,15.0,,1008.0,,3.0,55.4,2025-02-05
2025-02-05 03:00:00,13.0,-4.2,30.0,0.0,,310.0,11.0,,1008.0,,3.0,55.4,2025-02-05
2025-02-05 04:00:00,12.0,-3.8,33.0,0.2,,300.0,20.0,,1008.0,,12.0,53.6,2025-02-05
2025-02-05 05:00:00,12.0,-3.8,33.0,2.5,,230.0,29.6,,1009.0,,13.0,53.6,2025-02-05
2025-02-05 06:00:00,12.0,-3.0,35.0,0.2,,220.0,39.0,,1008.0,,19.0,53.6,2025-02-05
2025-02-05 07:00:00,12.0,-3.0,35.0,0.7,,220.0,33.0,,1009.0,,21.0,53.6,2025-02-05
2025-02-05 08:00:00,11.0,-2.1,40.0,1.3,,220.0,35.0,,1010.0,,20.0,51.8,2025-02-05
2025-02-05 09:00:00,12.0,-1.9,38.0,0.0,,220.0,39.0,,1010.0,,2.0,53.6,2025-02-05
2025-02-05 10:00:00,13.0,-1.0,38.0,0.0,,220.0,42.6,,1011.0,,2.0,55.4,2025-02-05
2025-02-05 11:00:00,14.0,-0.1,38.0,0.0,,220.0,44.0,,1011.0,,2.0,57.2,2025-02-05
2025-02-05 12:00:00,15.0,0.0,36.0,0.0,,220.0,40.8,,1010.0,,1.0,59.0,2025-02-05
2025-02-05 13:00:00,17.0,0.2,32.0,0.0,,230.0,40.8,,1009.0,,1.0,62.6,2025-02-05
2025-02-05 14:00:00,12.0,1.0,47.0,0.0,,290.0,22.2,,1009.0,,2.0,53.6,2025-02-05
2025-02-05 15:00:00,7.0,3.1,76.0,0.2,,330.0,26.0,,1010.0,,17.0,44.6,2025-02-05
2025-02-05 16:00:00,7.0,2.1,71.0,0.2,,320.0,31.5,,1011.0,,17.0,44.6,2025-02-05
2025-02-05 17:00:00,7.0,-1.9,53.0,0.0,,330.0,25.9,,1012.0,,3.0,44.6,2025-02-05
2025-02-05 18:00:00,6.0,-2.9,53.0,0.0,,330.0,20.4,,1013.0,,3.0,42.8,2025-02-05
2025-02-05 19:00:00,6.0,-2.9,53.0,0.0,,320.0,22.0,,1015.0,,2.0,42.8,2025-02-05
2025-02-05 20:00:00,3.0,-2.9,65.0,0.0,,330.0,15.0,,1015.0,,3.0,37.4,2025-02-05
2025-02-05 21:00:00,3.0,-2.9,65.0,0.0,,330.0,13.0,,1016.0,,2.0,37.4,2025-02-05
2025-02-05 22:00:00,2.0,-3.9,65.0,0.0,,340.0,14.8,,1016.0,,2.0,35.6,2025-02-05
2025-02-05 23:00:00,2.0,-5.0,60.0,0.0,,340.0,11.1,,1016.0,,1.0,35.6,2025-02-05
2025-02-06 00:00:00,0.0,-6.0,64.0,0.0,,330.0,11.0,,1016.0,,1.0,32.0,2025-02-06
2025-02-06 01:00:00,-2.0,-6.0,74.0,0.0,,220.0,7.4,,1016.0,,1.0,28.4,2025-02-06
2025-02-06 02:00:00,-2.0,-5.0,80.0,0.0,,320.0,9.0,,1017.0,,2.0,28.4,2025-02-06
2025-02-06 03:00:00,-2.0,-5.0,80.0,0.0,,330.0,5.5,,1017.0,,2.0,28.4,2025-02-06
2025-02-06 04:00:00,-2.0,-5.0,80.0,0.0,,0.0,0.0,,1016.0,,2.0,28.4,2025-02-06
2025-02-06 05:00:00,-4.0,-6.0,86.0,0.0,,220.0,7.0,,1016.0,,2.0,24.8,2025-02-06
2025-02-06 06:00:00,-4.0,-6.0,86.0,0.0,,0.0,0.0,,1017.0,,2.0,24.8,2025-02-06
2025-02-06 07:00:00,-4.0,-6.0,86.0,0.0,,0.0,0.0,,1016.0,,1.0,24.8,2025-02-06
2025-02-06 08:00:00,-4.0,-6.0,86.0,0.0,,0.0,0.0,,1016.0,,2.0,24.8,2025-02-06
2025-02-06 09:00:00,3.0,-4.0,60.0,0.0,,0.0,0.0,,1015.0,,3.0,37.4,2025-02-06
2025-02-06 10:00:00,3.0,-4.0,60.0,0.0,,0.0,0.0,,1015.0,,3.0,37.4,2025-02-06
2025-02-06 11:00:00,7.0,-3.8,46.0,0.0,,40.0,6.0,,1014.0,,3.0,44.6,2025-02-06
2025-02-06 12:00:00,7.0,-3.0,49.0,0.0,,340.0,5.5,,1011.0,,3.0,44.6,2025-02-06
2025-02-06 13:00:00,11.0,-2.1,40.0,0.0,,310.0,6.0,,1010.0,,3.0,51.8,2025-02-06
2025-02-06 14:00:00,13.0,-1.0,38.0,0.0,,10.0,9.3,,1009.0,,3.0,55.4,2025-02-06
2025-02-06 15:00:00,13.0,-1.0,38.0,0.0,,320.0,7.0,,1009.0,,1.0,55.4,2025-02-06
2025-02-06 16:00:00,12.0,0.1,44.0,0.0,,350.0,11.1,,1009.0,,3.0,53.6,2025-02-06
2025-02-06 17:00:00,5.0,-1.9,61.0,0.0,,320.0,18.5,,1009.0,,3.0,41.0,2025-02-06
2025-02-06 18:00:00,5.0,-1.0,65.0,0.0,,0.0,0.0,,1009.0,,3.0,41.0,2025-02-06
2025-02-06 19:00:00,4.0,-2.0,65.0,0.0,,150.0,6.0,,1010.0,,3.0,39.2,2025-02-06
2025-02-06 20:00:00,5.0,-1.9,61.0,0.0,,130.0,7.0,,1010.0,,3.0,41.0,2025-02-06
2025-02-06 21:00:00,6.0,-1.9,57.0,0.0,,10.0,5.5,,1010.0,,3.0,42.8,2025-02-06
2025-02-06 22:00:00,10.0,-2.0,43.0,0.0,,240.0,9.3,,1010.0,,3.0,50.0,2025-02-06
2025-02-06 23:00:00,11.0,-2.1,40.0,0.0,,210.0,24.1,,1009.0,,3.0,51.8,2025-02-06
2025-02-07 00:00:00,10.0,-2.0,43.0,0.0,,210.0,22.2,,1010.0,,3.0,50.0,2025-02-07
2025-02-07 01:00:00,10.0,-1.1,46.0,0.0,,210.0,13.0,,1009.0,,3.0,50.0,2025-02-07
2025-02-07 02:00:00,11.0,-1.1,43.0,0.0,,200.0,20.4,,1009.0,,3.0,51.8,2025-02-07
2025-02-07 03:00:00,11.0,0.1,47.0,0.0,,210.0,27.8,,1009.0,,3.0,51.8,2025-02-07
2025-02-07 04:00:00,11.0,0.1,47.0,0.0,,210.0,37.0,,1008.0,,3.0,51.8,2025-02-07
2025-02-07 05:00:00,11.0,0.1,47.0,0.0,,210.0,37.0,,1009.0,,3.0,51.8,2025-02-07
2025-02-07 06:00:00,11.0,0.1,47.0,0.0,,210.0,40.8,,1009.0,,2.0,51.8,2025-02-07
2025-02-07 07:00:00,11.0,0.1,47.0,0.0,,210.0,41.0,,1009.0,,3.0,51.8,2025-02-07
2025-02-07 08:00:00,11.0,0.1,47.0,0.0,,210.0,37.0,,1009.0,,3.0,51.8,2025-02-07
2025-02-07 09:00:00,12.0,1.0,47.0,0.0,,220.0,41.0,,1009.0,,3.0,53.6,2025-02-07
2025-02-07 10:00:00,15.0,1.1,39.0,0.0,,210.0,46.0,,1010.0,,3.0,59.0,2025-02-07
2025-02-07 11:00:00,15.0,0.0,36.0,0.0,,210.0,46.0,,1010.0,,3.0,59.0,2025-02-07
2025-02-07 12:00:00,12.0,1.9,50.0,0.1,,220.0,43.0,,1009.0,,17.0,53.6,2025-02-07
2025-02-07 13:00:00,13.0,0.0,41.0,0.0,,220.0,44.0,,1008.0,,3.0,55.4,2025-02-07
2025-02-07 14:00:00,11.0,2.0,54.0,0.0,,320.0,41.0,,1009.0,,3.0,51.8,2025-02-07
2025-02-07 15:00:00,4.0,3.0,93.0,1.4,,320.0,31.5,,1012.0,,9.0,39.2,2025-02-07
2025-02-07 16:00:00,4.0,3.0,93.0,0.5,,300.0,29.6,,1013.0,,8.0,39.2,2025-02-07
2025-02-07 17:00:00,2.0,1.0,93.0,1.3,,330.0,32.0,,1014.0,,9.0,35.6,2025-02-07
2025-02-07 18:00:00,2.0,0.1,87.0,1.1,,320.0,27.8,,1015.0,,9.0,35.6,2025-02-07
2025-02-07 19:00:00,2.0,0.1,87.0,0.5,,310.0,35.2,,1016.0,,8.0,35.6,2025-02-07
2025-02-07 20:00:00,1.2,0.0,92.0,0.8,,256.0,10.8,,1019.6,,12.0,34.16,2025-02-07
2025-02-07 21:00:00,0.8,-0.4,92.0,0.7,,214.0,8.3,,1020.8,,12.0,33.44,2025-02-07
2025-02-07 22:00:00,0.1,-1.5,89.0,0.8,,186.0,7.2,,1023.2,,15.0,32.18,2025-02-07
2025-02-07 23:00:00,-0.4,-2.5,86.0,0.5,,171.0,9.4,,1023.8,,15.0,31.28,2025-02-07
2025-02-08 00:00:00,-0.5,-3.2,82.0,0.2,,163.0,7.9,,1023.8,,14.0,31.1,2025-02-08
2025-02-08 01:00:00,-0.6,-3.5,81.0,0.0,,135.0,7.6,,1023.8,,3.0,30.92,2025-02-08
2025-02-08 02:00:00,-1.7,-4.0,84.0,0.0,,120.0,7.6,,1022.9,,3.0,28.94,2025-02-08
2025-02-08 03:00:00,-3.8,-5.5,88.0,0.0,,125.0,7.2,,1023.2,,1.0,25.16,2025-02-08
2025-02-08 04:00:00,-5.2,-7.0,87.0,0.0,,125.0,7.6,,1023.8,,3.0,22.64,2025-02-08
2025-02-08 05:00:00,-6.1,-8.1,86.0,0.0,,120.0,7.6,,1024.1,,5.0,21.02,2025-02-08
2025-02-08 06:00:00,-7.1,-9.0,86.0,0.0,,123.0,7.9,,1024.5,,5.0,19.22,2025-02-08
2025-02-08 07:00:00,-5.0,-6.0,93.0,0.0,,118.0,7.2,,1022.0,,5.0,23.0,2025-02-08
2025-02-08 08:00:00,-2.0,-5.0,80.0,0.0,,130.0,11.0,,1022.0,,2.0,28.4,2025-02-08
2025-02-08 09:00:00,-2.0,-5.0,80.0,0.0,,140.0,22.2,,1022.0,,2.0,28.4,2025-02-08
2025-02-08 10:00:00,2.0,-3.9,65.0,0.0,,130.0,15.0,,1022.0,,1.0,35.6,2025-02-08
2025-02-08 11:00:00,2.0,-3.9,65.0,0.0,,140.0,16.7,,1022.0,,1.0,35.6,2025-02-08
2025-02-08 12:00:00,5.0,-4.0,52.0,0.0,,240.0,9.0,,1021.0,,1.0,41.0,2025-02-08
2025-02-08 13:00:00,4.0,-4.0,56.0,0.0,,230.0,6.0,,1021.0,,1.0,39.2,2025-02-08
2025-02-08 14:00:00,5.0,-4.0,52.0,0.0,,290.0,13.0,,1020.0,,2.0,41.0,2025-02-08
2025-02-08 15:00:00,6.0,-6.0,42.0,0.0,,210.0,11.0,,1020.0,,3.0,42.8,2025-02-08
2025-02-08 16:00:00,3.0,-4.0,60.0,0.0,,330.0,19.0,,1020.0,,1.0,37.4,2025-02-08
2025-02-08 17:00:00,2.0,-2.0,75.0,0.0,,320.0,31.5,,1022.0,,3.0,35.6,2025-02-08
2025-02-08 18:00:00,0.0,-2.1,86.0,0.0,,320.0,33.3,,1023.0,,2.0,32.0,2025-02-08
2025-02-08 19:00:00,0.0,-3.9,75.0,0.0,,330.0,26.0,,1024.0,,2.0,32.0,2025-02-08
2025-02-08 20:00:00,0.0,-3.0,80.0,0.0,,300.0,24.1,,1024.0,,2.0,32.0,2025-02-08
2025-02-08 21:00:00,-2.0,-5.0,80.0,0.0,,330.0,9.0,,1025.0,,2.0,28.4,2025-02-08
2025-02-08 22:00:00,-2.0,-5.0,80.0,0.0,,360.0,7.4,,1025.0,,2.0,28.4,2025-02-08
2025-02-08 23:00:00,-3.0,-5.0,86.0,0.0,,40.0,7.4,,1025.0,,2.0,26.6,2025-02-08
2025-02-09 00:00:00,-3.0,-5.0,86.0,0.0,,10.0,11.1,,1026.0,,2.0,26.6,2025-02-09
2025-02-09 01:00:00,-4.0,-5.0,93.0,0.0,,280.0,11.1,,1025.0,,5.0,24.8,2025-02-09
2025-02-09 02:00:00,-6.0,-6.9,93.0,0.0,,190.0,9.0,,1026.0,,3.0,21.2,2025-02-09
2025-02-09 03:00:00,-7.0,-7.9,93.0,0.0,,0.0,0.0,,1026.0,,2.0,19.4,2025-02-09
2025-02-09 04:00:00,-6.0,-8.0,86.0,0.0,,120.0,9.3,,1026.0,,3.0,21.2,2025-02-09
2025-02-09 05:00:00,-6.0,-8.0,86.0,0.0,,120.0,9.0,,1026.0,,3.0,21.2,2025-02-09
2025-02-09 06:00:00,-6.0,-9.1,79.0,0.0,,130.0,16.7,,1027.0,,3.0,21.2,2025-02-09
2025-02-09 07:00:00,-6.0,-9.1,79.0,0.0,,120.0,15.0,,1027.0,,3.0,21.2,2025-02-09
2025-02-09 08:00:00,-4.0,-9.0,68.0,0.0,,120.0,19.0,,1027.0,,3.0,24.8,2025-02-09
2025-02-09 09:00:00,-3.0,-9.1,63.0,0.0,,110.0,20.0,,1027.0,,3.0,26.6,2025-02-09
2025-02-09 10:00:00,-1.0,-7.0,64.0,0.0,,0.0,0.0,,1027.0,,3.0,30.2,2025-02-09
2025-02-09 11:00:00,1.0,-8.0,51.0,0.0,,40.0,9.0,,1027.0,,1.0,33.8,2025-02-09
2025-02-09 12:00:00,1.0,-9.1,47.0,0.0,,20.0,9.3,,1026.0,,1.0,33.8,2025-02-09
2025-02-09 13:00:00,2.0,-9.9,41.0,0.0,,300.0,13.0,,1024.0,,1.0,35.6,2025-02-09
2025-02-09 14:00:00,3.0,-12.9,30.0,0.0,,310.0,13.0,,1024.0,,1.0,37.4,2025-02-09
2025-02-09 15:00:00,3.0,-16.2,23.0,0.0,,330.0,11.0,,1023.0,,1.0,37.4,2025-02-09
2025-02-09 16:00:00,3.0,-13.8,28.0,0.0,,300.0,7.4,,1023.0,,1.0,37.4,2025-02-09
2025-02-09 17:00:00,-1.0,-9.9,51.0,0.0,,290.0,9.0,,1022.0,,1.0,30.2,2025-02-09
2025-02-09 18:00:00,-1.0,-8.9,55.0,0.0,,0.0,0.0,,1022.0,,1.0,30.2,2025-02-09
2025-02-09 19:00:00,-2.0,-11.0,50.0,0.0,,140.0,6.0,,1022.0,,1.0,28.4,2025-02-09
2025-02-09 20:00:00,-3.0,-8.1,68.0,0.0,,0.0,0.0,,1022.0,,1.0,26.6,2025-02-09
2025-02-09 21:00:00,-3.0,-11.0,54.0,0.0,,100.0,11.1,,1022.0,,1.0,26.6,2025-02-09
2025-02-09 22:00:00,-5.0,-10.0,68.0,0.0,,130.0,13.0,,1022.0,,1.0,23.0,2025-02-09
2025-02-09 23:00:00,-5.0,-11.0,63.0,0.0,,120.0,13.0,,1022.0,,1.0,23.0,2025-02-09
2025-02-10 00:00:00,-5.0,-11.0,63.0,0.0,,120.0,17.0,,1022.0,,1.0,23.0,2025-02-10
2025-02-10 01:00:00,-5.0,-11.0,63.0,0.0,,120.0,18.5,,1022.0,,1.0,23.0,2025-02-10
2025-02-10 02:00:00,-6.0,-11.0,68.0,0.0,,120.0,16.7,,1022.0,,1.0,21.2,2025-02-10
2025-02-10 03:00:00,-6.0,-11.9,63.0,0.0,,120.0,17.0,,1022.0,,1.0,21.2,2025-02-10
2025-02-10 04:00:00,-7.0,-11.9,68.0,0.0,,110.0,16.7,,1021.0,,1.0,19.4,2025-02-10
2025-02-10 05:00:00,-8.0,-12.0,73.0,0.0,,110.0,13.0,,1021.0,,1.0,17.6,2025-02-10
2025-02-10 06:00:00,-8.0,-12.0,73.0,0.0,,120.0,11.1,,1021.0,,1.0,17.6,2025-02-10
2025-02-10 07:00:00,-8.0,-12.0,73.0,0.0,,120.0,14.8,,1021.0,,1.0,17.6,2025-02-10
2025-02-10 08:00:00,-7.0,-11.0,73.0,0.0,,140.0,13.0,,1021.0,,1.0,19.4,2025-02-10
2025-02-10 09:00:00,-3.0,-11.0,54.0,0.0,,120.0,7.0,,1021.0,,1.0,26.6,2025-02-10
2025-02-10 10:00:00,-2.0,-11.0,50.0,0.0,,0.0,0.0,,1021.0,,1.0,28.4,2025-02-10
2025-02-10 11:00:00,0.0,-10.0,47.0,0.0,,0.0,0.0,,1020.0,,1.0,32.0,2025-02-10
2025-02-10 12:00:00,1.0,-11.1,40.0,0.0,,330.0,9.3,,1019.0,,1.0,33.8,2025-02-10
2025-02-10 13:00:00,3.0,-10.0,38.0,0.0,,330.0,9.0,,1018.0,,1.0,37.4,2025-02-10
2025-02-10 14:00:00,3.0,-12.1,32.0,0.0,,0.0,0.0,,1017.0,,1.0,37.4,2025-02-10
2025-02-10 15:00:00,3.0,-12.9,30.0,0.0,,320.0,9.0,,1017.0,,1.0,37.4,2025-02-10
2025-02-10 16:00:00,3.0,-12.9,30.0,0.0,,310.0,9.3,,1016.0,,1.0,37.4,2025-02-10
2025-02-10 17:00:00,2.0,-10.9,38.0,0.0,,300.0,6.0,,1016.0,,2.0,35.6,2025-02-10
2025-02-10 18:00:00,0.0,-10.0,47.0,0.0,,290.0,7.4,,1016.0,,1.0,32.0,2025-02-10
2025-02-10 19:00:00,-1.0,-7.0,64.0,0.0,,330.0,18.5,,1016.0,,1.0,30.2,2025-02-10
2025-02-10 20:00:00,-2.0,-6.9,69.0,0.0,,340.0,11.0,,1015.0,,1.0,28.4,2025-02-10
2025-02-10 21:00:00,-3.0,-7.0,74.0,0.0,,0.0,0.0,,1015.0,,1.0,26.6,2025-02-10
2025-02-10 22:00:00,-6.0,-8.0,86.0,0.0,,0.0,0.0,,1015.0,,3.0,21.2,2025-02-10
2025-02-10 23:00:00,-6.0,-8.0,86.0,0.0,,140.0,7.4,,1014.0,,3.0,21.2,2025-02-10
2025-02-11 00:00:00,-6.0,-9.1,79.0,0.0,,120.0,7.0,,1014.0,,3.0,21.2,2025-02-11
2025-02-11 01:00:00,-6.0,-6.9,93.0,0.0,,0.0,0.0,,1014.0,,3.0,21.2,2025-02-11
2025-02-11 02:00:00,-6.0,-8.0,86.0,0.0,,110.0,9.0,,1013.0,,3.0,21.2,2025-02-11
2025-02-11 03:00:00,-6.0,-9.1,79.0,0.0,,130.0,11.1,,1012.0,,3.0,21.2,2025-02-11
2025-02-11 04:00:00,-7.0,-10.0,79.0,0.0,,120.0,9.0,,1012.0,,3.0,19.4,2025-02-11
2025-02-11 05:00:00,-6.0,-6.9,93.0,0.0,,190.0,14.8,,1011.0,,3.0,21.2,2025-02-11
2025-02-11 06:00:00,-5.0,-7.0,86.0,0.0,,100.0,11.1,,1010.0,,3.0,23.0,2025-02-11
2025-02-11 07:00:00,-5.0,-7.9,80.0,0.0,,120.0,11.1,,1010.0,,3.0,23.0,2025-02-11
2025-02-11 08:00:00,-4.0,-8.0,74.0,0.0,,100.0,11.1,,1010.0,,3.0,24.8,2025-02-11
2025-02-11 09:00:00,-3.0,-7.0,74.0,0.0,,110.0,9.0,,1010.0,,3.0,26.6,2025-02-11
2025-02-11 10:00:00,-3.0,-7.0,74.0,0.0,,0.0,0.0,,1009.0,,3.0,26.6,2025-02-11
2025-02-11 11:00:00,-2.0,-6.9,69.0,0.0,,310.0,9.3,,1009.0,,3.0,28.4,2025-02-11
2025-02-11 12:00:00,-2.0,-7.9,64.0,0.0,,320.0,22.0,,1008.0,,3.0,28.4,2025-02-11
2025-02-11 13:00:00,-3.0,-8.1,68.0,0.0,,320.0,25.9,,1008.0,,3.0,26.6,2025-02-11
2025-02-11 14:00:00,-3.0,-6.0,80.0,0.0,,330.0,26.0,,1008.0,,3.0,26.6,2025-02-11
2025-02-11 15:00:00,-3.0,-7.0,74.0,0.0,,320.0,27.8,,1008.0,,3.0,26.6,2025-02-11
2025-02-11 16:00:00,-4.0,-8.0,74.0,0.0,,320.0,25.9,,1008.0,,3.0,24.8,2025-02-11
2025-02-11 17:00:00,-5.0,-8.9,74.0,0.0,,320.0,26.0,,1009.0,,3.0,23.0,2025-02-11
2025-02-11 18:00:00,-5.0,-8.9,74.0,0.0,,320.0,27.8,,1009.0,,3.0,23.0,2025-02-11
2025-02-11 19:00:00,-5.0,-12.0,58.0,0.0,,330.0,24.0,,1010.0,,3.0,23.0,2025-02-11
2025-02-11 20:00:00,-6.0,-11.9,63.0,0.0,,330.0,22.2,,1010.0,,3.0,21.2,2025-02-11
2025-02-11 21:00:00,-6.0,-12.9,58.0,0.0,,330.0,22.2,,1010.0,,3.0,21.2,2025-02-11
2025-02-11 22:00:00,-6.0,-11.9,63.0,0.0,,330.0,25.9,,1010.0,,3.0,21.2,2025-02-11
2025-02-11 23:00:00,-7.0,-11.0,73.0,0.0,,330.0,14.8,,1011.0,,2.0,19.4,2025-02-11
2025-02-12 00:00:00,-7.0,-11.0,73.0,0.0,,320.0,13.0,,1011.0,,3.0,19.4,2025-02-12
2025-02-12 01:00:00,-7.0,-11.0,73.0,0.0,,330.0,14.8,,1012.0,,3.0,19.4,2025-02-12
2025-02-12 02:00:00,-8.0,-12.0,73.0,0.0,,330.0,7.4,,1012.0,,3.0,17.6,2025-02-12
2025-02-12 03:00:00,-8.0,-8.9,93.0,0.0,,0.0,0.0,,1012.0,,3.0,17.6,2025-02-12
2025-02-12 04:00:00,-9.0,-9.0,100.0,0.0,,350.0,7.0,,1011.0,,3.0,15.8,2025-02-12
2025-02-12 05:00:00,-9.0,-10.1,92.0,0.0,,0.0,0.0,,1011.0,,3.0,15.8,2025-02-12
2025-02-12 06:00:00,-15.0,-16.0,92.0,0.0,,190.0,5.5,,1012.0,,3.0,5.0,2025-02-12
2025-02-12 07:00:00,-15.0,-17.0,85.0,0.0,,160.0,7.0,,1012.0,,2.0,5.0,2025-02-12
2025-02-12 08:00:00,-13.0,-14.0,92.0,0.0,,108.0,10.4,,1013.0,,3.0,8.600000000000001,2025-02-12
2025-02-12 09:00:00,-9.0,-10.1,92.0,0.0,,0.0,0.0,,1013.0,,3.0,15.8,2025-02-12
2025-02-12 10:00:00,-7.0,-10.0,79.0,0.0,,93.0,7.6,,1013.0,,2.0,19.4,2025-02-12
2025-02-12 11:00:00,-6.0,-11.9,63.0,0.0,,50.0,5.5,,1013.0,,1.0,21.2,2025-02-12
2025-02-12 12:00:00,-5.0,-12.0,58.0,0.0,,30.0,6.0,,1013.0,,1.0,23.0,2025-02-12
2025-02-12 13:00:00,-4.0,-13.9,46.0,0.0,,30.0,9.0,,1011.0,,1.0,24.8,2025-02-12
2025-02-12 14:00:00,-4.0,-13.9,46.0,0.0,,10.0,5.5,,1011.0,,1.0,24.8,2025-02-12
2025-02-12 15:00:00,-2.0,-14.1,39.0,0.0,,330.0,7.0,,1012.0,,2.0,28.4,2025-02-12
2025-02-12 16:00:00,-2.0,-12.9,43.0,0.0,,360.0,11.0,,1013.0,,2.0,28.4,2025-02-12
2025-02-12 17:00:00,-2.0,-12.9,43.0,0.0,,330.0,9.3,,1013.0,,2.0,28.4,2025-02-12
2025-02-12 18:00:00,-5.0,-12.0,58.0,0.0,,340.0,7.4,,1014.0,,1.0,23.0,2025-02-12
2025-02-12 19:00:00,-6.0,-14.0,53.0,0.0,,320.0,9.0,,1014.0,,1.0,21.2,2025-02-12
2025-02-12 20:00:00,-6.0,-14.0,53.0,0.0,,0.0,0.0,,1015.0,,1.0,21.2,2025-02-12
2025-02-12 21:00:00,-8.0,-14.0,62.0,0.0,,210.0,9.3,,1016.0,,1.0,17.6,2025-02-12
2025-02-12 22:00:00,-8.0,-13.1,67.0,0.0,,120.0,7.4,,1016.0,,1.0,17.6,2025-02-12
2025-02-12 23:00:00,-8.0,-14.0,62.0,0.0,,120.0,17.0,,1016.0,,1.0,17.6,2025-02-12
2025-02-13 00:00:00,-8.0,-14.0,62.0,0.0,,130.0,16.7,,1016.0,,1.0,17.6,2025-02-13
2025-02-13 01:00:00,-8.0,-15.0,57.0,0.0,,110.0,18.5,,1016.0,,1.0,17.6,2025-02-13
2025-02-13 02:00:00,-7.0,-15.0,53.0,0.0,,120.0,18.5,,1017.0,,1.0,19.4,2025-02-13
2025-02-13 03:00:00,-7.0,-15.9,49.0,0.0,,130.0,13.0,,1016.0,,1.0,19.4,2025-02-13
2025-02-13 04:00:00,-7.0,-15.9,49.0,0.0,,120.0,22.0,,1015.0,,3.0,19.4,2025-02-13
2025-02-13 05:00:00,-6.0,-15.0,49.0,0.0,,140.0,11.0,,1015.0,,3.0,21.2,2025-02-13
2025-02-13 06:00:00,-6.0,-16.9,42.0,0.0,,130.0,35.0,,1014.0,,3.0,21.2,2025-02-13
2025-02-13 07:00:00,-5.0,-16.8,39.0,0.0,,140.0,37.0,,1014.0,,3.0,23.0,2025-02-13
2025-02-13 08:00:00,-2.0,-16.9,31.0,0.0,,130.0,35.0,,1014.0,,3.0,28.4,2025-02-13
2025-02-13 09:00:00,-2.0,-16.9,31.0,0.0,,150.0,39.0,,1013.0,,3.0,28.4,2025-02-13
2025-02-13 10:00:00,0.0,-16.8,27.0,0.0,,110.0,37.0,,1014.0,,3.0,32.0,2025-02-13
2025-02-13 11:00:00,1.0,-13.9,32.0,0.0,,140.0,24.1,,1014.0,,3.0,33.8,2025-02-13
2025-02-13 12:00:00,-2.0,-5.0,80.0,0.2,,130.0,39.0,,1012.0,,14.0,28.4,2025-02-13
2025-02-13 13:00:00,-2.0,-5.0,80.0,0.4,,130.0,37.0,,1012.0,,15.0,28.4,2025-02-13
2025-02-13 14:00:00,-1.0,-4.0,80.0,0.5,,130.0,44.0,,1010.0,,15.0,30.2,2025-02-13
2025-02-13 15:00:00,-1.0,-4.0,80.0,0.6,,130.0,30.0,,1010.0,,15.0,30.2,2025-02-13
2025-02-13 16:00:00,0.0,-3.9,75.0,0.4,,120.0,39.0,,1009.0,,15.0,32.0,2025-02-13
2025-02-13 17:00:00,0.0,-3.0,80.0,0.2,,130.0,41.0,,1009.0,,14.0,32.0,2025-02-13
2025-02-13 18:00:00,0.0,-3.0,80.0,0.2,,130.0,38.9,,1009.0,,14.0,32.0,2025-02-13
2025-02-13 19:00:00,-1.0,-2.0,93.0,0.4,,120.0,39.0,,1009.0,,15.0,30.2,2025-02-13
2025-02-13 20:00:00,0.0,-2.1,86.0,0.3,,140.0,39.0,,1009.0,,15.0,32.0,2025-02-13
2025-02-13 21:00:00,1.0,-4.1,69.0,0.8,,130.0,30.0,,1009.0,,15.0,33.8,2025-02-13
2025-02-13 22:00:00,1.0,-2.1,80.0,0.5,,130.0,28.0,,1009.0,,15.0,33.8,2025-02-13
2025-02-13 23:00:00,1.0,-0.9,87.0,0.0,,120.0,20.4,,1009.0,,3.0,33.8,2025-02-13
2025-02-14 00:00:00,2.0,-2.0,75.0,0.1,,120.0,20.0,,1008.0,,14.0,35.6,2025-02-14
2025-02-14 01:00:00,2.0,-2.9,70.0,0.6,,120.0,25.9,,1008.0,,15.0,35.6,2025-02-14
2025-02-14 02:00:00,3.0,-1.9,70.0,0.6,,140.0,22.2,,1008.0,,15.0,37.4,2025-02-14
2025-02-14 03:00:00,3.0,-1.9,70.0,0.0,,140.0,20.0,,1008.0,,3.0,37.4,2025-02-14
2025-02-14 04:00:00,4.0,-1.0,70.0,0.8,,110.0,22.0,,1007.0,,15.0,39.2,2025-02-14
2025-02-14 05:00:00,3.0,-1.9,70.0,0.1,,120.0,13.0,,1008.0,,14.0,37.4,2025-02-14
2025-02-14 06:00:00,3.0,0.1,81.0,0.0,,120.0,7.4,,1008.0,,3.0,37.4,2025-02-14
2025-02-14 07:00:00,2.0,0.1,87.0,0.8,,0.0,0.0,,1009.0,,15.0,35.6,2025-02-14
2025-02-14 08:00:00,3.0,0.1,81.0,0.0,,270.0,9.3,,1009.0,,3.0,37.4,2025-02-14
2025-02-14 09:00:00,5.0,0.9,75.0,1.8,,92.0,7.9,,1009.0,,16.0,41.0,2025-02-14
2025-02-14 10:00:00,6.0,-0.1,65.0,0.0,,250.0,9.3,,1010.0,,3.0,42.8,2025-02-14
2025-02-14 11:00:00,7.0,1.1,66.0,0.0,,340.0,9.0,,1010.0,,3.0,44.6,2025-02-14
2025-02-14 12:00:00,7.0,1.1,66.0,0.0,,340.0,7.0,,1010.0,,3.0,44.6,2025-02-14
2025-02-14 13:00:00,9.0,2.1,62.0,1.1,,301.0,9.0,,1009.0,,9.0,48.2,2025-02-14
2025-02-14 14:00:00,9.0,0.9,57.0,1.6,,230.0,11.1,,1009.0,,9.0,48.2,2025-02-14
2025-02-14 15:00:00,9.0,0.9,57.0,0.0,,230.0,14.8,,1009.0,,3.0,48.2,2025-02-14
2025-02-14 16:00:00,8.0,0.0,57.0,0.0,,250.0,11.1,,1010.0,,3.0,46.4,2025-02-14
2025-02-14 17:00:00,3.0,2.0,93.0,0.0,,280.0,16.7,,1011.0,,3.0,37.4,2025-02-14
2025-02-14 18:00:00,3.0,2.0,93.0,0.6,,150.0,13.0,,1012.0,,19.0,37.4,2025-02-14
2025-02-14 19:00:00,3.0,2.0,93.0,0.3,,310.0,9.0,,1013.0,,8.0,37.4,2025-02-14
2025-02-14 20:00:00,2.0,2.0,100.0,0.4,,290.0,7.4,,1014.0,,12.0,35.6,2025-02-14
2025-02-14 21:00:00,2.0,2.0,100.0,4.0,,200.0,16.7,,1014.0,,13.0,35.6,2025-02-14
2025-02-14 22:00:00,0.0,0.0,100.0,1.1,,30.0,9.3,,1015.0,,13.0,32.0,2025-02-14
2025-02-14 23:00:00,0.0,0.0,100.0,0.6,,340.0,6.0,,1015.0,,12.0,32.0,2025-02-14
2025-02-15 00:00:00,0.0,0.0,100.0,0.7,,200.0,7.4,,1016.0,,15.0,32.0,2025-02-15
2025-02-15 01:00:00,0.0,0.0,100.0,1.9,,200.0,13.0,,1016.0,,16.0,32.0,2025-02-15
2025-02-15 02:00:00,1.0,1.0,100.0,0.4,,210.0,11.1,,1017.0,,15.0,33.8,2025-02-15
2025-02-15 03:00:00,0.0,0.0,100.0,0.7,,220.0,7.0,,1018.0,,15.0,32.0,2025-02-15
2025-02-15 04:00:00,0.0,0.0,100.0,0.4,,228.0,6.8,,1018.0,,15.0,32.0,2025-02-15
2025-02-15 05:00:00,0.0,0.0,100.0,0.2,,0.0,0.0,,1019.0,,14.0,32.0,2025-02-15
2025-02-15 06:00:00,0.0,0.0,100.0,0.3,,310.0,11.1,,1020.0,,15.0,32.0,2025-02-15
2025-02-15 07:00:00,0.0,0.0,100.0,0.2,,330.0,18.5,,1020.0,,14.0,32.0,2025-02-15
2025-02-15 08:00:00,0.0,-1.0,93.0,0.4,,300.0,22.0,,1021.0,,15.0,32.0,2025-02-15
2025-02-15 09:00:00,1.0,-2.1,80.0,0.2,,310.0,24.1,,1023.0,,14.0,33.8,2025-02-15
2025-02-15 10:00:00,1.0,-2.9,75.0,0.2,,300.0,19.0,,1023.0,,14.0,33.8,2025-02-15
2025-02-15 11:00:00,2.0,-3.9,65.0,0.2,,320.0,18.5,,1024.0,,14.0,35.6,2025-02-15
2025-02-15 12:00:00,2.0,-6.1,55.0,0.0,,340.0,20.4,,1024.0,,3.0,35.6,2025-02-15
2025-02-15 13:00:00,4.0,-6.9,45.0,0.0,,320.0,24.0,,1024.0,,3.0,39.2,2025-02-15
2025-02-15 14:00:00,4.0,-6.9,45.0,0.0,,320.0,24.1,,1024.0,,3.0,39.2,2025-02-15
2025-02-15 15:00:00,4.0,-6.9,45.0,0.0,,330.0,20.0,,1024.0,,3.0,39.2,2025-02-15
2025-02-15 16:00:00,4.0,-6.9,45.0,0.0,,330.0,16.7,,1025.0,,3.0,39.2,2025-02-15
2025-02-15 17:00:00,1.0,-7.0,55.0,0.0,,310.0,9.3,,1025.0,,2.0,33.8,2025-02-15
2025-02-15 18:00:00,0.0,-6.0,64.0,0.0,,320.0,11.1,,1026.0,,2.0,32.0,2025-02-15
2025-02-15 19:00:00,-3.0,-6.0,80.0,0.0,,230.0,13.0,,1026.0,,2.0,26.6,2025-02-15
2025-02-15 20:00:00,-4.0,-6.9,80.0,0.0,,200.0,11.0,,1026.0,,2.0,24.8,2025-02-15
2025-02-15 21:00:00,-3.0,-6.0,80.0,0.0,,118.0,5.8,,1026.0,,3.0,26.6,2025-02-15
2025-02-15 22:00:00,-3.0,-6.0,80.0,0.0,,220.0,7.0,,1026.0,,2.0,26.6,2025-02-15
2025-02-15 23:00:00,-4.0,-6.0,86.0,0.0,,100.0,11.0,,1026.0,,2.0,24.8,2025-02-15
2025-02-16 00:00:00,-4.0,-6.9,80.0,0.0,,110.0,9.3,,1026.0,,3.0,24.8,2025-02-16
2025-02-16 01:00:00,-4.0,-8.0,74.0,0.0,,110.0,13.0,,1025.0,,3.0,24.8,2025-02-16
2025-02-16 02:00:00,-5.0,-7.9,80.0,0.0,,110.0,13.0,,1025.0,,3.0,23.0,2025-02-16
2025-02-16 03:00:00,-5.0,-7.9,80.0,0.0,,100.0,14.8,,1025.0,,3.0,23.0,2025-02-16
2025-02-16 04:00:00,-3.0,-9.9,59.0,0.0,,130.0,7.0,,1025.0,,3.0,26.6,2025-02-16
2025-02-16 05:00:00,-3.0,-9.1,63.0,0.0,,120.0,14.8,,1024.0,,3.0,26.6,2025-02-16
2025-02-16 06:00:00,-2.0,-9.0,59.0,0.0,,130.0,14.8,,1022.0,,3.0,28.4,2025-02-16
2025-02-16 07:00:00,-1.0,-9.9,51.0,0.0,,150.0,22.0,,1022.0,,3.0,30.2,2025-02-16
2025-02-16 08:00:00,0.0,-10.0,47.0,0.0,,140.0,20.0,,1022.0,,3.0,32.0,2025-02-16
2025-02-16 09:00:00,1.0,-9.1,47.0,0.0,,140.0,14.8,,1022.0,,3.0,33.8,2025-02-16
2025-02-16 10:00:00,3.0,-9.0,41.0,0.0,,140.0,9.0,,1022.0,,3.0,37.4,2025-02-16
2025-02-16 11:00:00,3.0,-9.0,41.0,0.0,,50.0,9.3,,1021.0,,3.0,37.4,2025-02-16
2025-02-16 12:00:00,5.0,-5.1,48.0,0.1,,150.0,7.4,,1020.0,,12.0,41.0,2025-02-16
2025-02-16 13:00:00,4.0,-4.0,56.0,0.1,,0.0,0.0,,1019.0,,12.0,39.2,2025-02-16
2025-02-16 14:00:00,4.0,-2.0,65.0,0.2,,240.0,6.0,,1018.0,,12.0,39.2,2025-02-16
2025-02-16 15:00:00,4.0,-3.1,60.0,0.2,,0.0,0.0,,1017.0,,12.0,39.2,2025-02-16
2025-02-16 16:00:00,4.0,-1.0,70.0,0.0,,130.0,16.7,,1017.0,,3.0,39.2,2025-02-16
2025-02-16 17:00:00,4.0,-1.0,70.0,0.0,,140.0,13.0,,1016.0,,3.0,39.2,2025-02-16
2025-02-16 18:00:00,4.0,-1.0,70.0,0.0,,130.0,20.4,,1015.0,,3.0,39.2,2025-02-16
2025-02-16 19:00:00,4.0,0.0,75.0,0.0,,130.0,20.0,,1014.0,,3.0,39.2,2025-02-16
2025-02-16 20:00:00,2.0,-0.9,81.0,0.0,,70.0,9.0,,1014.0,,3.0,35.6,2025-02-16
2025-02-16 21:00:00,3.0,-1.0,75.0,0.0,,160.0,13.0,,1014.0,,3.0,37.4,2025-02-16
2025-02-16 22:00:00,1.0,-0.9,87.0,0.0,,60.0,7.0,,1013.0,,3.0,33.8,2025-02-16
2025-02-16 23:00:00,1.0,-0.9,87.0,0.0,,0.0,0.0,,1013.0,,3.0,33.8,2025-02-16
2025-02-17 00:00:00,1.0,-0.9,87.0,0.0,,100.0,9.3,,1013.0,,3.0,33.8,2025-02-17
2025-02-17 01:00:00,1.0,0.0,93.0,0.3,,340.0,11.0,,1013.0,,15.0,33.8,2025-02-17
2025-02-17 02:00:00,1.0,0.0,93.0,0.0,,230.0,7.4,,1014.0,,3.0,33.8,2025-02-17
2025-02-17 03:00:00,0.0,0.0,100.0,0.0,,170.0,9.0,,1014.0,,3.0,32.0,2025-02-17
2025-02-17 04:00:00,0.0,-1.0,93.0,0.5,,170.0,11.1,,1013.0,,15.0,32.0,2025-02-17
2025-02-17 05:00:00,-1.0,-1.0,100.0,0.0,,200.0,7.0,,1013.0,,3.0,30.2,2025-02-17
2025-02-17 06:00:00,-1.0,-1.0,100.0,0.5,,0.0,0.0,,1014.0,,21.0,30.2,2025-02-17
2025-02-17 07:00:00,-1.0,-1.0,100.0,0.0,,50.0,6.0,,1014.0,,5.0,30.2,2025-02-17
2025-02-17 08:00:00,0.0,0.0,100.0,0.0,,30.0,7.0,,1014.0,,2.0,32.0,2025-02-17
2025-02-17 09:00:00,2.0,2.0,100.0,0.0,,0.0,0.0,,1014.0,,5.0,35.6,2025-02-17
2025-02-17 10:00:00,5.0,0.0,70.0,0.0,,300.0,9.0,,1014.0,,5.0,41.0,2025-02-17
2025-02-17 11:00:00,7.0,1.1,66.0,0.0,,40.0,6.0,,1014.0,,2.0,44.6,2025-02-17
2025-02-17 12:00:00,9.0,-2.0,46.0,0.0,,50.0,7.4,,1013.0,,1.0,48.2,2025-02-17
2025-02-17 13:00:00,6.0,3.0,81.0,0.0,,320.0,13.0,,1013.0,,1.0,42.8,2025-02-17
2025-02-17 14:00:00,6.0,-0.1,65.0,0.0,,340.0,19.0,,1013.0,,2.0,42.8,2025-02-17
2025-02-17 15:00:00,6.0,0.9,70.0,0.0,,310.0,13.0,,1013.0,,2.0,42.8,2025-02-17
2025-02-17 16:00:00,5.0,0.9,75.0,0.0,,300.0,20.4,,1013.0,,3.0,41.0,2025-02-17
2025-02-17 17:00:00,4.0,0.0,75.0,0.0,,290.0,7.0,,1013.0,,3.0,39.2,2025-02-17
2025-02-17 18:00:00,3.0,0.1,81.0,0.0,,280.0,7.4,,1013.0,,3.0,37.4,2025-02-17
2025-02-17 19:00:00,3.0,0.1,81.0,0.0,,124.0,5.8,,1013.0,,2.0,37.4,2025-02-17
2025-02-17 20:00:00,3.0,0.1,81.0,0.0,,0.0,0.0,,1014.0,,2.0,37.4,2025-02-17
2025-02-17 21:00:00,3.0,0.1,81.0,0.0,,0.0,0.0,,1014.0,,2.0,37.4,2025-02-17
2025-02-17 22:00:00,1.0,-0.9,87.0,0.3,,260.0,5.5,,1015.0,,21.0,33.8,2025-02-17
2025-02-17 23:00:00,1.0,1.0,100.0,0.0,,310.0,7.0,,1015.0,,3.0,33.8,2025-02-17
2025-02-18 00:00:00,1.0,1.0,100.0,0.0,,220.0,11.1,,1015.0,,3.0,33.8,2025-02-18
2025-02-18 01:00:00,0.0,0.0,100.0,0.0,,260.0,14.8,,1016.0,,3.0,32.0,2025-02-18
2025-02-18 02:00:00,1.0,1.0,100.0,0.0,,0.0,0.0,,1016.0,,3.0,33.8,2025-02-18
2025-02-18 03:00:00,1.0,1.0,100.0,0.0,,230.0,6.0,,1016.0,,3.0,33.8,2025-02-18
2025-02-18 04:00:00,-1.0,-1.0,100.0,0.0,,220.0,5.5,,1017.0,,5.0,30.2,2025-02-18
2025-02-18 05:00:00,-2.0,-2.0,100.0,0.0,,230.0,7.0,,1018.0,,5.0,28.4,2025-02-18
2025-02-18 06:00:00,-2.0,-2.0,100.0,0.0,,230.0,7.4,,1018.0,,3.0,28.4,2025-02-18
2025-02-18 07:00:00,-1.0,-1.0,100.0,0.0,,270.0,9.0,,1020.0,,3.0,30.2,2025-02-18
2025-02-18 08:00:00,0.0,0.0,100.0,0.0,,280.0,6.0,,1020.0,,3.0,32.0,2025-02-18
2025-02-18 09:00:00,1.0,1.0,100.0,0.0,,200.0,6.0,,1021.0,,3.0,33.8,2025-02-18
2025-02-18 10:00:00,3.0,1.0,87.0,0.0,,200.0,7.4,,1021.0,,3.0,37.4,2025-02-18
2025-02-18 11:00:00,5.0,-1.9,61.0,0.0,,330.0,7.0,,1021.0,,3.0,41.0,2025-02-18
2025-02-18 12:00:00,5.0,-3.1,56.0,0.0,,330.0,13.0,,1021.0,,3.0,41.0,2025-02-18
2025-02-18 13:00:00,5.0,-4.0,52.0,0.0,,320.0,13.0,,1021.0,,3.0,41.0,2025-02-18
2025-02-18 14:00:00,6.0,-3.9,49.0,0.0,,320.0,9.3,,1021.0,,3.0,42.8,2025-02-18
2025-02-18 15:00:00,6.0,-5.0,45.0,0.0,,330.0,13.0,,1021.0,,3.0,42.8,2025-02-18
2025-02-18 16:00:00,5.0,-4.0,52.0,0.0,,310.0,14.8,,1022.0,,3.0,41.0,2025-02-18
2025-02-18 17:00:00,4.0,-4.0,56.0,0.0,,310.0,11.0,,1022.0,,3.0,39.2,2025-02-18
2025-02-18 18:00:00,3.0,-2.9,65.0,0.0,,280.0,5.5,,1023.0,,3.0,37.4,2025-02-18
2025-02-18 19:00:00,1.0,-4.1,69.0,0.0,,230.0,7.0,,1023.0,,3.0,33.8,2025-02-18
2025-02-18 20:00:00,0.0,-3.0,80.0,0.0,,220.0,11.1,,1023.0,,3.0,32.0,2025-02-18
2025-02-18 21:00:00,-2.0,-5.0,80.0,0.0,,200.0,7.0,,1024.0,,2.0,28.4,2025-02-18
2025-02-18 22:00:00,-1.0,-4.0,80.0,0.0,,190.0,7.0,,1024.0,,2.0,30.2,2025-02-18
2025-02-18 23:00:00,-3.0,-4.0,93.0,0.0,,100.0,5.5,,1024.0,,2.0,26.6,2025-02-18
2025-02-19 00:00:00,-3.0,-4.0,93.0,0.0,,100.0,9.3,,1023.0,,5.0,26.6,2025-02-19
2025-02-19 01:00:00,-2.0,-6.0,74.0,0.0,,140.0,7.4,,1024.0,,1.0,28.4,2025-02-19
2025-02-19 02:00:00,-3.0,-6.0,80.0,0.0,,120.0,14.8,,1024.0,,1.0,26.6,2025-02-19
2025-02-19 03:00:00,-3.0,-7.0,74.0,0.0,,120.0,19.0,,1024.0,,3.0,26.6,2025-02-19
2025-02-19 04:00:00,-3.0,-7.0,74.0,0.0,,130.0,16.7,,1024.0,,3.0,26.6,2025-02-19
2025-02-19 05:00:00,-3.0,-7.0,74.0,0.0,,120.0,14.8,,1024.0,,3.0,26.6,2025-02-19
2025-02-19 06:00:00,-4.0,-8.0,74.0,0.0,,130.0,18.5,,1024.0,,3.0,24.8,2025-02-19
2025-02-19 07:00:00,-4.0,-8.0,74.0,0.0,,140.0,20.4,,1024.0,,3.0,24.8,2025-02-19
2025-02-19 08:00:00,-1.0,-7.0,64.0,0.0,,150.0,13.0,,1024.0,,3.0,30.2,2025-02-19
2025-02-19 09:00:00,0.0,-7.1,59.0,0.0,,140.0,20.4,,1024.0,,3.0,32.0,2025-02-19
2025-02-19 10:00:00,4.0,-6.0,48.0,0.0,,130.0,11.0,,1023.0,,3.0,39.2,2025-02-19
2025-02-19 11:00:00,4.0,-6.9,45.0,0.0,,120.0,11.1,,1023.0,,3.0,39.2,2025-02-19
2025-02-19 12:00:00,4.0,-4.0,56.0,0.0,,330.0,7.0,,1023.0,,3.0,39.2,2025-02-19
2025-02-19 13:00:00,5.0,-4.0,52.0,0.0,,0.0,0.0,,1022.0,,3.0,41.0,2025-02-19
2025-02-19 14:00:00,5.0,-4.0,52.0,0.0,,310.0,9.0,,1021.0,,3.0,41.0,2025-02-19
2025-02-19 15:00:00,4.0,-4.0,56.0,0.0,,300.0,7.4,,1021.0,,3.0,39.2,2025-02-19
2025-02-19 16:00:00,5.0,-3.1,56.0,0.0,,360.0,9.3,,1020.0,,3.0,41.0,2025-02-19
2025-02-19 17:00:00,5.0,-4.0,52.0,0.0,,60.0,9.0,,1019.0,,3.0,41.0,2025-02-19
2025-02-19 18:00:00,4.0,-4.0,56.0,0.0,,0.0,0.0,,1018.0,,3.0,39.2,2025-02-19
2025-02-19 19:00:00,5.0,-4.0,52.0,0.0,,80.0,11.0,,1018.0,,3.0,41.0,2025-02-19
2025-02-19 20:00:00,4.0,-2.0,65.0,0.0,,130.0,7.4,,1018.0,,2.0,39.2,2025-02-19
2025-02-19 21:00:00,5.0,-5.1,48.0,0.0,,140.0,24.0,,1016.0,,3.0,41.0,2025-02-19
2025-02-19 22:00:00,3.0,-2.9,65.0,0.0,,90.0,13.0,,1016.0,,2.0,37.4,2025-02-19
2025-02-19 23:00:00,3.0,-2.9,65.0,0.0,,320.0,13.0,,1016.0,,3.0,37.4,2025-02-19
2025-02-20 00:00:00,3.0,-1.9,70.0,0.0,,50.0,7.4,,1017.0,,3.0,37.4,2025-02-20
2025-02-20 01:00:00,4.0,-2.0,65.0,0.2,,0.0,0.0,,1017.0,,14.0,39.2,2025-02-20
2025-02-20 02:00:00,1.0,1.0,100.0,0.3,,130.0,9.0,,1017.0,,15.0,33.8,2025-02-20
2025-02-20 03:00:00,1.0,1.0,100.0,0.4,,140.0,7.4,,1016.0,,15.0,33.8,2025-02-20
2025-02-20 04:00:00,1.0,1.0,100.0,0.0,,250.0,7.4,,1016.0,,3.0,33.8,2025-02-20
2025-02-20 05:00:00,0.0,0.0,100.0,0.4,,126.0,3.2,,1016.0,,15.0,32.0,2025-02-20
2025-02-20 06:00:00,0.0,0.0,100.0,0.7,,130.0,6.0,,1017.0,,15.0,32.0,2025-02-20
2025-02-20 07:00:00,0.0,0.0,100.0,0.7,,144.0,5.4,,1017.0,,5.0,32.0,2025-02-20
2025-02-20 08:00:00,1.0,0.0,93.0,0.5,,120.0,5.5,,1018.0,,15.0,33.8,2025-02-20
2025-02-20 09:00:00,1.0,1.0,100.0,0.7,,0.0,0.0,,1019.0,,15.0,33.8,2025-02-20
2025-02-20 10:00:00,0.0,0.0,100.0,0.4,,210.0,5.5,,1019.0,,12.0,32.0,2025-02-20
2025-02-20 11:00:00,1.0,1.0,100.0,0.3,,260.0,9.3,,1020.0,,12.0,33.8,2025-02-20
2025-02-20 12:00:00,1.0,1.0,100.0,0.0,,330.0,20.0,,1020.0,,3.0,33.8,2025-02-20
2025-02-20 13:00:00,1.0,1.0,100.0,0.0,,320.0,16.7,,1020.0,,3.0,33.8,2025-02-20
2025-02-20 14:00:00,2.0,2.0,100.0,0.1,,300.0,19.0,,1020.0,,12.0,35.6,2025-02-20
2025-02-20 15:00:00,1.0,1.0,100.0,0.2,,300.0,18.5,,1021.0,,12.0,33.8,2025-02-20
2025-02-20 16:00:00,1.0,1.0,100.0,0.4,,300.0,18.5,,1021.0,,12.0,33.8,2025-02-20
2025-02-20 17:00:00,1.0,1.0,100.0,0.6,,300.0,11.1,,1022.0,,12.0,33.8,2025-02-20
2025-02-20 18:00:00,1.0,1.0,100.0,0.5,,310.0,16.7,,1022.0,,15.0,33.8,2025-02-20
2025-02-20 19:00:00,1.0,1.0,100.0,0.2,,310.0,17.0,,1023.0,,14.0,33.8,2025-02-20
2025-02-20 20:00:00,1.0,1.0,100.0,0.2,,310.0,13.0,,1023.0,,14.0,33.8,2025-02-20
2025-02-20 21:00:00,1.0,1.0,100.0,0.1,,270.0,9.3,,1023.0,,14.0,33.8,2025-02-20
2025-02-20 22:00:00,1.0,1.0,100.0,0.0,,360.0,9.0,,1024.0,,3.0,33.8,2025-02-20
2025-02-20 23:00:00,1.0,1.0,100.0,0.0,,240.0,11.1,,1024.0,,3.0,33.8,2025-02-20
2025-02-21 00:00:00,1.0,1.0,100.0,0.0,,230.0,7.4,,1025.0,,3.0,33.8,2025-02-21
2025-02-21 01:00:00,1.0,1.0,100.0,0.0,,240.0,9.3,,1025.0,,3.0,33.8,2025-02-21
2025-02-21 02:00:00,1.0,0.0,93.0,0.0,,200.0,6.0,,1025.0,,3.0,33.8,2025-02-21
2025-02-21 03:00:00,1.0,0.0,93.0,0.0,,280.0,11.1,,1025.0,,3.0,33.8,2025-02-21
2025-02-21 04:00:00,1.0,0.0,93.0,0.0,,260.0,13.0,,1025.0,,3.0,33.8,2025-02-21
2025-02-21 05:00:00,1.0,0.0,93.0,0.0,,280.0,9.3,,1026.0,,3.0,33.8,2025-02-21
2025-02-21 06:00:00,0.0,-1.0,93.0,0.0,,0.0,0.0,,1026.0,,3.0,32.0,2025-02-21
2025-02-21 07:00:00,0.0,-1.0,93.0,0.0,,190.0,4.3,,1027.0,,3.0,32.0,2025-02-21
2025-02-21 08:00:00,1.0,-0.9,87.0,0.0,,350.0,13.0,,1027.0,,3.0,33.8,2025-02-21
2025-02-21 09:00:00,1.0,-0.9,87.0,0.0,,350.0,11.0,,1028.0,,3.0,33.8,2025-02-21
2025-02-21 10:00:00,1.0,-0.9,87.0,0.0,,330.0,11.1,,1028.0,,3.0,33.8,2025-02-21
2025-02-21 11:00:00,2.0,-0.9,81.0,0.0,,350.0,7.0,,1028.0,,3.0,35.6,2025-02-21
2025-02-21 12:00:00,3.0,-1.0,75.0,0.0,,290.0,6.0,,1028.0,,3.0,37.4,2025-02-21
2025-02-21 13:00:00,3.0,-1.9,70.0,0.0,,0.0,0.0,,1027.0,,2.0,37.4,2025-02-21
2025-02-21 14:00:00,4.0,-2.0,65.0,0.0,,350.0,9.3,,1027.0,,1.0,39.2,2025-02-21
2025-02-21 15:00:00,4.0,-3.1,60.0,0.0,,350.0,7.0,,1027.0,,1.0,39.2,2025-02-21
2025-02-21 16:00:00,4.0,-4.0,56.0,0.0,,350.0,6.0,,1027.0,,1.0,39.2,2025-02-21
2025-02-21 17:00:00,4.0,-4.0,56.0,0.0,,0.0,0.0,,1028.0,,1.0,39.2,2025-02-21
2025-02-21 18:00:00,3.0,-4.9,56.0,0.0,,0.0,0.0,,1028.0,,1.0,37.4,2025-02-21
2025-02-21 19:00:00,0.0,-3.0,80.0,0.0,,140.0,9.0,,1028.0,,1.0,32.0,2025-02-21
2025-02-21 20:00:00,0.0,-3.9,75.0,0.0,,110.0,9.3,,1028.0,,1.0,32.0,2025-02-21
2025-02-21 21:00:00,0.0,-3.0,80.0,0.0,,140.0,7.4,,1028.0,,1.0,32.0,2025-02-21
2025-02-21 22:00:00,0.0,-3.9,75.0,0.0,,130.0,11.0,,1028.0,,1.0,32.0,2025-02-21
2025-02-21 23:00:00,-2.0,-5.0,80.0,0.0,,120.0,14.8,,1029.0,,1.0,28.4,2025-02-21
2025-02-22 00:00:00,-3.0,-5.0,86.0,0.0,,120.0,11.1,,1029.0,,1.0,26.6,2025-02-22
2025-02-22 01:00:00,-3.0,-6.0,80.0,0.0,,130.0,22.2,,1029.0,,1.0,26.6,2025-02-22
2025-02-22 02:00:00,-2.0,-6.0,74.0,0.0,,130.0,20.4,,1028.0,,1.0,28.4,2025-02-22
2025-02-22 03:00:00,-3.0,-7.0,74.0,0.0,,130.0,20.0,,1028.0,,1.0,26.6,2025-02-22
2025-02-22 04:00:00,-4.0,-8.0,74.0,0.0,,120.0,22.0,,1028.0,,2.0,24.8,2025-02-22
2025-02-22 05:00:00,-4.0,-8.0,74.0,0.0,,130.0,30.0,,1028.0,,1.0,24.8,2025-02-22
2025-02-22 06:00:00,-4.0,-9.0,68.0,0.0,,130.0,20.4,,1029.0,,2.0,24.8,2025-02-22
2025-02-22 07:00:00,-4.0,-9.0,68.0,0.0,,130.0,22.2,,1029.0,,5.0,24.8,2025-02-22
2025-02-22 08:00:00,-3.0,-9.1,63.0,0.0,,130.0,20.0,,1030.0,,5.0,26.6,2025-02-22
2025-02-22 09:00:00,-2.0,-7.9,64.0,0.0,,130.0,20.4,,1030.0,,5.0,28.4,2025-02-22
2025-02-22 10:00:00,2.0,-7.1,51.0,0.0,,140.0,13.0,,1030.0,,2.0,35.6,2025-02-22
2025-02-22 11:00:00,3.0,-5.9,52.0,0.0,,80.0,15.0,,1030.0,,2.0,37.4,2025-02-22
2025-02-22 12:00:00,5.0,-5.1,48.0,0.0,,324.0,11.0,,1030.0,,3.0,41.0,2025-02-22
2025-02-22 13:00:00,6.0,-3.9,49.0,0.0,,322.0,9.0,,1029.0,,3.0,42.8,2025-02-22
2025-02-22 14:00:00,6.0,-3.9,49.0,0.0,,0.0,0.0,,1029.0,,3.0,42.8,2025-02-22
2025-02-22 15:00:00,7.0,-5.1,42.0,0.0,,340.0,9.3,,1028.0,,3.0,44.6,2025-02-22
2025-02-22 16:00:00,6.0,-3.9,49.0,0.0,,320.0,5.5,,1028.0,,3.0,42.8,2025-02-22
2025-02-22 17:00:00,4.0,-3.1,60.0,0.0,,310.0,7.4,,1027.0,,1.0,39.2,2025-02-22
2025-02-22 18:00:00,1.0,-2.1,80.0,0.0,,330.0,11.0,,1029.0,,1.0,33.8,2025-02-22
2025-02-22 19:00:00,1.0,-2.9,75.0,0.0,,130.0,6.0,,1029.0,,1.0,33.8,2025-02-22
2025-02-22 20:00:00,1.0,-2.9,75.0,0.0,,0.0,0.0,,1029.0,,1.0,33.8,2025-02-22
2025-02-22 21:00:00,1.0,-5.9,60.0,0.0,,140.0,13.0,,1029.0,,1.0,33.8,2025-02-22
2025-02-22 22:00:00,1.0,-7.0,55.0,0.0,,140.0,15.0,,1030.0,,1.0,33.8,2025-02-22
2025-02-22 23:00:00,0.0,-7.1,59.0,0.0,,110.0,18.5,,1030.0,,1.0,32.0,2025-02-22
2025-02-23 00:00:00,-1.0,-7.0,64.0,0.0,,150.0,13.0,,1030.0,,1.0,30.2,2025-02-23
2025-02-23 01:00:00,-1.0,-7.0,64.0,0.0,,120.0,16.7,,1029.0,,1.0,30.2,2025-02-23
2025-02-23 02:00:00,0.0,-8.0,55.0,0.0,,140.0,17.0,,1028.0,,1.0,32.0,2025-02-23
2025-02-23 03:00:00,0.0,-8.0,55.0,0.0,,120.0,24.0,,1028.0,,1.0,32.0,2025-02-23
2025-02-23 04:00:00,0.0,-8.9,51.0,0.0,,130.0,16.7,,1028.0,,3.0,32.0,2025-02-23
2025-02-23 05:00:00,0.0,-8.9,51.0,0.0,,130.0,20.0,,1028.0,,1.0,32.0,2025-02-23
2025-02-23 06:00:00,-1.0,-8.9,55.0,0.0,,140.0,20.4,,1028.0,,1.0,30.2,2025-02-23
2025-02-23 07:00:00,0.0,-8.9,51.0,0.0,,130.0,25.9,,1028.0,,1.0,32.0,2025-02-23
2025-02-23 08:00:00,3.0,-8.1,44.0,0.0,,120.0,20.0,,1028.0,,1.0,37.4,2025-02-23
2025-02-23 09:00:00,3.0,-9.0,41.0,0.0,,130.0,22.2,,1027.0,,1.0,37.4,2025-02-23
2025-02-23 10:00:00,7.0,-6.0,39.0,0.0,,140.0,7.4,,1027.0,,3.0,44.6,2025-02-23
2025-02-23 11:00:00,7.0,-7.1,36.0,0.0,,120.0,9.0,,1027.0,,2.0,44.6,2025-02-23
2025-02-23 12:00:00,10.0,-6.8,30.0,0.0,,150.0,9.3,,1025.0,,3.0,50.0,2025-02-23
2025-02-23 13:00:00,10.0,-6.0,32.0,0.0,,130.0,13.0,,1025.0,,3.0,50.0,2025-02-23
2025-02-23 14:00:00,11.0,-5.1,32.0,0.0,,100.0,7.4,,1024.0,,3.0,51.8,2025-02-23
2025-02-23 15:00:00,13.0,-5.1,28.0,0.0,,0.0,0.0,,1024.0,,3.0,55.4,2025-02-23
2025-02-23 16:00:00,10.0,-2.0,43.0,0.0,,0.0,0.0,,1024.0,,3.0,50.0,2025-02-23
2025-02-23 17:00:00,8.0,-1.0,53.0,0.0,,320.0,13.0,,1024.0,,3.0,46.4,2025-02-23
2025-02-23 18:00:00,8.0,0.9,61.0,0.0,,0.0,0.0,,1024.0,,3.0,46.4,2025-02-23
2025-02-23 19:00:00,6.0,0.9,70.0,0.0,,0.0,0.0,,1024.0,,3.0,42.8,2025-02-23
2025-02-23 20:00:00,5.0,0.9,75.0,0.0,,0.0,0.0,,1024.0,,3.0,41.0,2025-02-23
2025-02-23 21:00:00,4.0,0.0,75.0,0.0,,0.0,0.0,,1025.0,,3.0,39.2,2025-02-23
2025-02-23 22:00:00,4.0,0.0,75.0,0.0,,0.0,0.0,,1025.0,,3.0,39.2,2025-02-23
2025-02-23 23:00:00,4.0,-1.0,70.0,0.0,,100.0,9.0,,1024.0,,3.0,39.2,2025-02-23
2025-02-24 00:00:00,3.0,-1.0,75.0,0.0,,0.0,0.0,,1025.0,,3.0,37.4,2025-02-24
2025-02-24 01:00:00,1.0,-0.9,87.0,0.0,,107.0,4.3,,1025.0,,3.0,33.8,2025-02-24
2025-02-24 02:00:00,1.0,-0.9,87.0,0.0,,210.0,5.5,,1024.0,,3.0,33.8,2025-02-24
2025-02-24 03:00:00,2.0,-0.9,81.0,0.0,,160.0,9.3,,1024.0,,2.0,35.6,2025-02-24
2025-02-24 04:00:00,2.0,1.0,93.0,0.0,,130.0,6.0,,1024.0,,3.0,35.6,2025-02-24
2025-02-24 05:00:00,2.0,0.1,87.0,0.0,,180.0,11.1,,1024.0,,3.0,35.6,2025-02-24
2025-02-24 06:00:00,2.0,-0.9,81.0,0.0,,0.0,0.0,,1024.0,,3.0,35.6,2025-02-24
2025-02-24 07:00:00,0.0,-1.0,93.0,0.0,,107.0,6.5,,1025.0,,3.0,32.0,2025-02-24
2025-02-24 08:00:00,2.0,1.0,93.0,0.0,,0.0,0.0,,1025.0,,2.0,35.6,2025-02-24
2025-02-24 09:00:00,7.0,0.0,61.0,0.0,,0.0,0.0,,1025.0,,1.0,44.6,2025-02-24
2025-02-24 10:00:00,10.0,1.1,54.0,0.0,,330.0,5.5,,1025.0,,1.0,50.0,2025-02-24
2025-02-24 11:00:00,13.0,1.9,47.0,0.0,,29.0,7.0,,1025.0,,2.0,55.4,2025-02-24
2025-02-24 12:00:00,15.0,1.1,39.0,0.0,,0.0,0.0,,1024.0,,1.0,59.0,2025-02-24
2025-02-24 13:00:00,16.0,2.0,39.0,0.0,,10.0,9.3,,1022.0,,1.0,60.8,2025-02-24
2025-02-24 14:00:00,18.0,-0.8,28.0,0.0,,60.0,9.3,,1022.0,,1.0,64.4,2025-02-24
2025-02-24 15:00:00,18.0,-0.8,28.0,0.0,,50.0,11.1,,1021.0,,2.0,64.4,2025-02-24
2025-02-24 16:00:00,17.0,-1.2,29.0,0.0,,120.0,6.0,,1020.0,,2.0,62.6,2025-02-24
2025-02-24 17:00:00,18.0,-2.9,24.0,0.0,,240.0,11.1,,1020.0,,3.0,64.4,2025-02-24
2025-02-24 18:00:00,13.0,-1.0,38.0,0.0,,0.0,0.0,,1020.0,,3.0,55.4,2025-02-24
2025-02-24 19:00:00,11.0,-2.1,40.0,0.0,,130.0,13.0,,1020.0,,3.0,51.8,2025-02-24
2025-02-24 20:00:00,11.0,-2.1,40.0,0.0,,130.0,14.8,,1020.0,,3.0,51.8,2025-02-24
2025-02-24 21:00:00,11.0,-2.1,40.0,0.0,,130.0,20.4,,1020.0,,3.0,51.8,2025-02-24
2025-02-24 22:00:00,11.0,-3.1,37.0,0.0,,90.0,9.3,,1019.0,,3.0,51.8,2025-02-24
2025-02-24 23:00:00,9.0,-2.0,46.0,0.0,,0.0,0.0,,1019.0,,3.0,48.2,2025-02-24
2025-02-25 00:00:00,9.0,-2.0,46.0,0.0,,120.0,15.0,,1018.0,,5.0,48.2,2025-02-25
2025-02-25 01:00:00,9.0,-2.0,46.0,0.0,,120.0,13.0,,1018.0,,3.0,48.2,2025-02-25
2025-02-25 02:00:00,9.0,-2.0,46.0,0.0,,130.0,11.1,,1017.0,,3.0,48.2,2025-02-25
2025-02-25 03:00:00,8.0,-1.0,53.0,0.0,,70.0,13.0,,1017.0,,3.0,46.4,2025-02-25
2025-02-25 04:00:00,7.0,-1.9,53.0,0.0,,120.0,13.0,,1017.0,,3.0,44.6,2025-02-25
2025-02-25 05:00:00,6.0,-1.0,61.0,0.0,,120.0,9.3,,1017.0,,3.0,42.8,2025-02-25
2025-02-25 06:00:00,4.0,-1.0,70.0,0.0,,110.0,13.0,,1018.0,,2.0,39.2,2025-02-25
2025-02-25 07:00:00,4.0,-1.0,70.0,0.0,,120.0,7.0,,1019.0,,2.0,39.2,2025-02-25
2025-02-25 08:00:00,5.0,0.0,70.0,0.0,,190.0,5.5,,1020.0,,2.0,41.0,2025-02-25
2025-02-25 09:00:00,15.0,-10.0,18.0,0.0,,260.0,30.0,,1019.0,,3.0,59.0,2025-02-25
2025-02-25 10:00:00,10.0,-2.0,43.0,0.0,,310.0,33.0,,1021.0,,3.0,50.0,2025-02-25
2025-02-25 11:00:00,10.0,-2.0,43.0,0.0,,320.0,41.0,,1020.0,,3.0,50.0,2025-02-25
2025-02-25 12:00:00,12.0,-1.9,38.0,0.0,,320.0,24.0,,1020.0,,3.0,53.6,2025-02-25
2025-02-25 13:00:00,12.0,-3.8,33.0,0.0,,320.0,20.4,,1020.0,,1.0,53.6,2025-02-25
2025-02-25 14:00:00,13.0,-7.1,24.0,0.0,,330.0,17.0,,1019.0,,1.0,55.4,2025-02-25
2025-02-25 15:00:00,10.0,-2.0,43.0,0.0,,320.0,37.0,,1019.0,,1.0,50.0,2025-02-25
2025-02-25 16:00:00,9.0,-2.9,43.0,0.0,,330.0,35.0,,1020.0,,1.0,48.2,2025-02-25
2025-02-25 17:00:00,9.0,-2.9,43.0,0.0,,330.0,27.8,,1021.0,,1.0,48.2,2025-02-25
2025-02-25 18:00:00,5.0,0.0,70.0,0.0,,310.0,27.8,,1022.0,,1.0,41.0,2025-02-25
2025-02-25 19:00:00,4.0,-1.0,70.0,0.0,,320.0,24.0,,1022.0,,1.0,39.2,2025-02-25
2025-02-25 20:00:00,4.0,-1.0,70.0,0.0,,330.0,9.3,,1022.0,,1.0,39.2,2025-02-25
2025-02-25 21:00:00,2.0,-2.0,75.0,0.0,,152.0,5.0,,1023.0,,1.0,35.6,2025-02-25
2025-02-25 22:00:00,3.0,-1.9,70.0,0.0,,0.0,0.0,,1023.0,,1.0,37.4,2025-02-25
2025-02-25 23:00:00,2.0,-2.9,70.0,0.0,,0.0,0.0,,1023.0,,1.0,35.6,2025-02-25
2025-02-26 00:00:00,-3.0,-5.0,86.0,0.0,,260.0,7.4,,1024.0,,1.0,26.6,2025-02-26
2025-02-26 01:00:00,-2.0,-5.0,80.0,0.0,,280.0,7.0,,1024.0,,1.0,28.4,2025-02-26
2025-02-26 02:00:00,0.0,-3.9,75.0,0.0,,250.0,9.3,,1024.0,,1.0,32.0,2025-02-26
2025-02-26 03:00:00,-2.0,-5.0,80.0,0.0,,70.0,7.4,,1024.0,,1.0,28.4,2025-02-26
2025-02-26 04:00:00,-3.0,-5.0,86.0,0.0,,0.0,0.0,,1025.0,,1.0,26.6,2025-02-26
2025-02-26 05:00:00,-3.0,-5.0,86.0,0.0,,120.0,7.4,,1026.0,,1.0,26.6,2025-02-26
2025-02-26 06:00:00,-3.0,-6.0,80.0,0.0,,150.0,6.0,,1026.0,,1.0,26.6,2025-02-26
2025-02-26 07:00:00,-3.0,-5.0,86.0,0.0,,200.0,9.3,,1027.0,,1.0,26.6,2025-02-26
2025-02-26 08:00:00,0.0,-5.0,69.0,0.0,,130.0,11.1,,1028.0,,1.0,32.0,2025-02-26
2025-02-26 09:00:00,2.0,-5.0,60.0,0.0,,100.0,9.3,,1028.0,,1.0,35.6,2025-02-26
2025-02-26 10:00:00,5.0,-4.0,52.0,0.0,,320.0,11.0,,1028.0,,1.0,41.0,2025-02-26
2025-02-26 11:00:00,5.0,-5.1,48.0,0.0,,320.0,11.1,,1028.0,,1.0,41.0,2025-02-26
2025-02-26 12:00:00,6.0,-5.0,45.0,0.0,,290.0,14.8,,1028.0,,1.0,42.8,2025-02-26
2025-02-26 13:00:00,8.0,-5.8,37.0,0.0,,300.0,11.1,,1028.0,,1.0,46.4,2025-02-26
2025-02-26 14:00:00,8.0,-6.9,34.0,0.0,,300.0,9.3,,1027.0,,1.0,46.4,2025-02-26
2025-02-26 15:00:00,8.0,-6.9,34.0,0.0,,310.0,14.8,,1027.0,,1.0,46.4,2025-02-26
2025-02-26 16:00:00,8.0,-2.9,46.0,0.0,,320.0,24.0,,1028.0,,1.0,46.4,2025-02-26
2025-02-26 17:00:00,7.0,-3.8,46.0,0.0,,310.0,25.9,,1028.0,,1.0,44.6,2025-02-26
2025-02-26 18:00:00,5.0,-3.1,56.0,0.0,,330.0,18.5,,1029.0,,1.0,41.0,2025-02-26
2025-02-26 19:00:00,3.0,-4.0,60.0,0.0,,220.0,9.0,,1030.0,,1.0,37.4,2025-02-26
2025-02-26 20:00:00,1.0,-5.1,64.0,0.0,,0.0,0.0,,1030.0,,1.0,33.8,2025-02-26
2025-02-26 21:00:00,-2.0,-6.0,74.0,0.0,,180.0,13.0,,1031.0,,1.0,28.4,2025-02-26
2025-02-26 22:00:00,-2.0,-5.0,80.0,0.0,,170.0,11.1,,1031.0,,1.0,28.4,2025-02-26
2025-02-26 23:00:00,-2.0,-5.0,80.0,0.0,,130.0,7.0,,1032.0,,1.0,28.4,2025-02-26
2025-02-27 00:00:00,-2.0,-5.0,80.0,0.0,,110.0,13.0,,1032.0,,1.0,28.4,2025-02-27
2025-02-27 01:00:00,-3.0,-6.0,80.0,0.0,,110.0,11.1,,1033.0,,1.0,26.6,2025-02-27
2025-02-27 02:00:00,-1.0,-7.0,64.0,0.0,,150.0,19.0,,1032.0,,1.0,30.2,2025-02-27
2025-02-27 03:00:00,-1.0,-8.0,59.0,0.0,,130.0,17.0,,1032.0,,1.0,30.2,2025-02-27
2025-02-27 04:00:00,-1.0,-8.0,59.0,0.0,,130.0,14.8,,1032.0,,1.0,30.2,2025-02-27
2025-02-27 05:00:00,-3.0,-8.1,68.0,0.0,,110.0,15.0,,1032.0,,1.0,26.6,2025-02-27
2025-02-27 06:00:00,-1.0,-8.9,55.0,0.0,,170.0,11.0,,1032.0,,1.0,30.2,2025-02-27
2025-02-27 07:00:00,-2.0,-9.0,59.0,0.0,,130.0,11.1,,1032.0,,1.0,28.4,2025-02-27
2025-02-27 08:00:00,0.0,-8.9,51.0,0.0,,140.0,13.0,,1033.0,,1.0,32.0,2025-02-27
2025-02-27 09:00:00,3.0,-5.9,52.0,0.0,,220.0,6.0,,1033.0,,1.0,37.4,2025-02-27
2025-02-27 10:00:00,5.0,-5.1,48.0,0.0,,76.0,4.3,,1033.0,,1.0,41.0,2025-02-27
2025-02-27 11:00:00,7.0,-7.1,36.0,0.0,,0.0,0.0,,1032.0,,1.0,44.6,2025-02-27
2025-02-27 12:00:00,8.0,-5.8,37.0,0.0,,310.0,9.0,,1032.0,,1.0,46.4,2025-02-27
2025-02-27 13:00:00,8.0,-6.9,34.0,0.0,,310.0,5.5,,1030.0,,1.0,46.4,2025-02-27
2025-02-27 14:00:00,10.0,-6.8,30.0,0.0,,330.0,11.0,,1030.0,,1.0,50.0,2025-02-27
2025-02-27 15:00:00,11.0,-6.8,28.0,0.0,,310.0,9.3,,1028.0,,1.0,51.8,2025-02-27
2025-02-27 16:00:00,10.0,-6.8,30.0,0.0,,310.0,9.0,,1027.0,,1.0,50.0,2025-02-27
2025-02-27 17:00:00,9.0,-6.8,32.0,0.0,,310.0,9.3,,1026.0,,1.0,48.2,2025-02-27
2025-02-27 18:00:00,6.0,-3.9,49.0,0.0,,310.0,9.3,,1027.0,,1.0,42.8,2025-02-27
2025-02-27 19:00:00,3.0,-5.9,52.0,0.0,,130.0,5.5,,1027.0,,1.0,37.4,2025-02-27
2025-02-27 20:00:00,-1.0,-7.0,64.0,0.0,,130.0,6.0,,1027.0,,1.0,30.2,2025-02-27
2025-02-27 21:00:00,-1.0,-7.0,64.0,0.0,,0.0,0.0,,1027.0,,1.0,30.2,2025-02-27
2025-02-27 22:00:00,2.0,-7.1,51.0,0.0,,0.0,0.0,,1027.0,,1.0,35.6,2025-02-27
2025-02-27 23:00:00,-1.0,-5.0,74.0,0.0,,170.0,9.0,,1027.0,,1.0,30.2,2025-02-27
2025-02-28 00:00:00,-4.0,-6.9,80.0,0.0,,220.0,6.0,,1026.0,,1.0,24.8,2025-02-28
2025-02-28 01:00:00,-3.0,-7.0,74.0,0.0,,0.0,0.0,,1026.0,,1.0,26.6,2025-02-28
2025-02-28 02:00:00,-2.0,-6.9,69.0,0.0,,0.0,0.0,,1026.0,,1.0,28.4,2025-02-28
2025-02-28 03:00:00,-2.0,-7.9,64.0,0.0,,100.0,9.0,,1025.0,,1.0,28.4,2025-02-28
2025-02-28 04:00:00,-3.0,-8.1,68.0,0.0,,210.0,7.4,,1025.0,,1.0,26.6,2025-02-28
2025-02-28 05:00:00,-4.0,-6.9,80.0,0.0,,130.0,7.4,,1025.0,,1.0,24.8,2025-02-28
2025-02-28 06:00:00,-3.0,-8.1,68.0,0.0,,98.0,7.2,,1025.0,,1.0,26.6,2025-02-28
2025-02-28 07:00:00,-3.0,-6.0,80.0,0.0,,200.0,9.3,,1025.0,,1.0,26.6,2025-02-28
2025-02-28 08:00:00,1.0,-4.1,69.0,0.0,,99.0,7.2,,1025.0,,1.0,33.8,2025-02-28
2025-02-28 09:00:00,4.0,-4.0,56.0,0.0,,101.0,7.4,,1025.0,,1.0,39.2,2025-02-28
2025-02-28 10:00:00,6.0,-3.9,49.0,0.0,,0.0,0.0,,1025.0,,5.0,42.8,2025-02-28
2025-02-28 11:00:00,8.0,-2.9,46.0,0.0,,334.0,9.0,,1025.0,,1.0,46.4,2025-02-28
2025-02-28 12:00:00,9.0,-2.9,43.0,0.0,,0.0,0.0,,1023.0,,1.0,48.2,2025-02-28
2025-02-28 13:00:00,11.0,-7.8,26.0,0.0,,0.0,0.0,,1023.0,,1.0,51.8,2025-02-28
2025-02-28 14:00:00,12.0,-10.9,19.0,0.0,,1.0,7.4,,1022.0,,1.0,53.6,2025-02-28
2025-02-28 15:00:00,13.0,-10.1,19.0,0.0,,310.0,9.0,,1021.0,,1.0,55.4,2025-02-28
2025-02-28 16:00:00,12.0,-9.1,22.0,0.0,,0.0,0.0,,1021.0,,1.0,53.6,2025-02-28
2025-02-28 17:00:00,12.0,-9.7,21.0,0.0,,10.0,5.5,,1021.0,,1.0,53.6,2025-02-28
2025-02-28 18:00:00,8.0,-2.1,49.0,0.0,,330.0,14.8,,1022.0,,1.0,46.4,2025-02-28
2025-02-28 19:00:00,6.0,-1.9,57.0,0.0,,40.0,7.0,,1022.0,,1.0,42.8,2025-02-28
2025-02-28 20:00:00,1.0,-2.9,75.0,0.0,,240.0,6.0,,1022.0,,1.0,33.8,2025-02-28
2025-02-28 21:00:00,1.0,-4.1,69.0,0.0,,0.0,0.0,,1022.0,,1.0,33.8,2025-02-28
2025-02-28 22:00:00,0.0,-3.9,75.0,0.0,,0.0,0.0,,1021.0,,1.0,32.0,2025-02-28
2025-02-28 23:00:00,0.0,-6.0,64.0,0.0,,200.0,7.0,,1021.0,,1.0,32.0,2025-02-28
2025-03-01 00:00:00,1.0,-7.0,55.0,0.0,,0.0,0.0,,1021.0,,1.0,33.8,2025-03-01
2025-03-01 01:00:00,-1.0,-7.0,64.0,0.0,,110.0,11.1,,1021.0,,1.0,30.2,2025-03-01
2025-03-01 02:00:00,-1.0,-7.0,64.0,0.0,,100.0,5.8,,1021.0,,1.0,30.2,2025-03-01
2025-03-01 03:00:00,-3.0,-7.0,74.0,0.0,,0.0,0.0,,1021.0,,1.0,26.6,2025-03-01
2025-03-01 04:00:00,-3.0,-7.0,74.0,0.0,,100.0,7.0,,1021.0,,1.0,26.6,2025-03-01
2025-03-01 05:00:00,-4.0,-8.0,74.0,0.0,,0.0,0.0,,1021.0,,1.0,24.8,2025-03-01
2025-03-01 06:00:00,-4.0,-6.9,80.0,0.0,,0.0,0.0,,1021.0,,1.0,24.8,2025-03-01
2025-03-01 07:00:00,-4.0,-6.9,80.0,0.0,,100.0,8.3,,1021.0,,1.0,24.8,2025-03-01
2025-03-01 08:00:00,-1.0,-5.0,74.0,0.0,,0.0,0.0,,1020.0,,1.0,30.2,2025-03-01
2025-03-01 09:00:00,5.0,-3.1,56.0,0.0,,210.0,7.4,,1020.0,,1.0,41.0,2025-03-01
2025-03-01 10:00:00,8.0,-2.9,46.0,0.0,,295.0,3.2,,1019.0,,1.0,46.4,2025-03-01
2025-03-01 11:00:00,10.0,-3.0,40.0,0.0,,30.0,9.0,,1018.0,,1.0,50.0,2025-03-01
2025-03-01 12:00:00,11.0,-3.9,35.0,0.0,,0.0,0.0,,1017.0,,1.0,51.8,2025-03-01
2025-03-01 13:00:00,12.0,-3.8,33.0,0.0,,30.0,7.4,,1016.0,,2.0,53.6,2025-03-01
2025-03-01 14:00:00,13.0,-4.2,30.0,0.0,,300.0,9.3,,1015.0,,1.0,55.4,2025-03-01
2025-03-01 15:00:00,13.0,-7.1,24.0,0.0,,340.0,5.5,,1014.0,,1.0,55.4,2025-03-01
2025-03-01 16:00:00,14.0,-6.8,23.0,0.0,,300.0,6.0,,1014.0,,1.0,57.2,2025-03-01
2025-03-01 17:00:00,12.0,-6.0,28.0,0.0,,290.0,7.4,,1013.0,,2.0,53.6,2025-03-01
2025-03-01 18:00:00,9.0,-4.9,37.0,0.0,,280.0,5.5,,1013.0,,3.0,48.2,2025-03-01
2025-03-01 19:00:00,7.0,-0.9,57.0,0.0,,360.0,11.0,,1013.0,,3.0,44.6,2025-03-01
2025-03-01 20:00:00,7.0,0.0,61.0,0.0,,340.0,7.4,,1013.0,,3.0,44.6,2025-03-01
2025-03-01 21:00:00,3.0,0.1,81.0,0.0,,200.0,9.0,,1013.0,,3.0,37.4,2025-03-01
2025-03-01 22:00:00,4.0,-2.0,65.0,0.0,,170.0,6.0,,1013.0,,3.0,39.2,2025-03-01
2025-03-01 23:00:00,4.0,-1.0,70.0,0.0,,250.0,7.4,,1013.0,,3.0,39.2,2025-03-01
2025-03-02 00:00:00,2.0,-2.9,70.0,0.0,,106.0,6.1,,1012.0,,3.0,35.6,2025-03-02
2025-03-02 01:00:00,3.0,-4.0,60.0,0.0,,130.0,9.3,,1012.0,,3.0,37.4,2025-03-02
2025-03-02 02:00:00,1.0,-2.9,75.0,0.0,,150.0,6.0,,1012.0,,3.0,33.8,2025-03-02
2025-03-02 03:00:00,0.0,-3.0,80.0,0.0,,0.0,0.0,,1012.0,,3.0,32.0,2025-03-02
2025-03-02 04:00:00,-1.0,-4.0,80.0,0.0,,100.0,7.0,,1011.0,,1.0,30.2,2025-03-02
2025-03-02 05:00:00,-2.0,-6.0,74.0,0.0,,230.0,11.0,,1011.0,,1.0,28.4,2025-03-02
2025-03-02 06:00:00,-1.0,-4.0,80.0,0.0,,150.0,7.4,,1012.0,,1.0,30.2,2025-03-02
2025-03-02 07:00:00,-1.0,-3.0,86.0,0.0,,160.0,7.0,,1013.0,,1.0,30.2,2025-03-02
2025-03-02 08:00:00,5.0,-3.1,56.0,0.0,,160.0,7.0,,1012.0,,1.0,41.0,2025-03-02
2025-03-02 09:00:00,10.0,-5.2,34.0,0.0,,150.0,5.5,,1012.0,,1.0,50.0,2025-03-02
2025-03-02 10:00:00,13.0,-6.1,26.0,0.0,,120.0,7.4,,1011.0,,1.0,55.4,2025-03-02
2025-03-02 11:00:00,16.0,-7.6,19.0,0.0,,7.0,7.0,,1010.0,,1.0,60.8,2025-03-02
2025-03-02 12:00:00,17.0,-6.8,19.0,0.0,,120.0,11.1,,1010.0,,1.0,62.6,2025-03-02
2025-03-02 13:00:00,18.0,-8.2,16.0,0.0,,250.0,9.3,,1007.0,,1.0,64.4,2025-03-02
2025-03-02 14:00:00,18.0,-9.1,15.0,0.0,,350.0,11.1,,1006.0,,1.0,64.4,2025-03-02
2025-03-02 15:00:00,17.0,-8.3,17.0,0.0,,40.0,7.0,,1005.0,,1.0,62.6,2025-03-02
2025-03-02 16:00:00,16.0,-5.7,22.0,0.0,,70.0,18.5,,1004.0,,5.0,60.8,2025-03-02
2025-03-02 17:00:00,15.0,-6.0,23.0,0.0,,130.0,9.0,,1004.0,,3.0,59.0,2025-03-02
2025-03-02 18:00:00,14.0,-5.7,25.0,1.1,,320.0,9.0,,1005.0,,18.0,57.2,2025-03-02
2025-03-02 19:00:00,13.0,-7.1,24.0,0.2,,220.0,16.7,,1005.0,,5.0,55.4,2025-03-02
2025-03-02 20:00:00,12.0,-8.0,24.0,0.4,,230.0,33.0,,1006.0,,5.0,53.6,2025-03-02
2025-03-02 21:00:00,11.0,-6.8,28.0,0.1,,230.0,38.9,,1007.0,,17.0,51.8,2025-03-02
2025-03-02 22:00:00,9.0,-4.9,37.0,0.5,,0.0,0.0,,1008.0,,8.0,48.2,2025-03-02
2025-03-02 23:00:00,7.0,-10.8,27.0,0.0,,270.0,9.3,,1007.0,,1.0,44.6,2025-03-02
2025-03-03 00:00:00,8.0,-9.0,29.0,0.0,,230.0,9.3,,1007.0,,3.0,46.4,2025-03-03
2025-03-03 01:00:00,7.0,-9.8,29.0,0.0,,230.0,15.0,,1006.0,,3.0,44.6,2025-03-03
2025-03-03 02:00:00,6.0,-12.1,26.0,0.0,,230.0,9.3,,1006.0,,3.0,42.8,2025-03-03
2025-03-03 03:00:00,6.0,-8.0,36.0,0.0,,0.0,0.0,,1005.0,,3.0,42.8,2025-03-03
2025-03-03 04:00:00,5.0,-5.1,48.0,0.0,,180.0,7.4,,1004.0,,3.0,41.0,2025-03-03
2025-03-03 05:00:00,4.0,-2.0,65.0,0.0,,120.0,19.0,,1004.0,,3.0,39.2,2025-03-03
2025-03-03 06:00:00,4.0,-1.0,70.0,0.0,,110.0,20.4,,1003.0,,3.0,39.2,2025-03-03
2025-03-03 07:00:00,4.0,-1.0,70.0,0.0,,140.0,13.0,,1003.0,,3.0,39.2,2025-03-03
2025-03-03 08:00:00,5.0,-1.0,65.0,0.0,,140.0,16.7,,1004.0,,3.0,41.0,2025-03-03
2025-03-03 09:00:00,5.0,-1.0,65.0,0.0,,0.0,0.0,,1004.0,,3.0,41.0,2025-03-03
2025-03-03 10:00:00,4.0,-1.0,70.0,0.0,,50.0,19.0,,1005.0,,3.0,39.2,2025-03-03
2025-03-03 11:00:00,3.0,1.0,87.0,0.0,,10.0,20.4,,1006.0,,3.0,37.4,2025-03-03
2025-03-03 12:00:00,2.0,2.0,100.0,0.0,,0.0,0.0,,1006.0,,3.0,35.6,2025-03-03
2025-03-03 13:00:00,4.0,1.0,81.0,0.0,,220.0,6.0,,1006.0,,3.0,39.2,2025-03-03
2025-03-03 14:00:00,5.0,-1.0,65.0,0.0,,170.0,9.3,,1007.0,,3.0,41.0,2025-03-03
2025-03-03 15:00:00,7.0,-1.9,53.0,0.3,,220.0,11.0,,1007.0,,8.0,44.6,2025-03-03
2025-03-03 16:00:00,6.0,-1.9,57.0,0.0,,313.0,5.5,,1008.0,,3.0,42.8,2025-03-03
2025-03-03 17:00:00,6.0,-2.9,53.0,0.0,,230.0,7.0,,1008.0,,3.0,42.8,2025-03-03
2025-03-03 18:00:00,5.0,-3.1,56.0,0.0,,0.0,0.0,,1009.0,,3.0,41.0,2025-03-03
2025-03-03 19:00:00,4.0,-1.0,70.0,0.0,,300.0,14.8,,1010.0,,3.0,39.2,2025-03-03
2025-03-03 20:00:00,5.0,0.0,70.0,0.0,,320.0,11.0,,1011.0,,3.0,41.0,2025-03-03
2025-03-03 21:00:00,5.0,0.9,75.0,0.0,,290.0,18.5,,1012.0,,3.0,41.0,2025-03-03
2025-03-03 22:00:00,5.0,0.9,75.0,0.0,,320.0,22.0,,1013.0,,3.0,41.0,2025-03-03
2025-03-03 23:00:00,3.0,2.0,93.0,0.0,,230.0,5.5,,1014.0,,3.0,37.4,2025-03-03
2025-03-04 00:00:00,3.0,2.0,93.0,0.0,,280.0,7.0,,1014.0,,3.0,37.4,2025-03-04
2025-03-04 01:00:00,3.0,2.0,93.0,0.1,,20.0,9.3,,1015.0,,12.0,37.4,2025-03-04
2025-03-04 02:00:00,2.0,2.0,100.0,0.5,,30.0,9.3,,1015.0,,12.0,35.6,2025-03-04
2025-03-04 03:00:00,2.0,2.0,100.0,0.2,,180.0,5.5,,1016.0,,7.0,35.6,2025-03-04
2025-03-04 04:00:00,3.0,3.0,100.0,0.0,,50.0,5.5,,1017.0,,3.0,37.4,2025-03-04
2025-03-04 05:00:00,3.0,3.0,100.0,0.0,,360.0,5.5,,1017.0,,3.0,37.4,2025-03-04
2025-03-04 06:00:00,3.0,2.0,93.0,0.0,,350.0,7.0,,1017.0,,3.0,37.4,2025-03-04
2025-03-04 07:00:00,3.0,2.0,93.0,0.0,,0.0,0.0,,1018.0,,3.0,37.4,2025-03-04
2025-03-04 08:00:00,4.0,3.0,93.0,0.3,,0.0,0.0,,1019.0,,8.0,39.2,2025-03-04
2025-03-04 09:00:00,5.0,3.0,87.0,0.2,,250.0,9.0,,1020.0,,7.0,41.0,2025-03-04
2025-03-04 10:00:00,5.0,2.0,81.0,0.0,,290.0,9.3,,1020.0,,3.0,41.0,2025-03-04
2025-03-04 11:00:00,7.0,2.1,71.0,0.0,,300.0,13.0,,1020.0,,3.0,44.6,2025-03-04
2025-03-04 12:00:00,8.0,0.0,57.0,0.0,,290.0,14.8,,1020.0,,3.0,46.4,2025-03-04
2025-03-04 13:00:00,8.0,-2.1,49.0,0.2,,310.0,19.0,,1019.0,,7.0,46.4,2025-03-04
2025-03-04 14:00:00,8.0,-2.1,49.0,0.0,,290.0,15.0,,1020.0,,3.0,46.4,2025-03-04
2025-03-04 15:00:00,9.0,-2.9,43.0,0.0,,310.0,16.7,,1019.0,,3.0,48.2,2025-03-04
2025-03-04 16:00:00,9.0,-4.9,37.0,0.0,,310.0,14.8,,1019.0,,3.0,48.2,2025-03-04
2025-03-04 17:00:00,9.0,-6.0,34.0,0.0,,320.0,16.7,,1019.0,,3.0,48.2,2025-03-04
2025-03-04 18:00:00,7.0,-5.1,42.0,0.0,,320.0,16.7,,1020.0,,3.0,44.6,2025-03-04
2025-03-04 19:00:00,6.0,-3.9,49.0,0.0,,330.0,11.0,,1020.0,,3.0,42.8,2025-03-04
2025-03-04 20:00:00,3.0,-2.9,65.0,0.0,,200.0,13.0,,1020.0,,3.0,37.4,2025-03-04
2025-03-04 21:00:00,2.0,-3.9,65.0,0.0,,130.0,9.3,,1019.0,,2.0,35.6,2025-03-04
2025-03-04 22:00:00,3.0,-2.9,65.0,0.0,,120.0,9.0,,1020.0,,1.0,37.4,2025-03-04
2025-03-04 23:00:00,3.0,-2.9,65.0,0.0,,110.0,11.0,,1020.0,,1.0,37.4,2025-03-04
2025-03-05 00:00:00,3.0,-2.9,65.0,0.0,,130.0,13.0,,1020.0,,2.0,37.4,2025-03-05
2025-03-05 01:00:00,3.0,-4.0,60.0,0.0,,120.0,11.0,,1019.0,,1.0,37.4,2025-03-05
2025-03-05 02:00:00,3.0,-4.0,60.0,0.0,,140.0,9.3,,1019.0,,3.0,37.4,2025-03-05
2025-03-05 03:00:00,2.0,-2.9,70.0,0.0,,120.0,11.0,,1019.0,,1.0,35.6,2025-03-05
2025-03-05 04:00:00,3.0,-4.0,60.0,0.0,,110.0,13.0,,1019.0,,3.0,37.4,2025-03-05
2025-03-05 05:00:00,2.0,-3.9,65.0,0.0,,130.0,11.1,,1019.0,,1.0,35.6,2025-03-05
2025-03-05 06:00:00,-1.0,-3.0,86.0,0.0,,160.0,9.3,,1019.0,,1.0,30.2,2025-03-05
2025-03-05 07:00:00,1.0,-4.1,69.0,0.0,,130.0,13.0,,1019.0,,2.0,33.8,2025-03-05
2025-03-05 08:00:00,4.0,-4.0,56.0,0.0,,160.0,13.0,,1018.0,,2.0,39.2,2025-03-05
2025-03-05 09:00:00,7.0,-3.8,46.0,0.0,,140.0,24.0,,1018.0,,3.0,44.6,2025-03-05
2025-03-05 10:00:00,7.0,-3.8,46.0,0.0,,180.0,13.0,,1017.0,,3.0,44.6,2025-03-05
2025-03-05 11:00:00,11.0,-3.9,35.0,0.0,,110.0,14.8,,1016.0,,3.0,51.8,2025-03-05
2025-03-05 12:00:00,9.0,-2.0,46.0,0.0,,310.0,13.0,,1014.0,,3.0,48.2,2025-03-05
2025-03-05 13:00:00,9.0,-2.9,43.0,0.0,,290.0,7.4,,1014.0,,3.0,48.2,2025-03-05
2025-03-05 14:00:00,8.0,-1.0,53.0,0.0,,60.0,9.0,,1013.0,,3.0,46.4,2025-03-05
2025-03-05 15:00:00,8.0,0.0,57.0,0.0,,130.0,11.1,,1012.0,,3.0,46.4,2025-03-05
2025-03-05 16:00:00,6.0,3.0,81.0,0.2,,110.0,9.3,,1011.0,,7.0,42.8,2025-03-05
2025-03-05 17:00:00,5.0,3.0,87.0,0.2,,140.0,11.1,,1010.0,,7.0,41.0,2025-03-05
2025-03-05 18:00:00,5.0,4.0,93.0,0.3,,330.0,7.4,,1009.0,,8.0,41.0,2025-03-05
2025-03-05 19:00:00,4.0,4.0,100.0,0.5,,117.0,5.8,,1009.0,,8.0,39.2,2025-03-05
2025-03-05 20:00:00,4.0,4.0,100.0,0.5,,130.0,13.0,,1008.0,,8.0,39.2,2025-03-05
2025-03-05 21:00:00,5.0,3.0,87.0,0.7,,150.0,22.0,,1006.0,,8.0,41.0,2025-03-05
2025-03-05 22:00:00,4.0,3.0,93.0,0.7,,170.0,14.8,,1006.0,,8.0,39.2,2025-03-05
2025-03-05 23:00:00,4.0,4.0,100.0,0.4,,180.0,7.4,,1005.0,,8.0,39.2,2025-03-05
2025-03-06 00:00:00,4.0,4.0,100.0,0.3,,190.0,11.1,,1004.0,,8.0,39.2,2025-03-06
2025-03-06 01:00:00,4.0,3.0,93.0,0.0,,170.0,11.0,,1004.0,,3.0,39.2,2025-03-06
2025-03-06 02:00:00,4.0,4.0,100.0,0.4,,180.0,7.4,,1002.0,,8.0,39.2,2025-03-06
2025-03-06 03:00:00,4.0,4.0,100.0,0.4,,0.0,0.0,,1002.0,,8.0,39.2,2025-03-06
2025-03-06 04:00:00,4.0,4.0,100.0,0.2,,70.0,9.0,,1001.0,,7.0,39.2,2025-03-06
2025-03-06 05:00:00,4.0,4.0,100.0,0.9,,110.0,13.0,,1000.0,,8.0,39.2,2025-03-06
2025-03-06 06:00:00,3.0,3.0,100.0,0.8,,110.0,11.0,,999.0,,8.0,37.4,2025-03-06
2025-03-06 07:00:00,4.0,4.0,100.0,0.5,,250.0,7.0,,999.0,,8.0,39.2,2025-03-06
2025-03-06 08:00:00,4.0,4.0,100.0,0.4,,0.0,0.0,,998.0,,8.0,39.2,2025-03-06
2025-03-06 09:00:00,5.0,5.0,100.0,0.3,,270.0,7.0,,998.0,,8.0,41.0,2025-03-06
2025-03-06 10:00:00,4.0,4.0,100.0,0.6,,0.0,0.0,,997.0,,8.0,39.2,2025-03-06
2025-03-06 11:00:00,3.0,2.0,93.0,2.3,,220.0,22.2,,998.0,,9.0,37.4,2025-03-06
2025-03-06 12:00:00,3.0,3.0,100.0,1.4,,190.0,20.0,,998.0,,9.0,37.4,2025-03-06
2025-03-06 13:00:00,5.0,4.0,93.0,0.5,,10.0,13.0,,996.0,,8.0,41.0,2025-03-06
2025-03-06 14:00:00,3.0,-1.0,75.0,0.0,,280.0,9.0,,997.0,,3.0,37.4,2025-03-06
2025-03-06 15:00:00,6.0,-1.0,61.0,0.0,,30.0,14.8,,997.0,,3.0,42.8,2025-03-06
2025-03-06 16:00:00,6.0,-1.9,57.0,0.0,,230.0,30.0,,997.0,,3.0,42.8,2025-03-06
2025-03-06 17:00:00,4.0,0.0,75.0,0.0,,230.0,30.0,,998.0,,3.0,39.2,2025-03-06
2025-03-06 18:00:00,3.0,-1.0,75.0,0.0,,180.0,7.4,,1000.0,,2.0,37.4,2025-03-06
2025-03-06 19:00:00,3.0,0.1,81.0,0.0,,240.0,30.0,,1000.0,,3.0,37.4,2025-03-06
2025-03-06 20:00:00,2.0,1.0,93.0,0.0,,200.0,22.2,,1002.0,,3.0,35.6,2025-03-06
2025-03-06 21:00:00,3.0,1.0,87.0,0.0,,0.0,0.0,,1002.0,,3.0,37.4,2025-03-06
2025-03-06 22:00:00,3.0,0.1,81.0,0.2,,220.0,35.0,,1004.0,,12.0,37.4,2025-03-06
2025-03-06 23:00:00,2.0,0.1,87.0,0.5,,210.0,24.0,,1004.0,,12.0,35.6,2025-03-06
2025-03-07 00:00:00,1.0,0.0,93.0,1.3,,210.0,22.0,,1005.0,,13.0,33.8,2025-03-07
2025-03-07 01:00:00,1.0,0.0,93.0,1.0,,200.0,17.3,,1007.0,,13.0,33.8,2025-03-07
2025-03-07 02:00:00,0.0,0.0,100.0,1.2,,220.0,17.0,,1007.0,,13.0,32.0,2025-03-07
2025-03-07 03:00:00,0.0,0.0,100.0,1.2,,230.0,16.7,,1008.0,,13.0,32.0,2025-03-07
2025-03-07 04:00:00,0.0,0.0,100.0,1.0,,240.0,15.0,,1009.0,,13.0,32.0,2025-03-07
2025-03-07 05:00:00,0.0,0.0,100.0,0.7,,250.0,14.8,,1010.0,,15.0,32.0,2025-03-07
2025-03-07 06:00:00,0.0,0.0,100.0,0.9,,250.0,9.3,,1011.0,,15.0,32.0,2025-03-07
2025-03-07 07:00:00,0.0,0.0,100.0,0.7,,310.0,7.0,,1012.0,,15.0,32.0,2025-03-07
2025-03-07 08:00:00,0.0,0.0,100.0,0.5,,310.0,14.8,,1013.0,,15.0,32.0,2025-03-07
2025-03-07 09:00:00,1.0,-0.9,87.0,0.2,,310.0,17.0,,1014.0,,14.0,33.8,2025-03-07
2025-03-07 10:00:00,2.0,-2.0,75.0,0.0,,320.0,19.0,,1015.0,,3.0,35.6,2025-03-07
2025-03-07 11:00:00,2.0,-2.0,75.0,0.0,,310.0,16.7,,1015.0,,3.0,35.6,2025-03-07
2025-03-07 12:00:00,3.0,-1.9,70.0,0.0,,310.0,16.7,,1015.0,,3.0,37.4,2025-03-07
2025-03-07 13:00:00,2.0,-2.0,75.0,0.0,,240.0,16.7,,1015.0,,3.0,35.6,2025-03-07
2025-03-07 14:00:00,3.0,-2.9,65.0,0.0,,310.0,18.5,,1015.0,,3.0,37.4,2025-03-07
2025-03-07 15:00:00,4.0,-2.0,65.0,0.0,,330.0,20.0,,1015.0,,3.0,39.2,2025-03-07
2025-03-07 16:00:00,4.0,-2.0,65.0,0.0,,10.0,9.3,,1016.0,,3.0,39.2,2025-03-07
2025-03-07 17:00:00,3.0,-1.9,70.0,0.0,,330.0,24.0,,1017.0,,3.0,37.4,2025-03-07
2025-03-07 18:00:00,3.0,-1.9,70.0,0.0,,340.0,22.2,,1017.0,,3.0,37.4,2025-03-07
2025-03-07 19:00:00,3.0,-2.9,65.0,0.0,,340.0,32.0,,1018.0,,3.0,37.4,2025-03-07
2025-03-07 20:00:00,3.0,-2.9,65.0,0.0,,340.0,27.8,,1019.0,,3.0,37.4,2025-03-07
2025-03-07 21:00:00,3.0,-2.9,65.0,0.0,,360.0,20.0,,1020.0,,3.0,37.4,2025-03-07
2025-03-07 22:00:00,2.0,-2.9,70.0,0.0,,330.0,27.8,,1021.0,,3.0,35.6,2025-03-07
2025-03-07 23:00:00,2.0,-2.9,70.0,0.0,,330.0,24.1,,1021.0,,3.0,35.6,2025-03-07
2025-03-08 00:00:00,0.0,-3.0,80.0,0.0,,360.0,13.0,,1022.0,,2.0,32.0,2025-03-08
2025-03-08 01:00:00,0.0,-3.0,80.0,0.0,,30.0,7.4,,1022.0,,3.0,32.0,2025-03-08
2025-03-08 02:00:00,-3.0,-3.0,100.0,0.0,,100.0,7.0,,1022.0,,2.0,26.6,2025-03-08
2025-03-08 03:00:00,-2.0,-3.0,93.0,0.0,,80.0,13.0,,1022.0,,3.0,28.4,2025-03-08
2025-03-08 04:00:00,-3.0,-4.0,93.0,0.0,,140.0,7.0,,1023.0,,3.0,26.6,2025-03-08
2025-03-08 05:00:00,-3.0,-4.0,93.0,0.0,,160.0,7.4,,1024.0,,3.0,26.6,2025-03-08
2025-03-08 06:00:00,-3.0,-4.0,93.0,0.0,,110.0,9.3,,1025.0,,3.0,26.6,2025-03-08
2025-03-08 07:00:00,-3.0,-4.0,93.0,0.0,,110.0,7.0,,1025.0,,5.0,26.6,2025-03-08
2025-03-08 08:00:00,0.0,-3.0,80.0,0.0,,120.0,11.1,,1027.0,,5.0,32.0,2025-03-08
2025-03-08 09:00:00,3.0,-1.9,70.0,0.0,,230.0,6.0,,1028.0,,5.0,37.4,2025-03-08
2025-03-08 10:00:00,4.0,-2.0,65.0,0.0,,220.0,11.0,,1028.0,,5.0,39.2,2025-03-08
2025-03-08 11:00:00,4.0,-2.0,65.0,0.0,,310.0,7.4,,1028.0,,2.0,39.2,2025-03-08
2025-03-08 12:00:00,5.0,-3.1,56.0,0.0,,276.0,7.4,,1028.0,,1.0,41.0,2025-03-08
2025-03-08 13:00:00,7.0,-6.0,39.0,0.0,,320.0,11.0,,1027.0,,1.0,44.6,2025-03-08
2025-03-08 14:00:00,7.0,-5.1,42.0,0.0,,270.0,13.0,,1027.0,,1.0,44.6,2025-03-08
2025-03-08 15:00:00,7.0,-5.1,42.0,0.0,,270.0,11.0,,1027.0,,1.0,44.6,2025-03-08
2025-03-08 16:00:00,7.0,-6.0,39.0,0.0,,310.0,5.5,,1027.0,,1.0,44.6,2025-03-08
2025-03-08 17:00:00,6.0,-3.9,49.0,0.0,,0.0,0.0,,1027.0,,1.0,42.8,2025-03-08
2025-03-08 18:00:00,6.0,-3.9,49.0,0.0,,0.0,0.0,,1028.0,,1.0,42.8,2025-03-08
2025-03-08 19:00:00,3.0,-1.9,70.0,0.0,,110.0,13.0,,1028.0,,1.0,37.4,2025-03-08
2025-03-08 20:00:00,2.0,-2.9,70.0,0.0,,110.0,9.3,,1029.0,,1.0,35.6,2025-03-08
2025-03-08 21:00:00,2.0,-2.9,70.0,0.0,,110.0,7.0,,1029.0,,1.0,35.6,2025-03-08
2025-03-08 22:00:00,1.0,-2.9,75.0,0.0,,130.0,13.0,,1029.0,,1.0,33.8,2025-03-08
2025-03-08 23:00:00,1.0,-2.9,75.0,0.0,,120.0,13.0,,1029.0,,1.0,33.8,2025-03-08
2025-03-09 00:00:00,1.0,-4.1,69.0,0.0,,130.0,15.0,,1028.0,,1.0,33.8,2025-03-09
2025-03-09 01:00:00,1.0,-4.1,69.0,0.0,,120.0,20.4,,1029.0,,1.0,33.8,2025-03-09
2025-03-09 02:00:00,1.0,-4.6,66.5,0.0,,125.0,22.25,,1028.5,,1.0,33.8,2025-03-09
2025-03-09 03:00:00,1.0,-5.1,64.0,0.0,,130.0,24.1,,1028.0,,1.0,33.8,2025-03-09
2025-03-09 04:00:00,1.0,-5.1,64.0,0.0,,120.0,22.0,,1028.0,,1.0,33.8,2025-03-09
2025-03-09 05:00:00,0.0,-5.0,69.0,0.0,,130.0,22.2,,1028.0,,2.0,32.0,2025-03-09
2025-03-09 06:00:00,0.0,-6.0,64.0,0.0,,130.0,20.0,,1028.0,,2.0,32.0,2025-03-09
2025-03-09 07:00:00,0.0,-6.0,64.0,0.0,,130.0,18.5,,1028.0,,5.0,32.0,2025-03-09
2025-03-09 08:00:00,0.0,-6.0,64.0,0.0,,140.0,22.0,,1028.0,,5.0,32.0,2025-03-09
2025-03-09 09:00:00,2.0,-6.1,55.0,0.0,,120.0,25.9,,1028.0,,5.0,35.6,2025-03-09
2025-03-09 10:00:00,5.0,-5.1,48.0,0.0,,150.0,22.0,,1028.0,,2.0,41.0,2025-03-09
2025-03-09 11:00:00,6.0,-5.0,45.0,0.0,,150.0,16.7,,1028.0,,1.0,42.8,2025-03-09
2025-03-09 12:00:00,9.0,-3.9,40.0,0.0,,150.0,14.8,,1027.0,,1.0,48.2,2025-03-09
2025-03-09 13:00:00,10.0,-2.0,43.0,0.0,,340.0,7.0,,1026.0,,1.0,50.0,2025-03-09
2025-03-09 14:00:00,10.0,-1.1,46.0,0.0,,320.0,9.3,,1025.0,,1.0,50.0,2025-03-09
2025-03-09 15:00:00,13.0,-2.1,35.0,0.0,,40.0,7.0,,1024.0,,1.0,55.4,2025-03-09
2025-03-09 16:00:00,13.0,-2.9,33.0,0.0,,40.0,5.5,,1023.0,,1.0,55.4,2025-03-09
2025-03-09 17:00:00,13.0,-2.1,35.0,0.0,,350.0,7.0,,1022.0,,1.0,55.4,2025-03-09
2025-03-09 18:00:00,13.0,-2.1,35.0,0.0,,0.0,0.0,,1022.0,,1.0,55.4,2025-03-09
2025-03-09 19:00:00,11.0,0.1,47.0,0.0,,0.0,0.0,,1021.0,,1.0,51.8,2025-03-09
2025-03-09 20:00:00,6.0,0.9,70.0,0.0,,120.0,13.0,,1021.0,,1.0,42.8,2025-03-09
2025-03-09 21:00:00,6.0,-1.0,61.0,0.0,,130.0,11.1,,1021.0,,1.0,42.8,2025-03-09
2025-03-09 22:00:00,6.0,-1.9,57.0,0.0,,130.0,9.3,,1021.0,,1.0,42.8,2025-03-09
2025-03-09 23:00:00,6.0,-2.9,53.0,0.0,,140.0,13.0,,1021.0,,1.0,42.8,2025-03-09
2025-03-10 00:00:00,6.0,-2.9,53.0,0.0,,130.0,22.0,,1021.0,,1.0,42.8,2025-03-10
2025-03-10 01:00:00,6.0,-3.9,49.0,0.0,,130.0,22.0,,1020.0,,1.0,42.8,2025-03-10
2025-03-10 02:00:00,6.0,-3.9,49.0,0.0,,130.0,25.9,,1020.0,,1.0,42.8,2025-03-10
2025-03-10 03:00:00,5.0,-5.1,48.0,0.0,,140.0,20.0,,1019.0,,1.0,41.0,2025-03-10
2025-03-10 04:00:00,5.0,-5.1,48.0,0.0,,130.0,26.0,,1019.0,,1.0,41.0,2025-03-10
2025-03-10 05:00:00,4.0,-5.0,52.0,0.0,,130.0,26.0,,1018.0,,1.0,39.2,2025-03-10
2025-03-10 06:00:00,3.0,-4.9,56.0,0.0,,120.0,18.5,,1018.0,,1.0,37.4,2025-03-10
2025-03-10 07:00:00,3.0,-5.9,52.0,0.0,,140.0,18.5,,1018.0,,1.0,37.4,2025-03-10
2025-03-10 08:00:00,5.0,-6.0,45.0,0.0,,130.0,22.0,,1018.0,,1.0,41.0,2025-03-10
2025-03-10 09:00:00,5.0,-6.0,45.0,0.0,,130.0,18.5,,1018.0,,1.0,41.0,2025-03-10
2025-03-10 10:00:00,10.0,-6.0,32.0,0.0,,160.0,22.0,,1019.0,,1.0,50.0,2025-03-10
2025-03-10 11:00:00,11.0,-5.9,30.0,0.0,,120.0,22.2,,1018.0,,1.0,51.8,2025-03-10
2025-03-10 12:00:00,15.0,-7.8,20.0,0.0,,150.0,9.0,,1017.0,,1.0,59.0,2025-03-10
2025-03-10 13:00:00,15.0,-9.2,18.0,0.0,,20.0,5.5,,1017.0,,3.0,59.0,2025-03-10
2025-03-10 14:00:00,17.0,-8.3,17.0,0.0,,350.0,17.0,,1014.0,,2.0,62.6,2025-03-10
2025-03-10 15:00:00,16.0,-7.0,20.0,0.0,,360.0,16.7,,1014.0,,3.0,60.8,2025-03-10
2025-03-10 16:00:00,17.0,-9.0,16.0,0.0,,0.0,0.0,,1013.0,,3.0,62.6,2025-03-10
2025-03-10 17:00:00,17.0,-8.3,17.0,0.0,,330.0,11.1,,1012.0,,3.0,62.6,2025-03-10
2025-03-10 18:00:00,15.0,-6.0,23.0,0.0,,340.0,9.0,,1012.0,,2.0,59.0,2025-03-10
2025-03-10 19:00:00,13.0,-6.1,26.0,0.0,,20.0,9.3,,1012.0,,2.0,55.4,2025-03-10
2025-03-10 20:00:00,8.0,-5.1,39.0,0.0,,100.0,11.0,,1012.0,,3.0,46.4,2025-03-10
2025-03-10 21:00:00,8.0,-3.8,43.0,0.0,,120.0,13.0,,1012.0,,2.0,46.4,2025-03-10
2025-03-10 22:00:00,7.0,-3.8,46.0,0.0,,110.0,16.7,,1012.0,,2.0,44.6,2025-03-10
2025-03-10 23:00:00,7.0,-6.0,39.0,0.0,,130.0,22.0,,1012.0,,2.0,44.6,2025-03-10
2025-03-11 00:00:00,7.0,-6.0,39.0,0.0,,130.0,22.2,,1012.0,,3.0,44.6,2025-03-11
2025-03-11 01:00:00,6.0,-6.0,42.0,0.0,,110.0,20.4,,1012.0,,1.0,42.8,2025-03-11
2025-03-11 02:00:00,5.0,-6.0,45.0,0.0,,120.0,13.0,,1012.0,,2.0,41.0,2025-03-11
2025-03-11 03:00:00,3.0,-5.9,52.0,0.0,,130.0,16.7,,1012.0,,2.0,37.4,2025-03-11
2025-03-11 04:00:00,2.0,-6.1,55.0,0.0,,110.0,11.0,,1012.0,,2.0,35.6,2025-03-11
2025-03-11 05:00:00,1.0,-5.9,60.0,0.0,,110.0,5.5,,1012.0,,3.0,33.8,2025-03-11
2025-03-11 06:00:00,2.0,-5.0,60.0,0.0,,120.0,16.7,,1012.0,,3.0,35.6,2025-03-11
2025-03-11 07:00:00,2.0,-6.1,55.0,0.0,,110.0,9.3,,1012.0,,3.0,35.6,2025-03-11
2025-03-11 08:00:00,5.0,-6.9,42.0,0.0,,130.0,24.0,,1012.0,,3.0,41.0,2025-03-11
2025-03-11 09:00:00,9.0,-6.8,32.0,0.0,,140.0,15.0,,1011.0,,2.0,48.2,2025-03-11
2025-03-11 10:00:00,12.0,-9.1,22.0,0.0,,130.0,7.4,,1011.0,,2.0,53.6,2025-03-11
2025-03-11 11:00:00,13.0,-8.2,22.0,0.0,,190.0,9.0,,1011.0,,3.0,55.4,2025-03-11
2025-03-11 12:00:00,15.0,-7.8,20.0,0.0,,180.0,14.8,,1011.0,,3.0,59.0,2025-03-11
2025-03-11 13:00:00,16.0,-9.1,17.0,0.0,,0.0,0.0,,1009.0,,3.0,60.8,2025-03-11
2025-03-11 14:00:00,16.0,-7.0,20.0,0.0,,330.0,17.0,,1009.0,,3.0,60.8,2025-03-11
2025-03-11 15:00:00,17.0,-8.3,17.0,0.0,,280.0,7.4,,1008.0,,3.0,62.6,2025-03-11
2025-03-11 16:00:00,18.0,-9.1,15.0,0.0,,230.0,25.9,,1008.0,,3.0,64.4,2025-03-11
2025-03-11 17:00:00,17.0,-9.0,16.0,0.0,,240.0,25.9,,1008.0,,3.0,62.6,2025-03-11
2025-03-11 18:00:00,14.0,-9.3,19.0,0.0,,230.0,13.0,,1008.0,,3.0,57.2,2025-03-11
2025-03-11 19:00:00,13.0,-8.2,22.0,0.0,,0.0,0.0,,1008.0,,3.0,55.4,2025-03-11
2025-03-11 20:00:00,10.0,-6.0,32.0,0.0,,110.0,9.0,,1008.0,,3.0,50.0,2025-03-11
2025-03-11 21:00:00,9.0,-6.0,34.0,0.0,,180.0,7.4,,1008.0,,3.0,48.2,2025-03-11
2025-03-11 22:00:00,7.0,-3.8,46.0,0.0,,140.0,7.0,,1009.0,,3.0,44.6,2025-03-11
2025-03-11 23:00:00,7.0,-5.1,42.0,0.0,,100.0,14.8,,1009.0,,3.0,44.6,2025-03-11
2025-03-12 00:00:00,7.0,-5.1,42.0,0.0,,130.0,13.0,,1009.0,,3.0,44.6,2025-03-12
2025-03-12 01:00:00,-1.0,-3.7,82.0,0.0,,107.0,10.4,,1006.9,,3.0,30.2,2025-03-12
2025-03-12 02:00:00,-1.9,-4.7,81.0,0.0,,104.0,11.5,,1007.6,,2.0,28.580000000000002,2025-03-12
2025-03-12 03:00:00,-2.7,-5.5,81.0,0.0,,103.0,10.4,,1008.0,,1.0,27.14,2025-03-12
2025-03-12 04:00:00,-3.3,-5.9,82.0,0.0,,104.0,9.0,,1008.5,,1.0,26.060000000000002,2025-03-12
2025-03-12 05:00:00,-3.0,-6.0,80.0,0.0,,105.0,8.6,,1009.5,,3.0,26.6,2025-03-12
2025-03-12 06:00:00,-3.5,-6.6,79.0,0.0,,104.0,8.3,,1010.4,,1.0,25.7,2025-03-12
2025-03-12 07:00:00,-3.6,-7.0,77.0,0.0,,105.0,8.3,,1011.1,,1.0,25.52,2025-03-12
2025-03-12 08:00:00,-3.7,-7.3,76.0,0.0,,106.0,8.3,,1012.1,,1.0,25.34,2025-03-12
2025-03-12 09:00:00,-0.8,-5.4,71.0,0.0,,110.0,9.4,,1013.0,,1.0,30.56,2025-03-12
2025-03-12 10:00:00,4.6,-3.0,58.0,0.0,,93.0,7.2,,1013.1,,1.0,40.28,2025-03-12
2025-03-12 11:00:00,8.2,-2.7,46.0,0.0,,59.0,6.1,,1012.5,,1.0,46.76,2025-03-12
2025-03-12 12:00:00,10.6,-2.5,40.0,0.0,,348.0,11.5,,1010.9,,1.0,51.08,2025-03-12
2025-03-12 13:00:00,12.3,-2.7,35.0,0.0,,266.0,13.3,,1009.7,,3.0,54.14,2025-03-12
2025-03-12 14:00:00,13.3,-2.6,33.0,0.0,,264.0,14.8,,1008.6,,2.0,55.94,2025-03-12
2025-03-12 15:00:00,14.1,-3.2,30.0,0.0,,250.0,16.9,,1007.4,,3.0,57.379999999999995,2025-03-12
2025-03-12 16:00:00,14.7,-3.2,29.0,0.0,,224.0,17.6,,1006.2,,3.0,58.459999999999994,2025-03-12
2025-03-12 17:00:00,15.1,-4.3,26.0,0.0,,244.0,20.2,,1004.9,,3.0,59.18,2025-03-12
2025-03-12 18:00:00,13.2,-0.1,40.0,0.0,,255.0,18.4,,1005.2,,2.0,55.76,2025-03-12
2025-03-12 19:00:00,10.6,0.6,50.0,0.0,,228.0,13.7,,1005.7,,2.0,51.08,2025-03-12
2025-03-12 20:00:00,8.4,-1.2,51.0,0.0,,161.0,14.4,,1006.0,,2.0,47.120000000000005,2025-03-12
2025-03-12 21:00:00,5.5,-1.0,63.0,0.0,,146.0,15.1,,1006.7,,3.0,41.9,2025-03-12
2025-03-12 22:00:00,4.8,-1.4,64.0,0.0,,152.0,14.8,,1007.4,,3.0,40.64,2025-03-12
2025-03-12 23:00:00,3.4,-1.4,71.0,0.0,,142.0,12.6,,1007.7,,3.0,38.12,2025-03-12
2025-03-13 00:00:00,1.5,-1.1,83.0,0.0,,132.0,10.4,,1007.4,,3.0,34.7,2025-03-13
2025-03-13 01:00:00,0.3,-1.3,89.0,0.0,,117.0,8.6,,1006.7,,3.0,32.54,2025-03-13
2025-03-13 02:00:00,1.1,-1.6,82.0,0.0,,123.0,10.1,,1006.6,,3.0,33.98,2025-03-13
2025-03-13 03:00:00,2.2,-1.8,75.0,0.0,,125.0,9.7,,1006.4,,3.0,35.96,2025-03-13
2025-03-13 04:00:00,1.3,-2.1,78.0,0.0,,120.0,9.7,,1005.6,,3.0,34.34,2025-03-13
2025-03-13 05:00:00,1.5,-2.3,76.0,0.0,,118.0,10.4,,1004.8,,3.0,34.7,2025-03-13
2025-03-13 06:00:00,2.0,-2.1,74.0,0.0,,121.0,10.4,,1004.3,,3.0,35.6,2025-03-13
2025-03-13 07:00:00,2.1,-2.1,74.0,0.0,,120.0,10.4,,1004.1,,3.0,35.78,2025-03-13
2025-03-13 08:00:00,1.9,-2.1,75.0,0.0,,117.0,11.2,,1003.9,,3.0,35.42,2025-03-13
2025-03-13 09:00:00,3.0,-1.6,72.0,0.0,,114.0,11.5,,1003.4,,3.0,37.4,2025-03-13
2025-03-13 10:00:00,4.7,-0.5,69.0,0.0,,122.0,8.6,,1003.1,,3.0,40.46,2025-03-13
2025-03-13 11:00:00,6.2,1.3,71.0,1.7,,109.0,4.3,,1003.5,,9.0,43.16,2025-03-13
2025-03-13 12:00:00,7.3,3.0,74.0,0.9,,39.0,7.9,,1002.1,,8.0,45.14,2025-03-13
2025-03-13 13:00:00,9.6,2.2,60.0,0.0,,16.0,10.4,,998.7,,3.0,49.28,2025-03-13
2025-03-13 14:00:00,9.7,2.3,60.0,0.4,,255.0,9.7,,997.5,,8.0,49.46,2025-03-13
2025-03-13 15:00:00,7.6,3.5,75.0,1.6,,350.0,12.6,,997.7,,9.0,45.68,2025-03-13
2025-03-13 16:00:00,7.0,3.8,80.0,0.9,,64.0,14.4,,997.7,,8.0,44.6,2025-03-13
2025-03-13 17:00:00,6.2,4.2,87.0,0.5,,127.0,14.8,,996.9,,8.0,43.16,2025-03-13
2025-03-13 18:00:00,5.5,3.7,88.0,0.6,,94.0,13.3,,996.7,,8.0,41.9,2025-03-13
2025-03-13 19:00:00,4.6,3.4,92.0,0.0,,70.0,10.1,,996.3,,3.0,40.28,2025-03-13
2025-03-13 20:00:00,3.6,2.7,94.0,0.2,,156.0,6.8,,996.6,,7.0,38.48,2025-03-13
2025-03-13 21:00:00,3.6,2.1,90.0,0.2,,272.0,11.9,,996.7,,7.0,38.48,2025-03-13
2025-03-13 22:00:00,2.0,1.0,93.0,0.7,,249.0,17.6,,999.3,,12.0,35.6,2025-03-13
2025-03-13 23:00:00,1.2,0.6,96.0,0.9,,282.0,16.2,,1000.3,,12.0,34.16,2025-03-13
2025-03-14 00:00:00,0.9,0.3,96.0,0.7,,289.0,15.5,,1001.4,,12.0,33.62,2025-03-14
2025-03-14 01:00:00,0.7,-0.3,93.0,0.3,,272.0,14.0,,1001.7,,12.0,33.26,2025-03-14
2025-03-14 02:00:00,0.7,-0.6,91.0,0.2,,270.0,13.7,,1002.6,,12.0,33.26,2025-03-14
2025-03-14 03:00:00,0.2,-1.2,90.0,0.9,,281.0,13.3,,1003.7,,15.0,32.36,2025-03-14
2025-03-14 04:00:00,-0.2,-1.3,92.0,0.8,,292.0,13.7,,1004.7,,15.0,31.64,2025-03-14
2025-03-14 05:00:00,-0.6,-2.0,90.0,0.3,,255.0,10.8,,1005.7,,15.0,30.92,2025-03-14
2025-03-14 06:00:00,-1.1,-2.8,88.0,0.5,,243.0,9.7,,1006.9,,15.0,30.02,2025-03-14
2025-03-14 07:00:00,-2.0,-3.9,87.0,0.4,,222.0,8.3,,1008.1,,15.0,28.4,2025-03-14
2025-03-14 08:00:00,-2.1,-4.9,81.0,0.2,,207.0,7.9,,1009.4,,21.0,28.22,2025-03-14
2025-03-14 09:00:00,-1.0,-4.9,75.0,0.0,,203.0,9.4,,1010.5,,3.0,30.2,2025-03-14
2025-03-14 10:00:00,0.2,-4.8,69.0,0.0,,240.0,10.4,,1010.8,,3.0,32.36,2025-03-14
2025-03-14 11:00:00,1.0,-4.6,66.0,0.0,,261.0,12.6,,1011.1,,3.0,33.8,2025-03-14
2025-03-14 12:00:00,1.8,-4.9,61.0,0.0,,278.0,13.0,,1010.6,,3.0,35.24,2025-03-14
2025-03-14 13:00:00,2.5,-5.2,57.0,0.0,,292.0,13.0,,1009.6,,3.0,36.5,2025-03-14
2025-03-14 14:00:00,2.9,-5.3,55.0,0.0,,314.0,13.0,,1008.5,,3.0,37.22,2025-03-14
2025-03-14 15:00:00,3.1,-4.6,57.0,0.0,,353.0,11.9,,1007.5,,3.0,37.58,2025-03-14
2025-03-14 16:00:00,2.9,-4.6,58.0,0.0,,16.0,9.7,,1007.1,,3.0,37.22,2025-03-14
2025-03-14 17:00:00,2.4,-3.3,66.0,0.2,,33.0,8.6,,1007.5,,7.0,36.32,2025-03-14
2025-03-14 18:00:00,1.4,-2.9,73.0,0.5,,65.0,9.7,,1008.1,,12.0,34.52,2025-03-14
2025-03-14 19:00:00,0.8999999999999999,-3.0666666666666664,74.83333333333333,0.49691358024691357,,75.66666666666667,8.566666666666666,,1008.0166666666667,,11.944444444444445,33.62,2025-03-14
2025-03-14 20:00:00,0.3999999999999999,-3.2333333333333334,76.66666666666667,0.49382716049382713,,86.33333333333333,7.433333333333334,,1007.9333333333334,,11.88888888888889,32.72,2025-03-14
2025-03-14 21:00:00,-0.10000000000000009,-3.4,78.5,0.49074074074074076,,97.0,6.3,,1007.85,,11.833333333333334,31.82,2025-03-14
2025-03-14 22:00:00,-0.6000000000000001,-3.5666666666666664,80.33333333333333,,,107.66666666666666,5.166666666666667,,1007.7666666666667,,,30.92,2025-03-14
2025-03-14 23:00:00,-1.1,-3.7333333333333334,82.16666666666667,,,118.33333333333333,4.033333333333334,,1007.6833333333334,,,30.02,2025-03-14
2025-03-15 00:00:00,-1.6,-3.9,84.0,,,129.0,2.9,,1007.6,,,29.12,2025-03-15
2025-03-15 01:00:00,-1.5833333333333335,-4.033333333333333,83.16666666666667,,,142.16666666666666,2.716666666666667,,1007.7833333333333,,,29.15,2025-03-15
2025-03-15 02:00:00,-1.5666666666666667,-4.166666666666667,82.33333333333333,,,155.33333333333334,2.533333333333333,,1007.9666666666667,,,29.18,2025-03-15
2025-03-15 03:00:00,-1.55,-4.3,81.5,,,168.5,2.35,,1008.1500000000001,,,29.21,2025-03-15
2025-03-15 04:00:00,-1.5333333333333334,-4.433333333333334,80.66666666666667,,,181.66666666666666,2.1666666666666665,,1008.3333333333334,,,29.24,2025-03-15
2025-03-15 05:00:00,-1.5166666666666666,-4.566666666666666,79.83333333333333,,,194.83333333333331,1.9833333333333334,,1008.5166666666667,,,29.27,2025-03-15
2025-03-15 06:00:00,-1.5,-4.7,79.0,,,208.0,1.8,,1008.7,,,29.3,2025-03-15
2025-03-15 07:00:00,-1.1166666666666667,-4.266666666666667,79.33333333333333,,,222.5,2.1,,1009.6666666666667,,,29.99,2025-03-15
2025-03-15 08:00:00,-0.7333333333333334,-3.8333333333333335,79.66666666666667,,,237.0,2.4,,1010.6333333333333,,,30.68,2025-03-15
2025-03-15 09:00:00,-0.3500000000000001,-3.4000000000000004,80.0,,,251.5,2.7,,1011.6,,,31.37,2025-03-15
2025-03-15 10:00:00,0.033333333333333215,-2.966666666666667,80.33333333333333,,,266.0,3.0,,1012.5666666666667,,,32.06,2025-03-15
2025-03-15 11:00:00,0.4166666666666665,-2.533333333333333,80.66666666666667,,,280.5,3.3,,1013.5333333333333,,,32.75,2025-03-15
2025-03-15 12:00:00,0.8,-2.1,81.0,,,295.0,3.6,,1014.5,,,33.44,2025-03-15
2025-03-15 13:00:00,0.9333333333333333,-2.3333333333333335,79.0,,,300.8333333333333,3.6,,1014.9,,,33.68,2025-03-15
2025-03-15 14:00:00,1.0666666666666667,-2.566666666666667,77.0,,,306.6666666666667,3.6,,1015.3,,,33.92,2025-03-15
2025-03-15 15:00:00,1.2000000000000002,-2.8,75.0,,,312.5,3.6,,1015.7,,,34.16,2025-03-15
2025-03-15 16:00:00,1.3333333333333335,-3.033333333333333,73.0,,,318.3333333333333,3.6,,1016.1,,,34.4,2025-03-15
2025-03-15 17:00:00,1.4666666666666668,-3.2666666666666666,71.0,,,324.1666666666667,3.6,,1016.5,,,34.64,2025-03-15
2025-03-15 18:00:00,1.6,-3.5,69.0,,,330.0,3.6,,1016.9,,,34.88,2025-03-15
2025-03-15 19:00:00,0.2500000000000002,-4.4,71.33333333333333,,,293.6666666666667,3.966666666666667,,1017.95,,,32.45,2025-03-15
2025-03-15 20:00:00,-1.0999999999999996,-5.3,73.66666666666667,,,257.3333333333333,4.333333333333333,,1019.0,,,30.02,2025-03-15
2025-03-15 21:00:00,-2.4499999999999997,-6.2,76.0,,,221.0,4.7,,1020.05,,,27.59,2025-03-15
2025-03-15 22:00:00,-3.7999999999999994,-7.1,78.33333333333333,,,184.66666666666666,5.066666666666666,,1021.1,,,25.16,2025-03-15
2025-03-15 23:00:00,-5.149999999999999,-8.0,80.66666666666667,,,148.33333333333331,5.433333333333334,,1022.1500000000001,,,22.730000000000004,2025-03-15
2025-03-16 00:00:00,-6.5,-8.9,83.0,,,112.0,5.8,,1023.2,,,20.3,2025-03-16
2025-03-16 01:00:00,-6.666666666666667,-9.2,82.16666666666667,,,111.83333333333333,6.15,,1024.0,,,20.0,2025-03-16
2025-03-16 02:00:00,-6.833333333333333,-9.5,81.33333333333333,,,111.66666666666667,6.5,,1024.8,,,19.7,2025-03-16
2025-03-16 03:00:00,-7.0,-9.8,80.5,,,111.5,6.85,,1025.6,,,19.4,2025-03-16
2025-03-16 04:00:00,-7.166666666666667,-10.1,79.66666666666667,,,111.33333333333333,7.2,,1026.4,,,19.1,2025-03-16
2025-03-16 05:00:00,-7.333333333333333,-10.399999999999999,78.83333333333333,,,111.16666666666667,7.550000000000001,,1027.2,,,18.8,2025-03-16
2025-03-16 06:00:00,-7.5,-10.7,78.0,,,111.0,7.9,,1028.0,,,18.5,2025-03-16
2025-03-16 07:00:00,-5.6,-9.516666666666666,74.66666666666667,,,93.83333333333333,7.066666666666667,,1028.1,,,21.92,2025-03-16
2025-03-16 08:00:00,-3.6999999999999997,-8.333333333333332,71.33333333333333,,,76.66666666666666,6.233333333333333,,1028.2,,,25.34,2025-03-16
2025-03-16 09:00:00,-1.7999999999999998,-7.1499999999999995,68.0,,,59.5,5.4,,1028.3,,,28.76,2025-03-16
2025-03-16 10:00:00,0.10000000000000053,-5.966666666666666,64.66666666666667,,,42.33333333333333,4.566666666666666,,1028.3999999999999,,,32.18,2025-03-16
2025-03-16 11:00:00,2.0,-4.783333333333332,61.33333333333333,,,25.166666666666657,3.7333333333333334,,1028.5,,,35.6,2025-03-16
2025-03-16 12:00:00,3.9,-3.6,58.0,,,8.0,2.9,,1028.6,,,39.02,2025-03-16
2025-03-16 13:00:00,4.666666666666666,-3.783333333333333,54.833333333333336,,,12.833333333333332,3.433333333333333,,1027.7333333333333,,,40.4,2025-03-16
2025-03-16 14:00:00,5.433333333333334,-3.966666666666667,51.666666666666664,,,17.666666666666664,3.966666666666667,,1026.8666666666666,,,41.78,2025-03-16
2025-03-16 15:00:00,6.199999999999999,-4.15,48.5,,,22.5,4.5,,1026.0,,,43.16,2025-03-16
2025-03-16 16:00:00,6.966666666666667,-4.333333333333334,45.333333333333336,,,27.333333333333332,5.033333333333333,,1025.1333333333332,,,44.54,2025-03-16
2025-03-16 17:00:00,7.7333333333333325,-4.516666666666667,42.16666666666667,,,32.166666666666664,5.566666666666666,,1024.2666666666667,,,45.92,2025-03-16
2025-03-16 18:00:00,8.5,-4.7,39.0,,,37.0,6.1,,1023.4,,,47.3,2025-03-16
2025-03-16 19:00:00,6.6,-4.783333333333333,46.5,,,49.0,6.766666666666667,,1023.5833333333333,,,43.879999999999995,2025-03-16
2025-03-16 20:00:00,4.699999999999999,-4.866666666666667,54.0,,,61.0,7.433333333333333,,1023.7666666666667,,,40.46,2025-03-16
2025-03-16 21:00:00,2.8,-4.95,61.5,,,73.0,8.1,,1023.95,,,37.04,2025-03-16
2025-03-16 22:00:00,0.8999999999999995,-5.033333333333333,69.0,,,85.0,8.766666666666666,,1024.1333333333332,,,33.62,2025-03-16
2025-03-16 23:00:00,-1.0,-5.116666666666667,76.5,,,97.0,9.433333333333334,,1024.3166666666666,,,30.2,2025-03-16
2025-03-17 00:00:00,-2.9,-5.2,84.0,,,109.0,10.1,,1024.5,,,26.78,2025-03-17
2025-03-17 01:00:00,-2.8833333333333333,-5.683333333333334,81.16666666666667,,,108.83333333333333,10.516666666666666,,1024.2666666666667,,,26.810000000000002,2025-03-17
2025-03-17 02:00:00,-2.8666666666666667,-6.166666666666667,78.33333333333333,,,108.66666666666667,10.933333333333334,,1024.0333333333333,,,26.84,2025-03-17
2025-03-17 03:00:00,-2.8499999999999996,-6.65,75.5,,,108.5,11.35,,1023.8,,,26.87,2025-03-17
2025-03-17 04:00:00,-2.833333333333333,-7.133333333333333,72.66666666666667,,,108.33333333333333,11.766666666666666,,1023.5666666666667,,,26.9,2025-03-17
2025-03-17 05:00:00,-2.8166666666666664,-7.616666666666666,69.83333333333333,,,108.16666666666667,12.183333333333334,,1023.3333333333334,,,26.93,2025-03-17
2025-03-17 06:00:00,-2.8,-8.1,67.0,,,108.0,12.6,,1023.1,,,26.96,2025-03-17
2025-03-17 07:00:00,-0.6499999999999999,-7.283333333333333,62.333333333333336,,,102.5,11.516666666666666,,1022.1666666666667,,,30.83,2025-03-17
2025-03-17 08:00:00,1.5,-6.466666666666667,57.666666666666664,,,97.0,10.433333333333334,,1021.2333333333333,,,34.7,2025-03-17
2025-03-17 09:00:00,3.6499999999999995,-5.65,53.0,,,91.5,9.35,,1020.3,,,38.57,2025-03-17
2025-03-17 10:00:00,5.8,-4.833333333333334,48.33333333333333,,,86.0,8.266666666666666,,1019.3666666666667,,,42.44,2025-03-17
2025-03-17 11:00:00,7.95,-4.016666666666667,43.666666666666664,,,80.5,7.183333333333334,,1018.4333333333334,,,46.31,2025-03-17
2025-03-17 12:00:00,10.1,-3.2,39.0,,,75.0,6.1,,1017.5,,,50.18,2025-03-17
2025-03-17 13:00:00,10.366666666666667,-2.166666666666667,41.666666666666664,,,73.5,6.1,,1016.0166666666667,,,50.660000000000004,2025-03-17
2025-03-17 14:00:00,10.633333333333333,-1.1333333333333333,44.333333333333336,,,72.0,6.1,,1014.5333333333333,,,51.14,2025-03-17
2025-03-17 15:00:00,10.899999999999999,-0.09999999999999964,47.0,,,70.5,6.1,,1013.05,,,51.62,2025-03-17
2025-03-17 16:00:00,11.166666666666666,0.9333333333333336,49.666666666666664,,,69.0,6.1,,1011.5666666666667,,,52.1,2025-03-17
2025-03-17 17:00:00,11.433333333333334,1.9666666666666668,52.33333333333333,,,67.5,6.1,,1010.0833333333334,,,52.58,2025-03-17
2025-03-17 18:00:00,11.7,3.0,55.0,,,66.0,6.1,,1008.6,,,53.06,2025-03-17
2025-03-17 19:00:00,9.966666666666667,2.4,60.333333333333336,,,72.5,6.516666666666667,,1008.3,,,49.94,2025-03-17
2025-03-17 20:00:00,8.233333333333333,1.8,65.66666666666667,,,79.0,6.933333333333333,,1008.0,,,46.82,2025-03-17
2025-03-17 21:00:00,6.5,1.2000000000000002,71.0,,,85.5,7.35,,1007.7,,,43.7,2025-03-17
2025-03-17 22:00:00,4.766666666666667,0.6000000000000001,76.33333333333333,,,92.0,7.766666666666667,,1007.4,,,40.58,2025-03-17
2025-03-17 23:00:00,3.033333333333333,0.0,81.66666666666666,,,98.5,8.183333333333334,,1007.0999999999999,,,37.46,2025-03-17
2025-03-18 00:00:00,1.3,-0.6,87.0,,,105.0,8.6,,1006.8,,,34.34,2025-03-18
2025-03-18 01:00:00,0.8500000000000001,-1.5,84.33333333333333,,,104.0,8.85,,1006.1166666666667,,,33.53,2025-03-18
2025-03-18 02:00:00,0.4,-2.4,81.66666666666667,,,103.0,9.1,,1005.4333333333333,,,32.72,2025-03-18
2025-03-18 03:00:00,-0.050000000000000044,-3.3000000000000003,79.0,,,102.0,9.35,,1004.75,,,31.91,2025-03-18
2025-03-18 04:00:00,-0.5,-4.2,76.33333333333333,,,101.0,9.6,,1004.0666666666667,,,31.1,2025-03-18
2025-03-18 05:00:00,-0.95,-5.1,73.66666666666667,,,100.0,9.85,,1003.3833333333333,,,30.29,2025-03-18
2025-03-18 06:00:00,-1.4,-6.0,71.0,,,99.0,10.1,,1002.7,,,29.48,2025-03-18
2025-03-18 07:00:00,-0.28333333333333344,-5.133333333333333,70.0,,,130.66666666666666,9.85,,1003.1666666666667,,,31.49,2025-03-18
2025-03-18 08:00:00,0.833333333333333,-4.266666666666667,69.0,,,162.33333333333334,9.6,,1003.6333333333333,,,33.5,2025-03-18
2025-03-18 09:00:00,1.9499999999999997,-3.4,68.0,,,194.0,9.35,,1004.1,,,35.51,2025-03-18
2025-03-18 10:00:00,3.066666666666666,-2.533333333333333,67.0,,,225.66666666666669,9.1,,1004.5666666666667,,,37.519999999999996,2025-03-18
2025-03-18 11:00:00,4.183333333333332,-1.666666666666666,66.0,,,257.33333333333337,8.85,,1005.0333333333333,,,39.529999999999994,2025-03-18
2025-03-18 12:00:00,5.3,-0.8,65.0,,,289.0,8.6,,1005.5,,,41.54,2025-03-18
2025-03-18 13:00:00,4.533333333333333,-0.8666666666666667,68.66666666666667,,,291.6666666666667,9.5,,1007.1166666666667,,,40.16,2025-03-18
2025-03-18 14:00:00,3.7666666666666666,-0.9333333333333333,72.33333333333333,,,294.3333333333333,10.4,,1008.7333333333333,,,38.78,2025-03-18
2025-03-18 15:00:00,3.0,-1.0,76.0,,,297.0,11.3,,1010.35,,,37.4,2025-03-18
2025-03-18 16:00:00,2.2333333333333334,-1.0666666666666667,79.66666666666667,,,299.6666666666667,12.2,,1011.9666666666667,,,36.02,2025-03-18
2025-03-18 17:00:00,1.4666666666666668,-1.1333333333333333,83.33333333333333,,,302.3333333333333,13.1,,1013.5833333333334,,,34.64,2025-03-18
2025-03-18 18:00:00,0.7,-1.2,87.0,,,305.0,14.0,,1015.2,,,33.26,2025-03-18
2025-03-18 19:00:00,0.5166666666666666,-1.6333333333333333,85.5,,,294.1666666666667,13.05,,1016.0,,,32.93,2025-03-18
2025-03-18 20:00:00,0.33333333333333326,-2.0666666666666664,84.0,,,283.3333333333333,12.1,,1016.8000000000001,,,32.6,2025-03-18
2025-03-18 21:00:00,0.1499999999999999,-2.5,82.5,,,272.5,11.15,,1017.6,,,32.27,2025-03-18
2025-03-18 22:00:00,-0.03333333333333344,-2.933333333333333,81.0,,,261.6666666666667,10.200000000000001,,1018.4,,,31.94,2025-03-18
2025-03-18 23:00:00,-0.21666666666666679,-3.3666666666666663,79.5,,,250.83333333333331,9.25,,1019.2,,,31.61,2025-03-18
2025-03-19 00:00:00,-0.4,-3.8,78.0,,,240.0,8.3,,1020.0,,,31.28,2025-03-19
2025-03-19 01:00:00,-0.6833333333333333,-4.216666666666667,77.16666666666667,,,231.33333333333334,7.816666666666667,,1021.0666666666667,,,30.77,2025-03-19
2025-03-19 02:00:00,-0.9666666666666668,-4.633333333333333,76.33333333333333,,,222.66666666666666,7.333333333333334,,1022.1333333333333,,,30.259999999999998,2025-03-19
2025-03-19 03:00:00,-1.25,-5.05,75.5,,,214.0,6.8500000000000005,,1023.2,,,29.75,2025-03-19
2025-03-19 04:00:00,-1.5333333333333337,-5.466666666666667,74.66666666666667,,,205.33333333333334,6.366666666666667,,1024.2666666666667,,,29.24,2025-03-19
2025-03-19 05:00:00,-1.8166666666666669,-5.883333333333333,73.83333333333333,,,196.66666666666669,5.883333333333334,,1025.3333333333335,,,28.73,2025-03-19
2025-03-19 06:00:00,-2.1,-6.3,73.0,,,188.0,5.4,,1026.4,,,28.22,2025-03-19
2025-03-19 07:00:00,-1.5500000000000003,-6.1,71.33333333333333,,,208.66666666666666,6.233333333333333,,1027.4,,,29.21,2025-03-19
2025-03-19 08:00:00,-1.0000000000000002,-5.8999999999999995,69.66666666666667,,,229.33333333333334,7.066666666666667,,1028.4,,,30.2,2025-03-19
2025-03-19 09:00:00,-0.4500000000000002,-5.699999999999999,68.0,,,250.0,7.9,,1029.4,,,31.19,2025-03-19
2025-03-19 10:00:00,0.09999999999999964,-5.5,66.33333333333333,,,270.6666666666667,8.733333333333334,,1030.4,,,32.18,2025-03-19
2025-03-19 11:00:00,0.6499999999999995,-5.3,64.66666666666667,,,291.33333333333337,9.566666666666666,,1031.4,,,33.17,2025-03-19
2025-03-19 12:00:00,1.2,-5.1,63.0,,,312.0,10.4,,1032.4,,,34.16,2025-03-19
2025-03-19 13:00:00,1.5333333333333332,-5.283333333333333,60.833333333333336,,,312.1666666666667,9.5,,1032.1333333333334,,,34.76,2025-03-19
2025-03-19 14:00:00,1.8666666666666667,-5.466666666666667,58.666666666666664,,,312.3333333333333,8.6,,1031.8666666666668,,,35.36,2025-03-19
2025-03-19 15:00:00,2.2,-5.65,56.5,,,312.5,7.7,,1031.6,,,35.96,2025-03-19
2025-03-19 16:00:00,2.533333333333333,-5.833333333333333,54.333333333333336,,,312.6666666666667,6.800000000000001,,1031.3333333333333,,,36.56,2025-03-19
2025-03-19 17:00:00,2.8666666666666663,-6.016666666666667,52.16666666666667,,,312.8333333333333,5.9,,1031.0666666666666,,,37.16,2025-03-19
2025-03-19 18:00:00,3.2,-6.2,50.0,,,313.0,5.0,,1030.8,,,37.76,2025-03-19
2025-03-19 19:00:00,1.5666666666666667,-6.883333333333334,54.166666666666664,,,279.6666666666667,5.55,,1031.2333333333333,,,34.82,2025-03-19
2025-03-19 20:00:00,-0.06666666666666687,-7.566666666666667,58.333333333333336,,,246.33333333333331,6.1000000000000005,,1031.6666666666667,,,31.88,2025-03-19
2025-03-19 21:00:00,-1.7000000000000002,-8.25,62.5,,,213.0,6.65,,1032.1,,,28.94,2025-03-19
2025-03-19 22:00:00,-3.333333333333334,-8.933333333333334,66.66666666666667,,,179.66666666666666,7.200000000000001,,1032.5333333333333,,,26.0,2025-03-19
2025-03-19 23:00:00,-4.966666666666668,-9.616666666666667,70.83333333333334,,,146.33333333333331,7.750000000000001,,1032.9666666666667,,,23.06,2025-03-19
2025-03-20 00:00:00,-6.6,-10.3,75.0,,,113.0,8.3,,1033.4,,,20.12,2025-03-20
2025-03-20 01:00:00,-6.883333333333333,-10.9,73.16666666666667,,,113.0,8.716666666666667,,1033.5,,,19.61,2025-03-20
2025-03-20 02:00:00,-7.166666666666667,-11.5,71.33333333333333,,,113.0,9.133333333333335,,1033.6000000000001,,,19.1,2025-03-20
2025-03-20 03:00:00,-7.45,-12.100000000000001,69.5,,,113.0,9.55,,1033.7,,,18.59,2025-03-20
2025-03-20 04:00:00,-7.733333333333333,-12.700000000000001,67.66666666666667,,,113.0,9.966666666666667,,1033.8,,,18.080000000000002,2025-03-20
2025-03-20 05:00:00,-8.016666666666667,-13.3,65.83333333333333,,,113.0,10.383333333333335,,1033.9,,,17.57,2025-03-20
2025-03-20 06:00:00,-8.3,-13.9,64.0,,,113.0,10.8,,1034.0,,,17.06,2025-03-20
2025-03-20 07:00:00,-6.15,-13.5,58.333333333333336,,,153.33333333333334,9.416666666666668,,1033.15,,,20.93,2025-03-20
2025-03-20 08:00:00,-4.000000000000001,-13.1,52.666666666666664,,,193.66666666666669,8.033333333333333,,1032.3,,,24.799999999999997,2025-03-20
2025-03-20 09:00:00,-1.8500000000000014,-12.7,47.0,,,234.0,6.65,,1031.45,,,28.669999999999998,2025-03-20
2025-03-20 10:00:00,0.29999999999999893,-12.3,41.33333333333333,,,274.33333333333337,5.266666666666667,,1030.6000000000001,,,32.54,2025-03-20
2025-03-20 11:00:00,2.4499999999999993,-11.9,35.666666666666664,,,314.6666666666667,3.883333333333333,,1029.75,,,36.41,2025-03-20
2025-03-20 12:00:00,4.6,-11.5,30.0,,,355.0,2.5,,1028.9,,,40.28,2025-03-20
2025-03-20 13:00:00,5.216666666666667,-10.7,30.666666666666668,,,304.1666666666667,3.1,,1027.4,,,41.39,2025-03-20
2025-03-20 14:00:00,5.833333333333333,-9.9,31.333333333333332,,,253.33333333333331,3.7,,1025.9,,,42.5,2025-03-20
2025-03-20 15:00:00,6.45,-9.1,32.0,,,202.5,4.3,,1024.4,,,43.61,2025-03-20
2025-03-20 16:00:00,7.066666666666666,-8.3,32.666666666666664,,,151.66666666666666,4.9,,1022.9,,,44.72,2025-03-20
2025-03-20 17:00:00,7.683333333333334,-7.5,33.333333333333336,,,100.83333333333331,5.5,,1021.4,,,45.83,2025-03-20
2025-03-20 18:00:00,8.3,-6.7,34.0,,,50.0,6.1,,1019.9,,,46.94,2025-03-20
2025-03-20 19:00:00,6.366666666666667,-6.566666666666666,42.0,,,59.666666666666664,6.816666666666666,,1020.1333333333333,,,43.46,2025-03-20
2025-03-20 20:00:00,4.433333333333334,-6.433333333333334,50.0,,,69.33333333333333,7.533333333333333,,1020.3666666666667,,,39.980000000000004,2025-03-20
2025-03-20 21:00:00,2.5,-6.300000000000001,58.0,,,79.0,8.25,,1020.5999999999999,,,36.5,2025-03-20
2025-03-20 22:00:00,0.5666666666666664,-6.166666666666667,66.0,,,88.66666666666666,8.966666666666667,,1020.8333333333333,,,33.019999999999996,2025-03-20
2025-03-20 23:00:00,-1.3666666666666671,-6.033333333333333,74.0,,,98.33333333333333,9.683333333333334,,1021.0666666666666,,,29.54,2025-03-20
2025-03-21 00:00:00,-3.3,-5.9,82.0,,,108.0,10.4,,1021.3,,,26.060000000000002,2025-03-21
2025-03-21 01:00:00,-2.4749999999999996,-5.675000000000001,78.75,,,113.5,10.55,,1020.9749999999999,,,27.545,2025-03-21
2025-03-21 02:00:00,-1.65,-5.45,75.5,,,119.0,10.7,,1020.65,,,29.03,2025-03-21
2025-03-21 03:00:00,-0.8250000000000002,-5.225,72.25,,,124.5,10.85,,1020.325,,,30.515,2025-03-21
2025-03-21 04:00:00,0.0,-5.0,69.0,,,130.0,11.0,,1020.0,,,32.0,2025-03-21
2025-03-21 05:00:00,0.0,-5.0,69.0,,,110.0,11.0,,1020.0,,,32.0,2025-03-21
2025-03-21 06:00:00,1.0,-5.1,64.0,,,110.0,9.0,,1021.0,,,33.8,2025-03-21
2025-03-21 07:00:00,1.0,-5.1,64.0,,,110.0,11.1,,1021.0,,,33.8,2025-03-21
2025-03-21 08:00:00,2.0,-6.1,55.0,,,110.0,13.0,,1021.0,,,35.6,2025-03-21
2025-03-21 09:00:00,4.0,-6.0,48.0,0.0092592592592593,,120.0,13.0,,1022.0,,3.166666666666668,39.2,2025-03-21
2025-03-21 10:00:00,5.0,-6.0,45.0,0.006172839506172867,,100.0,15.0,,1022.0,,3.1111111111111107,41.0,2025-03-21
2025-03-21 11:00:00,6.0,-6.0,42.0,0.0030864197530864335,,100.0,7.4,,1022.0,,3.0555555555555554,42.8,2025-03-21
2025-03-21 12:00:00,8.0,-6.9,34.0,0.0,,0.0,0.0,,1022.0,,3.0,46.4,2025-03-21
2025-03-21 13:00:00,10.0,-8.2,27.0,0.0,,10.0,7.4,,1020.0,,3.0,50.0,2025-03-21
2025-03-21 14:00:00,11.0,-7.8,26.0,0.0,,30.0,9.0,,1019.0,,3.0,51.8,2025-03-21
2025-03-21 15:00:00,11.0,-7.8,26.0,0.0,,350.0,13.0,,1018.0,,3.0,51.8,2025-03-21
2025-03-21 16:00:00,11.0,-6.8,28.0,0.0,,10.0,13.0,,1017.0,,3.0,51.8,2025-03-21
2025-03-21 17:00:00,12.0,-6.0,28.0,0.0,,300.0,6.0,,1017.0,,3.0,53.6,2025-03-21
2025-03-21 18:00:00,10.0,-5.2,34.0,0.0,,360.0,9.3,,1016.0,,3.0,50.0,2025-03-21
2025-03-21 19:00:00,10.0,-3.0,40.0,0.0,,340.0,7.4,,1016.0,,3.0,50.0,2025-03-21
2025-03-21 20:00:00,9.0,-2.9,43.0,0.0,,60.0,7.0,,1016.0,,3.0,48.2,2025-03-21
2025-03-21 21:00:00,8.0,-2.1,49.0,0.0,,0.0,0.0,,1016.0,,3.0,46.4,2025-03-21
2025-03-21 22:00:00,7.0,0.0,61.0,0.0,,0.0,0.0,,1016.0,,3.0,44.6,2025-03-21
2025-03-21 23:00:00,8.0,-1.0,53.0,0.0,,140.0,9.3,,1016.0,,3.0,46.4,2025-03-21
2025-03-22 00:00:00,7.0,1.1,66.0,0.0,,190.0,11.0,,1016.0,,3.0,44.6,2025-03-22
2025-03-22 01:00:00,7.0,2.1,71.0,0.2,,300.0,5.5,,1016.0,,7.0,44.6,2025-03-22
2025-03-22 02:00:00,6.0,3.0,81.0,0.5,,180.0,14.8,,1016.0,,8.0,42.8,2025-03-22
2025-03-22 03:00:00,5.0,4.0,93.0,0.0,,30.0,9.3,,1016.0,,3.0,41.0,2025-03-22
2025-03-22 04:00:00,4.0,4.0,100.0,0.0,,0.0,0.0,,1015.0,,3.0,39.2,2025-03-22
2025-03-22 05:00:00,4.0,4.0,100.0,0.0,,190.0,7.0,,1016.0,,3.0,39.2,2025-03-22
2025-03-22 06:00:00,4.0,4.0,100.0,0.0,,0.0,0.0,,1016.0,,3.0,39.2,2025-03-22
2025-03-22 07:00:00,4.0,4.0,100.0,0.0,,0.0,0.0,,1016.0,,3.0,39.2,2025-03-22
2025-03-22 08:00:00,5.0,5.0,100.0,0.0,,0.0,0.0,,1016.0,,3.0,41.0,2025-03-22
2025-03-22 09:00:00,5.0,5.0,100.0,0.0,,0.0,0.0,,1017.0,,3.0,41.0,2025-03-22
2025-03-22 10:00:00,8.0,4.9,81.0,0.0,,330.0,7.0,,1017.0,,3.0,46.4,2025-03-22
2025-03-22 11:00:00,8.0,6.0,87.0,0.1,,340.0,11.1,,1017.0,,7.0,46.4,2025-03-22
2025-03-22 12:00:00,9.0,5.0,76.0,0.0,,267.0,7.4,,1017.0,,3.0,48.2,2025-03-22
2025-03-22 13:00:00,11.0,4.0,62.0,0.5,,250.0,9.0,,1016.0,,8.0,51.8,2025-03-22
2025-03-22 14:00:00,12.0,4.0,58.0,0.2,,300.0,9.3,,1015.0,,7.0,53.6,2025-03-22
2025-03-22 15:00:00,13.0,1.9,47.0,0.4,,250.0,17.0,,1015.0,,8.0,55.4,2025-03-22
2025-03-22 16:00:00,14.0,1.9,44.0,0.0,,270.0,14.8,,1015.0,,3.0,57.2,2025-03-22
2025-03-22 17:00:00,13.0,1.9,47.0,0.0,,330.0,11.0,,1016.0,,3.0,55.4,2025-03-22
2025-03-22 18:00:00,12.0,1.9,50.0,0.0,,290.0,11.0,,1016.0,,3.0,53.6,2025-03-22
2025-03-22 19:00:00,10.0,2.1,58.0,0.0,,300.0,9.3,,1017.0,,3.0,50.0,2025-03-22
2025-03-22 20:00:00,7.0,1.1,66.0,0.0,,240.0,7.0,,1017.0,,3.0,44.6,2025-03-22
2025-03-22 21:00:00,7.0,0.0,61.0,0.0,,320.0,13.0,,1018.0,,3.0,44.6,2025-03-22
2025-03-22 22:00:00,7.0,2.1,71.0,0.0,,320.0,19.0,,1019.0,,3.0,44.6,2025-03-22
2025-03-22 23:00:00,6.0,2.1,76.0,0.0,,320.0,13.0,,1019.0,,2.0,42.8,2025-03-22
2025-03-23 00:00:00,4.0,1.0,81.0,0.0,,320.0,9.0,,1020.0,,2.0,39.2,2025-03-23
2025-03-23 01:00:00,5.0,0.0,70.0,0.0,,230.0,7.4,,1020.0,,2.0,41.0,2025-03-23
2025-03-23 02:00:00,5.0,0.0,70.0,0.0,,250.0,17.0,,1021.0,,1.0,41.0,2025-03-23
2025-03-23 03:00:00,4.0,0.0,75.0,0.0,,230.0,7.4,,1021.0,,2.0,39.2,2025-03-23
2025-03-23 04:00:00,3.0,-1.0,75.0,0.0,,0.0,0.0,,1021.0,,3.0,37.4,2025-03-23
2025-03-23 05:00:00,5.0,-1.0,65.0,0.0,,20.0,6.0,,1022.0,,3.0,41.0,2025-03-23
2025-03-23 06:00:00,4.0,0.0,75.0,0.0,,110.0,9.3,,1022.0,,2.0,39.2,2025-03-23
2025-03-23 07:00:00,3.0,1.0,87.0,0.0,,210.0,9.3,,1023.0,,3.0,37.4,2025-03-23
2025-03-23 08:00:00,2.0,0.1,87.0,0.0,,230.0,7.0,,1023.0,,2.0,35.6,2025-03-23
2025-03-23 09:00:00,6.0,0.9,70.0,0.0,,0.0,0.0,,1024.0,,3.0,42.8,2025-03-23
2025-03-23 10:00:00,8.0,0.0,57.0,0.0,,99.0,5.0,,1025.0,,1.0,46.4,2025-03-23
2025-03-23 11:00:00,9.0,-0.9,50.0,0.0,,0.0,0.0,,1025.0,,2.0,48.2,2025-03-23
2025-03-23 12:00:00,11.0,0.1,47.0,0.0,,0.0,0.0,,1024.0,,2.0,51.8,2025-03-23
2025-03-23 13:00:00,12.0,-1.9,38.0,0.0,,320.0,13.0,,1024.0,,1.0,53.6,2025-03-23
2025-03-23 14:00:00,13.0,-2.1,35.0,0.0,,310.0,6.0,,1024.0,,1.0,55.4,2025-03-23
2025-03-23 15:00:00,14.0,-2.0,33.0,0.0,,360.0,9.3,,1023.0,,2.0,57.2,2025-03-23
2025-03-23 16:00:00,14.0,-0.8,36.0,0.0,,340.0,17.0,,1023.0,,2.0,57.2,2025-03-23
2025-03-23 17:00:00,14.0,-0.8,36.0,0.0,,310.0,16.7,,1023.0,,2.0,57.2,2025-03-23
2025-03-23 18:00:00,13.0,-1.0,38.0,0.0,,300.0,13.0,,1023.0,,1.0,55.4,2025-03-23
2025-03-23 19:00:00,12.0,0.1,44.0,0.0,,280.0,9.3,,1023.0,,1.0,53.6,2025-03-23
2025-03-23 20:00:00,7.0,1.1,66.0,0.0,,270.0,11.0,,1024.0,,1.0,44.6,2025-03-23
2025-03-23 21:00:00,7.0,2.1,71.0,0.0,,240.0,7.4,,1025.0,,3.0,44.6,2025-03-23
2025-03-23 22:00:00,6.0,-0.1,65.0,0.0,,170.0,9.3,,1025.0,,3.0,42.8,2025-03-23
2025-03-23 23:00:00,6.0,0.9,70.0,0.0,,90.0,7.0,,1025.0,,3.0,42.8,2025-03-23
2025-03-24 00:00:00,5.0,0.9,75.0,0.0,,100.0,7.0,,1025.0,,3.0,41.0,2025-03-24
2025-03-24 01:00:00,5.0,0.0,70.0,0.0,,0.0,0.0,,1025.0,,2.0,41.0,2025-03-24
2025-03-24 02:00:00,4.0,0.0,75.0,0.0,,150.0,7.0,,1025.0,,1.0,39.2,2025-03-24
2025-03-24 03:00:00,4.0,1.0,81.0,0.0,,110.0,7.0,,1025.0,,1.0,39.2,2025-03-24
2025-03-24 04:00:00,5.0,0.9,75.0,0.0,,90.0,11.1,,1025.0,,1.0,41.0,2025-03-24
2025-03-24 05:00:00,5.0,2.0,81.0,0.0,,190.0,7.0,,1026.0,,3.0,41.0,2025-03-24
2025-03-24 06:00:00,6.0,0.9,70.0,0.0,,0.0,0.0,,1026.0,,3.0,42.8,2025-03-24
2025-03-24 07:00:00,5.0,2.0,81.0,0.0,,0.0,0.0,,1026.0,,3.0,41.0,2025-03-24
2025-03-24 08:00:00,6.0,3.0,81.0,0.0,,210.0,7.0,,1027.0,,3.0,42.8,2025-03-24
2025-03-24 09:00:00,9.0,2.1,62.0,0.0,,0.0,0.0,,1027.0,,2.0,48.2,2025-03-24
2025-03-24 10:00:00,11.0,3.0,58.0,0.0,,340.0,6.0,,1027.0,,2.0,51.8,2025-03-24
2025-03-24 11:00:00,11.0,2.0,54.0,0.0,,0.0,0.0,,1027.0,,1.0,51.8,2025-03-24
2025-03-24 12:00:00,15.0,3.2,45.0,0.0,,330.0,7.4,,1027.0,,3.0,59.0,2025-03-24
2025-03-24 13:00:00,17.0,2.2,37.0,0.0,,260.0,5.5,,1026.0,,3.0,62.6,2025-03-24
2025-03-24 14:00:00,18.0,1.9,34.0,0.0,,280.0,11.0,,1026.0,,3.0,64.4,2025-03-24
2025-03-24 15:00:00,18.0,1.9,34.0,0.0,,340.0,11.1,,1025.0,,2.0,64.4,2025-03-24
2025-03-24 16:00:00,18.0,1.9,34.0,0.0,,310.0,11.0,,1025.0,,1.0,64.4,2025-03-24
2025-03-24 17:00:00,18.0,1.9,34.0,0.0,,300.0,17.0,,1025.0,,3.0,64.4,2025-03-24
2025-03-24 18:00:00,17.0,2.9,39.0,0.0,,310.0,16.7,,1025.0,,3.0,62.6,2025-03-24
2025-03-24 19:00:00,15.0,4.1,48.0,0.0,,300.0,14.8,,1025.0,,3.0,59.0,2025-03-24
2025-03-24 20:00:00,13.0,3.1,51.0,0.0,,320.0,11.0,,1025.0,,3.0,55.4,2025-03-24
2025-03-24 21:00:00,10.0,3.1,62.0,0.0,,200.0,9.0,,1026.0,,2.0,50.0,2025-03-24
2025-03-24 22:00:00,9.0,3.0,66.0,0.0,,150.0,7.4,,1026.0,,3.0,48.2,2025-03-24
2025-03-24 23:00:00,8.0,0.9,61.0,0.0,,170.0,7.0,,1026.0,,3.0,46.4,2025-03-24
2025-03-25 00:00:00,9.0,0.9,57.0,0.0,,130.0,13.0,,1027.0,,2.0,48.2,2025-03-25
2025-03-25 01:00:00,8.0,0.9,61.0,0.0,,120.0,18.5,,1026.0,,1.0,46.4,2025-03-25
2025-03-25 02:00:00,8.0,0.9,61.0,0.0,,130.0,15.0,,1026.0,,1.0,46.4,2025-03-25
2025-03-25 03:00:00,7.0,0.0,61.0,0.0,,130.0,13.0,,1026.0,,1.0,44.6,2025-03-25
2025-03-25 04:00:00,7.0,0.0,61.0,0.0,,130.0,15.0,,1026.0,,1.0,44.6,2025-03-25
2025-03-25 05:00:00,7.0,0.0,61.0,0.0,,120.0,16.7,,1027.0,,1.0,44.6,2025-03-25
2025-03-25 06:00:00,6.0,-0.1,65.0,0.0,,100.0,13.0,,1027.0,,1.0,42.8,2025-03-25
2025-03-25 07:00:00,3.0,1.0,87.0,0.0,,150.0,11.0,,1027.0,,1.0,37.4,2025-03-25
2025-03-25 08:00:00,8.0,0.9,61.0,0.0,,0.0,17.0,,1027.0,,1.0,46.4,2025-03-25
2025-03-25 09:00:00,10.0,3.1,62.0,0.0,,200.0,7.0,,1027.0,,1.0,50.0,2025-03-25
2025-03-25 10:00:00,12.0,1.0,47.0,0.0,,120.0,9.3,,1027.0,,1.0,53.6,2025-03-25
2025-03-25 11:00:00,14.0,5.1,55.0,0.0,,312.0,7.0,,1027.0,,1.0,57.2,2025-03-25
2025-03-25 12:00:00,15.0,4.1,48.0,0.0,,10.0,7.4,,1026.0,,1.0,59.0,2025-03-25
2025-03-25 13:00:00,18.0,1.1,32.0,0.0,,310.0,9.0,,1025.0,,1.0,64.4,2025-03-25
2025-03-25 14:00:00,19.0,0.1,28.0,0.0,,10.0,7.4,,1024.0,,1.0,66.2,2025-03-25
2025-03-25 15:00:00,19.0,0.1,28.0,0.0,,356.0,7.0,,1023.0,,1.0,66.2,2025-03-25
2025-03-25 16:00:00,20.0,0.9,28.0,0.0,,300.0,7.0,,1023.0,,1.0,68.0,2025-03-25
2025-03-25 17:00:00,20.0,0.9,28.0,0.0,,0.0,0.0,,1022.0,,1.0,68.0,2025-03-25
2025-03-25 18:00:00,19.0,1.0,30.0,0.0,,310.0,7.0,,1022.0,,1.0,66.2,2025-03-25
2025-03-25 19:00:00,18.0,1.1,32.0,0.0,,0.0,0.0,,1022.0,,1.0,64.4,2025-03-25
2025-03-25 20:00:00,13.0,1.9,47.0,0.0,,120.0,9.0,,1022.0,,1.0,55.4,2025-03-25
2025-03-25 21:00:00,14.0,-0.1,38.0,0.0,,170.0,6.0,,1022.0,,1.0,57.2,2025-03-25
2025-03-25 22:00:00,9.0,0.9,57.0,0.0,,0.0,0.0,,1022.0,,1.0,48.2,2025-03-25
2025-03-25 23:00:00,10.0,0.0,50.0,0.0,,0.0,0.0,,1022.0,,1.0,50.0,2025-03-25
2025-03-26 00:00:00,11.0,-1.1,43.0,0.0,,130.0,13.0,,1021.0,,1.0,51.8,2025-03-26
2025-03-26 01:00:00,10.0,0.0,50.0,0.0,,120.0,13.0,,1021.0,,1.0,50.0,2025-03-26
2025-03-26 02:00:00,9.0,0.9,57.0,0.0,,140.0,16.7,,1021.0,,1.0,48.2,2025-03-26
2025-03-26 03:00:00,9.0,-0.9,50.0,0.0,,140.0,13.0,,1021.0,,1.0,48.2,2025-03-26
2025-03-26 04:00:00,8.0,-1.0,53.0,0.0,,100.0,13.0,,1021.0,,1.0,46.4,2025-03-26
2025-03-26 05:00:00,6.0,0.9,70.0,0.0,,180.0,17.0,,1020.0,,1.0,42.8,2025-03-26
2025-03-26 06:00:00,9.0,-2.0,46.0,0.0,,140.0,20.0,,1020.0,,1.0,48.2,2025-03-26
2025-03-26 07:00:00,8.0,-2.1,49.0,0.0,,130.0,15.0,,1021.0,,1.0,46.4,2025-03-26
2025-03-26 08:00:00,11.0,-2.1,40.0,0.0,,130.0,15.0,,1021.0,,1.0,51.8,2025-03-26
2025-03-26 09:00:00,9.0,3.0,66.0,0.0,,200.0,9.3,,1020.0,,1.0,48.2,2025-03-26
2025-03-26 10:00:00,13.0,1.9,47.0,0.0,,72.0,7.4,,1020.0,,1.0,55.4,2025-03-26
2025-03-26 11:00:00,16.0,0.9,36.0,0.0,,330.0,7.0,,1020.0,,1.0,60.8,2025-03-26
2025-03-26 12:00:00,17.0,4.0,42.0,0.0,,337.0,7.4,,1018.0,,1.0,62.6,2025-03-26
2025-03-26 13:00:00,20.0,1.9,30.0,0.0,,0.0,0.0,,1017.0,,1.0,68.0,2025-03-26
2025-03-26 14:00:00,23.0,0.7,23.0,0.0,,20.0,7.0,,1016.0,,1.0,73.4,2025-03-26
2025-03-26 15:00:00,25.0,-4.4,14.0,0.0,,20.0,9.3,,1016.0,,1.0,77.0,2025-03-26
2025-03-26 16:00:00,25.0,-1.8,17.0,0.0,,310.0,9.3,,1015.0,,2.0,77.0,2025-03-26
2025-03-26 17:00:00,25.0,-1.8,17.0,0.0,,150.0,6.0,,1014.0,,2.0,77.0,2025-03-26
2025-03-26 18:00:00,24.0,-1.8,18.0,0.0,,0.0,0.0,,1014.0,,3.0,75.2,2025-03-26
2025-03-26 19:00:00,22.0,3.1,29.0,0.0,,0.0,0.0,,1014.0,,3.0,71.6,2025-03-26
2025-03-26 20:00:00,17.0,2.2,37.0,0.0,,140.0,11.0,,1014.0,,2.0,62.6,2025-03-26
2025-03-26 21:00:00,17.0,-1.2,29.0,0.0,,140.0,7.0,,1015.0,,1.0,62.6,2025-03-26
2025-03-26 22:00:00,18.0,-1.8,26.0,0.0,,160.0,19.0,,1015.0,,2.0,64.4,2025-03-26
2025-03-26 23:00:00,17.0,-1.2,29.0,0.0,,150.0,22.2,,1015.0,,1.0,62.6,2025-03-26
2025-03-27 00:00:00,15.0,-1.2,33.0,0.0,,120.0,20.0,,1015.0,,1.0,59.0,2025-03-27
2025-03-27 01:00:00,13.0,-1.0,38.0,0.0,,130.0,22.2,,1015.0,,1.0,55.4,2025-03-27
2025-03-27 02:00:00,13.0,-2.1,35.0,0.0,,140.0,22.0,,1015.0,,1.0,55.4,2025-03-27
2025-03-27 03:00:00,12.0,-1.9,38.0,0.0,,110.0,22.2,,1014.0,,1.0,53.6,2025-03-27
2025-03-27 04:00:00,12.0,-1.9,38.0,0.0,,130.0,30.0,,1014.0,,1.0,53.6,2025-03-27
2025-03-27 05:00:00,11.0,-2.1,40.0,0.0,,130.0,24.0,,1015.0,,1.0,51.8,2025-03-27
2025-03-27 06:00:00,10.0,-2.0,43.0,0.0,,130.0,20.4,,1014.0,,1.0,50.0,2025-03-27
2025-03-27 07:00:00,11.0,-2.1,40.0,0.0,,130.0,26.0,,1015.0,,1.0,51.8,2025-03-27
2025-03-27 08:00:00,13.0,-2.1,35.0,0.0,,130.0,17.0,,1015.0,,1.0,55.4,2025-03-27
2025-03-27 09:00:00,14.0,-2.0,33.0,0.0,,150.0,19.0,,1015.0,,1.0,57.2,2025-03-27
2025-03-27 10:00:00,17.0,-1.2,29.0,0.0,,140.0,15.0,,1015.0,,1.0,62.6,2025-03-27
2025-03-27 11:00:00,19.0,-0.9,26.0,0.0,,130.0,13.0,,1014.0,,2.0,66.2,2025-03-27
2025-03-27 12:00:00,22.0,-2.0,20.0,0.0,,130.0,11.0,,1014.0,,3.0,71.6,2025-03-27
2025-03-27 13:00:00,24.0,-2.6,17.0,0.0,,220.0,24.1,,1012.0,,2.0,75.2,2025-03-27
2025-03-27 14:00:00,23.0,-4.2,16.0,0.0,,220.0,30.0,,1012.0,,2.0,73.4,2025-03-27
2025-03-27 15:00:00,23.0,-2.6,18.0,0.0,,240.0,25.9,,1010.0,,3.0,73.4,2025-03-27
2025-03-27 16:00:00,23.0,-1.9,19.0,0.0,,220.0,15.0,,1009.0,,3.0,73.4,2025-03-27
2025-03-27 17:00:00,22.0,-0.1,23.0,0.0,,230.0,13.0,,1008.0,,3.0,71.6,2025-03-27
2025-03-27 18:00:00,21.0,-2.8,20.0,0.0,,200.0,18.5,,1007.0,,3.0,69.8,2025-03-27
2025-03-27 19:00:00,20.0,-3.7,20.0,0.0,,170.0,9.3,,1006.0,,3.0,68.0,2025-03-27
2025-03-27 20:00:00,17.0,-3.2,25.0,0.0,,190.0,15.0,,1007.0,,3.0,62.6,2025-03-27
2025-03-27 21:00:00,17.0,-3.2,25.0,0.0,,190.0,11.0,,1007.0,,3.0,62.6,2025-03-27
2025-03-27 22:00:00,16.0,-3.0,27.0,0.0,,150.0,9.3,,1007.0,,3.0,60.8,2025-03-27
2025-03-27 23:00:00,18.0,-6.0,19.0,0.0,,210.0,27.8,,1008.0,,3.0,64.4,2025-03-27
2025-03-28 00:00:00,18.0,-6.7,18.0,0.0,,230.0,31.5,,1007.0,,3.0,64.4,2025-03-28
2025-03-28 01:00:00,16.0,0.9,36.0,0.0,,310.0,31.5,,1009.0,,3.0,60.8,2025-03-28
2025-03-28 02:00:00,13.0,3.9,54.0,0.0,,330.0,33.0,,1009.0,,3.0,55.4,2025-03-28
2025-03-28 03:00:00,12.0,4.0,58.0,0.0,,320.0,26.0,,1010.0,,3.0,53.6,2025-03-28
2025-03-28 04:00:00,11.0,4.0,62.0,0.0,,330.0,24.1,,1010.0,,3.0,51.8,2025-03-28
2025-03-28 05:00:00,9.0,4.0,71.0,0.0,,350.0,15.0,,1010.0,,3.0,48.2,2025-03-28
2025-03-28 06:00:00,9.0,3.0,66.0,0.0,,0.0,0.0,,1010.0,,3.0,48.2,2025-03-28
2025-03-28 07:00:00,8.0,2.0,66.0,0.0,,230.0,7.4,,1010.0,,3.0,46.4,2025-03-28
2025-03-28 08:00:00,10.0,3.1,62.0,0.0,,80.0,7.0,,1010.0,,3.0,50.0,2025-03-28
2025-03-28 09:00:00,11.0,5.1,67.0,0.0,,300.0,9.0,,1010.0,,3.0,51.8,2025-03-28
2025-03-28 10:00:00,11.0,5.1,67.0,0.0,,320.0,7.4,,1011.0,,3.0,51.8,2025-03-28
2025-03-28 11:00:00,13.0,3.1,51.0,0.0,,320.0,11.0,,1011.0,,3.0,55.4,2025-03-28
2025-03-28 12:00:00,13.0,3.1,51.0,0.0,,320.0,7.4,,1010.0,,3.0,55.4,2025-03-28
2025-03-28 13:00:00,13.0,3.1,51.0,0.0,,310.0,11.1,,1010.0,,3.0,55.4,2025-03-28
2025-03-28 14:00:00,14.0,0.9,41.0,0.0,,320.0,7.0,,1009.0,,3.0,57.2,2025-03-28
2025-03-28 15:00:00,15.0,1.1,39.0,0.0,,310.0,7.0,,1009.0,,3.0,59.0,2025-03-28
2025-03-28 16:00:00,13.0,3.1,51.0,0.0,,320.0,19.0,,1009.0,,3.0,55.4,2025-03-28
2025-03-28 17:00:00,13.0,3.9,54.0,0.0,,300.0,11.1,,1009.0,,3.0,55.4,2025-03-28
2025-03-28 18:00:00,12.0,4.0,58.0,0.1,,320.0,17.0,,1009.0,,7.0,53.6,2025-03-28
2025-03-28 19:00:00,12.0,4.0,58.0,0.0,,310.0,16.7,,1009.0,,3.0,53.6,2025-03-28
2025-03-28 20:00:00,10.0,3.1,62.0,0.0,,320.0,15.0,,1009.0,,3.0,50.0,2025-03-28
2025-03-28 21:00:00,10.0,2.1,58.0,0.0,,330.0,9.3,,1010.0,,3.0,50.0,2025-03-28
2025-03-28 22:00:00,8.0,2.0,66.0,0.0,,190.0,9.3,,1010.0,,3.0,46.4,2025-03-28
2025-03-28 23:00:00,6.0,2.1,76.0,0.0,,120.0,5.5,,1010.0,,3.0,42.8,2025-03-28
2025-03-29 00:00:00,8.0,2.0,66.0,0.0,,120.0,13.0,,1010.0,,3.0,46.4,2025-03-29
2025-03-29 01:00:00,7.0,1.1,66.0,0.0,,110.0,9.3,,1010.0,,3.0,44.6,2025-03-29
2025-03-29 02:00:00,7.0,2.1,71.0,0.0,,80.0,9.0,,1009.0,,3.0,44.6,2025-03-29
2025-03-29 03:00:00,5.0,0.9,75.0,0.0,,140.0,9.3,,1009.0,,3.0,41.0,2025-03-29
2025-03-29 04:00:00,5.0,2.0,81.0,0.0,,290.0,5.5,,1009.0,,3.0,41.0,2025-03-29
2025-03-29 05:00:00,6.0,2.1,76.0,0.0,,90.0,9.0,,1009.0,,3.0,42.8,2025-03-29
2025-03-29 06:00:00,5.0,2.0,81.0,0.0,,0.0,0.0,,1009.0,,3.0,41.0,2025-03-29
2025-03-29 07:00:00,6.0,2.1,76.0,0.0,,150.0,7.0,,1009.0,,3.0,42.8,2025-03-29
2025-03-29 08:00:00,7.0,2.1,71.0,0.0,,130.0,9.3,,1009.0,,3.0,44.6,2025-03-29
2025-03-29 09:00:00,9.0,2.1,62.0,0.0,,60.0,5.5,,1009.0,,3.0,48.2,2025-03-29
2025-03-29 10:00:00,11.0,2.0,54.0,0.0,,280.0,13.0,,1009.0,,3.0,51.8,2025-03-29
2025-03-29 11:00:00,12.0,1.9,50.0,0.0,,330.0,22.0,,1008.0,,3.0,53.6,2025-03-29
2025-03-29 12:00:00,12.0,1.9,50.0,0.0,,310.0,25.9,,1009.0,,3.0,53.6,2025-03-29
2025-03-29 13:00:00,7.0,4.0,81.0,0.4,,280.0,31.5,,1010.0,,17.0,44.6,2025-03-29
2025-03-29 14:00:00,8.0,4.9,81.0,0.0,,290.0,11.1,,1010.0,,2.0,46.4,2025-03-29
2025-03-29 15:00:00,9.0,4.0,71.0,1.9,,330.0,18.5,,1009.0,,18.0,48.2,2025-03-29
2025-03-29 16:00:00,7.0,5.0,87.0,0.4,,320.0,28.0,,1010.0,,8.0,44.6,2025-03-29
2025-03-29 17:00:00,6.0,4.0,87.0,0.8,,270.0,18.5,,1011.0,,8.0,42.8,2025-03-29
2025-03-29 18:00:00,6.0,3.0,81.0,0.7,,320.0,9.0,,1012.0,,8.0,42.8,2025-03-29
2025-03-29 19:00:00,6.0,4.0,87.0,0.3,,0.0,0.0,,1012.0,,8.0,42.8,2025-03-29
2025-03-29 20:00:00,6.0,4.0,87.0,0.0,,310.0,11.0,,1013.0,,3.0,42.8,2025-03-29
2025-03-29 21:00:00,5.0,4.0,93.0,0.0,,300.0,9.3,,1013.0,,3.0,41.0,2025-03-29
2025-03-29 22:00:00,5.0,3.0,87.0,0.0,,260.0,6.0,,1014.0,,3.0,41.0,2025-03-29
2025-03-29 23:00:00,5.0,3.0,87.0,0.0,,250.0,13.0,,1014.0,,3.0,41.0,2025-03-29
2025-03-30 00:00:00,4.0,2.0,87.0,1.0,,260.0,13.0,,1015.0,,9.0,39.2,2025-03-30
2025-03-30 01:00:00,4.0,2.0,87.0,0.0,,270.0,9.0,,1015.0,,5.0,39.2,2025-03-30
2025-03-30 02:00:00,3.0,1.0,87.0,0.0,,120.0,7.4,,1014.0,,5.0,37.4,2025-03-30
2025-03-30 03:00:00,1.0,0.0,93.0,0.0,,230.0,6.0,,1013.0,,5.0,33.8,2025-03-30
2025-03-30 04:00:00,0.0,0.0,100.0,0.0,,180.0,9.3,,1014.0,,5.0,32.0,2025-03-30
2025-03-30 05:00:00,1.0,1.0,100.0,0.0,,140.0,7.4,,1014.0,,3.0,33.8,2025-03-30
2025-03-30 06:00:00,1.0,1.0,100.0,0.0,,110.0,9.0,,1013.0,,5.0,33.8,2025-03-30
2025-03-30 07:00:00,3.0,1.0,87.0,0.0,,110.0,16.7,,1013.0,,3.0,37.4,2025-03-30
2025-03-30 08:00:00,3.0,1.0,87.0,0.0,,130.0,14.8,,1013.0,,3.0,37.4,2025-03-30
2025-03-30 09:00:00,6.0,2.1,76.0,0.0,,50.0,11.0,,1013.0,,3.0,42.8,2025-03-30
2025-03-30 10:00:00,7.0,2.1,71.0,0.0,,0.0,0.0,,1014.0,,3.0,44.6,2025-03-30
2025-03-30 11:00:00,8.0,0.9,61.0,0.0,,140.0,11.1,,1013.0,,3.0,46.4,2025-03-30
2025-03-30 12:00:00,9.0,2.1,62.0,0.0,,15.0,7.0,,1013.0,,3.0,48.2,2025-03-30
2025-03-30 13:00:00,11.0,1.0,50.0,0.0,,50.0,7.0,,1012.0,,3.0,51.8,2025-03-30
2025-03-30 14:00:00,12.0,0.1,44.0,0.0,,0.0,0.0,,1011.0,,3.0,53.6,2025-03-30
2025-03-30 15:00:00,12.0,-3.0,35.0,0.0,,16.0,7.9,,1011.0,,3.0,53.6,2025-03-30
2025-03-30 16:00:00,14.0,-2.9,31.0,0.0,,0.0,0.0,,1011.0,,3.0,57.2,2025-03-30
2025-03-30 17:00:00,14.0,-3.8,29.0,0.0,,0.0,0.0,,1011.0,,3.0,57.2,2025-03-30
2025-03-30 18:00:00,13.0,-2.1,35.0,0.0,,320.0,7.0,,1011.0,,3.0,55.4,2025-03-30
2025-03-30 19:00:00,13.0,-5.1,28.0,0.0,,0.0,0.0,,1011.0,,3.0,55.4,2025-03-30
2025-03-30 20:00:00,11.0,-2.1,40.0,0.0,,95.0,6.5,,1012.0,,2.0,51.8,2025-03-30
2025-03-30 21:00:00,10.0,-3.0,40.0,0.0,,40.0,5.5,,1012.0,,2.0,50.0,2025-03-30
2025-03-30 22:00:00,8.0,-1.0,53.0,0.0,,120.0,13.0,,1012.0,,2.0,46.4,2025-03-30
2025-03-30 23:00:00,9.0,-2.0,46.0,0.0,,120.0,19.0,,1011.0,,1.0,48.2,2025-03-30
2025-03-31 00:00:00,10.0,-3.0,40.0,0.0,,130.0,15.0,,1011.0,,3.0,50.0,2025-03-31
2025-03-31 01:00:00,8.0,-2.1,49.0,0.0,,140.0,9.0,,1011.0,,2.0,46.4,2025-03-31
2025-03-31 02:00:00,8.0,-2.9,46.0,0.0,,140.0,13.0,,1011.0,,3.0,46.4,2025-03-31
2025-03-31 03:00:00,8.0,-2.9,46.0,0.1,,120.0,14.8,,1010.0,,14.0,46.4,2025-03-31
2025-03-31 04:00:00,8.0,-2.9,46.0,0.0,,100.0,13.0,,1010.0,,3.0,46.4,2025-03-31
2025-03-31 05:00:00,9.0,-3.9,40.0,0.0,,100.0,15.0,,1010.0,,3.0,48.2,2025-03-31
2025-03-31 06:00:00,9.0,-2.9,43.0,0.0,,140.0,13.0,,1009.0,,3.0,48.2,2025-03-31
2025-03-31 07:00:00,9.0,-2.9,43.0,0.0,,0.0,7.4,,1010.0,,3.0,48.2,2025-03-31
2025-03-31 08:00:00,9.0,-2.9,43.0,0.0,,170.0,11.1,,1009.0,,3.0,48.2,2025-03-31
2025-03-31 09:00:00,10.0,-3.0,40.0,0.0,,150.0,9.0,,1009.0,,3.0,50.0,2025-03-31
2025-03-31 10:00:00,12.0,-1.9,38.0,0.0,,130.0,11.0,,1009.0,,3.0,53.6,2025-03-31
2025-03-31 11:00:00,13.0,-2.1,35.0,0.0,,210.0,28.0,,1008.0,,3.0,55.4,2025-03-31
2025-03-31 12:00:00,13.0,-2.1,35.0,0.0,,210.0,31.5,,1008.0,,3.0,55.4,2025-03-31
2025-03-31 13:00:00,14.0,-0.8,36.0,0.0,,210.0,35.2,,1006.0,,3.0,57.2,2025-03-31
2025-03-31 14:00:00,16.0,-2.0,29.0,0.0,,190.0,35.2,,1004.0,,3.0,60.8,2025-03-31
2025-03-31 15:00:00,16.0,-3.0,27.0,0.0,,220.0,28.0,,1003.0,,3.0,60.8,2025-03-31
2025-03-31 16:00:00,17.0,-6.1,20.0,0.1,,230.0,37.0,,1002.0,,7.0,62.6,2025-03-31
2025-03-31 17:00:00,16.0,-7.0,20.0,0.0,,230.0,29.6,,1002.0,,3.0,60.8,2025-03-31
2025-03-31 18:00:00,12.0,1.0,47.0,0.4,,340.0,25.9,,1002.0,,8.0,53.6,2025-03-31
2025-03-31 19:00:00,11.0,1.0,50.0,2.1,,320.0,25.9,,1002.0,,18.0,51.8,2025-03-31
2025-03-31 20:00:00,6.0,4.0,87.0,1.2,,330.0,33.3,,1004.0,,9.0,42.8,2025-03-31
2025-03-31 21:00:00,4.0,3.0,93.0,0.4,,320.0,43.0,,1004.0,,8.0,39.2,2025-03-31
2025-03-31 22:00:00,4.0,3.0,93.0,0.5,,340.0,44.0,,1005.0,,8.0,39.2,2025-03-31
2025-03-31 23:00:00,3.0,1.0,87.0,0.8,,360.0,33.0,,1006.0,,8.0,37.4,2025-03-31
2025-04-01 00:00:00,2.0,1.0,93.0,0.2,,0.0,0.0,,1007.0,,7.0,35.6,2025-04-01
2025-04-01 01:00:00,1.0,1.0,100.0,0.3,,190.0,19.0,,1006.0,,8.0,33.8,2025-04-01
2025-04-01 02:00:00,1.0,1.0,100.0,0.3,,200.0,17.0,,1006.0,,8.0,33.8,2025-04-01
2025-04-01 03:00:00,2.0,2.0,100.0,1.5,,180.0,9.3,,1005.0,,13.0,35.6,2025-04-01
2025-04-01 04:00:00,1.0,1.0,100.0,0.1,,110.0,5.5,,1005.0,,12.0,33.8,2025-04-01
2025-04-01 05:00:00,1.0,1.0,100.0,0.4,,130.0,6.0,,1004.0,,15.0,33.8,2025-04-01
2025-04-01 06:00:00,1.0,1.0,100.0,0.0,,0.0,0.0,,1004.0,,3.0,33.8,2025-04-01
2025-04-01 07:00:00,0.0,0.0,100.0,0.0,,210.0,20.0,,1004.0,,3.0,32.0,2025-04-01
2025-04-01 08:00:00,0.0,0.0,100.0,0.6,,230.0,18.5,,1005.0,,15.0,32.0,2025-04-01
2025-04-01 09:00:00,1.0,1.0,100.0,2.1,,200.0,9.3,,1005.0,,13.0,33.8,2025-04-01
2025-04-01 10:00:00,1.0,0.0,93.0,2.8,,350.0,19.0,,1006.0,,13.0,33.8,2025-04-01
2025-04-01 11:00:00,1.0,0.0,93.0,2.1,,340.0,15.0,,1006.0,,13.0,33.8,2025-04-01
2025-04-01 12:00:00,1.0,0.0,93.0,2.6,,280.0,9.3,,1006.0,,13.0,33.8,2025-04-01
2025-04-01 13:00:00,4.0,-4.0,56.0,1.2,,320.0,18.5,,1006.0,,13.0,39.2,2025-04-01
2025-04-01 14:00:00,3.0,-1.9,70.0,0.2,,350.0,7.0,,1006.0,,17.0,37.4,2025-04-01
2025-04-01 15:00:00,1.0,-2.1,80.0,0.0,,250.0,22.0,,1006.0,,3.0,33.8,2025-04-01
2025-04-01 16:00:00,2.0,-0.9,81.0,0.4,,140.0,13.0,,1005.0,,19.0,35.6,2025-04-01
2025-04-01 17:00:00,2.0,-0.9,81.0,0.2,,130.0,9.0,,1005.0,,12.0,35.6,2025-04-01
2025-04-01 18:00:00,2.0,-0.9,81.0,0.0,,140.0,15.0,,1006.0,,3.0,35.6,2025-04-01
2025-04-01 19:00:00,2.0,-2.0,75.0,0.0,,110.0,6.0,,1006.0,,3.0,35.6,2025-04-01
2025-04-01 20:00:00,2.0,-2.0,75.0,0.0,,190.0,6.0,,1006.0,,1.0,35.6,2025-04-01
2025-04-01 21:00:00,0.0,-2.1,86.0,0.0,,190.0,9.3,,1006.0,,2.0,32.0,2025-04-01
2025-04-01 22:00:00,-1.0,-3.0,86.0,0.0,,130.0,13.0,,1006.0,,2.0,30.2,2025-04-01
2025-04-01 23:00:00,-1.0,-4.0,80.0,0.0,,130.0,19.0,,1006.0,,3.0,30.2,2025-04-01
2025-04-02 00:00:00,-1.0,-4.0,80.0,0.0,,120.0,16.7,,1006.0,,3.0,30.2,2025-04-02
2025-04-02 01:00:00,-2.0,-5.0,80.0,0.0,,120.0,19.0,,1006.0,,3.0,28.4,2025-04-02
2025-04-02 02:00:00,-2.0,-6.0,74.0,0.0,,140.0,16.7,,1006.0,,1.0,28.4,2025-04-02
2025-04-02 03:00:00,-3.0,-6.0,80.0,0.0,,130.0,25.9,,1006.0,,3.0,26.6,2025-04-02
2025-04-02 04:00:00,-3.0,-7.0,74.0,0.0,,130.0,20.4,,1005.0,,3.0,26.6,2025-04-02
2025-04-02 05:00:00,-3.0,-7.0,74.0,0.0,,130.0,22.0,,1005.0,,3.0,26.6,2025-04-02
2025-04-02 06:00:00,-3.0,-7.0,74.0,0.0,,130.0,20.0,,1005.0,,3.0,26.6,2025-04-02
2025-04-02 07:00:00,-3.0,-8.1,68.0,0.0,,140.0,20.0,,1006.0,,3.0,26.6,2025-04-02
2025-04-02 08:00:00,-2.0,-7.9,64.0,0.0,,130.0,24.0,,1006.0,,3.0,28.4,2025-04-02
2025-04-02 09:00:00,0.0,-6.0,64.0,0.0,,130.0,22.0,,1006.0,,3.0,32.0,2025-04-02
2025-04-02 10:00:00,2.0,-5.0,60.0,0.0,,140.0,11.0,,1007.0,,3.0,35.6,2025-04-02
2025-04-02 11:00:00,4.0,-4.0,56.0,0.0,,100.0,7.0,,1007.0,,3.0,39.2,2025-04-02
2025-04-02 12:00:00,5.0,-4.0,52.0,0.0,,0.0,0.0,,1006.0,,3.0,41.0,2025-04-02
2025-04-02 13:00:00,6.0,-2.9,53.0,0.0,,0.0,7.4,,1006.0,,3.0,42.8,2025-04-02
2025-04-02 14:00:00,8.0,-3.8,43.0,0.0,,310.0,13.0,,1005.0,,3.0,46.4,2025-04-02
2025-04-02 15:00:00,7.0,-5.1,42.0,0.0,,320.0,13.0,,1005.0,,3.0,44.6,2025-04-02
2025-04-02 16:00:00,7.0,-3.8,46.0,0.0,,310.0,26.0,,1005.0,,3.0,44.6,2025-04-02
2025-04-02 17:00:00,7.0,-3.0,49.0,0.0,,330.0,20.0,,1005.0,,3.0,44.6,2025-04-02
2025-04-02 18:00:00,6.0,-2.9,53.0,0.0,,320.0,18.5,,1006.0,,3.0,42.8,2025-04-02
2025-04-02 19:00:00,4.0,-1.0,70.0,0.0,,180.0,14.8,,1006.0,,3.0,39.2,2025-04-02
2025-04-02 20:00:00,3.0,0.1,81.0,0.0,,150.0,7.0,,1008.0,,3.0,37.4,2025-04-02
2025-04-02 21:00:00,3.0,-1.0,75.0,0.0,,150.0,13.0,,1008.0,,3.0,37.4,2025-04-02
2025-04-02 22:00:00,2.0,0.1,87.0,0.0,,190.0,7.4,,1008.0,,3.0,35.6,2025-04-02
2025-04-02 23:00:00,3.0,-1.0,75.0,0.0,,110.0,14.8,,1008.0,,3.0,37.4,2025-04-02
2025-04-03 00:00:00,4.0,-1.0,70.0,0.0,,110.0,7.0,,1008.0,,3.0,39.2,2025-04-03
2025-04-03 01:00:00,3.0,-1.0,75.0,0.0,,120.0,9.0,,1009.0,,3.0,37.4,2025-04-03
2025-04-03 02:00:00,3.0,-1.0,75.0,0.0,,130.0,9.3,,1009.0,,3.0,37.4,2025-04-03
2025-04-03 03:00:00,1.0,1.0,100.0,0.0,,240.0,7.0,,1009.0,,3.0,33.8,2025-04-03
2025-04-03 04:00:00,1.0,1.0,100.0,0.0,,240.0,7.4,,1009.0,,3.0,33.8,2025-04-03
2025-04-03 05:00:00,1.0,1.0,100.0,0.0,,160.0,6.0,,1009.0,,3.0,33.8,2025-04-03
2025-04-03 06:00:00,1.0,1.0,100.0,0.0,,180.0,7.4,,1009.0,,3.0,33.8,2025-04-03
2025-04-03 07:00:00,1.0,1.0,100.0,0.0,,230.0,6.0,,1009.0,,3.0,33.8,2025-04-03
2025-04-03 08:00:00,2.0,2.0,100.0,0.0,,190.0,7.0,,1010.0,,3.0,35.6,2025-04-03
2025-04-03 09:00:00,2.0,1.0,93.0,0.0,,310.0,7.4,,1010.0,,3.0,35.6,2025-04-03
2025-04-03 10:00:00,4.0,1.0,81.0,0.0,,330.0,9.0,,1011.0,,3.0,39.2,2025-04-03
2025-04-03 11:00:00,5.0,0.9,75.0,0.0,,310.0,13.0,,1011.0,,3.0,41.0,2025-04-03
2025-04-03 12:00:00,5.0,-1.0,65.0,0.0,,0.0,0.0,,1011.0,,3.0,41.0,2025-04-03
2025-04-03 13:00:00,6.0,-0.1,65.0,0.0,,70.0,11.1,,1011.0,,3.0,42.8,2025-04-03
2025-04-03 14:00:00,7.0,0.0,61.0,0.0,,300.0,13.0,,1011.0,,3.0,44.6,2025-04-03
2025-04-03 15:00:00,6.0,0.9,70.0,0.0,,290.0,20.4,,1011.0,,2.0,42.8,2025-04-03
2025-04-03 16:00:00,6.0,0.9,70.0,0.0,,200.0,11.0,,1012.0,,3.0,42.8,2025-04-03
2025-04-03 17:00:00,6.0,-0.1,65.0,0.0,,200.0,11.1,,1012.0,,3.0,42.8,2025-04-03
2025-04-03 18:00:00,6.0,-1.0,61.0,0.0,,170.0,7.4,,1012.0,,3.0,42.8,2025-04-03
2025-04-03 19:00:00,5.0,0.0,70.0,0.0,,200.0,9.0,,1012.0,,3.0,41.0,2025-04-03
2025-04-03 20:00:00,4.0,0.0,75.0,0.0,,250.0,9.0,,1013.0,,3.0,39.2,2025-04-03
2025-04-03 21:00:00,3.0,0.1,81.0,0.0,,0.0,0.0,,1015.0,,3.0,37.4,2025-04-03
2025-04-03 22:00:00,4.0,0.0,75.0,0.0,,170.0,17.0,,1015.0,,3.0,39.2,2025-04-03
2025-04-03 23:00:00,3.0,1.0,87.0,0.0,,0.0,0.0,,1016.0,,3.0,37.4,2025-04-03
2025-04-04 00:00:00,4.0,0.0,75.0,0.0,,290.0,9.0,,1017.0,,3.0,39.2,2025-04-04
2025-04-04 01:00:00,3.0,0.1,81.0,0.0,,160.0,9.3,,1017.0,,3.0,37.4,2025-04-04
2025-04-04 02:00:00,2.0,0.1,87.0,0.0,,160.0,11.1,,1017.0,,3.0,35.6,2025-04-04
2025-04-04 03:00:00,2.0,1.0,93.0,0.0,,80.0,9.0,,1017.0,,3.0,35.6,2025-04-04
2025-04-04 04:00:00,2.0,1.0,93.0,0.0,,50.0,6.0,,1018.0,,3.0,35.6,2025-04-04
2025-04-04 05:00:00,2.0,0.1,87.0,0.0,,0.0,0.0,,1018.0,,3.0,35.6,2025-04-04
2025-04-04 06:00:00,2.0,1.0,93.0,0.0,,0.0,0.0,,1019.0,,3.0,35.6,2025-04-04
2025-04-04 07:00:00,2.0,1.0,93.0,0.0,,0.0,0.0,,1020.0,,3.0,35.6,2025-04-04
2025-04-04 08:00:00,3.0,1.0,87.0,0.0,,120.0,9.0,,1020.0,,3.0,37.4,2025-04-04
2025-04-04 09:00:00,4.0,-1.0,70.0,0.0,,123.0,8.3,,1021.0,,3.0,39.2,2025-04-04
2025-04-04 10:00:00,6.0,-0.1,65.0,0.0,,0.0,0.0,,1021.0,,3.0,42.8,2025-04-04
2025-04-04 11:00:00,6.0,-1.0,61.0,0.0,,30.0,9.3,,1021.0,,3.0,42.8,2025-04-04
2025-04-04 12:00:00,8.0,-1.0,53.0,0.0,,291.0,9.0,,1021.0,,3.0,46.4,2025-04-04
2025-04-04 13:00:00,8.0,-3.8,43.0,0.0,,0.0,0.0,,1021.0,,2.0,46.4,2025-04-04
2025-04-04 14:00:00,8.0,-3.8,43.0,0.0,,340.0,5.5,,1021.0,,2.0,46.4,2025-04-04
2025-04-04 15:00:00,9.0,-3.9,40.0,0.0,,300.0,13.0,,1020.0,,3.0,48.2,2025-04-04
2025-04-04 16:00:00,8.0,0.0,57.0,0.0,,50.0,25.9,,1022.0,,3.0,46.4,2025-04-04
2025-04-04 17:00:00,6.0,0.9,70.0,0.0,,160.0,9.0,,1021.0,,3.0,42.8,2025-04-04
2025-04-04 18:00:00,7.0,-0.9,57.0,0.0,,180.0,15.0,,1022.0,,3.0,44.6,2025-04-04
2025-04-04 19:00:00,6.0,-1.0,61.0,0.0,,190.0,7.0,,1022.0,,2.0,42.8,2025-04-04
2025-04-04 20:00:00,3.0,-1.0,75.0,0.0,,150.0,6.0,,1023.0,,2.0,37.4,2025-04-04
2025-04-04 21:00:00,3.0,-1.0,75.0,0.0,,150.0,7.4,,1023.0,,1.0,37.4,2025-04-04
2025-04-04 22:00:00,2.0,0.1,87.0,0.0,,120.0,11.1,,1024.0,,1.0,35.6,2025-04-04
2025-04-04 23:00:00,2.0,0.1,87.0,0.0,,130.0,15.0,,1024.0,,1.0,35.6,2025-04-04
2025-04-05 00:00:00,1.0,-0.9,87.0,0.0,,150.0,9.3,,1025.0,,1.0,33.8,2025-04-05
2025-04-05 01:00:00,0.0,-3.0,80.0,0.0,,190.0,7.0,,1025.0,,1.0,32.0,2025-04-05
2025-04-05 02:00:00,1.0,-0.9,87.0,0.0,,170.0,5.5,,1025.0,,1.0,33.8,2025-04-05
2025-04-05 03:00:00,1.0,-2.9,75.0,0.0,,140.0,15.0,,1025.0,,1.0,33.8,2025-04-05
2025-04-05 04:00:00,0.0,-3.0,80.0,0.0,,170.0,13.0,,1026.0,,1.0,32.0,2025-04-05
2025-04-05 05:00:00,1.0,-2.9,75.0,0.0,,140.0,11.1,,1026.0,,1.0,33.8,2025-04-05
2025-04-05 06:00:00,0.0,-3.9,75.0,0.0,,80.0,7.0,,1026.0,,1.0,32.0,2025-04-05
2025-04-05 07:00:00,0.0,-3.0,80.0,0.0,,210.0,11.0,,1027.0,,1.0,32.0,2025-04-05
2025-04-05 08:00:00,4.0,-3.1,60.0,0.0,,160.0,13.0,,1028.0,,1.0,39.2,2025-04-05
2025-04-05 09:00:00,5.0,-3.1,56.0,0.0,,160.0,9.0,,1028.0,,1.0,41.0,2025-04-05
2025-04-05 10:00:00,6.0,-3.9,49.0,0.0,,0.0,0.0,,1028.0,,1.0,42.8,2025-04-05
2025-04-05 11:00:00,8.0,-3.8,43.0,0.0,,265.0,9.0,,1028.0,,1.0,46.4,2025-04-05
2025-04-05 12:00:00,8.0,-3.8,43.0,0.0,,277.0,7.4,,1028.0,,1.0,46.4,2025-04-05
2025-04-05 13:00:00,9.0,-4.9,37.0,0.0,,340.0,11.1,,1027.0,,1.0,48.2,2025-04-05
2025-04-05 14:00:00,10.0,-6.0,32.0,0.0,,280.0,13.0,,1027.0,,1.0,50.0,2025-04-05
2025-04-05 15:00:00,11.0,-6.8,28.0,0.0,,360.0,7.0,,1026.0,,1.0,51.8,2025-04-05
2025-04-05 16:00:00,12.0,-5.1,30.0,0.0,,310.0,11.1,,1026.0,,3.0,53.6,2025-04-05
2025-04-05 17:00:00,12.0,-6.0,28.0,0.0,,310.0,13.0,,1026.0,,1.0,53.6,2025-04-05
2025-04-05 18:00:00,11.0,-5.1,32.0,0.0,,310.0,11.1,,1026.0,,2.0,51.8,2025-04-05
2025-04-05 19:00:00,10.0,-2.0,43.0,0.0,,310.0,11.1,,1026.0,,3.0,50.0,2025-04-05
2025-04-05 20:00:00,7.0,0.0,61.0,0.0,,310.0,15.0,,1026.0,,1.0,44.6,2025-04-05
2025-04-05 21:00:00,7.0,-1.9,53.0,0.0,,330.0,13.0,,1027.0,,1.0,44.6,2025-04-05
2025-04-05 22:00:00,5.0,-1.9,61.0,0.0,,0.0,0.0,,1027.0,,1.0,41.0,2025-04-05
2025-04-05 23:00:00,3.0,-1.9,70.0,0.0,,110.0,11.0,,1027.0,,1.0,37.4,2025-04-05
2025-04-06 00:00:00,3.0,-2.9,65.0,0.0,,110.0,16.7,,1027.0,,1.0,37.4,2025-04-06
2025-04-06 01:00:00,2.0,-2.9,70.0,0.0,,120.0,14.8,,1027.0,,1.0,35.6,2025-04-06
2025-04-06 02:00:00,2.0,-3.9,65.0,0.0,,130.0,15.0,,1027.0,,1.0,35.6,2025-04-06
2025-04-06 03:00:00,1.0,-4.1,69.0,0.0,,120.0,14.8,,1026.0,,1.0,33.8,2025-04-06
2025-04-06 04:00:00,1.0,-4.1,69.0,0.0,,130.0,13.0,,1026.0,,1.0,33.8,2025-04-06
2025-04-06 05:00:00,0.0,-5.0,69.0,0.0,,160.0,9.0,,1026.0,,1.0,32.0,2025-04-06
2025-04-06 06:00:00,-1.0,-4.0,80.0,0.0,,120.0,14.8,,1026.0,,1.0,30.2,2025-04-06
2025-04-06 07:00:00,0.0,-5.0,69.0,0.0,,120.0,17.0,,1026.0,,1.0,32.0,2025-04-06
2025-04-06 08:00:00,4.0,-3.1,60.0,0.0,,0.0,0.0,,1027.0,,1.0,39.2,2025-04-06
2025-04-06 09:00:00,5.0,-4.0,52.0,0.0,,120.0,11.1,,1027.0,,1.0,41.0,2025-04-06
2025-04-06 10:00:00,8.0,-3.8,43.0,0.0,,150.0,6.0,,1027.0,,1.0,46.4,2025-04-06
2025-04-06 11:00:00,9.0,-3.9,40.0,0.0,,0.0,0.0,,1026.0,,1.0,48.2,2025-04-06
2025-04-06 12:00:00,12.0,-1.9,38.0,0.0,,309.0,9.3,,1026.0,,1.0,53.6,2025-04-06
2025-04-06 13:00:00,13.0,-6.1,26.0,0.0,,300.0,11.0,,1025.0,,1.0,55.4,2025-04-06
2025-04-06 14:00:00,13.0,-5.1,28.0,0.0,,280.0,15.0,,1025.0,,1.0,55.4,2025-04-06
2025-04-06 15:00:00,13.0,-6.1,26.0,0.0,,290.0,7.4,,1024.0,,1.0,55.4,2025-04-06
2025-04-06 16:00:00,14.0,-5.7,25.0,0.0,,4.0,9.3,,1023.0,,1.0,57.2,2025-04-06
2025-04-06 17:00:00,15.0,-6.0,23.0,0.0,,290.0,9.0,,1022.0,,1.0,59.0,2025-04-06
2025-04-06 18:00:00,14.0,-5.7,25.0,0.0,,290.0,7.0,,1022.0,,1.0,57.2,2025-04-06
2025-04-06 19:00:00,13.0,-4.2,30.0,0.0,,280.0,5.5,,1022.0,,1.0,55.4,2025-04-06
2025-04-06 20:00:00,9.0,-4.9,37.0,0.0,,136.0,1.8,,1022.0,,1.0,48.2,2025-04-06
2025-04-06 21:00:00,9.0,-3.9,40.0,0.0,,140.0,6.0,,1023.0,,1.0,48.2,2025-04-06
2025-04-06 22:00:00,7.0,-3.8,46.0,0.0,,130.0,13.0,,1023.0,,1.0,44.6,2025-04-06
2025-04-06 23:00:00,6.0,-2.9,53.0,0.0,,120.0,14.8,,1023.0,,1.0,42.8,2025-04-06
2025-04-07 00:00:00,6.0,-3.9,49.0,0.0,,130.0,24.0,,1023.0,,1.0,42.8,2025-04-07
2025-04-07 01:00:00,6.0,-5.0,45.0,0.0,,130.0,24.0,,1022.0,,1.0,42.8,2025-04-07
2025-04-07 02:00:00,6.0,-5.0,45.0,0.0,,120.0,20.0,,1022.0,,1.0,42.8,2025-04-07
2025-04-07 03:00:00,5.0,-5.1,48.0,0.0,,130.0,16.7,,1022.0,,1.0,41.0,2025-04-07
2025-04-07 04:00:00,3.0,-4.9,56.0,0.0,,160.0,17.0,,1022.0,,1.0,37.4,2025-04-07
2025-04-07 05:00:00,5.0,-5.1,48.0,0.0,,140.0,22.2,,1022.0,,1.0,41.0,2025-04-07
2025-04-07 06:00:00,4.0,-5.0,52.0,0.0,,130.0,18.5,,1022.0,,1.0,39.2,2025-04-07
2025-04-07 07:00:00,4.0,-4.0,56.0,0.0,,160.0,13.0,,1023.0,,1.0,39.2,2025-04-07
2025-04-07 08:00:00,5.0,-5.1,48.0,0.0,,130.0,22.0,,1023.0,,1.0,41.0,2025-04-07
2025-04-07 09:00:00,8.0,-3.8,43.0,0.0,,130.0,22.2,,1022.0,,1.0,46.4,2025-04-07
2025-04-07 10:00:00,12.0,-3.8,33.0,0.0,,130.0,18.5,,1022.0,,2.0,53.6,2025-04-07
2025-04-07 11:00:00,14.0,-2.0,33.0,0.0,,60.0,6.0,,1022.0,,3.0,57.2,2025-04-07
2025-04-07 12:00:00,16.0,-2.0,29.0,0.0,,360.0,9.3,,1021.0,,3.0,60.8,2025-04-07
2025-04-07 13:00:00,17.0,-3.7,24.0,0.0,,22.0,6.0,,1020.0,,3.0,62.6,2025-04-07
2025-04-07 14:00:00,19.0,-6.6,17.0,0.0,,23.0,7.0,,1019.0,,3.0,66.2,2025-04-07
2025-04-07 15:00:00,20.0,-5.8,17.0,0.0,,80.0,9.3,,1018.0,,3.0,68.0,2025-04-07
2025-04-07 16:00:00,19.0,-5.2,19.0,0.0,,210.0,15.0,,1017.0,,3.0,66.2,2025-04-07
2025-04-07 17:00:00,21.0,-4.2,18.0,0.0,,190.0,6.0,,1017.0,,2.0,69.8,2025-04-07
2025-04-07 18:00:00,20.0,-3.7,20.0,0.0,,180.0,13.0,,1016.0,,3.0,68.0,2025-04-07
2025-04-07 19:00:00,17.0,-2.1,27.0,0.0,,180.0,9.0,,1016.0,,3.0,62.6,2025-04-07
2025-04-07 20:00:00,14.0,-2.9,31.0,0.0,,160.0,13.0,,1015.0,,3.0,57.2,2025-04-07
2025-04-07 21:00:00,14.0,-3.8,29.0,0.0,,110.0,15.0,,1015.0,,3.0,57.2,2025-04-07
2025-04-07 22:00:00,12.0,-3.8,33.0,0.0,,140.0,11.0,,1016.0,,3.0,53.6,2025-04-07
2025-04-07 23:00:00,13.0,-4.2,30.0,0.0,,120.0,9.3,,1016.0,,3.0,55.4,2025-04-07
2025-04-08 00:00:00,12.0,-5.1,30.0,0.0,,220.0,7.0,,1016.0,,3.0,53.6,2025-04-08
2025-04-08 01:00:00,15.0,-7.2,21.0,0.0,,330.0,9.3,,1016.0,,3.0,59.0,2025-04-08
2025-04-08 02:00:00,14.0,-8.0,21.0,0.0,,220.0,11.1,,1016.0,,3.0,57.2,2025-04-08
2025-04-08 03:00:00,10.0,-4.0,37.0,0.0,,110.0,9.0,,1016.0,,3.0,50.0,2025-04-08
2025-04-08 04:00:00,8.0,-2.9,46.0,0.0,,90.0,9.3,,1016.0,,3.0,46.4,2025-04-08
2025-04-08 05:00:00,8.0,-3.8,43.0,0.0,,120.0,11.1,,1016.0,,3.0,46.4,2025-04-08
2025-04-08 06:00:00,8.0,-3.8,43.0,0.0,,120.0,20.4,,1017.0,,3.0,46.4,2025-04-08
2025-04-08 07:00:00,8.0,-3.8,43.0,0.0,,130.0,18.5,,1017.0,,3.0,46.4,2025-04-08
2025-04-08 08:00:00,11.0,-3.1,37.0,0.0,,130.0,13.0,,1018.0,,3.0,51.8,2025-04-08
2025-04-08 09:00:00,13.0,-2.9,33.0,0.0,,120.0,7.4,,1018.0,,3.0,55.4,2025-04-08
2025-04-08 10:00:00,16.0,-5.1,23.0,0.0,,320.0,13.0,,1018.0,,3.0,60.8,2025-04-08
2025-04-08 11:00:00,17.0,-3.2,25.0,0.0,,320.0,11.1,,1018.0,,3.0,62.6,2025-04-08
2025-04-08 12:00:00,18.0,-2.9,24.0,0.0,,300.0,5.5,,1018.0,,3.0,64.4,2025-04-08
2025-04-08 13:00:00,19.0,-3.2,22.0,0.0,,330.0,7.0,,1018.0,,3.0,66.2,2025-04-08
2025-04-08 14:00:00,20.0,-1.8,23.0,0.0,,340.0,7.4,,1018.0,,3.0,68.0,2025-04-08
2025-04-08 15:00:00,20.0,0.9,28.0,0.0,,310.0,13.0,,1018.0,,3.0,68.0,2025-04-08
2025-04-08 16:00:00,20.0,3.2,33.0,0.0,,320.0,18.5,,1018.0,,3.0,68.0,2025-04-08
2025-04-08 17:00:00,20.0,3.2,33.0,0.0,,330.0,13.0,,1017.0,,3.0,68.0,2025-04-08
2025-04-08 18:00:00,18.0,3.1,37.0,0.0,,320.0,13.0,,1018.0,,3.0,64.4,2025-04-08
2025-04-08 19:00:00,16.0,3.1,42.0,0.0,,300.0,13.0,,1018.0,,1.0,60.8,2025-04-08
2025-04-08 20:00:00,13.0,3.9,54.0,0.0,,260.0,7.0,,1018.0,,2.0,55.4,2025-04-08
2025-04-08 21:00:00,12.0,1.9,50.0,0.0,,230.0,7.0,,1019.0,,2.0,53.6,2025-04-08
2025-04-08 22:00:00,8.0,0.9,61.0,0.0,,220.0,7.4,,1020.0,,1.0,46.4,2025-04-08
2025-04-08 23:00:00,9.0,0.9,57.0,0.0,,100.0,13.0,,1020.0,,1.0,48.2,2025-04-08
2025-04-09 00:00:00,8.0,0.9,61.0,0.0,,100.0,9.3,,1020.0,,1.0,46.4,2025-04-09
2025-04-09 01:00:00,8.0,0.0,57.0,0.0,,120.0,13.0,,1021.0,,2.0,46.4,2025-04-09
2025-04-09 02:00:00,7.0,0.0,61.0,0.0,,150.0,11.1,,1021.0,,2.0,44.6,2025-04-09
2025-04-09 03:00:00,6.0,-1.0,61.0,0.0,,110.0,13.0,,1021.0,,2.0,42.8,2025-04-09
2025-04-09 04:00:00,5.0,-1.0,65.0,0.0,,110.0,14.8,,1022.0,,1.0,41.0,2025-04-09
2025-04-09 05:00:00,6.0,-1.0,61.0,0.0,,140.0,16.7,,1022.0,,1.0,42.8,2025-04-09
2025-04-09 06:00:00,7.0,-1.9,53.0,0.0,,140.0,14.8,,1023.0,,1.0,44.6,2025-04-09
2025-04-09 07:00:00,7.0,-0.9,57.0,0.0,,120.0,15.0,,1023.0,,1.0,44.6,2025-04-09
2025-04-09 08:00:00,8.0,-1.0,53.0,0.0,,130.0,20.4,,1024.0,,1.0,46.4,2025-04-09
2025-04-09 09:00:00,13.0,-1.0,38.0,0.0,,110.0,11.1,,1025.0,,1.0,55.4,2025-04-09
2025-04-09 10:00:00,15.0,1.1,39.0,0.0,,30.0,9.0,,1025.0,,1.0,59.0,2025-04-09
2025-04-09 11:00:00,15.0,4.1,48.0,0.0,,353.0,7.0,,1025.0,,2.0,59.0,2025-04-09
2025-04-09 12:00:00,18.0,4.2,40.0,0.0,,332.0,5.5,,1025.0,,2.0,64.4,2025-04-09
2025-04-09 13:00:00,18.0,-2.9,24.0,0.0,,310.0,7.0,,1025.0,,1.0,64.4,2025-04-09
2025-04-09 14:00:00,20.0,-5.1,18.0,0.0,,0.0,0.0,,1024.0,,3.0,68.0,2025-04-09
2025-04-09 15:00:00,20.0,-5.1,18.0,0.0,,340.0,11.1,,1024.0,,2.0,68.0,2025-04-09
2025-04-09 16:00:00,21.0,-2.2,21.0,0.0,,300.0,13.0,,1024.0,,2.0,69.8,2025-04-09
2025-04-09 17:00:00,20.0,-1.2,24.0,0.0,,310.0,15.0,,1024.0,,2.0,68.0,2025-04-09
2025-04-09 18:00:00,20.0,-0.1,26.0,0.0,,320.0,13.0,,1024.0,,1.0,68.0,2025-04-09
2025-04-09 19:00:00,17.0,4.1,48.0,0.0,,300.0,14.8,,1024.0,,1.0,62.6,2025-04-09
2025-04-09 20:00:00,14.0,4.0,51.0,0.0,,350.0,11.0,,1025.0,,1.0,57.2,2025-04-09
2025-04-09 21:00:00,13.0,1.9,47.0,0.0,,360.0,7.0,,1026.0,,1.0,55.4,2025-04-09
2025-04-09 22:00:00,12.0,1.0,47.0,0.0,,90.0,11.0,,1026.0,,1.0,53.6,2025-04-09
2025-04-09 23:00:00,9.0,-0.1,53.0,0.0,,130.0,7.4,,1027.0,,1.0,48.2,2025-04-09
2025-04-10 00:00:00,10.0,-1.1,46.0,0.0,,130.0,14.8,,1027.0,,1.0,50.0,2025-04-10
2025-04-10 01:00:00,9.0,-0.9,50.0,0.0,,130.0,19.0,,1027.0,,1.0,48.2,2025-04-10
2025-04-10 02:00:00,8.0,-2.1,49.0,0.0,,120.0,17.0,,1027.0,,1.0,46.4,2025-04-10
2025-04-10 03:00:00,10.0,-2.0,43.0,0.0,,130.0,20.0,,1028.0,,1.0,50.0,2025-04-10
2025-04-10 04:00:00,8.0,-2.1,49.0,0.0,,130.0,19.0,,1028.0,,1.0,46.4,2025-04-10
2025-04-10 05:00:00,9.0,-2.9,43.0,0.0,,150.0,22.0,,1028.0,,1.0,48.2,2025-04-10
2025-04-10 06:00:00,9.0,-2.9,43.0,0.0,,130.0,20.4,,1029.0,,1.0,48.2,2025-04-10
2025-04-10 07:00:00,8.0,-2.9,46.0,0.0,,150.0,28.0,,1029.0,,1.0,46.4,2025-04-10
2025-04-10 08:00:00,11.0,-3.1,37.0,0.0,,150.0,24.0,,1030.0,,1.0,51.8,2025-04-10
2025-04-10 09:00:00,12.0,-1.9,38.0,0.0,,160.0,16.7,,1030.0,,2.0,53.6,2025-04-10
2025-04-10 10:00:00,13.0,0.0,41.0,0.0,,180.0,9.3,,1030.0,,2.0,55.4,2025-04-10
2025-04-10 11:00:00,16.0,4.1,45.0,0.0,,338.0,9.0,,1030.0,,1.0,60.8,2025-04-10
2025-04-10 12:00:00,18.0,3.1,37.0,0.0,,300.0,9.0,,1029.0,,5.0,64.4,2025-04-10
2025-04-10 13:00:00,19.0,1.9,32.0,0.0,,334.0,7.4,,1028.0,,1.0,66.2,2025-04-10
2025-04-10 14:00:00,22.0,-0.7,22.0,0.0,,10.0,7.4,,1027.0,,1.0,71.6,2025-04-10
2025-04-10 15:00:00,22.0,-5.0,16.0,0.0,,310.0,7.0,,1026.0,,2.0,71.6,2025-04-10
2025-04-10 16:00:00,24.0,-8.3,11.0,0.0,,354.0,6.5,,1025.0,,2.0,75.2,2025-04-10
2025-04-10 17:00:00,23.0,-6.0,14.0,0.0,,300.0,7.0,,1025.0,,1.0,73.4,2025-04-10
2025-04-10 18:00:00,23.0,-1.9,19.0,0.0,,0.0,0.0,,1024.0,,2.0,73.4,2025-04-10
2025-04-10 19:00:00,22.0,0.2,25.0,0.0,,0.0,0.0,,1024.0,,3.0,71.6,2025-04-10
2025-04-10 20:00:00,16.0,-3.0,27.0,0.0,,120.0,17.0,,1024.0,,3.0,60.8,2025-04-10
2025-04-10 21:00:00,17.0,-3.7,24.0,0.0,,120.0,20.0,,1024.0,,2.0,62.6,2025-04-10
2025-04-10 22:00:00,16.0,-5.7,22.0,0.0,,130.0,20.0,,1024.0,,3.0,60.8,2025-04-10
2025-04-10 23:00:00,17.0,-6.1,20.0,0.0,,130.0,22.2,,1024.0,,1.0,62.6,2025-04-10
2025-04-11 00:00:00,16.0,-5.7,22.0,0.0,,130.0,24.0,,1023.0,,1.0,60.8,2025-04-11
2025-04-11 01:00:00,15.0,-6.0,23.0,0.0,,130.0,22.0,,1023.0,,1.0,59.0,2025-04-11
2025-04-11 02:00:00,15.0,-6.0,23.0,0.0,,140.0,24.0,,1023.0,,1.0,59.0,2025-04-11
2025-04-11 03:00:00,15.0,-6.0,23.0,0.0,,130.0,24.0,,1023.0,,1.0,59.0,2025-04-11
2025-04-11 04:00:00,13.0,-5.1,28.0,0.0,,110.0,16.7,,1023.0,,1.0,55.4,2025-04-11
2025-04-11 05:00:00,13.0,-6.1,26.0,0.0,,130.0,20.0,,1023.0,,1.0,55.4,2025-04-11
2025-04-11 06:00:00,13.0,-6.1,26.0,0.0,,130.0,24.0,,1022.0,,1.0,55.4,2025-04-11
2025-04-11 07:00:00,12.0,-5.1,30.0,0.0,,120.0,22.2,,1023.0,,1.0,53.6,2025-04-11
2025-04-11 08:00:00,15.0,-4.9,25.0,0.0,,140.0,17.0,,1023.0,,1.0,59.0,2025-04-11
2025-04-11 09:00:00,18.0,-2.9,24.0,0.0,,160.0,17.0,,1023.0,,1.0,64.4,2025-04-11
2025-04-11 10:00:00,19.0,-2.0,24.0,0.0,,140.0,13.0,,1022.0,,1.0,66.2,2025-04-11
2025-04-11 11:00:00,22.0,-0.1,23.0,0.0,,240.0,6.0,,1022.0,,1.0,71.6,2025-04-11
2025-04-11 12:00:00,24.0,1.0,22.0,0.0,,320.0,7.0,,1021.0,,1.0,75.2,2025-04-11
2025-04-11 13:00:00,26.0,1.3,20.0,0.0,,0.0,0.0,,1020.0,,2.0,78.8,2025-04-11
2025-04-11 14:00:00,22.9,6.6,35.0,0.0,,0.0,8.6,,1015.0,,2.0,73.22,2025-04-11
2025-04-11 15:00:00,26.0,-1.8,16.0,0.0,,200.0,11.0,,1017.0,,3.0,78.8,2025-04-11
2025-04-11 16:00:00,26.0,-0.2,18.0,0.0,,190.0,11.1,,1017.0,,1.0,78.8,2025-04-11
2025-04-11 17:00:00,27.0,-1.0,16.0,0.0,,250.0,17.0,,1016.0,,3.0,80.6,2025-04-11
2025-04-11 18:00:00,27.0,-0.1,17.0,0.0,,240.0,11.1,,1015.0,,3.0,80.6,2025-04-11
2025-04-11 19:00:00,23.0,-1.9,19.0,0.0,,0.0,0.0,,1014.0,,3.0,73.4,2025-04-11
2025-04-11 20:00:00,17.0,-1.2,29.0,0.0,,140.0,6.0,,1014.0,,1.0,62.6,2025-04-11
2025-04-11 21:00:00,18.0,-0.8,28.0,0.0,,120.0,13.0,,1014.0,,1.0,64.4,2025-04-11
2025-04-11 22:00:00,17.0,-3.2,25.0,0.0,,100.0,11.0,,1015.0,,1.0,62.6,2025-04-11
2025-04-11 23:00:00,16.0,-2.0,29.0,0.0,,120.0,13.0,,1015.0,,2.0,60.8,2025-04-11
2025-04-12 00:00:00,15.0,-2.0,31.0,0.0,,140.0,7.4,,1014.0,,2.0,59.0,2025-04-12
2025-04-12 01:00:00,15.0,-2.9,29.0,0.0,,70.0,11.0,,1014.0,,2.0,59.0,2025-04-12
2025-04-12 02:00:00,12.0,-1.9,38.0,0.0,,90.0,9.3,,1014.0,,3.0,53.6,2025-04-12
2025-04-12 03:00:00,12.0,-1.9,38.0,0.0,,100.0,11.0,,1013.0,,3.0,53.6,2025-04-12
2025-04-12 04:00:00,12.0,-1.9,38.0,0.0,,130.0,13.0,,1013.0,,3.0,53.6,2025-04-12
2025-04-12 05:00:00,12.0,-3.0,35.0,0.0,,140.0,13.0,,1013.0,,3.0,53.6,2025-04-12
2025-04-12 06:00:00,13.0,-4.2,30.0,0.0,,140.0,14.8,,1013.0,,3.0,55.4,2025-04-12
2025-04-12 07:00:00,14.0,-3.8,29.0,0.0,,130.0,19.0,,1013.0,,3.0,57.2,2025-04-12
2025-04-12 08:00:00,16.0,-3.0,27.0,0.0,,120.0,22.2,,1013.0,,3.0,60.8,2025-04-12
2025-04-12 09:00:00,18.0,-1.8,26.0,0.0,,130.0,15.0,,1013.0,,3.0,64.4,2025-04-12
2025-04-12 10:00:00,21.0,-2.8,20.0,0.0,,170.0,7.4,,1013.0,,3.0,69.8,2025-04-12
2025-04-12 11:00:00,22.0,-0.7,22.0,0.0,,120.0,7.0,,1013.0,,3.0,71.6,2025-04-12
2025-04-12 12:00:00,23.0,-1.2,20.0,0.0,,230.0,29.6,,1012.0,,3.0,73.4,2025-04-12
2025-04-12 13:00:00,23.0,-1.9,19.0,0.0,,240.0,24.1,,1012.0,,3.0,73.4,2025-04-12
2025-04-12 14:00:00,23.0,1.9,25.0,0.0,,320.0,14.8,,1012.0,,3.0,73.4,2025-04-12
2025-04-12 15:00:00,22.0,1.1,25.0,0.0,,340.0,16.7,,1011.0,,3.0,71.6,2025-04-12
2025-04-12 16:00:00,20.0,7.0,43.0,0.0,,320.0,19.0,,1011.0,,3.0,68.0,2025-04-12
2025-04-12 17:00:00,20.0,4.9,37.0,0.0,,320.0,22.2,,1011.0,,3.0,68.0,2025-04-12
2025-04-12 18:00:00,20.0,3.2,33.0,0.0,,320.0,22.2,,1011.0,,3.0,68.0,2025-04-12
2025-04-12 19:00:00,17.0,2.9,39.0,0.0,,320.0,20.0,,1011.0,,3.0,62.6,2025-04-12
2025-04-12 20:00:00,15.0,4.9,51.0,0.0,,310.0,11.0,,1012.0,,3.0,59.0,2025-04-12
2025-04-12 21:00:00,15.0,6.0,55.0,0.0,,330.0,28.0,,1013.0,,3.0,59.0,2025-04-12
2025-04-12 22:00:00,13.0,3.9,54.0,0.0,,340.0,32.0,,1013.0,,3.0,55.4,2025-04-12
2025-04-12 23:00:00,12.0,4.0,58.0,0.0,,320.0,22.0,,1015.0,,3.0,53.6,2025-04-12
2025-04-13 00:00:00,12.0,3.0,54.0,0.0,,350.0,15.0,,1015.0,,3.0,53.6,2025-04-13
2025-04-13 01:00:00,11.0,3.0,58.0,0.0,,330.0,18.5,,1016.0,,3.0,51.8,2025-04-13
2025-04-13 02:00:00,11.0,2.0,54.0,0.0,,330.0,20.4,,1016.0,,3.0,51.8,2025-04-13
2025-04-13 03:00:00,10.0,0.0,50.0,0.0,,340.0,19.0,,1016.0,,2.0,50.0,2025-04-13
2025-04-13 04:00:00,9.0,-0.1,53.0,0.0,,340.0,26.0,,1017.0,,2.0,48.2,2025-04-13
2025-04-13 05:00:00,8.0,-2.9,46.0,0.0,,320.0,20.0,,1018.0,,2.0,46.4,2025-04-13
2025-04-13 06:00:00,7.0,-3.0,49.0,0.0,,330.0,17.0,,1018.0,,3.0,44.6,2025-04-13
2025-04-13 07:00:00,8.0,-3.8,43.0,0.0,,330.0,20.4,,1019.0,,1.0,46.4,2025-04-13
2025-04-13 08:00:00,9.0,-2.9,43.0,0.0,,310.0,18.5,,1019.0,,2.0,48.2,2025-04-13
2025-04-13 09:00:00,10.0,-3.0,40.0,0.0,,320.0,20.0,,1020.0,,1.0,50.0,2025-04-13
2025-04-13 10:00:00,10.0,-3.0,40.0,0.0,,310.0,18.5,,1020.0,,2.0,50.0,2025-04-13
2025-04-13 11:00:00,10.0,-5.2,34.0,0.0,,310.0,16.7,,1021.0,,1.0,50.0,2025-04-13
2025-04-13 12:00:00,12.0,-6.0,28.0,0.0,,290.0,13.0,,1021.0,,1.0,53.6,2025-04-13
2025-04-13 13:00:00,13.0,-5.1,28.0,0.0,,290.0,9.3,,1020.0,,1.0,55.4,2025-04-13
2025-04-13 14:00:00,14.0,-3.8,29.0,0.0,,310.0,14.8,,1020.0,,1.0,57.2,2025-04-13
2025-04-13 15:00:00,14.0,-3.8,29.0,0.0,,320.0,20.4,,1020.0,,2.0,57.2,2025-04-13
2025-04-13 16:00:00,15.0,-4.9,25.0,0.0,,320.0,22.0,,1020.0,,2.0,59.0,2025-04-13
2025-04-13 17:00:00,14.0,-3.8,29.0,0.0,,330.0,24.1,,1020.0,,1.0,57.2,2025-04-13
2025-04-13 18:00:00,13.0,-2.9,33.0,0.0,,330.0,22.0,,1020.0,,2.0,55.4,2025-04-13
2025-04-13 19:00:00,13.0,-4.2,30.0,0.0,,330.0,18.5,,1020.0,,3.0,55.4,2025-04-13
2025-04-13 20:00:00,10.0,-4.0,37.0,0.0,,320.0,22.2,,1021.0,,3.0,50.0,2025-04-13
2025-04-13 21:00:00,9.0,-3.9,40.0,0.0,,320.0,14.8,,1022.0,,1.0,48.2,2025-04-13
2025-04-13 22:00:00,9.0,-3.9,40.0,0.0,,330.0,15.0,,1022.0,,1.0,48.2,2025-04-13
2025-04-13 23:00:00,8.0,-3.8,43.0,0.0,,310.0,9.3,,1022.0,,1.0,46.4,2025-04-13
2025-04-14 00:00:00,4.0,-4.0,56.0,0.0,,130.0,5.5,,1023.0,,1.0,39.2,2025-04-14
2025-04-14 01:00:00,4.0,-5.0,52.0,0.0,,160.0,11.0,,1024.0,,1.0,39.2,2025-04-14
2025-04-14 02:00:00,4.0,-5.0,52.0,0.0,,110.0,13.0,,1023.0,,1.0,39.2,2025-04-14
2025-04-14 03:00:00,3.0,-4.9,56.0,0.0,,100.0,11.0,,1024.0,,1.0,37.4,2025-04-14
2025-04-14 04:00:00,3.0,-4.9,56.0,0.0,,110.0,16.7,,1024.0,,1.0,37.4,2025-04-14
2025-04-14 05:00:00,2.0,-5.0,60.0,0.0,,130.0,13.0,,1024.0,,1.0,35.6,2025-04-14
2025-04-14 06:00:00,2.0,-6.1,55.0,0.0,,140.0,7.4,,1025.0,,1.0,35.6,2025-04-14
2025-04-14 07:00:00,1.0,-5.9,60.0,0.0,,130.0,7.4,,1025.0,,1.0,33.8,2025-04-14
2025-04-14 08:00:00,7.0,-5.1,42.0,0.0,,130.0,14.8,,1025.0,,1.0,44.6,2025-04-14
2025-04-14 09:00:00,9.0,-6.0,34.0,0.0,,160.0,7.4,,1026.0,,1.0,48.2,2025-04-14
2025-04-14 10:00:00,10.0,-3.0,40.0,0.0,,56.0,6.0,,1026.0,,1.0,50.0,2025-04-14
2025-04-14 11:00:00,12.0,-1.9,38.0,0.0,,310.0,9.3,,1026.0,,1.0,53.6,2025-04-14
2025-04-14 12:00:00,13.0,-2.1,35.0,0.0,,330.0,11.1,,1025.0,,1.0,55.4,2025-04-14
2025-04-14 13:00:00,14.0,-8.0,21.0,0.0,,0.0,0.0,,1025.0,,1.0,57.2,2025-04-14
2025-04-14 14:00:00,15.0,-7.8,20.0,0.0,,330.0,7.0,,1024.0,,1.0,59.0,2025-04-14
2025-04-14 15:00:00,16.0,-9.1,17.0,0.0,,10.0,6.0,,1024.0,,1.0,60.8,2025-04-14
2025-04-14 16:00:00,14.5,-2.4,31.0,0.0,,22.0,7.9,,1020.9,,1.0,58.1,2025-04-14
2025-04-14 17:00:00,14.8,-2.2,31.0,0.0,,33.0,8.3,,1020.1,,1.0,58.64,2025-04-14
2025-04-14 18:00:00,14.6,-1.1,34.0,0.0,,61.0,6.8,,1019.5,,1.0,58.28,2025-04-14
2025-04-14 19:00:00,13.2,5.4,59.0,0.0,,96.0,5.0,,1019.0,,1.0,55.76,2025-04-14
2025-04-14 20:00:00,9.4,0.8,55.0,0.0,,118.0,2.9,,1019.0,,1.0,48.92,2025-04-14
2025-04-14 21:00:00,7.0,-1.9,53.0,0.0,,118.0,4.3,,1019.4,,1.0,44.6,2025-04-14
2025-04-14 22:00:00,4.1,-2.1,64.0,0.0,,112.0,6.1,,1019.9,,1.0,39.38,2025-04-14
2025-04-14 23:00:00,2.0,-1.8,76.0,0.0,,115.0,7.9,,1020.1,,1.0,35.6,2025-04-14
2025-04-15 00:00:00,0.8,-1.9,82.0,0.0,,113.0,9.0,,1020.5,,1.0,33.44,2025-04-15
2025-04-15 01:00:00,0.4,-2.8,79.0,0.0,,113.0,11.2,,1020.5,,1.0,32.72,2025-04-15
2025-04-15 02:00:00,0.4,-3.9,73.0,0.0,,110.0,11.5,,1020.2,,1.0,32.72,2025-04-15
2025-04-15 03:00:00,0.2,-4.6,70.0,0.0,,110.0,11.2,,1019.6,,1.0,32.36,2025-04-15
2025-04-15 04:00:00,-0.1,-5.1,69.0,0.0,,110.0,10.8,,1019.3,,1.0,31.82,2025-04-15
2025-04-15 05:00:00,0.0,-5.4,67.0,0.0,,111.0,10.4,,1019.6,,3.0,32.0,2025-04-15
2025-04-15 06:00:00,-0.1,-5.5,67.0,0.0,,106.0,10.1,,1019.7,,3.0,31.82,2025-04-15
2025-04-15 07:00:00,0.0,-5.4,67.0,0.0,,109.0,10.4,,1019.8,,3.0,32.0,2025-04-15
2025-04-15 08:00:00,2.4,-3.5,65.0,0.0,,107.0,10.4,,1020.3,,3.0,36.32,2025-04-15
2025-04-15 09:00:00,6.5,0.0,63.0,0.0,,105.0,8.3,,1020.3,,3.0,43.7,2025-04-15
2025-04-15 10:00:00,10.2,1.6,55.0,0.0,,75.0,3.6,,1020.0,,3.0,50.36,2025-04-15
2025-04-15 11:00:00,13.0,1.9,47.0,0.0,,3.0,4.0,,1019.3,,3.0,55.4,2025-04-15
2025-04-15 12:00:00,14.4,2.9,46.0,0.0,,5.0,5.4,,1018.5,,3.0,57.92,2025-04-15
2025-04-15 13:00:00,15.7,2.8,42.0,0.0,,342.0,5.0,,1017.4,,3.0,60.26,2025-04-15
2025-04-15 14:00:00,16.8,1.6,36.0,0.0,,8.0,5.4,,1016.6,,3.0,62.24,2025-04-15
2025-04-15 15:00:00,19.2,2.5,33.0,0.0,,29.0,10.1,,1015.0,,3.0,66.56,2025-04-15
2025-04-15 16:00:00,19.9,3.6,34.0,0.0,,25.0,11.5,,1013.6,,2.0,67.82,2025-04-15
2025-04-15 17:00:00,20.2,3.8,34.0,0.0,,22.0,9.0,,1012.3,,1.0,68.36,2025-04-15
2025-04-15 18:00:00,19.4,6.5,43.0,0.0,,22.0,7.6,,1011.8,,1.0,66.92,2025-04-15
2025-04-15 19:00:00,16.8,7.2,53.0,0.0,,44.0,6.1,,1011.5,,2.0,62.24,2025-04-15
2025-04-15 20:00:00,12.4,3.1,53.0,0.0,,103.0,8.3,,1011.5,,2.0,54.32,2025-04-15
2025-04-15 21:00:00,9.3,1.5,58.0,0.0,,118.0,6.8,,1011.6,,1.0,48.74,2025-04-15
2025-04-15 22:00:00,6.3,0.8,68.0,0.0,,113.0,8.6,,1012.4,,3.0,43.34,2025-04-15
2025-04-15 23:00:00,3.9,0.2,77.0,0.0,,112.0,9.4,,1013.0,,2.0,39.02,2025-04-15
2025-04-16 00:00:00,2.7,-0.1,82.0,0.0,,111.0,10.4,,1012.8,,3.0,36.86,2025-04-16
2025-04-16 01:00:00,2.6,-0.2,82.0,0.0,,106.0,11.2,,1012.8,,3.0,36.68,2025-04-16
2025-04-16 02:00:00,2.2,-0.6,82.0,0.0,,105.0,9.7,,1012.9,,2.0,35.96,2025-04-16
2025-04-16 03:00:00,2.2,-0.7,81.0,0.0,,105.0,9.4,,1012.6,,3.0,35.96,2025-04-16
2025-04-16 04:00:00,2.1,-1.2,79.0,0.0,,106.0,9.0,,1012.2,,3.0,35.78,2025-04-16
2025-04-16 05:00:00,2.0,-1.4,78.0,0.0,,107.0,8.6,,1012.1,,2.0,35.6,2025-04-16
2025-04-16 06:00:00,1.6,-1.8,78.0,0.0,,109.0,8.6,,1012.1,,1.0,34.88,2025-04-16
2025-04-16 07:00:00,1.4,-2.0,78.0,0.0,,109.0,9.0,,1012.2,,1.0,34.52,2025-04-16
2025-04-16 08:00:00,3.9,-0.1,75.0,0.0,,108.0,9.4,,1012.3,,1.0,39.02,2025-04-16
2025-04-16 09:00:00,8.9,3.7,70.0,0.0,,89.0,7.9,,1012.1,,1.0,48.02,2025-04-16
2025-04-16 10:00:00,13.2,4.4,55.0,0.0,,54.0,5.0,,1011.6,,1.0,55.76,2025-04-16
2025-04-16 11:00:00,15.6,4.9,49.0,0.0,,19.0,7.6,,1010.5,,1.0,60.08,2025-04-16
2025-04-16 12:00:00,17.9,4.8,42.0,0.0,,8.0,8.6,,1009.2,,2.0,64.22,2025-04-16
2025-04-16 13:00:00,19.5,5.2,39.0,0.0,,16.0,8.6,,1007.6,,3.0,67.1,2025-04-16
2025-04-16 14:00:00,19.8,6.5,42.0,0.6,,318.0,11.2,,1006.8,,8.0,67.64,2025-04-16
2025-04-16 15:00:00,18.0,5.9,45.0,0.0,,16.0,14.8,,1006.8,,3.0,64.4,2025-04-16
2025-04-16 16:00:00,16.9,3.6,41.0,0.0,,86.0,12.2,,1006.3,,3.0,62.42,2025-04-16
2025-04-16 17:00:00,16.5,4.2,44.0,0.0,,78.0,11.9,,1005.8,,3.0,61.7,2025-04-16
2025-04-16 18:00:00,15.7,6.7,55.0,0.0,,94.0,7.6,,1005.0,,3.0,60.26,2025-04-16
2025-04-16 19:00:00,14.9,7.9,63.0,0.0,,101.0,5.8,,1004.4,,3.0,58.82,2025-04-16
2025-04-16 20:00:00,12.1,5.9,66.0,0.0,,103.0,8.3,,1004.8,,3.0,53.78,2025-04-16
2025-04-16 21:00:00,11.0,4.9,66.0,0.0,,126.0,9.7,,1005.7,,3.0,51.8,2025-04-16
2025-04-16 22:00:00,8.4,3.8,73.0,0.0,,113.0,12.6,,1006.3,,3.0,47.120000000000005,2025-04-16
2025-04-16 23:00:00,7.3,3.3,76.0,0.0,,119.0,10.8,,1006.1,,3.0,45.14,2025-04-16
2025-04-17 00:00:00,6.4,3.7,83.0,0.3,,103.0,10.8,,1005.8,,8.0,43.519999999999996,2025-04-17
2025-04-17 01:00:00,5.7,3.9,88.0,0.0,,100.0,9.4,,1005.4,,3.0,42.260000000000005,2025-04-17
2025-04-17 02:00:00,3.9,2.4,90.0,0.0,,106.0,9.0,,1005.0,,3.0,39.02,2025-04-17
2025-04-17 03:00:00,3.2,1.4,88.0,0.0,,107.0,9.0,,1004.6,,3.0,37.76,2025-04-17
2025-04-17 04:00:00,3.5,1.7,88.0,0.0,,105.0,7.9,,1004.2,,3.0,38.3,2025-04-17
2025-04-17 05:00:00,2.6,1.0,89.0,0.0,,109.0,9.7,,1003.6,,3.0,36.68,2025-04-17
2025-04-17 06:00:00,2.8,1.0,88.0,0.0,,110.0,7.2,,1004.0,,3.0,37.04,2025-04-17
2025-04-17 07:00:00,3.9,1.8833333333333333,86.83333333333333,0.0,,117.0,6.233333333333333,,1004.5166666666667,,2.9827586206896552,39.02,2025-04-17
2025-04-17 08:00:00,5.0,2.7666666666666666,85.66666666666667,0.0,,124.0,5.266666666666667,,1005.0333333333333,,2.9655172413793105,41.0,2025-04-17
2025-04-17 09:00:00,6.1,3.65,84.5,0.0,,131.0,4.3,,1005.55,,2.9482758620689653,42.980000000000004,2025-04-17
2025-04-17 10:00:00,7.2,4.533333333333333,83.33333333333333,,,138.0,3.333333333333333,,1006.0666666666667,,,44.96,2025-04-17
2025-04-17 11:00:00,8.3,5.416666666666666,82.16666666666667,,,145.0,2.3666666666666663,,1006.5833333333334,,,46.94,2025-04-17
2025-04-17 12:00:00,9.4,6.3,81.0,,,152.0,1.4,,1007.1,,,48.92,2025-04-17
2025-04-17 13:00:00,9.233333333333334,6.083333333333333,80.66666666666667,,,154.66666666666666,2.25,,1007.0333333333333,,,48.620000000000005,2025-04-17
2025-04-17 14:00:00,9.066666666666666,5.866666666666666,80.33333333333333,,,157.33333333333334,3.0999999999999996,,1006.9666666666667,,,48.32,2025-04-17
2025-04-17 15:00:00,8.9,5.65,80.0,,,160.0,3.9499999999999997,,1006.9000000000001,,,48.02,2025-04-17
2025-04-17 16:00:00,8.733333333333334,5.433333333333334,79.66666666666667,,,162.66666666666666,4.8,,1006.8333333333334,,,47.72,2025-04-17
2025-04-17 17:00:00,8.566666666666666,5.216666666666667,79.33333333333333,,,165.33333333333334,5.65,,1006.7666666666667,,,47.42,2025-04-17
2025-04-17 18:00:00,8.4,5.0,79.0,,,168.0,6.5,,1006.7,,,47.120000000000005,2025-04-17
2025-04-17 19:00:00,7.65,4.666666666666667,81.5,,,159.33333333333334,6.083333333333333,,1007.1166666666667,,,45.77,2025-04-17
2025-04-17 20:00:00,6.9,4.333333333333333,84.0,,,150.66666666666666,5.666666666666667,,1007.5333333333334,,,44.42,2025-04-17
2025-04-17 21:00:00,6.15,4.0,86.5,,,142.0,5.25,,1007.95,,,43.07,2025-04-17
2025-04-17 22:00:00,5.4,3.666666666666667,89.0,,,133.33333333333334,4.833333333333333,,1008.3666666666667,,,41.72,2025-04-17
2025-04-17 23:00:00,4.65,3.3333333333333335,91.5,,,124.66666666666667,4.416666666666666,,1008.7833333333334,,,40.370000000000005,2025-04-17
2025-04-18 00:00:00,3.9,3.0,94.0,,,116.0,4.0,,1009.2,,,39.02,2025-04-18
2025-04-18 01:00:00,3.8166666666666664,2.7333333333333334,92.83333333333333,,,121.33333333333333,4.05,,1009.5666666666667,,,38.87,2025-04-18
2025-04-18 02:00:00,3.7333333333333334,2.466666666666667,91.66666666666667,,,126.66666666666667,4.1,,1009.9333333333334,,,38.72,2025-04-18
2025-04-18 03:00:00,3.65,2.2,90.5,,,132.0,4.15,,1010.3,,,38.57,2025-04-18
2025-04-18 04:00:00,3.5666666666666664,1.9333333333333333,89.33333333333333,,,137.33333333333334,4.2,,1010.6666666666666,,,38.42,2025-04-18
2025-04-18 05:00:00,3.4833333333333334,1.6666666666666667,88.16666666666667,,,142.66666666666666,4.25,,1011.0333333333333,,,38.27,2025-04-18
2025-04-18 06:00:00,3.4,1.4,87.0,,,148.0,4.3,,1011.4,,,38.12,2025-04-18
2025-04-18 07:00:00,4.033333333333333,0.9666666666666666,81.66666666666667,,,177.66666666666666,5.566666666666666,,1011.95,,,39.26,2025-04-18
2025-04-18 08:00:00,4.666666666666667,0.5333333333333333,76.33333333333333,,,207.33333333333334,6.833333333333334,,1012.5,,,40.4,2025-04-18
2025-04-18 09:00:00,5.300000000000001,0.10000000000000009,71.0,,,237.0,8.100000000000001,,1013.05,,,41.54,2025-04-18
2025-04-18 10:00:00,5.933333333333334,-0.33333333333333326,65.66666666666667,,,266.6666666666667,9.366666666666667,,1013.6,,,42.68,2025-04-18
2025-04-18 11:00:00,6.566666666666666,-0.7666666666666666,60.333333333333336,,,296.33333333333337,10.633333333333333,,1014.1500000000001,,,43.82,2025-04-18
2025-04-18 12:00:00,7.2,-1.2,55.0,,,326.0,11.9,,1014.7,,,44.96,2025-04-18
2025-04-18 13:00:00,7.366666666666667,-2.0666666666666664,51.666666666666664,,,326.1666666666667,12.083333333333334,,1014.5333333333334,,,45.260000000000005,2025-04-18
2025-04-18 14:00:00,7.533333333333333,-2.9333333333333336,48.333333333333336,,,326.3333333333333,12.266666666666667,,1014.3666666666667,,,45.56,2025-04-18
2025-04-18 15:00:00,7.699999999999999,-3.8,45.0,,,326.5,12.45,,1014.2,,,45.86,2025-04-18
2025-04-18 16:00:00,7.866666666666666,-4.666666666666667,41.666666666666664,,,326.6666666666667,12.633333333333333,,1014.0333333333334,,,46.16,2025-04-18
2025-04-18 17:00:00,8.033333333333333,-5.533333333333334,38.33333333333333,,,326.8333333333333,12.816666666666666,,1013.8666666666667,,,46.46,2025-04-18
2025-04-18 18:00:00,8.2,-6.4,35.0,,,327.0,13.0,,1013.7,,,46.76,2025-04-18
2025-04-18 19:00:00,7.049999999999999,-5.633333333333334,42.5,,,293.0,11.616666666666667,,1014.2833333333334,,,44.69,2025-04-18
2025-04-18 20:00:00,5.8999999999999995,-4.866666666666667,50.0,,,259.0,10.233333333333333,,1014.8666666666667,,,42.62,2025-04-18
2025-04-18 21:00:00,4.75,-4.1,57.5,,,225.0,8.85,,1015.45,,,40.55,2025-04-18
2025-04-18 22:00:00,3.5999999999999996,-3.3333333333333335,65.0,,,191.0,7.466666666666666,,1016.0333333333334,,,38.48,2025-04-18
2025-04-18 23:00:00,2.4499999999999993,-2.566666666666667,72.5,,,157.0,6.083333333333332,,1016.6166666666667,,,36.41,2025-04-18
2025-04-19 00:00:00,1.3,-1.8,80.0,,,123.0,4.7,,1017.2,,,34.34,2025-04-19
2025-04-19 01:00:00,0.5000000000000001,-2.6,79.83333333333333,,,122.0,5.300000000000001,,1017.6,,,32.9,2025-04-19
2025-04-19 02:00:00,-0.2999999999999998,-3.4,79.66666666666667,,,121.0,5.9,,1018.0,,,31.46,2025-04-19
2025-04-19 03:00:00,-1.0999999999999999,-4.2,79.5,,,120.0,6.5,,1018.4000000000001,,,30.02,2025-04-19
2025-04-19 04:00:00,-1.8999999999999997,-5.0,79.33333333333333,,,119.0,7.1000000000000005,,1018.8000000000001,,,28.580000000000002,2025-04-19
2025-04-19 05:00:00,-2.6999999999999993,-5.8,79.16666666666667,,,118.0,7.700000000000001,,1019.2,,,27.14,2025-04-19
2025-04-19 06:00:00,-3.5,-6.6,79.0,,,117.0,8.3,,1019.6,,,25.7,2025-04-19
2025-04-19 07:00:00,-1.6833333333333333,-5.85,74.33333333333333,,,145.83333333333334,7.700000000000001,,1019.6,,,28.97,2025-04-19
2025-04-19 08:00:00,0.1333333333333333,-5.1,69.66666666666667,,,174.66666666666666,7.1000000000000005,,1019.6,,,32.24,2025-04-19
2025-04-19 09:00:00,1.9500000000000002,-4.35,65.0,,,203.5,6.5,,1019.6,,,35.51,2025-04-19
2025-04-19 10:00:00,3.7666666666666666,-3.5999999999999996,60.33333333333333,,,232.33333333333331,5.9,,1019.6,,,38.78,2025-04-19
2025-04-19 11:00:00,5.583333333333334,-2.8499999999999996,55.666666666666664,,,261.16666666666663,5.300000000000001,,1019.6,,,42.05,2025-04-19
2025-04-19 12:00:00,7.4,-2.1,51.0,,,290.0,4.7,,1019.6,,,45.32,2025-04-19
2025-04-19 13:00:00,8.033333333333333,-2.3,48.5,,,251.0,4.4,,1018.7333333333333,,,46.46,2025-04-19
2025-04-19 14:00:00,8.666666666666666,-2.5,46.0,,,212.0,4.1,,1017.8666666666667,,,47.6,2025-04-19
2025-04-19 15:00:00,9.3,-2.7,43.5,,,173.0,3.8,,1017.0,,,48.74,2025-04-19
2025-04-19 16:00:00,9.933333333333334,-2.9,41.0,,,134.0,3.5,,1016.1333333333333,,,49.88,2025-04-19
2025-04-19 17:00:00,10.566666666666666,-3.0999999999999996,38.5,,,95.0,3.2,,1015.2666666666667,,,51.019999999999996,2025-04-19
2025-04-19 18:00:00,11.2,-3.3,36.0,,,56.0,2.9,,1014.4,,,52.16,2025-04-19
2025-04-19 19:00:00,9.233333333333333,-3.333333333333333,43.5,,,65.0,3.8499999999999996,,1014.6166666666667,,,48.62,2025-04-19
2025-04-19 20:00:00,7.266666666666666,-3.3666666666666667,51.0,,,74.0,4.8,,1014.8333333333334,,,45.08,2025-04-19
2025-04-19 21:00:00,5.3,-3.4,58.5,,,83.0,5.75,,1015.05,,,41.54,2025-04-19
2025-04-19 22:00:00,3.333333333333333,-3.433333333333333,66.0,,,92.0,6.699999999999999,,1015.2666666666667,,,38.0,2025-04-19
2025-04-19 23:00:00,1.3666666666666671,-3.466666666666667,73.5,,,101.0,7.649999999999999,,1015.4833333333333,,,34.46,2025-04-19
2025-04-20 00:00:00,-0.6,-3.5,81.0,,,110.0,8.6,,1015.7,,,30.92,2025-04-20
2025-04-20 01:00:00,-0.8833333333333333,-3.933333333333333,80.0,,,110.5,8.733333333333333,,1015.7666666666667,,,30.41,2025-04-20
2025-04-20 02:00:00,-1.1666666666666665,-4.366666666666666,79.0,,,111.0,8.866666666666667,,1015.8333333333334,,,29.9,2025-04-20
2025-04-20 03:00:00,-1.4499999999999997,-4.8,78.0,,,111.5,9.0,,1015.9000000000001,,,29.39,2025-04-20
2025-04-20 04:00:00,-1.733333333333333,-5.233333333333333,77.0,,,112.0,9.133333333333333,,1015.9666666666667,,,28.880000000000003,2025-04-20
2025-04-20 05:00:00,-2.016666666666666,-5.666666666666666,76.0,,,112.5,9.266666666666667,,1016.0333333333333,,,28.37,2025-04-20
2025-04-20 06:00:00,-2.3,-6.1,75.0,,,113.0,9.4,,1016.1,,,27.86,2025-04-20
2025-04-20 07:00:00,0.38333333333333375,-5.133333333333333,68.83333333333333,,,94.66666666666667,8.8,,1015.6666666666667,,,32.69,2025-04-20
2025-04-20 08:00:00,3.0666666666666673,-4.166666666666666,62.666666666666664,,,76.33333333333334,8.2,,1015.2333333333333,,,37.52,2025-04-20
2025-04-20 09:00:00,5.750000000000001,-3.1999999999999997,56.5,,,58.0,7.6,,1014.8,,,42.35,2025-04-20
2025-04-20 10:00:00,8.433333333333334,-2.233333333333333,50.33333333333333,,,39.66666666666667,7.0,,1014.3666666666667,,,47.18,2025-04-20
2025-04-20 11:00:00,11.116666666666667,-1.2666666666666666,44.166666666666664,,,21.333333333333343,6.4,,1013.9333333333334,,,52.010000000000005,2025-04-20
2025-04-20 12:00:00,13.8,-0.3,38.0,,,3.0,5.8,,1013.5,,,56.84,2025-04-20
2025-04-20 13:00:00,14.100000000000001,0.14999999999999997,38.5,,,14.166666666666666,5.916666666666666,,1012.6333333333333,,,57.38,2025-04-20
2025-04-20 14:00:00,14.4,0.5999999999999999,39.0,,,25.333333333333332,6.033333333333333,,1011.7666666666667,,,57.92,2025-04-20
2025-04-20 15:00:00,14.7,1.0499999999999998,39.5,,,36.5,6.15,,1010.9,,,58.459999999999994,2025-04-20
2025-04-20 16:00:00,15.0,1.4999999999999998,40.0,,,47.666666666666664,6.266666666666667,,1010.0333333333333,,,59.0,2025-04-20
2025-04-20 17:00:00,15.3,1.95,40.5,,,58.83333333333333,6.383333333333333,,1009.1666666666666,,,59.540000000000006,2025-04-20
2025-04-20 18:00:00,15.6,2.4,41.0,,,70.0,6.5,,1008.3,,,60.08,2025-04-20
2025-04-20 19:00:00,13.95,2.3833333333333333,47.333333333333336,,,76.0,7.283333333333333,,1008.65,,,57.11,2025-04-20
2025-04-20 20:00:00,12.3,2.3666666666666667,53.666666666666664,,,82.0,8.066666666666666,,1009.0,,,54.14,2025-04-20
2025-04-20 21:00:00,10.65,2.3499999999999996,60.0,,,88.0,8.85,,1009.3499999999999,,,51.17,2025-04-20
2025-04-20 22:00:00,9.0,2.333333333333333,66.33333333333333,,,94.0,9.633333333333333,,1009.6999999999999,,,48.2,2025-04-20
2025-04-20 23:00:00,7.350000000000001,2.3166666666666664,72.66666666666666,,,100.0,10.416666666666666,,1010.05,,,45.230000000000004,2025-04-20
2025-04-21 00:00:00,5.7,2.3,79.0,,,106.0,11.2,,1010.4,,,42.260000000000005,2025-04-21
2025-04-21 01:00:00,5.1000000000000005,1.9666666666666666,80.5,,,105.5,10.95,,1010.4666666666667,,,41.18,2025-04-21
2025-04-21 02:00:00,4.5,1.6333333333333333,82.0,,,105.0,10.7,,1010.5333333333333,,,40.1,2025-04-21
2025-04-21 03:00:00,3.9000000000000004,1.2999999999999998,83.5,,,104.5,10.45,,1010.5999999999999,,,39.02,2025-04-21
2025-04-21 04:00:00,3.3000000000000003,0.9666666666666666,85.0,,,104.0,10.2,,1010.6666666666666,,,37.94,2025-04-21
2025-04-21 05:00:00,2.7,0.6333333333333333,86.5,,,103.5,9.95,,1010.7333333333333,,,36.86,2025-04-21
2025-04-21 06:00:00,2.1,0.3,88.0,,,103.0,9.7,,1010.8,,,35.78,2025-04-21
2025-04-21 07:00:00,3.5833333333333335,0.6833333333333333,82.66666666666667,,,139.5,9.1,,1011.5999999999999,,,38.45,2025-04-21
2025-04-21 08:00:00,5.066666666666666,1.0666666666666667,77.33333333333333,,,176.0,8.5,,1012.4,,,41.12,2025-04-21
2025-04-21 09:00:00,6.550000000000001,1.4500000000000002,72.0,,,212.5,7.8999999999999995,,1013.2,,,43.79,2025-04-21
2025-04-21 10:00:00,8.033333333333333,1.8333333333333335,66.66666666666667,,,249.0,7.299999999999999,,1014.0,,,46.46,2025-04-21
2025-04-21 11:00:00,9.516666666666667,2.216666666666667,61.333333333333336,,,285.5,6.699999999999999,,1014.8,,,49.13,2025-04-21
2025-04-21 12:00:00,11.0,2.6,56.0,,,322.0,6.1,,1015.6,,,51.8,2025-04-21
2025-04-21 13:00:00,11.383333333333333,1.9833333333333334,52.833333333333336,,,270.8333333333333,6.583333333333333,,1014.9666666666667,,,52.489999999999995,2025-04-21
2025-04-21 14:00:00,11.766666666666667,1.3666666666666667,49.666666666666664,,,219.66666666666669,7.066666666666666,,1014.3333333333334,,,53.18,2025-04-21
2025-04-21 15:00:00,12.15,0.75,46.5,,,168.5,7.55,,1013.7,,,53.870000000000005,2025-04-21
2025-04-21 16:00:00,12.533333333333333,0.1333333333333333,43.333333333333336,,,117.33333333333334,8.033333333333333,,1013.0666666666666,,,54.56,2025-04-21
2025-04-21 17:00:00,12.916666666666668,-0.4833333333333334,40.16666666666667,,,66.16666666666669,8.516666666666666,,1012.4333333333333,,,55.25,2025-04-21
2025-04-21 18:00:00,13.3,-1.1,37.0,,,15.0,9.0,,1011.8,,,55.94,2025-04-21
2025-04-21 19:00:00,12.65,1.9,49.5,,,167.5,9.0,,1013.4,,,54.77,2025-04-21
2025-04-21 20:00:00,12.0,4.9,62.0,,,320.0,9.0,,1015.0,,,53.6,2025-04-21
2025-04-21 21:00:00,12.0,4.0,58.0,,,300.0,7.0,,1015.0,,,53.6,2025-04-21
2025-04-21 22:00:00,9.0,3.0,66.0,,,0.0,0.0,,1015.0,,,48.2,2025-04-21
2025-04-21 23:00:00,8.0,-1.0,53.0,0.0,,120.0,9.3,,1016.0,,1.0517241379310345,46.4,2025-04-21
2025-04-22 00:00:00,9.0,-2.0,46.0,0.0,,130.0,17.0,,1016.0,,1.0344827586206897,48.2,2025-04-22
2025-04-22 01:00:00,9.0,-2.9,43.0,0.0,,140.0,13.0,,1016.0,,1.0172413793103448,48.2,2025-04-22
2025-04-22 02:00:00,9.0,-2.9,43.0,0.0,,120.0,11.0,,1016.0,,1.0,48.2,2025-04-22
2025-04-22 03:00:00,7.0,-3.0,49.0,0.0,,100.0,14.8,,1016.0,,1.0,44.6,2025-04-22
2025-04-22 04:00:00,6.0,-1.9,57.0,0.0,,120.0,11.0,,1016.0,,1.0,42.8,2025-04-22
2025-04-22 05:00:00,5.0,-1.9,61.0,0.0,,100.0,11.0,,1016.0,,1.0,41.0,2025-04-22
2025-04-22 06:00:00,4.0,-2.0,65.0,0.0,,0.0,0.0,,1017.0,,1.0,39.2,2025-04-22
2025-04-22 07:00:00,7.0,-0.9,57.0,0.0,,120.0,11.0,,1017.0,,1.0,44.6,2025-04-22
2025-04-22 08:00:00,10.0,-1.1,46.0,0.0,,0.0,0.0,,1017.0,,1.0,50.0,2025-04-22
2025-04-22 09:00:00,11.0,0.1,47.0,0.0,,110.0,6.1,,1017.0,,1.0,51.8,2025-04-22
2025-04-22 10:00:00,12.0,-0.9,41.0,0.0,,0.0,0.0,,1017.0,,1.0,53.6,2025-04-22
2025-04-22 11:00:00,14.0,-0.1,38.0,0.0,,0.0,0.0,,1017.0,,1.0,57.2,2025-04-22
2025-04-22 12:00:00,15.0,3.2,45.0,0.0,,300.0,11.1,,1016.0,,1.0,59.0,2025-04-22
2025-04-22 13:00:00,18.0,-4.7,21.0,0.0,,329.0,7.0,,1016.0,,3.0,64.4,2025-04-22
2025-04-22 14:00:00,19.0,-3.8,21.0,0.0,,120.0,11.1,,1015.0,,3.0,66.2,2025-04-22
2025-04-22 15:00:00,19.0,-3.2,22.0,0.0,,260.0,9.3,,1014.0,,3.0,66.2,2025-04-22
2025-04-22 16:00:00,21.0,-4.2,18.0,0.0,,70.0,5.5,,1014.0,,3.0,69.8,2025-04-22
2025-04-22 17:00:00,20.0,-3.7,20.0,0.0,,360.0,13.0,,1013.0,,2.0,68.0,2025-04-22
2025-04-22 18:00:00,19.0,-5.9,18.0,0.0,,330.0,7.0,,1013.0,,2.0,66.2,2025-04-22
2025-04-22 19:00:00,18.0,-4.7,21.0,0.0,,0.0,0.0,,1012.0,,2.0,64.4,2025-04-22
2025-04-22 20:00:00,13.0,4.9,58.0,0.0,,290.0,6.0,,1012.0,,3.0,55.4,2025-04-22
2025-04-22 21:00:00,12.0,0.1,44.0,0.0,,110.0,7.4,,1012.0,,2.0,53.6,2025-04-22
2025-04-22 22:00:00,12.0,-3.0,35.0,0.0,,120.0,20.0,,1012.0,,2.0,53.6,2025-04-22
2025-04-22 23:00:00,13.0,-5.1,28.0,0.0,,110.0,26.0,,1012.0,,2.0,55.4,2025-04-22
2025-04-23 00:00:00,11.0,-3.9,35.0,0.0,,110.0,14.8,,1012.0,,3.0,51.8,2025-04-23
2025-04-23 01:00:00,10.0,-4.0,37.0,0.0,,170.0,7.0,,1012.0,,3.0,50.0,2025-04-23
2025-04-23 02:00:00,9.0,-2.9,43.0,0.0,,150.0,16.7,,1012.0,,3.0,48.2,2025-04-23
2025-04-23 03:00:00,8.0,-2.9,46.0,0.0,,130.0,13.0,,1012.0,,3.0,46.4,2025-04-23
2025-04-23 04:00:00,9.0,-2.9,43.0,0.0,,130.0,9.3,,1012.0,,3.0,48.2,2025-04-23
2025-04-23 05:00:00,8.0,-2.9,46.0,0.0,,190.0,11.1,,1012.0,,3.0,46.4,2025-04-23
2025-04-23 06:00:00,9.0,-3.9,40.0,0.0,,120.0,14.8,,1012.0,,3.0,48.2,2025-04-23
2025-04-23 07:00:00,9.0,-2.0,46.0,0.0,,150.0,13.0,,1012.0,,3.0,48.2,2025-04-23
2025-04-23 08:00:00,10.0,-1.1,46.0,0.0,,120.0,14.8,,1012.0,,3.0,50.0,2025-04-23
2025-04-23 09:00:00,12.0,1.0,47.0,0.0,,230.0,7.4,,1012.0,,3.0,53.6,2025-04-23
2025-04-23 10:00:00,14.0,1.9,44.0,0.0,,0.0,0.0,,1012.0,,3.0,57.2,2025-04-23
2025-04-23 11:00:00,19.0,-0.9,26.0,0.0,,21.0,11.0,,1012.0,,3.0,66.2,2025-04-23
2025-04-23 12:00:00,19.0,6.1,43.0,0.0,,320.0,13.0,,1011.0,,3.0,66.2,2025-04-23
2025-04-23 13:00:00,19.0,0.9,28.0,0.0,,330.0,7.4,,1010.0,,5.0,66.2,2025-04-23
2025-04-23 14:00:00,21.0,1.3,27.0,0.0,,40.0,7.4,,1010.0,,3.0,69.8,2025-04-23
2025-04-23 15:00:00,21.0,0.2,25.0,0.0,,230.0,13.0,,1010.0,,3.0,69.8,2025-04-23
2025-04-23 16:00:00,23.0,-2.6,18.0,0.0,,210.0,25.9,,1008.0,,3.0,73.4,2025-04-23
2025-04-23 17:00:00,21.0,-0.9,23.0,0.0,,210.0,11.0,,1008.0,,3.0,69.8,2025-04-23
2025-04-23 18:00:00,20.0,-0.1,26.0,0.0,,220.0,13.0,,1008.0,,3.0,68.0,2025-04-23
2025-04-23 19:00:00,19.0,3.2,35.0,0.0,,210.0,7.4,,1008.0,,3.0,66.2,2025-04-23
2025-04-23 20:00:00,15.0,1.8,41.0,0.0,,260.0,13.0,,1008.0,,3.0,59.0,2025-04-23
2025-04-23 21:00:00,15.0,4.9,51.0,0.0,,320.0,26.0,,1010.0,,2.0,59.0,2025-04-23
2025-04-23 22:00:00,14.0,1.9,44.0,0.0,,360.0,16.7,,1010.0,,2.0,57.2,2025-04-23
2025-04-23 23:00:00,13.0,3.9,54.0,0.0,,330.0,22.0,,1012.0,,2.0,55.4,2025-04-23
2025-04-24 00:00:00,12.0,4.0,58.0,0.0,,330.0,11.0,,1012.0,,1.0,53.6,2025-04-24
2025-04-24 01:00:00,11.0,5.1,67.0,0.0,,320.0,20.4,,1013.0,,1.0,51.8,2025-04-24
2025-04-24 02:00:00,10.0,5.0,71.0,0.0,,320.0,11.0,,1013.0,,1.0,50.0,2025-04-24
2025-04-24 03:00:00,10.0,5.0,71.0,0.0,,310.0,14.8,,1013.0,,1.0,50.0,2025-04-24
2025-04-24 04:00:00,7.0,4.0,81.0,0.0,,130.0,14.8,,1013.0,,1.0,44.6,2025-04-24
2025-04-24 05:00:00,7.0,3.1,76.0,0.0,,130.0,5.5,,1013.0,,2.0,44.6,2025-04-24
2025-04-24 06:00:00,8.0,2.0,66.0,0.0,,180.0,13.0,,1014.0,,3.0,46.4,2025-04-24
2025-04-24 07:00:00,7.0,3.1,76.0,0.0,,160.0,11.0,,1014.0,,3.0,44.6,2025-04-24
2025-04-24 08:00:00,9.0,3.0,66.0,0.0,,140.0,7.4,,1015.0,,3.0,48.2,2025-04-24
2025-04-24 09:00:00,12.0,4.0,58.0,0.0,,150.0,11.1,,1016.0,,3.0,53.6,2025-04-24
2025-04-24 10:00:00,14.0,4.0,51.0,0.0,,310.0,6.0,,1017.0,,3.0,57.2,2025-04-24
2025-04-24 11:00:00,14.0,6.1,59.0,0.0,,280.0,9.3,,1016.0,,3.0,57.2,2025-04-24
2025-04-24 12:00:00,16.0,4.1,45.0,0.0,,61.0,9.0,,1015.0,,3.0,60.8,2025-04-24
2025-04-24 13:00:00,17.0,5.0,45.0,0.0,,320.0,13.0,,1015.0,,3.0,62.6,2025-04-24
2025-04-24 14:00:00,16.0,5.0,48.0,0.0,,300.0,16.7,,1015.0,,1.0,60.8,2025-04-24
2025-04-24 15:00:00,20.0,-0.1,26.0,0.0,,210.0,7.4,,1014.0,,2.0,68.0,2025-04-24
2025-04-24 16:00:00,19.0,1.9,32.0,0.0,,300.0,11.0,,1014.0,,3.0,66.2,2025-04-24
2025-04-24 17:00:00,18.0,3.1,37.0,0.0,,330.0,13.0,,1014.0,,3.0,64.4,2025-04-24
2025-04-24 18:00:00,16.0,3.1,42.0,0.0,,320.0,25.9,,1014.0,,3.0,60.8,2025-04-24
2025-04-24 19:00:00,16.0,3.1,42.0,0.0,,340.0,26.0,,1014.0,,3.0,60.8,2025-04-24
2025-04-24 20:00:00,12.0,6.1,67.0,0.0,,200.0,6.0,,1014.0,,3.0,53.6,2025-04-24
2025-04-24 21:00:00,12.0,4.9,62.0,0.0,,280.0,7.0,,1014.0,,3.0,53.6,2025-04-24
2025-04-24 22:00:00,10.0,3.9,66.0,0.0,,0.0,0.0,,1014.0,,3.0,50.0,2025-04-24
2025-04-24 23:00:00,9.0,4.0,71.0,0.0,,0.0,0.0,,1014.0,,3.0,48.2,2025-04-24
2025-04-25 00:00:00,8.0,3.1,71.0,0.0,,117.0,7.4,,1014.0,,3.0,46.4,2025-04-25
2025-04-25 01:00:00,8.0,3.1,71.0,0.0,,190.0,9.3,,1014.0,,3.0,46.4,2025-04-25
2025-04-25 02:00:00,8.0,4.0,76.0,0.0,,240.0,14.8,,1013.0,,3.0,46.4,2025-04-25
2025-04-25 03:00:00,6.0,3.0,81.0,0.0,,190.0,7.0,,1013.0,,3.0,42.8,2025-04-25
2025-04-25 04:00:00,9.0,4.0,71.0,0.0,,200.0,11.1,,1013.0,,3.0,48.2,2025-04-25
2025-04-25 05:00:00,12.0,4.0,58.0,0.0,,100.0,13.0,,1013.0,,3.0,53.6,2025-04-25
2025-04-25 06:00:00,13.0,1.0,44.0,0.0,,110.0,30.0,,1012.0,,3.0,55.4,2025-04-25
2025-04-25 07:00:00,14.0,0.9,41.0,0.0,,130.0,35.0,,1012.0,,3.0,57.2,2025-04-25
2025-04-25 08:00:00,15.0,1.1,39.0,0.0,,130.0,30.0,,1012.0,,3.0,59.0,2025-04-25
2025-04-25 09:00:00,16.0,0.9,36.0,0.0,,110.0,20.0,,1012.0,,3.0,60.8,2025-04-25
2025-04-25 10:00:00,19.0,1.0,30.0,0.0,,140.0,20.0,,1012.0,,3.0,66.2,2025-04-25
2025-04-25 11:00:00,19.0,1.0,30.0,0.0,,130.0,14.8,,1011.0,,3.0,66.2,2025-04-25
2025-04-25 12:00:00,21.0,3.2,31.0,0.0,,260.0,13.0,,1010.0,,3.0,69.8,2025-04-25
2025-04-25 13:00:00,20.0,3.2,33.0,0.0,,350.0,18.5,,1010.0,,3.0,68.0,2025-04-25
2025-04-25 14:00:00,21.0,0.2,25.0,0.0,,40.0,14.8,,1009.0,,3.0,69.8,2025-04-25
2025-04-25 15:00:00,21.0,-0.9,23.0,0.0,,20.0,5.5,,1009.0,,3.0,69.8,2025-04-25
2025-04-25 16:00:00,21.0,-2.8,20.0,0.0,,200.0,33.0,,1008.0,,3.0,69.8,2025-04-25
2025-04-25 17:00:00,21.0,-4.2,18.0,0.0,,190.0,20.0,,1007.0,,3.0,69.8,2025-04-25
2025-04-25 18:00:00,20.0,-1.8,23.0,0.0,,140.0,22.0,,1007.0,,3.0,68.0,2025-04-25
2025-04-25 19:00:00,21.0,-5.0,17.0,0.0,,0.0,0.0,,1006.0,,3.0,69.8,2025-04-25
2025-04-25 20:00:00,18.0,-4.1,22.0,0.0,,230.0,7.0,,1007.0,,3.0,64.4,2025-04-25
2025-04-25 21:00:00,16.0,-2.0,29.0,0.0,,110.0,7.0,,1008.0,,3.0,60.8,2025-04-25
2025-04-25 22:00:00,15.0,-2.0,31.0,0.0,,150.0,7.4,,1008.0,,3.0,59.0,2025-04-25
2025-04-25 23:00:00,16.0,-4.0,25.0,0.0,,130.0,9.3,,1009.0,,3.0,60.8,2025-04-25
2025-04-26 00:00:00,13.0,-2.9,33.0,0.0,,170.0,9.3,,1009.0,,3.0,55.4,2025-04-26
2025-04-26 01:00:00,14.0,-6.8,23.0,0.0,,0.0,0.0,,1010.0,,3.0,57.2,2025-04-26
2025-04-26 02:00:00,12.0,-6.0,28.0,0.0,,230.0,13.0,,1010.0,,3.0,53.6,2025-04-26
2025-04-26 03:00:00,11.0,-3.1,37.0,0.0,,130.0,6.0,,1010.0,,3.0,51.8,2025-04-26
2025-04-26 04:00:00,11.0,-3.1,37.0,0.0,,120.0,7.4,,1010.0,,3.0,51.8,2025-04-26
2025-04-26 05:00:00,10.0,-3.0,40.0,0.0,,120.0,9.3,,1010.0,,3.0,50.0,2025-04-26
2025-04-26 06:00:00,8.0,-2.9,46.0,0.0,,130.0,14.8,,1010.0,,3.0,46.4,2025-04-26
2025-04-26 07:00:00,10.0,-2.0,43.0,0.0,,110.0,15.0,,1011.0,,3.0,50.0,2025-04-26
2025-04-26 08:00:00,12.0,-3.0,35.0,0.0,,130.0,16.7,,1010.0,,3.0,53.6,2025-04-26
2025-04-26 09:00:00,15.0,-2.9,29.0,0.0,,120.0,18.5,,1011.0,,3.0,59.0,2025-04-26
2025-04-26 10:00:00,18.0,-4.1,22.0,0.0,,110.0,6.0,,1010.0,,3.0,64.4,2025-04-26
2025-04-26 11:00:00,19.0,-3.2,22.0,0.0,,220.0,13.0,,1010.0,,3.0,66.2,2025-04-26
2025-04-26 12:00:00,20.0,-5.1,18.0,0.0,,90.0,7.4,,1008.0,,2.0,68.0,2025-04-26
2025-04-26 13:00:00,23.0,-4.2,16.0,0.0,,160.0,19.0,,1007.0,,2.0,73.4,2025-04-26
2025-04-26 14:00:00,23.0,-4.2,16.0,0.0,,250.0,16.7,,1006.0,,3.0,73.4,2025-04-26
2025-04-26 15:00:00,24.0,-5.2,14.0,0.0,,200.0,20.4,,1005.0,,3.0,75.2,2025-04-26
2025-04-26 16:00:00,24.0,-7.2,12.0,0.0,,190.0,17.0,,1004.0,,3.0,75.2,2025-04-26
2025-04-26 17:00:00,22.0,-5.0,16.0,0.0,,180.0,13.0,,1004.0,,3.0,71.6,2025-04-26
2025-04-26 18:00:00,22.0,-4.2,17.0,0.0,,170.0,11.1,,1003.0,,3.0,71.6,2025-04-26
2025-04-26 19:00:00,21.0,-7.5,14.0,0.0,,150.0,22.2,,1003.0,,3.0,69.8,2025-04-26
2025-04-26 20:00:00,15.0,-7.2,21.0,0.0,,230.0,7.0,,1004.0,,3.0,59.0,2025-04-26
2025-04-26 21:00:00,17.0,-9.9,15.0,0.0,,140.0,17.0,,1004.0,,3.0,62.6,2025-04-26
2025-04-26 22:00:00,16.0,-9.1,17.0,0.0,,140.0,14.8,,1005.0,,1.0,60.8,2025-04-26
2025-04-26 23:00:00,16.0,-7.0,20.0,0.0,,220.0,24.0,,1005.0,,2.0,60.8,2025-04-26
2025-04-27 00:00:00,14.0,-5.7,25.0,0.0,,30.0,19.0,,1006.0,,3.0,57.2,2025-04-27
2025-04-27 01:00:00,13.0,-7.1,24.0,0.0,,260.0,13.0,,1007.0,,3.0,55.4,2025-04-27
2025-04-27 02:00:00,11.0,-5.9,30.0,0.0,,250.0,7.4,,1008.0,,3.0,51.8,2025-04-27
2025-04-27 03:00:00,11.0,-6.8,28.0,0.0,,140.0,7.0,,1008.0,,3.0,51.8,2025-04-27
2025-04-27 04:00:00,10.0,-6.8,30.0,0.0,,250.0,9.3,,1008.0,,3.0,50.0,2025-04-27
2025-04-27 05:00:00,7.0,-5.1,42.0,0.0,,146.0,12.6,,1008.0,,3.0,44.6,2025-04-27
2025-04-27 06:00:00,6.0,-3.9,49.0,0.0,,170.0,9.0,,1008.0,,3.0,42.8,2025-04-27
2025-04-27 07:00:00,8.0,-2.1,49.0,0.0,,140.0,11.1,,1009.0,,3.0,46.4,2025-04-27
2025-04-27 08:00:00,10.0,-3.0,40.0,0.0,,220.0,7.4,,1009.0,,3.0,50.0,2025-04-27
2025-04-27 09:00:00,11.0,-3.1,37.0,0.0,,230.0,14.8,,1010.0,,3.0,51.8,2025-04-27
2025-04-27 10:00:00,10.0,-2.0,43.0,0.0,,220.0,24.0,,1011.0,,3.0,50.0,2025-04-27
2025-04-27 11:00:00,12.0,-1.9,38.0,0.0,,0.0,0.0,,1011.0,,3.0,53.6,2025-04-27
2025-04-27 12:00:00,12.0,-1.9,38.0,0.0,,240.0,7.0,,1011.0,,3.0,53.6,2025-04-27
2025-04-27 13:00:00,12.0,-0.9,41.0,0.0,,270.0,14.8,,1011.0,,3.0,53.6,2025-04-27
2025-04-27 14:00:00,12.0,-1.9,38.0,0.0,,220.0,9.3,,1010.0,,3.0,53.6,2025-04-27
2025-04-27 15:00:00,15.0,-4.9,25.0,0.0,,260.0,26.0,,1009.0,,3.0,59.0,2025-04-27
2025-04-27 16:00:00,14.0,-3.8,29.0,0.0,,190.0,22.0,,1010.0,,3.0,57.2,2025-04-27
2025-04-27 17:00:00,13.0,-4.2,30.0,0.0,,250.0,18.5,,1010.0,,3.0,55.4,2025-04-27
2025-04-27 18:00:00,12.0,-3.8,33.0,0.0,,210.0,20.4,,1010.0,,3.0,53.6,2025-04-27
2025-04-27 19:00:00,12.0,-3.8,33.0,0.0,,140.0,16.7,,1011.0,,3.0,53.6,2025-04-27
2025-04-27 20:00:00,9.0,-2.9,43.0,0.0,,100.0,7.0,,1011.0,,3.0,48.2,2025-04-27
2025-04-27 21:00:00,9.0,-0.9,50.0,0.0,,120.0,14.8,,1012.0,,3.0,48.2,2025-04-27
2025-04-27 22:00:00,7.0,-0.9,57.0,0.0,,120.0,17.0,,1012.0,,3.0,44.6,2025-04-27
2025-04-27 23:00:00,7.0,0.0,61.0,0.0,,120.0,11.1,,1013.0,,3.0,44.6,2025-04-27
2025-04-28 00:00:00,5.0,0.0,70.0,0.0,,250.0,14.8,,1013.0,,3.0,41.0,2025-04-28
2025-04-28 01:00:00,7.0,1.1,66.0,0.0,,30.0,7.4,,1013.0,,3.0,44.6,2025-04-28
2025-04-28 02:00:00,7.0,1.1,66.0,0.0,,110.0,7.4,,1013.0,,2.0,44.6,2025-04-28
2025-04-28 03:00:00,6.0,-1.0,61.0,0.0,,130.0,13.0,,1013.0,,3.0,42.8,2025-04-28
2025-04-28 04:00:00,6.0,-1.0,61.0,0.0,,120.0,13.0,,1014.0,,3.0,42.8,2025-04-28
2025-04-28 05:00:00,6.0,-1.0,61.0,0.0,,120.0,5.5,,1014.0,,3.0,42.8,2025-04-28
2025-04-28 06:00:00,5.0,-1.9,61.0,0.1,,160.0,5.5,,1014.0,,7.0,41.0,2025-04-28
2025-04-28 07:00:00,7.0,0.0,61.0,0.2,,190.0,11.0,,1016.0,,7.0,44.6,2025-04-28
2025-04-28 08:00:00,7.0,0.0,61.0,0.0,,180.0,7.4,,1016.0,,3.0,44.6,2025-04-28
2025-04-28 09:00:00,8.0,0.9,61.0,0.0,,210.0,9.3,,1017.0,,3.0,46.4,2025-04-28
2025-04-28 10:00:00,10.0,2.1,58.0,0.0,,300.0,11.1,,1018.0,,3.0,50.0,2025-04-28
2025-04-28 11:00:00,11.0,3.0,58.0,0.0,,230.0,17.0,,1018.0,,3.0,51.8,2025-04-28
2025-04-28 12:00:00,11.0,1.0,50.0,0.0,,230.0,14.8,,1019.0,,3.0,51.8,2025-04-28
2025-04-28 13:00:00,11.0,2.0,54.0,0.0,,320.0,11.1,,1018.0,,3.0,51.8,2025-04-28
2025-04-28 14:00:00,12.0,-0.9,41.0,0.0,,290.0,9.3,,1019.0,,3.0,53.6,2025-04-28
2025-04-28 15:00:00,14.0,-0.1,38.0,0.0,,330.0,11.1,,1018.0,,2.0,57.2,2025-04-28
2025-04-28 16:00:00,14.0,-0.1,38.0,0.0,,330.0,13.0,,1018.0,,3.0,57.2,2025-04-28
2025-04-28 17:00:00,14.0,0.9,41.0,0.0,,320.0,9.0,,1019.0,,3.0,57.2,2025-04-28
2025-04-28 18:00:00,13.0,1.9,47.0,0.0,,320.0,11.1,,1019.0,,3.0,55.4,2025-04-28
2025-04-28 19:00:00,13.0,-1.0,38.0,0.0,,320.0,11.1,,1019.0,,3.0,55.4,2025-04-28
2025-04-28 20:00:00,10.0,1.1,54.0,0.0,,100.0,20.0,,1019.0,,3.0,50.0,2025-04-28
2025-04-28 21:00:00,9.0,0.9,57.0,0.0,,110.0,11.1,,1021.0,,3.0,48.2,2025-04-28
2025-04-28 22:00:00,9.0,0.9,57.0,0.0,,120.0,11.0,,1021.0,,3.0,48.2,2025-04-28
2025-04-28 23:00:00,8.0,0.9,61.0,0.0,,120.0,18.5,,1021.0,,3.0,46.4,2025-04-28
2025-04-29 00:00:00,7.0,1.1,66.0,0.0,,130.0,13.0,,1021.0,,1.0,44.6,2025-04-29
2025-04-29 01:00:00,6.0,0.9,70.0,0.0,,110.0,16.7,,1021.0,,2.0,42.8,2025-04-29
2025-04-29 02:00:00,6.0,-0.1,65.0,0.0,,120.0,13.0,,1021.0,,1.0,42.8,2025-04-29
2025-04-29 03:00:00,5.0,0.0,70.0,0.0,,120.0,16.7,,1021.0,,1.0,41.0,2025-04-29
2025-04-29 04:00:00,5.0,0.0,70.0,0.0,,120.0,16.7,,1021.0,,2.0,41.0,2025-04-29
2025-04-29 05:00:00,5.0,0.0,70.0,0.0,,120.0,17.0,,1021.0,,1.0,41.0,2025-04-29
2025-04-29 06:00:00,5.0,0.0,70.0,0.0,,160.0,15.0,,1021.0,,1.0,41.0,2025-04-29
2025-04-29 07:00:00,5.0,0.0,70.0,0.0,,120.0,11.1,,1021.0,,1.0,41.0,2025-04-29
2025-04-29 08:00:00,8.0,0.9,61.0,0.0,,180.0,9.3,,1021.0,,1.0,46.4,2025-04-29
2025-04-29 09:00:00,11.0,2.0,54.0,0.0,,172.0,6.5,,1021.0,,1.0,51.8,2025-04-29
2025-04-29 10:00:00,12.0,3.0,54.0,0.0,,340.0,9.3,,1021.0,,1.0,53.6,2025-04-29
2025-04-29 11:00:00,13.0,1.9,47.0,0.0,,290.0,7.0,,1020.0,,1.0,55.4,2025-04-29
2025-04-29 12:00:00,14.0,0.9,41.0,0.0,,300.0,9.3,,1020.0,,1.0,57.2,2025-04-29
2025-04-29 13:00:00,15.0,-1.2,33.0,0.0,,0.0,0.0,,1019.0,,2.0,59.0,2025-04-29
2025-04-29 14:00:00,17.0,0.2,32.0,0.0,,290.0,7.0,,1018.0,,1.0,62.6,2025-04-29
2025-04-29 15:00:00,18.0,-1.8,26.0,0.0,,350.0,15.0,,1017.0,,2.0,64.4,2025-04-29
2025-04-29 16:00:00,18.0,-1.8,26.0,0.0,,320.0,7.4,,1016.0,,1.0,64.4,2025-04-29
2025-04-29 17:00:00,19.0,-5.9,18.0,0.0,,300.0,7.4,,1016.0,,1.0,66.2,2025-04-29
2025-04-29 18:00:00,18.0,-0.8,28.0,0.0,,0.0,0.0,,1015.0,,1.0,64.4,2025-04-29
2025-04-29 19:00:00,15.0,0.0,36.0,0.0,,280.0,9.0,,1015.0,,1.0,59.0,2025-04-29
2025-04-29 20:00:00,13.0,1.0,44.0,0.0,,310.0,11.1,,1016.0,,1.0,55.4,2025-04-29
2025-04-29 21:00:00,14.0,0.9,41.0,0.0,,330.0,15.0,,1016.0,,1.0,57.2,2025-04-29
2025-04-29 22:00:00,12.0,1.9,50.0,0.0,,320.0,11.1,,1016.0,,1.0,53.6,2025-04-29
2025-04-29 23:00:00,8.0,0.9,61.0,0.0,,220.0,11.1,,1016.0,,1.0,46.4,2025-04-29
2025-04-30 00:00:00,10.0,0.0,50.0,0.0,,130.0,14.8,,1016.0,,2.0,50.0,2025-04-30
2025-04-30 01:00:00,10.0,-1.1,46.0,0.0,,130.0,20.4,,1016.0,,2.0,50.0,2025-04-30
2025-04-30 02:00:00,10.0,-1.1,46.0,0.0,,120.0,15.0,,1015.0,,3.0,50.0,2025-04-30
2025-04-30 03:00:00,10.0,-1.1,46.0,0.0,,130.0,14.8,,1016.0,,3.0,50.0,2025-04-30
2025-04-30 04:00:00,9.0,-0.9,50.0,0.0,,120.0,13.0,,1016.0,,3.0,48.2,2025-04-30
2025-04-30 05:00:00,8.0,0.0,57.0,0.0,,0.0,0.0,,1016.0,,3.0,46.4,2025-04-30
2025-04-30 06:00:00,9.0,-0.1,53.0,0.0,,130.0,6.0,,1016.0,,3.0,48.2,2025-04-30
2025-04-30 07:00:00,9.0,0.9,57.0,0.0,,0.0,0.0,,1016.0,,3.0,48.2,2025-04-30
2025-04-30 08:00:00,12.0,7.1,72.0,0.0,,320.0,20.4,,1016.0,,3.0,53.6,2025-04-30
2025-04-30 09:00:00,12.0,8.1,77.0,0.0,,320.0,26.0,,1017.0,,3.0,53.6,2025-04-30
2025-04-30 10:00:00,10.0,9.1,94.0,0.0,,340.0,25.9,,1017.0,,3.0,50.0,2025-04-30
2025-04-30 11:00:00,10.0,7.9,87.0,0.4,,350.0,26.0,,1018.0,,8.0,50.0,2025-04-30
2025-04-30 12:00:00,10.0,7.9,87.0,0.6,,340.0,18.5,,1018.0,,8.0,50.0,2025-04-30
2025-04-30 13:00:00,11.0,6.9,76.0,0.2,,300.0,9.3,,1018.0,,7.0,51.8,2025-04-30
2025-04-30 14:00:00,13.0,7.0,67.0,0.0,,300.0,11.0,,1017.0,,3.0,55.4,2025-04-30
2025-04-30 15:00:00,15.0,7.1,59.0,0.0,,289.0,7.4,,1017.0,,2.0,59.0,2025-04-30
2025-04-30 16:00:00,15.0,6.0,55.0,0.1,,270.0,9.0,,1016.0,,17.0,59.0,2025-04-30
2025-04-30 17:00:00,15.0,6.0,55.0,0.0,,0.0,0.0,,1016.0,,2.0,59.0,2025-04-30
2025-04-30 18:00:00,15.0,4.1,48.0,0.0,,290.0,5.5,,1016.0,,2.0,59.0,2025-04-30
2025-04-30 19:00:00,14.0,5.1,55.0,0.0,,280.0,9.3,,1016.0,,2.0,57.2,2025-04-30
2025-04-30 20:00:00,11.0,3.0,58.0,0.0,,270.0,7.0,,1017.0,,1.0,51.8,2025-04-30
2025-04-30 21:00:00,8.0,0.9,61.0,0.0,,310.0,6.0,,1017.0,,1.0,46.4,2025-04-30
2025-04-30 22:00:00,6.0,0.9,70.0,0.0,,0.0,0.0,,1018.0,,1.0,42.8,2025-04-30
2025-04-30 23:00:00,7.0,2.1,71.0,0.0,,120.0,17.0,,1018.0,,1.0,44.6,2025-04-30
2025-05-01 00:00:00,6.0,-0.1,65.0,0.0,,140.0,9.3,,1018.0,,1.0,42.8,2025-05-01
2025-05-01 01:00:00,6.0,-0.1,65.0,0.0,,130.0,13.0,,1018.0,,1.0,42.8,2025-05-01
2025-05-01 02:00:00,6.0,0.9,70.0,0.0,,120.0,20.0,,1018.0,,2.0,42.8,2025-05-01
2025-05-01 03:00:00,6.0,0.9,70.0,0.0,,120.0,16.7,,1019.0,,1.0,42.8,2025-05-01
2025-05-01 04:00:00,6.0,0.9,70.0,0.0,,130.0,16.7,,1019.0,,1.0,42.8,2025-05-01
2025-05-01 05:00:00,5.0,0.0,70.0,0.0,,130.0,11.1,,1019.0,,1.0,41.0,2025-05-01
2025-05-01 06:00:00,5.0,0.0,70.0,0.0,,130.0,18.5,,1020.0,,1.0,41.0,2025-05-01
2025-05-01 07:00:00,6.0,0.9,70.0,0.0,,130.0,19.0,,1020.0,,1.0,42.8,2025-05-01
2025-05-01 08:00:00,10.0,1.1,54.0,0.0,,130.0,19.0,,1020.0,,1.0,50.0,2025-05-01
2025-05-01 09:00:00,11.0,2.0,54.0,0.0,,140.0,16.7,,1020.0,,1.0,51.8,2025-05-01
2025-05-01 10:00:00,13.0,3.1,51.0,0.0,,60.0,9.3,,1020.0,,1.0,55.4,2025-05-01
2025-05-01 11:00:00,14.0,4.0,51.0,0.0,,287.0,9.0,,1020.0,,1.0,57.2,2025-05-01
2025-05-01 12:00:00,16.0,2.0,39.0,0.0,,310.0,11.0,,1020.0,,1.0,60.8,2025-05-01
2025-05-01 13:00:00,17.0,1.0,34.0,0.0,,320.0,13.0,,1019.0,,1.0,62.6,2025-05-01
2025-05-01 14:00:00,18.0,-0.8,28.0,0.0,,340.0,13.0,,1018.0,,1.0,64.4,2025-05-01
2025-05-01 15:00:00,19.0,-0.9,26.0,0.0,,300.0,9.3,,1018.0,,1.0,66.2,2025-05-01
2025-05-01 16:00:00,19.0,-0.9,26.0,0.0,,330.0,9.3,,1017.0,,1.0,66.2,2025-05-01
2025-05-01 17:00:00,19.0,-0.9,26.0,0.0,,310.0,15.0,,1017.0,,1.0,66.2,2025-05-01
2025-05-01 18:00:00,19.0,-0.9,26.0,0.0,,320.0,16.7,,1017.0,,1.0,66.2,2025-05-01
