time,temp,dwpt,rhum,prcp,snow,wdir,wspd,wpgt,pres,tsun,coco,temp_F,date
2020-01-01 01:00:00,2.8,-2.7,67.0,0.0,,0.0,0.0,,1008.4,,,37.04,2020-01-01
2020-01-01 02:00:00,5.6,-2.7,55.0,0.0,,130.0,5.4,,1008.5,,,42.08,2020-01-01
2020-01-01 03:00:00,5.6,-2.7,55.0,0.0,,260.0,11.2,,1009.1,,,42.08,2020-01-01
2020-01-01 04:00:00,6.1,-2.3,55.0,0.0,,0.0,0.0,,1009.1,,,42.980000000000004,2020-01-01
2020-01-01 05:00:00,6.1,-2.3,55.0,0.0,,250.0,5.4,,1009.1,,,42.980000000000004,2020-01-01
2020-01-01 06:00:00,5.6,-1.8,59.0,0.0,,260.0,7.6,,1009.4,,,42.08,2020-01-01
2020-01-01 07:00:00,6.1,-1.8,57.0,0.0,,270.0,9.4,,1010.0,,,42.980000000000004,2020-01-01
2020-01-01 08:00:00,6.1,-1.8,57.0,0.0,,270.0,13.0,,1010.5,,,42.980000000000004,2020-01-01
2020-01-01 09:00:00,7.8,-1.7,51.0,0.0,,240.0,7.6,,1011.3,,,46.04,2020-01-01
2020-01-01 10:00:00,8.9,-1.8,47.0,0.0,,240.0,13.0,,1012.4,,,48.02,2020-01-01
2020-01-01 11:00:00,10.0,-1.7,44.0,0.0,,240.0,14.8,,1012.7,,,50.0,2020-01-01
2020-01-01 12:00:00,9.4,-2.9,42.0,0.0,,250.0,18.4,,1012.3,,,48.92,2020-01-01
2020-01-01 13:00:00,10.6,-2.8,39.0,0.0,,280.0,18.4,,1011.8,,,51.08,2020-01-01
2020-01-01 14:00:00,10.6,-2.8,39.0,0.0,,250.0,14.8,,1011.4,,,51.08,2020-01-01
2020-01-01 15:00:00,10.6,-2.8,39.0,0.0,,260.0,14.8,,1011.7,,,51.08,2020-01-01
2020-01-01 16:00:00,10.0,-2.3,42.0,0.0,,240.0,11.2,,1012.3,,,50.0,2020-01-01
2020-01-01 17:00:00,8.3,-2.1,48.0,0.0,,240.0,9.4,,1013.0,,,46.94,2020-01-01
2020-01-01 18:00:00,6.1,-2.3,55.0,0.0,,190.0,7.6,,1013.9,,,42.980000000000004,2020-01-01
2020-01-01 19:00:00,6.7,-2.2,53.0,0.0,,220.0,7.6,,1014.4,,,44.06,2020-01-01
2020-01-01 20:00:00,3.3,-2.2,67.0,0.0,,180.0,5.4,,1014.9,,,37.94,2020-01-01
2020-01-01 21:00:00,6.1,-2.3,55.0,0.0,,240.0,7.6,,1014.9,,,42.980000000000004,2020-01-01
2020-01-01 22:00:00,4.4,-2.2,62.0,0.0,,0.0,0.0,,1015.0,,,39.92,2020-01-01
2020-01-01 23:00:00,3.9,-2.3,64.0,0.0,,230.0,5.4,,1015.3,,,39.02,2020-01-01
2020-01-02 00:00:00,5.6,-1.8,59.0,0.0,,240.0,7.6,,1014.7,,,42.08,2020-01-02
2020-01-02 01:00:00,3.3,-1.7,70.0,0.0,,210.0,5.4,,1014.6,,,37.94,2020-01-02
2020-01-02 02:00:00,3.3,-1.7,70.0,0.0,,230.0,5.4,,1014.4,,,37.94,2020-01-02
2020-01-02 03:00:00,2.2,-1.8,75.0,0.0,,0.0,0.0,,1014.8,,,35.96,2020-01-02
2020-01-02 04:00:00,2.2,-2.1,73.0,0.0,,220.0,7.6,,1015.0,,,35.96,2020-01-02
2020-01-02 05:00:00,1.1,-2.8,75.0,0.0,,200.0,7.6,,1015.1,,,33.98,2020-01-02
2020-01-02 06:00:00,1.7,-2.8,72.0,0.0,,210.0,7.6,,1015.1,,,35.06,2020-01-02
2020-01-02 07:00:00,0.6,-2.8,78.0,0.0,,0.0,0.0,,1015.4,,,33.08,2020-01-02
2020-01-02 08:00:00,1.7,-2.3,75.0,0.0,,0.0,0.0,,1015.9,,,35.06,2020-01-02
2020-01-02 09:00:00,2.8,-1.0,76.0,0.0,,190.0,7.6,,1016.4,,,37.04,2020-01-02
2020-01-02 10:00:00,7.2,-0.5,58.0,0.0,,180.0,9.4,,1016.5,,,44.96,2020-01-02
2020-01-02 11:00:00,8.3,-0.5,54.0,0.0,,190.0,11.2,,1016.0,,,46.94,2020-01-02
2020-01-02 12:00:00,10.0,-0.5,48.0,0.0,,200.0,18.4,,1015.2,,,50.0,2020-01-02
2020-01-02 13:00:00,11.1,-0.1,46.0,0.0,,200.0,16.6,,1014.1,,,51.98,2020-01-02
2020-01-02 14:00:00,12.8,-1.2,38.0,0.0,,190.0,18.4,,1013.4,,,55.04,2020-01-02
2020-01-02 15:00:00,13.3,-1.9,35.0,0.0,,210.0,20.5,,1013.5,,,55.94,2020-01-02
2020-01-02 16:00:00,12.2,-1.0,40.0,0.0,,190.0,20.5,,1014.1,,,53.96,2020-01-02
2020-01-02 17:00:00,11.1,-1.0,43.0,0.0,,210.0,16.6,,1014.3,,,51.98,2020-01-02
2020-01-02 18:00:00,10.0,-1.7,44.0,0.0,,200.0,11.2,,1014.1,,,50.0,2020-01-02
2020-01-02 19:00:00,9.4,0.0,52.0,0.0,,190.0,11.2,,1014.8,,,48.92,2020-01-02
2020-01-02 20:00:00,8.3,2.1,65.0,0.0,,200.0,14.8,,1014.6,,7.0,46.94,2020-01-02
2020-01-02 21:00:00,8.3,2.7,68.0,0.0,,190.0,16.6,,1014.4,,7.0,46.94,2020-01-02
2020-01-02 22:00:00,7.8,3.3,73.0,0.0,,210.0,11.2,,1015.1,,7.0,46.04,2020-01-02
2020-01-02 23:00:00,7.2,4.0,80.0,0.0,,200.0,14.8,,1014.2,,7.0,44.96,2020-01-02
2020-01-03 00:00:00,6.7,5.6,93.0,1.3,,190.0,9.4,,1013.5,,7.0,44.06,2020-01-03
2020-01-03 01:00:00,6.7,5.6,93.0,1.5,,200.0,14.8,,1013.3,,7.0,44.06,2020-01-03
2020-01-03 02:00:00,6.7,6.1,96.0,0.3,,200.0,14.8,,1012.6,,7.0,44.06,2020-01-03
2020-01-03 03:00:00,7.2,6.1,93.0,1.0,,200.0,11.2,,1012.0,,7.0,44.96,2020-01-03
2020-01-03 04:00:00,7.2,6.1,93.0,2.0,,190.0,13.0,,1011.3,,7.0,44.96,2020-01-03
2020-01-03 05:00:00,7.8,6.7,93.0,0.5,,200.0,13.0,,1010.6,,7.0,46.04,2020-01-03
2020-01-03 06:00:00,7.8,6.7,93.0,0.3,,200.0,14.8,,1010.7,,7.0,46.04,2020-01-03
2020-01-03 07:00:00,8.3,7.2,93.0,0.0,,200.0,14.8,,1010.6,,7.0,46.94,2020-01-03
2020-01-03 08:00:00,8.3,7.2,93.0,0.0,,190.0,14.8,,1011.0,,7.0,46.94,2020-01-03
2020-01-03 09:00:00,9.4,8.3,93.0,0.0,,190.0,13.0,,1011.7,,7.0,48.92,2020-01-03
2020-01-03 10:00:00,10.0,8.3,89.0,0.0,,200.0,13.0,,1012.1,,7.0,50.0,2020-01-03
2020-01-03 11:00:00,10.6,8.4,86.0,0.0,,190.0,9.4,,1012.2,,7.0,51.08,2020-01-03
2020-01-03 12:00:00,10.6,9.4,92.0,0.8,,190.0,11.2,,1011.7,,7.0,51.08,2020-01-03
2020-01-03 13:00:00,11.1,10.0,93.0,0.5,,210.0,11.2,,1011.5,,7.0,51.98,2020-01-03
2020-01-03 14:00:00,11.1,10.0,93.0,0.3,,220.0,11.2,,1010.9,,7.0,51.98,2020-01-03
2020-01-03 15:00:00,11.1,10.0,93.0,0.8,,210.0,14.8,,1009.6,,7.0,51.98,2020-01-03
2020-01-03 16:00:00,11.7,10.6,93.0,0.5,,210.0,13.0,,1010.2,,5.0,53.06,2020-01-03
2020-01-03 17:00:00,11.1,10.6,97.0,0.5,,200.0,7.6,,1010.2,,6.0,51.98,2020-01-03
2020-01-03 18:00:00,11.1,10.6,97.0,0.5,,190.0,5.4,,1010.2,,7.0,51.98,2020-01-03
2020-01-03 19:00:00,11.1,10.6,97.0,0.5,,190.0,5.4,,1010.9,,5.0,51.98,2020-01-03
2020-01-03 20:00:00,11.1,10.6,97.0,0.43333333333333335,,200.0,13.0,,1010.7,,6.0,51.98,2020-01-03
2020-01-03 21:00:00,11.1,10.6,97.0,0.3666666666666667,,180.0,7.6,,1009.9,,7.0,51.98,2020-01-03
2020-01-03 22:00:00,11.1,10.6,97.0,0.3,,190.0,7.6,,1009.7,,5.0,51.98,2020-01-03
2020-01-03 23:00:00,11.1,10.6,97.0,0.15,,180.0,9.4,,1009.3,,6.0,51.98,2020-01-03
2020-01-04 00:00:00,11.1,10.6,97.0,0.0,,200.0,13.0,,1009.8,,7.0,51.98,2020-01-04
2020-01-04 01:00:00,11.1,10.6,97.0,0.06,,210.0,5.4,,1009.0,,7.0,51.98,2020-01-04
2020-01-04 02:00:00,12.2,11.1,93.0,0.12,,200.0,11.2,,1008.3,,7.0,53.96,2020-01-04
2020-01-04 03:00:00,12.8,12.2,96.0,0.18,,220.0,9.4,,1008.0,,7.0,55.04,2020-01-04
2020-01-04 04:00:00,12.8,12.2,96.0,0.24,,210.0,7.6,,1006.8,,7.0,55.04,2020-01-04
2020-01-04 05:00:00,12.2,11.7,97.0,0.3,,210.0,9.4,,1007.2,,7.0,53.96,2020-01-04
2020-01-04 06:00:00,12.8,12.2,96.0,0.8,,180.0,11.2,,1006.8,,5.0,55.04,2020-01-04
2020-01-04 07:00:00,13.3,12.8,97.0,0.5,,200.0,13.0,,1007.0,,7.0,55.94,2020-01-04
2020-01-04 08:00:00,13.9,12.8,93.0,0.4,,220.0,5.4,,1006.1,,5.0,57.02,2020-01-04
2020-01-04 09:00:00,13.9,12.8,93.0,0.3,,220.0,5.4,,1006.8,,5.333333333333333,57.02,2020-01-04
2020-01-04 10:00:00,14.4,13.3,93.0,0.0,,200.0,11.2,,1006.4,,5.666666666666667,57.92,2020-01-04
2020-01-04 11:00:00,16.1,13.4,84.0,0.0,,210.0,14.8,,1005.8,,6.0,60.980000000000004,2020-01-04
2020-01-04 12:00:00,16.1,12.8,81.0,0.0,,220.0,13.0,,1004.7,,6.333333333333333,60.980000000000004,2020-01-04
2020-01-04 13:00:00,16.1,11.7,75.0,0.0,,230.0,9.4,,1003.0,,6.666666666666666,60.980000000000004,2020-01-04
2020-01-04 14:00:00,15.6,12.7,83.0,1.8,,190.0,14.8,,1001.6,,7.0,60.08,2020-01-04
2020-01-04 15:00:00,12.8,11.0,89.0,3.6,,200.0,14.8,,1002.4,,7.119402985074627,55.04,2020-01-04
2020-01-04 16:00:00,12.8,7.3,69.0,1.8,,280.0,13.0,,1002.9,,7.2388059701492535,55.04,2020-01-04
2020-01-04 17:00:00,12.2,6.0,66.0,0.0,,270.0,11.2,,1002.9,,7.358208955223881,53.96,2020-01-04
2020-01-04 18:00:00,11.1,5.0,66.0,0.0,,270.0,13.0,,1003.7,,,51.98,2020-01-04
2020-01-04 19:00:00,10.6,1.1,52.0,0.0,,290.0,20.5,,1005.6,,,51.08,2020-01-04
2020-01-04 20:00:00,9.4,0.0,52.0,0.0,,280.0,16.6,,1006.8,,,48.92,2020-01-04
2020-01-04 21:00:00,7.2,0.6,63.0,0.0,,280.0,20.5,,1008.2,,,44.96,2020-01-04
2020-01-04 22:00:00,5.6,-1.8,59.0,0.0,,280.0,16.6,,1008.6,,,42.08,2020-01-04
2020-01-04 23:00:00,6.1,-3.3,51.0,0.0,,300.0,20.5,,1009.3,,,42.980000000000004,2020-01-04
2020-01-05 00:00:00,5.0,-3.8,53.0,0.0,,280.0,14.8,,1010.4,,,41.0,2020-01-05
2020-01-05 01:00:00,5.0,-3.3,55.0,0.0,,290.0,9.4,,1011.5,,,41.0,2020-01-05
2020-01-05 02:00:00,5.0,-4.3,51.0,0.0,,300.0,20.5,,1013.1,,,41.0,2020-01-05
2020-01-05 03:00:00,4.4,-4.9,51.0,0.0,,300.0,29.5,,1014.7,,,39.92,2020-01-05
2020-01-05 04:00:00,3.9,-5.1,52.0,0.0,,290.0,20.5,,1015.7,,,39.02,2020-01-05
2020-01-05 05:00:00,3.9,-5.6,50.0,0.0,,310.0,24.1,,1015.6,,,39.02,2020-01-05
2020-01-05 06:00:00,3.9,-5.6,50.0,0.0,,320.0,13.0,,1016.0,,,39.02,2020-01-05
2020-01-05 07:00:00,2.8,-5.6,54.0,0.0,,240.0,5.4,,1017.2,,,37.04,2020-01-05
2020-01-05 08:00:00,2.8,-4.9,57.0,0.0,,0.0,0.0,,1018.1,,,37.04,2020-01-05
2020-01-05 09:00:00,5.0,-4.3,51.0,0.0,,310.0,11.2,,1019.0,,,41.0,2020-01-05
2020-01-05 10:00:00,5.6,-4.3,49.0,0.0,,200.0,9.4,,1020.1,,,42.08,2020-01-05
2020-01-05 11:00:00,6.7,-4.4,45.0,0.0,,290.0,14.8,,1020.7,,,44.06,2020-01-05
2020-01-05 12:00:00,7.2,-4.0,45.0,0.0,,290.0,11.2,,1020.2,,,44.96,2020-01-05
2020-01-05 13:00:00,6.7,-4.4,45.0,0.0,,260.0,16.6,,1020.1,,,44.06,2020-01-05
2020-01-05 14:00:00,7.2,-4.3,44.0,0.0,,260.0,22.3,,1019.9,,,44.96,2020-01-05
2020-01-05 15:00:00,7.8,-4.0,43.0,0.0,,290.0,13.0,,1019.5,,,46.04,2020-01-05
2020-01-05 16:00:00,7.8,-4.3,42.0,0.0,,230.0,5.4,,1019.6,,,46.04,2020-01-05
2020-01-05 17:00:00,6.7,-4.4,45.0,0.0,,230.0,7.6,,1019.4,,,44.06,2020-01-05
2020-01-05 18:00:00,5.6,-4.3,49.0,0.0,,240.0,7.6,,1019.0,,,42.08,2020-01-05
2020-01-05 19:00:00,3.3,-4.0,59.0,0.0,,0.0,0.0,,1019.2,,,37.94,2020-01-05
2020-01-05 20:00:00,2.8,-4.4,59.0,0.0,,0.0,0.0,,1018.6,,,37.04,2020-01-05
2020-01-05 21:00:00,0.0,-3.9,75.0,0.0,,0.0,0.0,,1018.3,,,32.0,2020-01-05
2020-01-05 22:00:00,2.8,-4.0,61.0,0.0,,210.0,7.6,,1017.0,,,37.04,2020-01-05
2020-01-05 23:00:00,2.8,-4.0,61.0,0.0,,220.0,7.6,,1017.1,,,37.04,2020-01-05
2020-01-06 00:00:00,2.2,-3.9,64.0,0.0,,220.0,7.6,,1016.4,,,35.96,2020-01-06
2020-01-06 01:00:00,2.2,-3.9,64.0,0.0,,220.0,9.4,,1016.0,,,35.96,2020-01-06
2020-01-06 02:00:00,2.8,-4.0,61.0,0.0,,240.0,7.6,,1015.7,,,37.04,2020-01-06
2020-01-06 03:00:00,3.3,-3.3,62.0,0.0,,230.0,7.6,,1015.4,,,37.94,2020-01-06
2020-01-06 04:00:00,6.1,-2.3,55.0,0.0,,240.0,11.2,,1015.2,,,42.980000000000004,2020-01-06
2020-01-06 05:00:00,6.7,-2.2,53.0,0.0,,230.0,18.4,,1015.2,,,44.06,2020-01-06
2020-01-06 06:00:00,5.6,-2.3,57.0,0.0,,0.0,0.0,,1016.2,,,42.08,2020-01-06
2020-01-06 07:00:00,5.6,-2.3,57.0,0.0,,0.0,0.0,,1017.1,,,42.08,2020-01-06
2020-01-06 08:00:00,5.6,-2.3,57.0,0.0,,250.0,5.4,,1018.1,,,42.08,2020-01-06
2020-01-06 09:00:00,8.3,-2.1,48.0,0.0,,250.0,9.4,,1018.5,,,46.94,2020-01-06
2020-01-06 10:00:00,9.4,-2.9,42.0,0.0,,270.0,20.5,,1019.0,,,48.92,2020-01-06
2020-01-06 11:00:00,10.6,-3.1,38.0,0.0,,270.0,14.8,,1019.0,,,51.08,2020-01-06
2020-01-06 12:00:00,11.7,-4.1,33.0,0.0,,280.0,13.0,,1018.7,,,53.06,2020-01-06
2020-01-06 13:00:00,12.2,-5.8,28.0,0.0,,270.0,16.6,,1018.2,,,53.96,2020-01-06
2020-01-06 14:00:00,13.3,-4.8,28.0,0.0,,270.0,11.2,,1017.9,,,55.94,2020-01-06
2020-01-06 15:00:00,12.8,-8.4,22.0,0.0,,270.0,14.8,,1018.1,,,55.04,2020-01-06
2020-01-06 16:00:00,12.2,-8.4,23.0,0.0,,270.0,11.2,,1018.7,,,53.96,2020-01-06
2020-01-06 17:00:00,10.0,-10.2,23.0,0.0,,135.0,5.4,,1019.0,,,50.0,2020-01-06
2020-01-06 18:00:00,5.6,-7.6,38.0,0.0,,0.0,0.0,,1019.5,,,42.08,2020-01-06
2020-01-06 19:00:00,6.1,-9.0,33.0,0.0,,0.0,0.0,,1020.3,,,42.980000000000004,2020-01-06
2020-01-06 20:00:00,4.4,-7.1,43.0,0.0,,270.0,5.4,,1020.7,,,39.92,2020-01-06
2020-01-06 21:00:00,2.2,-7.2,50.0,0.0,,0.0,0.0,,1020.8,,,35.96,2020-01-06
2020-01-06 22:00:00,3.9,-8.2,41.0,0.0,,0.0,5.4,,1020.8,,,39.02,2020-01-06
2020-01-06 23:00:00,0.0,-6.6,61.0,0.0,,0.0,0.0,,1020.3,,,32.0,2020-01-06
2020-01-07 00:00:00,-1.1,-7.9,60.0,0.0,,0.0,0.0,,1020.1,,,30.02,2020-01-07
2020-01-07 01:00:00,-2.8,-6.6,75.0,0.0,,0.0,0.0,,1019.7,,,26.96,2020-01-07
2020-01-07 02:00:00,-1.7,-6.6,69.0,0.0,,0.0,0.0,,1019.2,,,28.94,2020-01-07
2020-01-07 03:00:00,-1.1,-6.6,66.0,0.0,,0.0,0.0,,1019.0,,,30.02,2020-01-07
2020-01-07 04:00:00,-0.6,-6.2,66.0,0.0,,340.0,5.4,,1018.9,,,30.92,2020-01-07
2020-01-07 05:00:00,0.0,-4.4,72.0,0.0,,0.0,0.0,,1018.3,,,32.0,2020-01-07
2020-01-07 06:00:00,1.7,-6.1,56.0,0.0,,90.0,9.4,,1015.4,,14.64179104477612,35.06,2020-01-07
2020-01-07 07:00:00,2.2,-6.6,52.0,0.0,,180.0,5.4,,1016.8,,14.761194029850746,35.96,2020-01-07
2020-01-07 08:00:00,2.2,-6.6,52.0,0.0,,270.0,7.6,,1016.9,,14.880597014925373,35.96,2020-01-07
2020-01-07 09:00:00,3.3,-7.2,46.0,0.0,,360.0,11.2,,1016.6,,15.0,37.94,2020-01-07
2020-01-07 10:00:00,1.1,-1.6,82.0,0.8,,10.0,9.4,,1015.3,,14.0,33.98,2020-01-07
2020-01-07 11:00:00,1.7,0.1,89.0,3.3,,300.0,5.4,,1013.8,,7.0,35.06,2020-01-07
2020-01-07 12:00:00,1.7,0.5,92.0,2.0,,20.0,7.6,,1011.5,,7.0,35.06,2020-01-07
2020-01-07 13:00:00,1.7,0.5,92.0,0.5,,290.0,7.6,,1011.6,,14.0,35.06,2020-01-07
2020-01-07 14:00:00,2.8,1.2,89.0,0.25,,300.0,11.2,,1010.5,,13.923076923076923,37.04,2020-01-07
2020-01-07 15:00:00,4.4,1.8,83.0,0.0,,270.0,14.8,,1011.9,,13.846153846153847,39.92,2020-01-07
2020-01-07 16:00:00,5.0,-0.6,67.0,0.0,,290.0,14.8,,1013.4,,13.76923076923077,41.0,2020-01-07
2020-01-07 17:00:00,5.0,-2.1,60.0,0.0,,280.0,20.5,,1014.8,,,41.0,2020-01-07
2020-01-07 18:00:00,3.9,-2.7,62.0,0.0,,290.0,7.6,,1016.5,,,39.02,2020-01-07
2020-01-07 19:00:00,3.9,-3.9,57.0,0.0,,290.0,14.8,,1017.2,,,39.02,2020-01-07
2020-01-07 20:00:00,2.8,-4.0,61.0,0.0,,220.0,7.6,,1018.3,,,37.04,2020-01-07
2020-01-07 21:00:00,1.7,-4.0,66.0,0.0,,230.0,7.6,,1019.2,,,35.06,2020-01-07
2020-01-07 22:00:00,0.6,-3.9,72.0,0.0,,210.0,7.6,,1019.5,,,33.08,2020-01-07
2020-01-07 23:00:00,0.6,-3.9,72.0,0.0,,210.0,9.4,,1019.3,,,33.08,2020-01-07
2020-01-08 00:00:00,-0.6,-4.0,78.0,0.0,,210.0,7.6,,1019.6,,,30.92,2020-01-08
2020-01-08 01:00:00,0.6,-3.9,72.0,0.0,,200.0,9.4,,1018.9,,,33.08,2020-01-08
2020-01-08 02:00:00,-1.7,-3.9,85.0,0.0,,180.0,7.6,,1019.1,,,28.94,2020-01-08
2020-01-08 03:00:00,1.7,-4.0,66.0,0.0,,240.0,7.6,,1019.2,,,35.06,2020-01-08
2020-01-08 04:00:00,2.8,-4.4,59.0,0.0,,235.0,9.4,,1018.8,,,37.04,2020-01-08
2020-01-08 05:00:00,2.8,-4.9,57.0,0.0,,230.0,7.6,,1018.9,,,37.04,2020-01-08
2020-01-08 06:00:00,3.3,-4.9,55.0,0.0,,250.0,7.6,,1019.7,,,37.94,2020-01-08
2020-01-08 07:00:00,4.4,-4.9,51.0,0.0,,260.0,11.2,,1019.8,,,39.92,2020-01-08
2020-01-08 08:00:00,4.4,-5.7,48.0,0.0,,240.0,7.6,,1020.3,,,39.92,2020-01-08
2020-01-08 09:00:00,5.6,-5.1,46.0,0.0,,240.0,7.6,,1021.2,,,42.08,2020-01-08
2020-01-08 10:00:00,8.3,-3.9,42.0,0.0,,270.0,9.4,,1021.7,,,46.94,2020-01-08
2020-01-08 11:00:00,8.3,-3.3,44.0,0.0,,270.0,25.9,,1021.7,,,46.94,2020-01-08
2020-01-08 12:00:00,10.0,-5.6,33.0,0.0,,280.0,18.4,,1021.2,,,50.0,2020-01-08
2020-01-08 13:00:00,10.0,-7.7,28.0,0.0,,260.0,31.7,,1021.5,,,50.0,2020-01-08
2020-01-08 14:00:00,11.1,-9.3,23.0,0.0,,280.0,18.4,,1022.1,,,51.98,2020-01-08
2020-01-08 15:00:00,11.1,-10.4,21.0,0.0,,300.0,25.9,,1022.7,,,51.98,2020-01-08
2020-01-08 16:00:00,10.6,-12.1,19.0,0.0,,260.0,16.6,,1023.8,,,51.08,2020-01-08
2020-01-08 17:00:00,8.9,-12.3,21.0,0.0,,260.0,7.6,,1025.3,,,48.02,2020-01-08
2020-01-08 18:00:00,6.7,-11.0,27.0,0.0,,260.0,5.4,,1026.4,,,44.06,2020-01-08
2020-01-08 19:00:00,6.7,-11.0,27.0,0.0,,290.0,9.4,,1027.2,,,44.06,2020-01-08
2020-01-08 20:00:00,3.9,-11.7,31.0,0.0,,145.0,5.4,,1028.0,,,39.02,2020-01-08
2020-01-08 21:00:00,2.2,-10.7,38.0,0.0,,0.0,0.0,,1029.0,,,35.96,2020-01-08
2020-01-08 22:00:00,3.9,-11.7,31.0,0.0,,280.0,9.4,,1029.7,,,39.02,2020-01-08
2020-01-08 23:00:00,1.7,-10.5,40.0,0.0,,0.0,0.0,,1030.7,,,35.06,2020-01-08
2020-01-09 00:00:00,-1.1,-9.0,55.0,0.0,,0.0,0.0,,1032.0,,,30.02,2020-01-09
2020-01-09 01:00:00,-0.6,-11.1,45.0,0.0,,0.0,0.0,,1032.6,,,30.92,2020-01-09
2020-01-09 02:00:00,-2.2,-9.4,58.0,0.0,,0.0,0.0,,1033.4,,,28.04,2020-01-09
2020-01-09 03:00:00,-3.3,-8.4,68.0,0.0,,0.0,0.0,,1034.2,,,26.060000000000002,2020-01-09
2020-01-09 04:00:00,-3.3,-9.3,63.0,0.0,,0.0,0.0,,1034.7,,,26.060000000000002,2020-01-09
2020-01-09 05:00:00,-0.6,-11.1,45.0,0.0,,0.0,0.0,,1035.9,,,30.92,2020-01-09
2020-01-09 06:00:00,-1.7,-8.9,58.0,0.0,,360.0,7.6,,1037.3,,,28.94,2020-01-09
2020-01-09 07:00:00,-1.7,-8.9,58.0,0.0,,360.0,5.4,,1038.4,,,28.94,2020-01-09
2020-01-09 08:00:00,-2.8,-8.3,66.0,0.0,,30.0,5.4,,1039.2,,,26.96,2020-01-09
2020-01-09 09:00:00,0.6,-8.4,51.0,0.0,,70.0,11.2,,1040.1,,,33.08,2020-01-09
2020-01-09 10:00:00,2.2,-7.7,48.0,0.0,,90.0,7.6,,1040.8,,,35.96,2020-01-09
2020-01-09 11:00:00,2.8,-7.7,46.0,0.0,,130.0,9.4,,1040.8,,,37.04,2020-01-09
2020-01-09 12:00:00,3.9,-7.9,42.0,0.0,,0.0,0.0,,1039.8,,,39.02,2020-01-09
2020-01-09 13:00:00,5.0,-7.8,39.0,0.0,,140.0,9.4,,1038.6,,,41.0,2020-01-09
2020-01-09 14:00:00,5.6,-7.6,38.0,0.0,,90.0,7.6,,1038.2,,,42.08,2020-01-09
2020-01-09 15:00:00,5.6,-7.6,38.0,0.0,,130.0,7.6,,1038.1,,,42.08,2020-01-09
2020-01-09 16:00:00,5.6,-6.6,41.0,0.0,,110.0,9.4,,1037.9,,,42.08,2020-01-09
2020-01-09 17:00:00,5.0,-6.0,45.0,0.0,,0.0,0.0,,1038.1,,,41.0,2020-01-09
2020-01-09 18:00:00,3.3,-6.1,50.0,0.0,,0.0,0.0,,1038.9,,,37.94,2020-01-09
2020-01-09 19:00:00,2.2,-5.7,56.0,0.0,,0.0,0.0,,1039.0,,,35.96,2020-01-09
2020-01-09 20:00:00,1.1,-5.6,61.0,0.0,,0.0,0.0,,1039.0,,,33.98,2020-01-09
2020-01-09 21:00:00,-1.1,-6.1,69.0,0.0,,0.0,0.0,,1039.1,,,30.02,2020-01-09
2020-01-09 22:00:00,-1.7,-5.5,75.0,0.0,,330.0,5.4,,1039.0,,,28.94,2020-01-09
2020-01-09 23:00:00,-1.1,-5.5,72.0,0.0,,0.0,0.0,,1038.3,,,30.02,2020-01-09
2020-01-10 00:00:00,-1.1,-5.0,75.0,0.0,,0.0,0.0,,1037.8,,,30.02,2020-01-10
2020-01-10 01:00:00,-0.6,-4.0,78.0,0.0,,0.0,0.0,,1036.7,,,30.92,2020-01-10
2020-01-10 02:00:00,2.2,-3.3,67.0,0.0,,0.0,0.0,,1036.4,,,35.96,2020-01-10
2020-01-10 03:00:00,2.8,-2.7,67.0,0.0,,0.0,0.0,,1035.8,,,37.04,2020-01-10
2020-01-10 04:00:00,3.3,-2.2,67.0,0.0,,0.0,0.0,,1034.9,,,37.94,2020-01-10
2020-01-10 05:00:00,3.3,-1.7,70.0,0.0,,270.0,5.4,,1034.8,,,37.94,2020-01-10
2020-01-10 06:00:00,3.9,-1.1,70.0,0.0,,320.0,5.4,,1035.2,,,39.02,2020-01-10
2020-01-10 07:00:00,3.9,-1.7,67.0,0.0,,0.0,0.0,,1035.5,,,39.02,2020-01-10
2020-01-10 08:00:00,4.4,-0.6,70.0,0.0,,0.0,0.0,,1035.7,,,39.92,2020-01-10
2020-01-10 09:00:00,5.0,-0.6,67.0,0.0,,0.0,0.0,,1036.2,,,41.0,2020-01-10
2020-01-10 10:00:00,6.7,-0.5,60.0,0.0,,190.0,7.6,,1036.4,,,44.06,2020-01-10
2020-01-10 11:00:00,8.3,0.5,58.0,0.0,,190.0,9.4,,1036.0,,,46.94,2020-01-10
2020-01-10 12:00:00,10.0,1.6,56.0,0.0,,190.0,14.8,,1034.6,,,50.0,2020-01-10
2020-01-10 13:00:00,11.1,3.4,59.0,0.0,,200.0,13.0,,1033.3,,,51.98,2020-01-10
2020-01-10 14:00:00,12.2,4.4,59.0,0.0,,190.0,14.8,,1032.3,,,53.96,2020-01-10
2020-01-10 15:00:00,12.8,6.2,64.0,0.0,,210.0,9.4,,1031.7,,,55.04,2020-01-10
2020-01-10 16:00:00,12.8,6.2,64.0,0.0,,180.0,9.4,,1031.9,,,55.04,2020-01-10
2020-01-10 17:00:00,11.1,5.6,69.0,0.0,,180.0,11.2,,1032.1,,,51.98,2020-01-10
2020-01-10 18:00:00,10.0,5.6,74.0,0.0,,0.0,0.0,,1032.3,,,50.0,2020-01-10
2020-01-10 19:00:00,9.4,5.0,74.0,0.0,,0.0,0.0,,1031.7,,,48.92,2020-01-10
2020-01-10 20:00:00,9.4,5.6,77.0,0.0,,0.0,0.0,,1031.5,,,48.92,2020-01-10
2020-01-10 21:00:00,9.4,5.6,77.0,0.0,,0.0,0.0,,1031.1,,,48.92,2020-01-10
2020-01-10 22:00:00,9.4,6.1,80.0,0.0,,0.0,0.0,,1031.0,,,48.92,2020-01-10
2020-01-10 23:00:00,8.9,6.2,83.0,0.0,,0.0,0.0,,1030.4,,,48.02,2020-01-10
2020-01-11 00:00:00,8.9,6.2,83.0,0.0,,0.0,0.0,,1029.6,,,48.02,2020-01-11
2020-01-11 01:00:00,9.4,6.7,83.0,0.0,,0.0,0.0,,1028.5,,,48.92,2020-01-11
2020-01-11 02:00:00,10.6,6.7,77.0,0.0,,220.0,5.4,,1028.2,,,51.08,2020-01-11
2020-01-11 03:00:00,10.0,7.2,83.0,0.0,,0.0,0.0,,1027.7,,,50.0,2020-01-11
2020-01-11 04:00:00,10.6,7.3,80.0,0.0,,0.0,0.0,,1026.8,,,51.08,2020-01-11
2020-01-11 05:00:00,11.7,9.9,89.0,0.0,,200.0,13.0,,1025.8,,7.23076923076923,53.06,2020-01-11
2020-01-11 06:00:00,11.7,9.9,89.0,0.0,,220.0,5.4,,1025.4,,7.153846153846153,53.06,2020-01-11
2020-01-11 07:00:00,12.8,11.0,89.0,0.0,,0.0,0.0,,1025.2,,7.076923076923077,55.04,2020-01-11
2020-01-11 08:00:00,12.2,11.1,93.0,0.65,,190.0,9.4,,1025.0,,7.0,53.96,2020-01-11
2020-01-11 09:00:00,14.4,13.3,93.0,1.3,,180.0,18.4,,1024.7,,7.0,57.92,2020-01-11
2020-01-11 10:00:00,15.0,13.9,93.0,1.3,,180.0,18.4,,1024.5,,7.0,59.0,2020-01-11
2020-01-11 11:00:00,15.0,14.4,96.0,0.3,,190.0,24.1,,1023.9,,7.0,59.0,2020-01-11
2020-01-11 12:00:00,16.1,15.0,93.0,0.8,,180.0,14.8,,1022.7,,7.0,60.980000000000004,2020-01-11
2020-01-11 13:00:00,17.8,16.1,90.0,0.0,,200.0,22.3,,1021.0,,7.0,64.04,2020-01-11
2020-01-11 14:00:00,17.8,16.7,93.0,0.4,,190.0,20.5,,1020.4,,7.0,64.04,2020-01-11
2020-01-11 15:00:00,17.8,16.7,93.0,0.8,,190.0,18.4,,1019.8,,7.0,64.04,2020-01-11
2020-01-11 16:00:00,18.3,16.6,90.0,0.3,,180.0,18.4,,1019.1,,7.0,64.94,2020-01-11
2020-01-11 17:00:00,18.3,17.1,93.0,0.0,,180.0,16.6,,1018.2,,7.0,64.94,2020-01-11
2020-01-11 18:00:00,18.9,17.2,90.0,0.0,,190.0,16.6,,1018.0,,7.0,66.02,2020-01-11
2020-01-11 19:00:00,18.9,17.2,90.0,0.06,,180.0,27.7,,1017.1,,7.0,66.02,2020-01-11
2020-01-11 20:00:00,18.9,17.2,90.0,0.12,,180.0,29.5,,1016.4,,7.0,66.02,2020-01-11
2020-01-11 21:00:00,19.4,17.2,87.0,0.18,,180.0,27.7,,1015.2,,7.0,66.92,2020-01-11
2020-01-11 22:00:00,19.4,17.9,91.0,0.24,,180.0,38.9,,1013.9,,7.0,66.92,2020-01-11
2020-01-11 23:00:00,20.0,17.8,87.0,0.3,,190.0,29.5,,1013.4,,7.0,68.0,2020-01-11
2020-01-12 00:00:00,19.4,17.2,87.0,19.0,,190.0,27.7,,1013.6,,6.862745098039215,66.92,2020-01-12
2020-01-12 01:00:00,17.8,16.1,90.0,1.8,,210.0,20.5,,1013.0,,6.7254901960784315,64.04,2020-01-12
2020-01-12 02:00:00,18.3,16.1,87.0,1.2000000000000002,,200.0,29.5,,1013.1,,6.588235294117647,64.94,2020-01-12
2020-01-12 03:00:00,18.3,16.1,87.0,0.6000000000000001,,200.0,25.9,,1012.9,,,64.94,2020-01-12
2020-01-12 04:00:00,18.3,15.5,84.0,0.0,,210.0,22.3,,1014.1,,,64.94,2020-01-12
2020-01-12 05:00:00,18.3,15.0,81.0,0.0,,235.0,11.2,,1016.6,,,64.94,2020-01-12
2020-01-12 06:00:00,17.2,9.4,60.0,0.0,,260.0,9.4,,1018.6,,,62.959999999999994,2020-01-12
2020-01-12 07:00:00,16.7,4.4,44.0,0.0,,260.0,22.3,,1020.3,,,62.059999999999995,2020-01-12
2020-01-12 08:00:00,15.0,6.0,55.0,0.0,,220.0,11.2,,1021.5,,,59.0,2020-01-12
2020-01-12 09:00:00,15.6,6.1,53.0,0.0,,240.0,11.2,,1022.9,,,60.08,2020-01-12
2020-01-12 10:00:00,15.6,6.6,55.0,0.0,,260.0,9.4,,1024.3,,,60.08,2020-01-12
2020-01-12 11:00:00,17.2,6.7,50.0,0.0,,260.0,20.5,,1024.5,,,62.959999999999994,2020-01-12
2020-01-12 12:00:00,18.3,6.8,47.0,0.0,,280.0,13.0,,1024.0,,,64.94,2020-01-12
2020-01-12 13:00:00,19.4,6.8,44.0,0.0,,140.0,7.6,,1023.8,,,66.92,2020-01-12
2020-01-12 14:00:00,20.0,6.0,40.0,0.0,,0.0,0.0,,1023.2,,,68.0,2020-01-12
2020-01-12 15:00:00,20.0,4.9,37.0,0.0,,0.0,5.4,,1023.0,,,68.0,2020-01-12
2020-01-12 16:00:00,19.4,5.1,39.0,0.0,,0.0,7.6,,1023.3,,,66.92,2020-01-12
2020-01-12 17:00:00,17.8,5.1,43.0,0.0,,0.0,0.0,,1024.0,,,64.04,2020-01-12
2020-01-12 18:00:00,12.2,5.6,64.0,0.0,,0.0,0.0,,1024.7,,,53.96,2020-01-12
2020-01-12 19:00:00,10.0,6.2,77.0,0.0,,0.0,0.0,,1025.4,,,50.0,2020-01-12
2020-01-12 20:00:00,9.4,5.6,77.0,0.0,,0.0,0.0,,1025.7,,,48.92,2020-01-12
2020-01-12 21:00:00,9.4,5.0,74.0,0.0,,0.0,0.0,,1025.8,,,48.92,2020-01-12
2020-01-12 22:00:00,8.3,5.1,80.0,0.0,,0.0,0.0,,1026.0,,,46.94,2020-01-12
2020-01-12 23:00:00,11.1,6.0,71.0,0.0,,360.0,13.0,,1026.0,,,51.98,2020-01-12
2020-01-13 00:00:00,9.4,6.1,80.0,0.0,,10.0,5.4,,1026.0,,,48.92,2020-01-13
2020-01-13 01:00:00,8.9,5.1,77.0,0.0,,40.0,5.4,,1025.8,,,48.02,2020-01-13
2020-01-13 02:00:00,8.9,5.6,80.0,0.0,,30.0,7.6,,1026.1,,,48.02,2020-01-13
2020-01-13 03:00:00,10.0,5.6,74.0,0.0,,20.0,16.6,,1026.1,,,50.0,2020-01-13
2020-01-13 04:00:00,10.0,5.0,71.0,0.0,,30.0,13.0,,1026.2,,,50.0,2020-01-13
2020-01-13 05:00:00,9.4,5.0,74.0,0.0,,10.0,7.6,,1026.4,,,48.92,2020-01-13
2020-01-13 06:00:00,8.9,5.1,77.0,0.0,,0.0,0.0,,1027.0,,,48.02,2020-01-13
2020-01-13 07:00:00,9.4,5.0,74.0,0.0,,0.0,0.0,,1027.2,,,48.92,2020-01-13
2020-01-13 08:00:00,9.4,5.6,77.0,0.0,,0.0,0.0,,1027.9,,,48.92,2020-01-13
2020-01-13 09:00:00,10.0,5.6,74.0,0.0,,30.0,5.4,,1027.8,,,50.0,2020-01-13
2020-01-13 10:00:00,11.1,5.6,69.0,0.0,,0.0,0.0,,1028.8,,,51.98,2020-01-13
2020-01-13 11:00:00,11.7,6.6,71.0,0.0,,0.0,0.0,,1028.7,,,53.06,2020-01-13
2020-01-13 12:00:00,12.8,7.3,69.0,0.0,,330.0,5.4,,1028.0,,,55.04,2020-01-13
2020-01-13 13:00:00,12.8,7.9,72.0,0.0,,190.0,7.6,,1027.1,,,55.04,2020-01-13
2020-01-13 14:00:00,13.3,8.4,72.0,0.0,,170.0,5.4,,1026.2,,,55.94,2020-01-13
2020-01-13 15:00:00,13.9,8.3,69.0,0.0,,190.0,9.4,,1025.9,,,57.02,2020-01-13
2020-01-13 16:00:00,13.3,8.4,72.0,0.0,,220.0,5.4,,1026.0,,,55.94,2020-01-13
2020-01-13 17:00:00,12.8,8.3,74.0,0.0,,0.0,0.0,,1026.3,,,55.04,2020-01-13
2020-01-13 18:00:00,10.0,7.8,86.0,0.0,,0.0,0.0,,1027.1,,,50.0,2020-01-13
2020-01-13 19:00:00,9.4,7.2,86.0,0.0,,0.0,0.0,,1027.8,,,48.92,2020-01-13
2020-01-13 20:00:00,7.8,7.2,96.0,0.0,,0.0,0.0,,1028.4,,,46.04,2020-01-13
2020-01-13 21:00:00,7.2,5.7,90.0,0.0,,0.0,0.0,,1028.3,,,44.96,2020-01-13
2020-01-13 22:00:00,9.4,7.8,90.0,0.0,,330.0,5.4,,1027.7,,,48.92,2020-01-13
2020-01-13 23:00:00,10.0,7.8,86.0,0.0,,165.0,5.4,,1027.5,,0.41176470588235237,50.0,2020-01-13
2020-01-14 00:00:00,8.3,7.2,93.0,0.0,,0.0,0.0,,1027.2,,0.27450980392156765,46.94,2020-01-14
2020-01-14 01:00:00,8.9,7.2,89.0,0.0,,0.0,0.0,,1026.1,,0.13725490196078383,48.02,2020-01-14
2020-01-14 02:00:00,9.4,7.2,86.0,0.0,,0.0,0.0,,1025.6,,0.0,48.92,2020-01-14
2020-01-14 03:00:00,8.9,7.8,93.0,2.0,,10.0,5.4,,1025.2,,7.0,48.02,2020-01-14
2020-01-14 04:00:00,8.9,7.8,93.0,0.5,,350.0,5.4,,1024.8,,7.0,48.02,2020-01-14
2020-01-14 05:00:00,8.9,7.8,93.0,1.3,,360.0,9.4,,1025.3,,9.0,48.02,2020-01-14
2020-01-14 06:00:00,8.9,7.8,93.0,3.8,,70.0,7.6,,1024.0,,7.0,48.02,2020-01-14
2020-01-14 07:00:00,8.3,7.9,97.0,0.3,,360.0,13.0,,1024.7,,7.0,46.94,2020-01-14
2020-01-14 08:00:00,8.3,7.9,97.0,1.0,,360.0,7.6,,1025.0,,6.333333333333333,46.94,2020-01-14
2020-01-14 09:00:00,8.9,7.8,93.0,0.5,,60.0,5.4,,1025.1,,5.666666666666667,48.02,2020-01-14
2020-01-14 10:00:00,10.0,8.9,93.0,0.8,,60.0,9.4,,1023.7,,5.0,50.0,2020-01-14
2020-01-14 11:00:00,10.0,8.3,89.0,0.0,,0.0,0.0,,1024.0,,5.0,50.0,2020-01-14
2020-01-14 12:00:00,10.6,8.9,89.0,0.0,,0.0,0.0,,1022.8,,5.0,51.08,2020-01-14
2020-01-14 13:00:00,11.1,10.0,93.0,0.0,,0.0,0.0,,1020.8,,5.0,51.98,2020-01-14
2020-01-14 14:00:00,11.1,10.0,93.0,0.0,,170.0,9.4,,1020.2,,5.0,51.98,2020-01-14
2020-01-14 15:00:00,11.1,10.6,97.0,0.0,,200.0,9.4,,1019.9,,5.0,51.98,2020-01-14
2020-01-14 16:00:00,11.7,10.6,93.0,0.0,,180.0,11.2,,1019.3,,5.0,53.06,2020-01-14
2020-01-14 17:00:00,11.7,11.1,96.0,0.0,,220.0,9.4,,1020.2,,5.0,53.06,2020-01-14
2020-01-14 18:00:00,11.7,11.1,96.0,0.0,,220.0,11.2,,1020.1,,5.0,53.06,2020-01-14
2020-01-14 19:00:00,11.7,11.1,96.0,0.0,,210.0,7.6,,1020.4,,5.0,53.06,2020-01-14
2020-01-14 20:00:00,11.7,11.1,96.0,0.0,,210.0,9.4,,1020.4,,5.0,53.06,2020-01-14
2020-01-14 21:00:00,11.7,11.1,96.0,0.0,,220.0,7.6,,1020.8,,5.0,53.06,2020-01-14
2020-01-14 22:00:00,11.1,10.6,97.0,0.0,,120.0,5.4,,1021.2,,5.0,51.98,2020-01-14
2020-01-14 23:00:00,10.0,9.4,96.0,0.0,,0.0,0.0,,1021.7,,5.0,50.0,2020-01-14
2020-01-15 00:00:00,7.8,7.2,96.0,0.0,,0.0,0.0,,1021.6,,5.0,46.04,2020-01-15
2020-01-15 01:00:00,7.2,6.8,97.0,0.0,,0.0,0.0,,1021.5,,5.0,44.96,2020-01-15
2020-01-15 02:00:00,6.7,6.1,96.0,0.0,,330.0,5.4,,1021.9,,5.0,44.06,2020-01-15
2020-01-15 03:00:00,6.1,5.7,97.0,0.0,,0.0,0.0,,1022.1,,5.0,42.980000000000004,2020-01-15
2020-01-15 04:00:00,5.0,4.4,96.0,0.0,,0.0,0.0,,1022.3,,5.0,41.0,2020-01-15
2020-01-15 05:00:00,2.8,2.2,96.0,0.0,,330.0,7.6,,1022.5,,5.0,37.04,2020-01-15
2020-01-15 06:00:00,3.3,2.9,97.0,0.0,,320.0,7.6,,1022.6,,5.0,37.94,2020-01-15
2020-01-15 07:00:00,3.3,2.3,93.0,0.0,,340.0,5.4,,1023.2,,5.285714285714286,37.94,2020-01-15
2020-01-15 08:00:00,5.6,4.4,92.0,0.0,,330.0,5.4,,1023.5,,5.571428571428571,42.08,2020-01-15
2020-01-15 09:00:00,9.4,6.7,83.0,0.0,,0.0,0.0,,1023.4,,5.857142857142857,48.92,2020-01-15
2020-01-15 10:00:00,11.1,7.2,77.0,0.0,,0.0,0.0,,1023.7,,6.142857142857142,51.98,2020-01-15
2020-01-15 11:00:00,11.7,8.9,83.0,0.0,,220.0,9.4,,1024.0,,6.428571428571429,53.06,2020-01-15
2020-01-15 12:00:00,13.9,6.7,62.0,0.0,,0.0,0.0,,1022.9,,6.714285714285714,57.02,2020-01-15
2020-01-15 13:00:00,15.0,6.8,58.0,0.0,,190.0,7.6,,1021.9,,7.0,59.0,2020-01-15
2020-01-15 14:00:00,15.0,6.8,58.0,0.0,,190.0,9.4,,1020.9,,7.0,59.0,2020-01-15
2020-01-15 15:00:00,15.6,7.1,57.0,0.0,,210.0,7.6,,1020.7,,7.0,60.08,2020-01-15
2020-01-15 16:00:00,15.6,6.1,53.0,0.0,,180.0,13.0,,1019.9,,7.0,60.08,2020-01-15
2020-01-15 17:00:00,14.4,8.3,67.0,0.0,,190.0,7.6,,1020.1,,,57.92,2020-01-15
2020-01-15 18:00:00,12.2,8.9,80.0,0.0,,0.0,0.0,,1020.5,,,53.96,2020-01-15
2020-01-15 19:00:00,11.1,8.8,86.0,0.0,,0.0,0.0,,1020.8,,,51.98,2020-01-15
2020-01-15 20:00:00,10.0,7.8,86.0,0.0,,250.0,5.4,,1020.2,,,50.0,2020-01-15
2020-01-15 21:00:00,11.1,8.8,86.0,0.0,,200.0,5.4,,1019.3,,,51.98,2020-01-15
2020-01-15 22:00:00,9.4,7.8,90.0,0.0,,0.0,0.0,,1018.9,,,48.92,2020-01-15
2020-01-15 23:00:00,9.4,7.2,86.0,0.0,,230.0,7.6,,1018.3,,,48.92,2020-01-15
2020-01-16 00:00:00,10.0,7.8,86.0,0.0,,210.0,7.6,,1017.1,,,50.0,2020-01-16
2020-01-16 01:00:00,10.6,8.9,89.0,0.0,,0.0,0.0,,1016.3,,,51.08,2020-01-16
2020-01-16 02:00:00,8.9,7.8,93.0,0.0,,0.0,0.0,,1015.8,,,48.02,2020-01-16
2020-01-16 03:00:00,8.9,8.3,96.0,0.0,,200.0,5.4,,1015.3,,,48.02,2020-01-16
2020-01-16 04:00:00,12.2,10.6,90.0,0.0,,230.0,7.6,,1014.9,,,53.96,2020-01-16
2020-01-16 05:00:00,12.8,11.0,89.0,0.0,,220.0,5.4,,1015.2,,,55.04,2020-01-16
2020-01-16 06:00:00,14.4,9.0,70.0,0.0,,260.0,5.4,,1016.9,,,57.92,2020-01-16
2020-01-16 07:00:00,12.2,2.9,53.0,0.0,,280.0,18.4,,1018.7,,,53.96,2020-01-16
2020-01-16 08:00:00,11.7,1.6,50.0,0.0,,300.0,5.4,,1019.2,,,53.06,2020-01-16
2020-01-16 09:00:00,12.2,0.6,45.0,0.0,,300.0,22.3,,1020.5,,,53.96,2020-01-16
2020-01-16 10:00:00,12.8,-0.1,41.0,0.0,,280.0,20.5,,1022.0,,,55.04,2020-01-16
2020-01-16 11:00:00,12.2,-2.1,37.0,0.0,,260.0,11.2,,1022.7,,,53.96,2020-01-16
2020-01-16 12:00:00,13.3,-4.8,28.0,0.0,,270.0,18.4,,1021.9,,,55.94,2020-01-16
2020-01-16 13:00:00,14.4,-5.4,25.0,0.0,,300.0,18.4,,1021.0,,,57.92,2020-01-16
2020-01-16 14:00:00,14.4,-8.3,20.0,0.0,,290.0,24.1,,1021.3,,,57.92,2020-01-16
2020-01-16 15:00:00,14.4,-9.7,18.0,0.0,,300.0,20.5,,1021.5,,,57.92,2020-01-16
2020-01-16 16:00:00,13.3,-11.3,17.0,0.0,,290.0,18.4,,1022.0,,,55.94,2020-01-16
2020-01-16 17:00:00,11.1,-10.4,21.0,0.0,,290.0,18.4,,1022.7,,,51.98,2020-01-16
2020-01-16 18:00:00,10.0,-10.2,23.0,0.0,,290.0,16.6,,1024.0,,,50.0,2020-01-16
2020-01-16 19:00:00,8.9,-9.6,26.0,0.0,,300.0,16.6,,1025.2,,,48.02,2020-01-16
2020-01-16 20:00:00,7.8,-10.1,27.0,0.0,,315.0,5.4,,1026.6,,,46.04,2020-01-16
2020-01-16 21:00:00,6.1,-13.0,24.0,0.0,,330.0,5.4,,1027.6,,,42.980000000000004,2020-01-16
2020-01-16 22:00:00,5.6,-12.0,27.0,0.0,,345.0,9.4,,1028.8,,,42.08,2020-01-16
2020-01-16 23:00:00,4.4,-12.1,29.0,0.0,,360.0,16.6,,1029.8,,,39.92,2020-01-16
2020-01-17 00:00:00,3.9,-11.7,31.0,0.0,,360.0,7.6,,1030.7,,,39.02,2020-01-17
2020-01-17 01:00:00,2.8,-12.3,32.0,0.0,,360.0,7.6,,1031.4,,,37.04,2020-01-17
2020-01-17 02:00:00,1.1,-11.0,40.0,0.0,,210.0,7.6,,1032.1,,,33.98,2020-01-17
2020-01-17 03:00:00,1.1,-11.0,40.0,0.0,,275.0,5.4,,1033.0,,,33.98,2020-01-17
2020-01-17 04:00:00,1.7,-11.8,36.0,0.0,,340.0,13.0,,1033.5,,,35.06,2020-01-17
2020-01-17 05:00:00,-0.6,-10.5,47.0,0.0,,0.0,0.0,,1034.6,,,30.92,2020-01-17
2020-01-17 06:00:00,0.6,-11.2,41.0,0.0,,320.0,13.0,,1035.7,,,33.08,2020-01-17
2020-01-17 07:00:00,0.0,-11.1,43.0,0.0,,0.0,0.0,,1037.3,,,32.0,2020-01-17
2020-01-17 08:00:00,0.0,-10.5,45.0,0.0,,0.0,0.0,,1038.2,,,32.0,2020-01-17
2020-01-17 09:00:00,1.1,-10.7,41.0,0.0,,320.0,11.2,,1038.9,,,33.98,2020-01-17
2020-01-17 10:00:00,2.2,-10.7,38.0,0.0,,320.0,9.4,,1039.4,,,35.96,2020-01-17
2020-01-17 11:00:00,3.3,-11.1,34.0,0.0,,175.0,7.6,,1039.8,,,37.94,2020-01-17
2020-01-17 12:00:00,4.4,-11.3,31.0,0.0,,30.0,5.4,,1039.3,,,39.92,2020-01-17
2020-01-17 13:00:00,4.4,-12.1,29.0,0.0,,30.0,9.4,,1038.7,,,39.92,2020-01-17
2020-01-17 14:00:00,5.0,-11.6,29.0,0.0,,0.0,0.0,,1038.2,,,41.0,2020-01-17
2020-01-17 15:00:00,5.6,-11.5,28.0,0.0,,10.0,5.4,,1037.9,,,42.08,2020-01-17
2020-01-17 16:00:00,6.1,-13.0,24.0,0.0,,10.0,7.6,,1037.5,,,42.980000000000004,2020-01-17
2020-01-17 17:00:00,3.9,-12.1,30.0,0.0,,40.0,5.4,,1038.2,,,39.02,2020-01-17
2020-01-17 18:00:00,1.1,-11.7,38.0,0.0,,0.0,0.0,,1038.6,,,33.98,2020-01-17
2020-01-17 19:00:00,-0.6,-10.5,47.0,0.0,,0.0,0.0,,1038.7,,,30.92,2020-01-17
2020-01-17 20:00:00,0.0,-8.9,51.0,0.0,,0.0,0.0,,1039.1,,,32.0,2020-01-17
2020-01-17 21:00:00,0.6,-6.7,58.0,0.0,,0.0,0.0,,1038.1,,,33.08,2020-01-17
2020-01-17 22:00:00,1.7,-9.0,45.0,0.0,,120.0,11.2,,1037.9,,,35.06,2020-01-17
2020-01-17 23:00:00,0.6,-9.4,47.0,0.0,,140.0,5.4,,1038.0,,,33.08,2020-01-17
2020-01-18 00:00:00,0.6,-9.4,47.0,0.0,,0.0,0.0,,1037.7,,,33.08,2020-01-18
2020-01-18 01:00:00,1.1,-9.2,46.0,0.0,,0.0,0.0,,1037.0,,,33.98,2020-01-18
2020-01-18 02:00:00,1.1,-10.1,43.0,0.0,,100.0,5.4,,1037.1,,,33.98,2020-01-18
2020-01-18 03:00:00,0.6,-9.4,47.0,0.0,,0.0,0.0,,1036.0,,,33.08,2020-01-18
2020-01-18 04:00:00,0.6,-9.4,47.0,0.0,,80.0,5.4,,1035.4,,,33.08,2020-01-18
2020-01-18 05:00:00,0.0,-8.9,51.0,0.0,,0.0,0.0,,1035.0,,,32.0,2020-01-18
2020-01-18 06:00:00,0.0,-8.9,51.0,0.0,,120.0,7.6,,1034.2,,,32.0,2020-01-18
2020-01-18 07:00:00,0.0,-8.2,54.0,0.0,,120.0,7.6,,1033.7,,,32.0,2020-01-18
2020-01-18 08:00:00,-1.1,-7.3,63.0,0.0,,0.0,0.0,,1033.8,,,30.02,2020-01-18
2020-01-18 09:00:00,0.0,-7.3,58.0,0.0,,150.0,11.2,,1032.4,,,32.0,2020-01-18
2020-01-18 10:00:00,0.6,-6.7,58.0,0.0,,160.0,9.4,,1031.5,,7.0,33.08,2020-01-18
2020-01-18 11:00:00,1.7,-6.1,56.0,0.0,,160.0,13.0,,1030.0,,7.0,35.06,2020-01-18
2020-01-18 12:00:00,2.8,-5.6,54.0,0.0,,170.0,20.5,,1027.7,,7.0,37.04,2020-01-18
2020-01-18 13:00:00,3.3,-5.6,52.0,0.0,,190.0,22.3,,1025.3,,7.0,37.94,2020-01-18
2020-01-18 14:00:00,3.3,-4.9,55.0,0.4,,190.0,18.4,,1023.9,,7.0,37.94,2020-01-18
2020-01-18 15:00:00,2.2,-1.1,79.0,0.8,,200.0,11.2,,1022.3,,8.0,35.96,2020-01-18
2020-01-18 16:00:00,1.7,0.1,89.0,2.0,,200.0,16.6,,1021.5,,7.0,35.06,2020-01-18
2020-01-18 17:00:00,1.7,0.5,92.0,0.8,,210.0,16.6,,1020.3,,7.0,35.06,2020-01-18
2020-01-18 18:00:00,2.2,1.0,92.0,0.5,,200.0,18.4,,1019.6,,7.0,35.96,2020-01-18
2020-01-18 19:00:00,2.8,1.8,93.0,0.5,,200.0,18.4,,1018.2,,7.0,37.04,2020-01-18
2020-01-18 20:00:00,3.3,2.3,93.0,0.33333333333333337,,200.0,20.5,,1017.0,,7.0,37.94,2020-01-18
2020-01-18 21:00:00,3.9,2.9,93.0,0.16666666666666669,,200.0,18.4,,1015.6,,7.0,39.02,2020-01-18
2020-01-18 22:00:00,4.4,3.4,93.0,0.0,,200.0,16.6,,1014.3,,,39.92,2020-01-18
2020-01-18 23:00:00,5.0,4.0,93.0,0.0,,210.0,11.2,,1013.4,,,41.0,2020-01-18
2020-01-19 00:00:00,5.6,3.9,89.0,0.0,,200.0,14.8,,1011.9,,,42.08,2020-01-19
2020-01-19 01:00:00,5.6,3.9,89.0,0.0,,200.0,18.4,,1010.8,,,42.08,2020-01-19
2020-01-19 02:00:00,5.6,3.9,89.0,0.0,,210.0,18.4,,1009.8,,,42.08,2020-01-19
2020-01-19 03:00:00,5.0,4.0,93.0,0.0,,210.0,14.8,,1009.5,,,41.0,2020-01-19
2020-01-19 04:00:00,5.0,4.0,93.0,0.0,,210.0,16.6,,1009.0,,,41.0,2020-01-19
2020-01-19 05:00:00,4.4,3.4,93.0,0.0,,200.0,13.0,,1008.8,,,39.92,2020-01-19
2020-01-19 06:00:00,4.4,3.4,93.0,0.0,,270.0,5.4,,1009.2,,,39.92,2020-01-19
2020-01-19 07:00:00,7.2,2.3,71.0,0.0,,270.0,11.2,,1010.2,,,44.96,2020-01-19
2020-01-19 08:00:00,6.7,-3.3,49.0,0.0,,270.0,13.0,,1011.3,,,44.06,2020-01-19
2020-01-19 09:00:00,6.7,-3.8,47.0,0.0,,270.0,16.6,,1011.9,,,44.06,2020-01-19
2020-01-19 10:00:00,7.8,-2.8,47.0,0.0,,280.0,16.6,,1012.6,,,46.04,2020-01-19
2020-01-19 11:00:00,7.8,-4.0,43.0,0.0,,270.0,14.8,,1013.0,,,46.04,2020-01-19
2020-01-19 12:00:00,7.2,-4.9,42.0,0.0,,260.0,13.0,,1013.3,,,44.96,2020-01-19
2020-01-19 13:00:00,7.8,-6.0,37.0,0.0,,290.0,18.4,,1012.9,,,46.04,2020-01-19
2020-01-19 14:00:00,6.7,-7.3,36.0,0.0,,290.0,20.5,,1013.5,,,44.06,2020-01-19
2020-01-19 15:00:00,6.1,-7.2,38.0,0.0,,270.0,14.8,,1014.1,,,42.980000000000004,2020-01-19
2020-01-19 16:00:00,5.0,-7.2,41.0,0.0,,280.0,20.5,,1015.3,,,41.0,2020-01-19
2020-01-19 17:00:00,2.8,-8.3,44.0,0.0,,300.0,13.0,,1016.6,,,37.04,2020-01-19
2020-01-19 18:00:00,1.7,-9.0,45.0,0.0,,350.0,13.0,,1018.2,,,35.06,2020-01-19
2020-01-19 19:00:00,0.6,-9.4,47.0,0.0,,320.0,9.4,,1019.2,,,33.08,2020-01-19
2020-01-19 20:00:00,0.0,-10.0,47.0,0.0,,320.0,13.0,,1020.5,,,32.0,2020-01-19
2020-01-19 21:00:00,-0.6,-10.5,47.0,0.0,,310.0,11.2,,1021.8,,,30.92,2020-01-19
2020-01-19 22:00:00,-1.7,-11.0,49.0,0.0,,155.0,7.6,,1021.9,,,28.94,2020-01-19
2020-01-19 23:00:00,-2.8,-11.1,53.0,0.0,,0.0,0.0,,1022.4,,,26.96,2020-01-19
2020-01-20 00:00:00,-2.2,-11.0,51.0,0.0,,140.0,2.7,,1022.8,,,28.04,2020-01-20
2020-01-20 01:00:00,-2.2,-11.0,51.0,0.0,,280.0,5.4,,1022.7,,,28.04,2020-01-20
2020-01-20 02:00:00,-2.8,-10.6,55.0,0.0,,280.0,7.6,,1023.0,,,26.96,2020-01-20
2020-01-20 03:00:00,-3.3,-10.6,57.0,0.0,,300.0,9.4,,1023.2,,,26.060000000000002,2020-01-20
2020-01-20 04:00:00,-3.3,-11.8,52.0,0.0,,310.0,5.4,,1023.8,,,26.060000000000002,2020-01-20
2020-01-20 05:00:00,-3.9,-12.8,50.0,0.0,,320.0,9.4,,1024.0,,,24.98,2020-01-20
2020-01-20 06:00:00,-3.9,-13.3,48.0,0.0,,330.0,5.4,,1025.0,,,24.98,2020-01-20
2020-01-20 07:00:00,-4.4,-13.3,50.0,0.0,,330.0,13.0,,1025.5,,,24.08,2020-01-20
2020-01-20 08:00:00,-3.9,-12.8,50.0,0.0,,345.0,9.4,,1026.4,,,24.98,2020-01-20
2020-01-20 09:00:00,-2.8,-12.8,46.0,0.0,,360.0,11.2,,1027.4,,,26.96,2020-01-20
2020-01-20 10:00:00,-1.7,-12.7,43.0,0.0,,360.0,14.8,,1027.9,,,28.94,2020-01-20
2020-01-20 11:00:00,0.0,-12.6,38.0,0.0,,20.0,14.8,,1028.6,,,32.0,2020-01-20
2020-01-20 12:00:00,0.6,-12.8,36.0,0.0,,320.0,9.4,,1028.2,,,33.08,2020-01-20
2020-01-20 13:00:00,2.2,-12.1,34.0,0.0,,320.0,9.4,,1027.8,,,35.96,2020-01-20
2020-01-20 14:00:00,3.3,-12.7,30.0,0.0,,40.0,9.4,,1027.3,,,37.94,2020-01-20
2020-01-20 15:00:00,3.3,-13.1,29.0,0.0,,40.0,14.8,,1027.2,,,37.94,2020-01-20
2020-01-20 16:00:00,2.8,-13.9,28.0,0.0,,20.0,11.2,,1027.4,,,37.04,2020-01-20
2020-01-20 17:00:00,1.7,-13.3,32.0,0.0,,20.0,11.2,,1027.6,,,35.06,2020-01-20
2020-01-20 18:00:00,-1.1,-12.1,43.0,0.0,,30.0,7.6,,1028.4,,,30.02,2020-01-20
2020-01-20 19:00:00,-2.2,-11.0,51.0,0.0,,0.0,0.0,,1029.1,,,28.04,2020-01-20
2020-01-20 20:00:00,-1.7,-12.1,45.0,0.0,,20.0,9.4,,1029.4,,,28.94,2020-01-20
2020-01-20 21:00:00,-2.2,-12.3,46.0,0.0,,20.0,9.4,,1029.6,,,28.04,2020-01-20
2020-01-20 22:00:00,-2.2,-12.3,46.0,0.0,,360.0,7.6,,1029.8,,,28.04,2020-01-20
2020-01-20 23:00:00,-2.8,-12.3,48.0,0.0,,10.0,5.4,,1029.8,,,26.96,2020-01-20
2020-01-21 00:00:00,-3.9,-12.8,50.0,0.0,,10.0,9.4,,1030.0,,,24.98,2020-01-21
2020-01-21 01:00:00,-3.9,-12.8,50.0,0.0,,5.0,5.4,,1029.8,,,24.98,2020-01-21
2020-01-21 02:00:00,-4.4,-13.3,50.0,0.0,,0.0,0.0,,1030.4,,,24.08,2020-01-21
2020-01-21 03:00:00,-6.7,-13.4,59.0,0.0,,0.0,0.0,,1030.9,,,19.939999999999998,2020-01-21
2020-01-21 04:00:00,-5.6,-13.2,55.0,0.0,,0.0,0.0,,1030.6,,,21.92,2020-01-21
2020-01-21 05:00:00,-6.7,-12.8,62.0,0.0,,0.0,0.0,,1030.9,,,19.939999999999998,2020-01-21
2020-01-21 06:00:00,-6.7,-12.8,62.0,0.0,,350.0,5.4,,1031.2,,,19.939999999999998,2020-01-21
2020-01-21 07:00:00,-7.2,-12.9,64.0,0.0,,350.0,5.4,,1032.0,,,19.04,2020-01-21
2020-01-21 08:00:00,-6.7,-12.8,62.0,0.0,,20.0,7.6,,1032.3,,,19.939999999999998,2020-01-21
2020-01-21 09:00:00,-3.3,-11.8,52.0,0.0,,20.0,9.4,,1032.5,,,26.060000000000002,2020-01-21
2020-01-21 10:00:00,-1.7,-12.1,45.0,0.0,,20.0,14.8,,1033.2,,,28.94,2020-01-21
2020-01-21 11:00:00,-0.6,-13.2,38.0,0.0,,30.0,13.0,,1033.4,,,30.92,2020-01-21
2020-01-21 12:00:00,0.6,-13.1,35.0,0.0,,20.0,14.8,,1032.5,,,33.08,2020-01-21
2020-01-21 13:00:00,1.7,-14.5,29.0,0.0,,123.33333333333333,5.4,,1031.4,,,35.06,2020-01-21
2020-01-21 14:00:00,2.2,-13.2,31.0,0.0,,226.66666666666666,9.4,,1030.7,,,35.96,2020-01-21
2020-01-21 15:00:00,2.2,-12.8,32.0,0.0,,330.0,7.6,,1030.5,,,35.96,2020-01-21
2020-01-21 16:00:00,3.3,-12.7,30.0,0.0,,330.0,9.4,,1030.4,,,37.94,2020-01-21
2020-01-21 17:00:00,2.2,-14.0,29.0,0.0,,165.0,5.4,,1030.5,,,35.96,2020-01-21
2020-01-21 18:00:00,-1.1,-12.7,41.0,0.0,,0.0,0.0,,1030.7,,,30.02,2020-01-21
2020-01-21 19:00:00,-2.8,-12.3,48.0,0.0,,0.0,0.0,,1031.0,,,26.96,2020-01-21
2020-01-21 20:00:00,-3.9,-12.1,53.0,0.0,,0.0,0.0,,1031.4,,,24.98,2020-01-21
2020-01-21 21:00:00,-2.8,-11.8,50.0,0.0,,350.0,5.4,,1031.4,,,26.96,2020-01-21
2020-01-21 22:00:00,-2.2,-12.3,46.0,0.0,,180.0,7.6,,1031.0,,,28.04,2020-01-21
2020-01-21 23:00:00,-3.9,-11.2,57.0,0.0,,10.0,7.6,,1030.9,,,24.98,2020-01-21
2020-01-22 00:00:00,-3.3,-11.8,52.0,0.0,,0.0,0.0,,1030.6,,,26.060000000000002,2020-01-22
2020-01-22 01:00:00,-5.6,-10.6,68.0,0.0,,0.0,0.0,,1030.4,,,21.92,2020-01-22
2020-01-22 02:00:00,-5.0,-11.2,62.0,0.0,,10.0,7.6,,1030.2,,,23.0,2020-01-22
2020-01-22 03:00:00,-6.1,-11.0,68.0,0.0,,50.0,9.4,,1030.7,,,21.02,2020-01-22
2020-01-22 04:00:00,-5.6,-10.6,68.0,0.0,,40.0,5.4,,1030.8,,,21.92,2020-01-22
2020-01-22 05:00:00,-7.2,-11.0,74.0,0.0,,0.0,0.0,,1031.7,,,19.04,2020-01-22
2020-01-22 06:00:00,-7.2,-11.0,74.0,0.0,,0.0,0.0,,1032.1,,,19.04,2020-01-22
2020-01-22 07:00:00,-7.8,-11.1,77.0,0.0,,0.0,0.0,,1033.2,,,17.96,2020-01-22
2020-01-22 08:00:00,-6.7,-10.6,74.0,0.0,,0.0,0.0,,1033.4,,,19.939999999999998,2020-01-22
2020-01-22 09:00:00,-3.3,-9.3,63.0,0.0,,10.0,11.2,,1033.4,,,26.060000000000002,2020-01-22
2020-01-22 10:00:00,-1.7,-10.0,53.0,0.0,,30.0,11.2,,1033.0,,,28.94,2020-01-22
2020-01-22 11:00:00,0.6,-11.2,41.0,0.0,,10.0,9.4,,1033.3,,,33.08,2020-01-22
2020-01-22 12:00:00,1.7,-10.5,40.0,0.0,,0.0,0.0,,1031.7,,,35.06,2020-01-22
2020-01-22 13:00:00,3.3,-11.1,34.0,0.0,,0.0,0.0,,1030.4,,,37.94,2020-01-22
2020-01-22 14:00:00,4.4,-11.7,30.0,0.0,,120.0,5.4,,1029.5,,,39.92,2020-01-22
2020-01-22 15:00:00,5.6,-12.9,25.0,0.0,,30.0,5.4,,1028.9,,,42.08,2020-01-22
2020-01-22 16:00:00,6.1,-13.5,23.0,0.0,,40.0,9.4,,1029.0,,,42.980000000000004,2020-01-22
2020-01-22 17:00:00,4.4,-13.0,27.0,0.0,,0.0,0.0,,1029.3,,,39.92,2020-01-22
2020-01-22 18:00:00,1.1,-12.3,36.0,0.0,,0.0,0.0,,1029.6,,,33.98,2020-01-22
2020-01-22 19:00:00,-0.6,-11.7,43.0,0.0,,0.0,0.0,,1029.7,,,30.92,2020-01-22
2020-01-22 20:00:00,-1.1,-11.8,44.0,0.0,,0.0,0.0,,1030.3,,,30.02,2020-01-22
2020-01-22 21:00:00,-2.2,-11.0,51.0,0.0,,0.0,0.0,,1030.1,,,28.04,2020-01-22
2020-01-22 22:00:00,-3.3,-10.6,57.0,0.0,,0.0,0.0,,1031.0,,,26.060000000000002,2020-01-22
2020-01-22 23:00:00,-3.3,-10.0,60.0,0.0,,0.0,0.0,,1030.9,,,26.060000000000002,2020-01-22
2020-01-23 00:00:00,-5.0,-8.9,74.0,0.0,,0.0,0.0,,1031.0,,,23.0,2020-01-23
2020-01-23 01:00:00,-4.4,-8.9,71.0,0.0,,0.0,0.0,,1029.7,,,24.08,2020-01-23
2020-01-23 02:00:00,-5.6,-9.3,75.0,0.0,,330.0,5.4,,1029.9,,,21.92,2020-01-23
2020-01-23 03:00:00,-4.4,-9.4,68.0,0.0,,330.0,5.4,,1029.7,,,24.08,2020-01-23
2020-01-23 04:00:00,-4.4,-9.4,68.0,0.0,,0.0,0.0,,1028.5,,,24.08,2020-01-23
2020-01-23 05:00:00,-4.4,-8.9,71.0,0.0,,0.0,0.0,,1028.4,,,24.08,2020-01-23
2020-01-23 06:00:00,-4.4,-8.9,71.0,0.0,,0.0,0.0,,1028.4,,,24.08,2020-01-23
2020-01-23 07:00:00,-5.0,-8.9,74.0,0.0,,0.0,0.0,,1028.8,,,23.0,2020-01-23
2020-01-23 08:00:00,-3.9,-8.2,72.0,0.0,,0.0,0.0,,1029.1,,,24.98,2020-01-23
2020-01-23 09:00:00,-1.7,-5.5,75.0,0.0,,0.0,0.0,,1029.5,,,28.94,2020-01-23
2020-01-23 10:00:00,0.6,-7.9,53.0,0.0,,0.0,0.0,,1029.5,,,33.08,2020-01-23
2020-01-23 11:00:00,3.3,-8.4,42.0,0.0,,190.0,7.6,,1029.6,,,37.94,2020-01-23
2020-01-23 12:00:00,6.1,-9.0,33.0,0.0,,150.0,5.4,,1028.8,,,42.980000000000004,2020-01-23
2020-01-23 13:00:00,7.2,-8.8,31.0,0.0,,190.0,9.4,,1027.8,,,44.96,2020-01-23
2020-01-23 14:00:00,6.7,-10.1,29.0,0.0,,0.0,0.0,,1026.5,,,44.06,2020-01-23
2020-01-23 15:00:00,6.7,-9.3,31.0,0.0,,190.0,5.4,,1026.3,,,44.06,2020-01-23
2020-01-23 16:00:00,7.2,-9.2,30.0,0.0,,0.0,0.0,,1026.1,,,44.96,2020-01-23
2020-01-23 17:00:00,6.1,-7.2,38.0,0.0,,40.0,7.6,,1026.2,,,42.980000000000004,2020-01-23
2020-01-23 18:00:00,3.9,-7.3,44.0,0.0,,30.0,9.4,,1026.0,,,39.02,2020-01-23
2020-01-23 19:00:00,1.7,-7.9,49.0,0.0,,0.0,0.0,,1026.8,,,35.06,2020-01-23
2020-01-23 20:00:00,-0.6,-6.2,66.0,0.0,,0.0,0.0,,1027.1,,,30.92,2020-01-23
2020-01-23 21:00:00,1.7,-7.1,52.0,0.0,,60.0,7.6,,1026.8,,,35.06,2020-01-23
2020-01-23 22:00:00,2.2,-6.6,52.0,0.0,,20.0,5.4,,1026.5,,,35.96,2020-01-23
2020-01-23 23:00:00,3.3,-5.6,52.0,0.0,,10.0,5.4,,1026.5,,,37.94,2020-01-23
2020-01-24 00:00:00,2.8,-6.6,50.0,0.0,,20.0,7.6,,1025.8,,,37.04,2020-01-24
2020-01-24 01:00:00,2.8,-6.6,50.0,0.0,,10.0,9.4,,1025.4,,,37.04,2020-01-24
2020-01-24 02:00:00,3.3,-6.1,50.0,0.0,,20.0,7.6,,1025.2,,,37.94,2020-01-24
2020-01-24 03:00:00,3.3,-4.9,55.0,0.0,,30.0,13.0,,1024.6,,,37.94,2020-01-24
2020-01-24 04:00:00,2.8,-1.0,76.0,0.0,,20.0,16.6,,1024.2,,7.0,37.04,2020-01-24
2020-01-24 05:00:00,3.3,-1.1,73.0,0.0,,20.0,9.4,,1023.9,,7.0,37.94,2020-01-24
2020-01-24 06:00:00,3.3,-1.1,73.0,0.0,,30.0,18.4,,1023.9,,7.0,37.94,2020-01-24
2020-01-24 07:00:00,3.9,-0.5,73.0,0.0,,30.0,11.2,,1023.7,,7.0,39.02,2020-01-24
2020-01-24 08:00:00,3.9,-0.5,73.0,0.15,,20.0,11.2,,1023.7,,6.0,39.02,2020-01-24
2020-01-24 09:00:00,3.3,1.2,86.0,0.3,,30.0,14.8,,1023.6,,5.0,37.94,2020-01-24
2020-01-24 10:00:00,3.9,2.3,89.0,0.3,,20.0,18.4,,1023.5,,7.0,39.02,2020-01-24
2020-01-24 11:00:00,4.4,3.4,93.0,0.3,,30.0,16.6,,1022.9,,7.0,39.92,2020-01-24
2020-01-24 12:00:00,5.0,4.0,93.0,0.5,,40.0,13.0,,1022.1,,5.0,41.0,2020-01-24
2020-01-24 13:00:00,5.6,4.4,92.0,0.5,,30.0,13.0,,1020.6,,5.0,42.08,2020-01-24
2020-01-24 14:00:00,6.1,5.1,93.0,0.25,,30.0,13.0,,1018.8,,5.0,42.980000000000004,2020-01-24
2020-01-24 15:00:00,6.1,5.1,93.0,0.0,,20.0,13.0,,1018.0,,5.0,42.980000000000004,2020-01-24
2020-01-24 16:00:00,7.2,6.1,93.0,0.0,,30.0,11.2,,1017.7,,5.0,44.96,2020-01-24
2020-01-24 17:00:00,7.2,5.7,90.0,0.0,,40.0,18.4,,1016.9,,7.0,44.96,2020-01-24
2020-01-24 18:00:00,6.7,5.6,93.0,0.5,,20.0,16.6,,1016.0,,7.0,44.06,2020-01-24
2020-01-24 19:00:00,7.2,5.7,90.0,0.3,,50.0,22.3,,1015.2,,7.0,44.96,2020-01-24
2020-01-24 20:00:00,7.2,6.1,93.0,0.3,,50.0,18.4,,1014.5,,8.0,44.96,2020-01-24
2020-01-24 21:00:00,8.9,7.8,93.0,6.6,,80.0,11.2,,1013.0,,9.0,48.02,2020-01-24
2020-01-24 22:00:00,10.0,8.9,93.0,12.7,,330.0,9.4,,1013.6,,8.0,50.0,2020-01-24
2020-01-24 23:00:00,9.4,8.3,93.0,7.1,,0.0,0.0,,1012.9,,8.0,48.92,2020-01-24
2020-01-25 00:00:00,8.9,8.3,96.0,4.1,,0.0,0.0,,1013.1,,7.0,48.02,2020-01-25
2020-01-25 01:00:00,9.4,8.9,97.0,2.0,,0.0,0.0,,1013.4,,7.0,48.92,2020-01-25
2020-01-25 02:00:00,9.4,8.3,93.0,1.5,,0.0,0.0,,1010.7,,6.0,48.92,2020-01-25
2020-01-25 03:00:00,8.9,8.3,96.0,0.0,,170.0,5.4,,1011.5,,5.0,48.02,2020-01-25
2020-01-25 04:00:00,8.3,7.9,97.0,0.0,,260.0,5.4,,1011.2,,5.0,46.94,2020-01-25
2020-01-25 05:00:00,8.9,8.3,96.0,0.0,,0.0,0.0,,1010.4,,5.0,48.02,2020-01-25
2020-01-25 06:00:00,8.9,8.3,96.0,0.15,,0.0,0.0,,1010.7,,5.0,48.02,2020-01-25
2020-01-25 07:00:00,8.3,7.9,97.0,0.3,,0.0,0.0,,1010.9,,5.0,46.94,2020-01-25
2020-01-25 08:00:00,8.9,8.3,96.0,0.0,,250.0,5.4,,1011.2,,5.0,48.02,2020-01-25
2020-01-25 09:00:00,8.9,7.8,93.0,0.0,,250.0,5.4,,1011.5,,5.013333333333334,48.02,2020-01-25
2020-01-25 10:00:00,9.4,6.1,80.0,0.0,,270.0,7.6,,1011.6,,5.026666666666666,48.92,2020-01-25
2020-01-25 11:00:00,11.7,5.1,64.0,0.0,,270.0,18.4,,1011.6,,5.04,53.06,2020-01-25
2020-01-25 12:00:00,12.2,4.4,59.0,0.0,,240.0,13.0,,1011.5,,,53.96,2020-01-25
2020-01-25 13:00:00,12.2,2.9,53.0,0.0,,250.0,16.6,,1011.1,,,53.96,2020-01-25
2020-01-25 14:00:00,12.2,2.9,53.0,0.0,,280.0,16.6,,1011.1,,,53.96,2020-01-25
2020-01-25 15:00:00,10.6,0.6,50.0,0.0,,270.0,18.4,,1011.6,,,51.08,2020-01-25
2020-01-25 16:00:00,10.6,0.0,48.0,0.0,,280.0,11.2,,1011.7,,,51.08,2020-01-25
2020-01-25 17:00:00,9.4,-0.5,50.0,0.0,,280.0,14.8,,1012.0,,,48.92,2020-01-25
2020-01-25 18:00:00,7.2,-2.3,51.0,0.0,,280.0,7.6,,1012.9,,,44.96,2020-01-25
2020-01-25 19:00:00,5.6,-1.8,59.0,0.0,,280.0,9.4,,1013.4,,,42.08,2020-01-25
2020-01-25 20:00:00,5.0,-2.1,60.0,0.0,,260.0,5.4,,1013.9,,,41.0,2020-01-25
2020-01-25 21:00:00,3.9,-2.3,64.0,0.0,,260.0,5.4,,1013.9,,,39.02,2020-01-25
2020-01-25 22:00:00,3.9,-2.7,62.0,0.0,,270.0,7.6,,1014.0,,,39.02,2020-01-25
2020-01-25 23:00:00,3.3,-3.3,62.0,0.0,,280.0,7.6,,1013.8,,,37.94,2020-01-25
2020-01-26 00:00:00,2.8,-3.3,64.0,0.0,,280.0,5.4,,1013.9,,,37.04,2020-01-26
2020-01-26 01:00:00,0.6,-3.3,75.0,0.0,,0.0,0.0,,1013.9,,,33.08,2020-01-26
2020-01-26 02:00:00,1.1,-2.8,75.0,0.0,,0.0,0.0,,1014.1,,,33.98,2020-01-26
2020-01-26 03:00:00,1.1,-3.2,73.0,0.0,,220.0,5.4,,1014.2,,,33.98,2020-01-26
2020-01-26 04:00:00,2.2,-2.7,70.0,0.0,,280.0,7.6,,1014.0,,,35.96,2020-01-26
2020-01-26 05:00:00,3.3,-2.9,64.0,0.0,,250.0,7.6,,1013.7,,,37.94,2020-01-26
2020-01-26 06:00:00,3.3,-2.9,64.0,0.0,,240.0,7.6,,1013.7,,,37.94,2020-01-26
2020-01-26 07:00:00,2.8,-2.7,67.0,0.0,,240.0,7.6,,1013.8,,,37.04,2020-01-26
2020-01-26 08:00:00,3.9,-2.7,62.0,0.0,,0.0,0.0,,1014.4,,,39.02,2020-01-26
2020-01-26 09:00:00,5.0,-2.8,57.0,0.0,,270.0,9.4,,1014.8,,,41.0,2020-01-26
2020-01-26 10:00:00,6.1,-2.8,53.0,0.0,,260.0,13.0,,1014.7,,,42.980000000000004,2020-01-26
2020-01-26 11:00:00,7.2,-3.4,47.0,0.0,,290.0,14.8,,1014.8,,,44.96,2020-01-26
2020-01-26 12:00:00,7.8,-2.8,47.0,0.0,,290.0,14.8,,1014.5,,,46.04,2020-01-26
2020-01-26 13:00:00,8.3,-2.1,48.0,0.0,,260.0,14.8,,1014.0,,,46.94,2020-01-26
2020-01-26 14:00:00,7.2,-2.3,51.0,0.0,,310.0,14.8,,1013.4,,,44.96,2020-01-26
2020-01-26 15:00:00,7.8,-2.3,49.0,0.0,,240.0,13.0,,1013.2,,,46.04,2020-01-26
2020-01-26 16:00:00,7.2,-2.8,49.0,0.0,,290.0,13.0,,1013.1,,,44.96,2020-01-26
2020-01-26 17:00:00,6.1,-2.8,53.0,0.0,,270.0,18.4,,1013.5,,,42.980000000000004,2020-01-26
2020-01-26 18:00:00,5.0,-2.8,57.0,0.0,,250.0,7.6,,1014.1,,,41.0,2020-01-26
2020-01-26 19:00:00,4.4,-3.4,57.0,0.0,,280.0,9.4,,1014.5,,,39.92,2020-01-26
2020-01-26 20:00:00,2.2,-3.3,67.0,0.0,,270.0,5.4,,1014.2,,,35.96,2020-01-26
2020-01-26 21:00:00,1.7,-3.4,69.0,0.0,,240.0,5.4,,1013.8,,,35.06,2020-01-26
2020-01-26 22:00:00,-1.1,-4.4,78.0,0.0,,0.0,0.0,,1013.2,,,30.02,2020-01-26
2020-01-26 23:00:00,1.1,-4.0,69.0,0.0,,220.0,9.4,,1013.1,,,33.98,2020-01-26
2020-01-27 00:00:00,-1.1,-4.4,78.0,0.0,,0.0,0.0,,1012.7,,,30.02,2020-01-27
2020-01-27 01:00:00,0.0,-3.9,75.0,0.0,,190.0,5.4,,1012.3,,,32.0,2020-01-27
2020-01-27 02:00:00,0.6,-3.9,72.0,0.0,,230.0,9.4,,1011.7,,,33.08,2020-01-27
2020-01-27 03:00:00,1.1,-3.2,73.0,0.0,,240.0,7.6,,1011.4,,,33.98,2020-01-27
2020-01-27 04:00:00,1.7,-3.4,69.0,0.0,,250.0,9.4,,1011.5,,,35.06,2020-01-27
2020-01-27 05:00:00,1.1,-2.8,75.0,0.0,,250.0,11.2,,1011.3,,,33.98,2020-01-27
2020-01-27 06:00:00,1.7,-2.8,72.0,0.0,,220.0,7.6,,1011.2,,,35.06,2020-01-27
2020-01-27 07:00:00,0.6,-2.8,78.0,0.0,,220.0,9.4,,1010.9,,,33.08,2020-01-27
2020-01-27 08:00:00,1.7,-2.3,75.0,0.0,,220.0,7.6,,1011.2,,,35.06,2020-01-27
2020-01-27 09:00:00,2.8,-1.0,76.0,0.0,,220.0,7.6,,1011.5,,,37.04,2020-01-27
2020-01-27 10:00:00,4.4,0.0,73.0,0.0,,220.0,11.2,,1011.9,,,39.92,2020-01-27
2020-01-27 11:00:00,5.6,0.6,70.0,0.0,,220.0,7.6,,1011.4,,,42.08,2020-01-27
2020-01-27 12:00:00,7.8,1.6,65.0,0.0,,210.0,7.6,,1010.9,,,46.04,2020-01-27
2020-01-27 13:00:00,8.9,1.8,61.0,0.0,,240.0,14.8,,1009.8,,,48.02,2020-01-27
2020-01-27 14:00:00,10.6,1.1,52.0,0.0,,260.0,11.2,,1008.6,,,51.08,2020-01-27
2020-01-27 15:00:00,10.6,0.0,48.0,0.0,,270.0,11.2,,1008.4,,,51.08,2020-01-27
2020-01-27 16:00:00,11.1,-0.1,46.0,0.0,,250.0,14.8,,1008.4,,,51.98,2020-01-27
2020-01-27 17:00:00,10.0,0.0,50.0,0.0,,0.0,0.0,,1008.7,,,50.0,2020-01-27
2020-01-27 18:00:00,7.8,0.0,58.0,0.0,,280.0,9.4,,1008.7,,,46.04,2020-01-27
2020-01-27 19:00:00,7.8,-0.7,55.0,0.0,,280.0,7.6,,1009.5,,,46.04,2020-01-27
2020-01-27 20:00:00,5.0,-0.6,67.0,0.0,,320.0,5.4,,1010.0,,,41.0,2020-01-27
2020-01-27 21:00:00,3.3,-1.1,73.0,0.0,,0.0,0.0,,1010.4,,,37.94,2020-01-27
2020-01-27 22:00:00,2.8,-1.0,76.0,0.0,,270.0,5.4,,1010.7,,,37.04,2020-01-27
2020-01-27 23:00:00,3.9,-1.7,67.0,0.0,,320.0,5.4,,1011.1,,,39.02,2020-01-27
2020-01-28 00:00:00,5.0,-2.1,60.0,0.0,,310.0,5.4,,1011.4,,,41.0,2020-01-28
2020-01-28 01:00:00,6.1,-2.8,53.0,0.0,,206.66666666666669,7.6,,1011.6,,,42.980000000000004,2020-01-28
2020-01-28 02:00:00,6.1,-3.3,51.0,0.0,,103.33333333333334,11.2,,1011.9,,,42.980000000000004,2020-01-28
2020-01-28 03:00:00,5.6,-3.2,53.0,0.0,,0.0,0.0,,1012.6,,,42.08,2020-01-28
2020-01-28 04:00:00,5.6,-4.0,50.0,0.0,,310.0,7.6,,1012.8,,,42.08,2020-01-28
2020-01-28 05:00:00,5.0,-3.8,53.0,0.0,,0.0,0.0,,1013.1,,,41.0,2020-01-28
2020-01-28 06:00:00,5.0,-3.8,53.0,0.0,,320.0,5.4,,1013.8,,,41.0,2020-01-28
2020-01-28 07:00:00,5.0,-3.8,53.0,0.0,,0.0,0.0,,1014.5,,,41.0,2020-01-28
2020-01-28 08:00:00,5.0,-3.3,55.0,0.0,,0.0,0.0,,1015.0,,,41.0,2020-01-28
2020-01-28 09:00:00,6.7,-3.3,49.0,0.0,,250.0,7.6,,1015.4,,,44.06,2020-01-28
2020-01-28 10:00:00,6.7,-3.8,47.0,0.0,,248.0,9.4,,1015.8,,,44.06,2020-01-28
2020-01-28 11:00:00,7.8,-4.0,43.0,0.0,,246.0,5.4,,1015.9,,,46.04,2020-01-28
2020-01-28 12:00:00,8.3,-3.3,44.0,0.0,,244.0,9.4,,1015.2,,,46.94,2020-01-28
2020-01-28 13:00:00,9.4,-2.9,42.0,0.0,,242.0,7.6,,1014.3,,,48.92,2020-01-28
2020-01-28 14:00:00,8.9,-3.3,42.0,0.0,,240.0,9.4,,1013.5,,,48.02,2020-01-28
2020-01-28 15:00:00,9.4,-2.9,42.0,0.0,,240.0,11.2,,1013.5,,,48.92,2020-01-28
2020-01-28 16:00:00,8.9,-2.7,44.0,0.0,,280.0,16.6,,1013.9,,,48.02,2020-01-28
2020-01-28 17:00:00,7.2,-2.8,49.0,0.0,,260.0,9.4,,1014.5,,,44.96,2020-01-28
2020-01-28 18:00:00,5.6,-2.7,55.0,0.0,,260.0,9.4,,1015.4,,,42.08,2020-01-28
2020-01-28 19:00:00,3.9,-3.4,59.0,0.0,,270.0,11.2,,1016.2,,,39.02,2020-01-28
2020-01-28 20:00:00,3.3,-3.3,62.0,0.0,,270.0,7.6,,1016.7,,,37.94,2020-01-28
2020-01-28 21:00:00,2.2,-3.3,67.0,0.0,,0.0,0.0,,1017.1,,,35.96,2020-01-28
2020-01-28 22:00:00,0.6,-3.9,72.0,0.0,,0.0,0.0,,1017.3,,,33.08,2020-01-28
2020-01-28 23:00:00,-1.1,-4.4,78.0,0.0,,0.0,0.0,,1017.1,,,30.02,2020-01-28
2020-01-29 00:00:00,-2.2,-5.0,81.0,0.0,,0.0,0.0,,1017.3,,,28.04,2020-01-29
2020-01-29 01:00:00,-2.8,-5.6,81.0,0.0,,0.0,0.0,,1017.5,,,26.96,2020-01-29
2020-01-29 02:00:00,-2.8,-5.0,85.0,0.0,,0.0,0.0,,1017.9,,,26.96,2020-01-29
2020-01-29 03:00:00,-3.3,-5.0,88.0,0.0,,0.0,0.0,,1018.0,,,26.060000000000002,2020-01-29
2020-01-29 04:00:00,-3.3,-5.0,88.0,0.0,,0.0,0.0,,1017.8,,,26.060000000000002,2020-01-29
2020-01-29 05:00:00,-3.3,-5.0,88.0,0.0,,0.0,0.0,,1018.1,,,26.060000000000002,2020-01-29
2020-01-29 06:00:00,-3.3,-5.0,88.0,0.0,,0.0,0.0,,1018.7,,,26.060000000000002,2020-01-29
2020-01-29 07:00:00,-4.4,-6.1,88.0,0.0,,0.0,0.0,,1019.3,,,24.08,2020-01-29
2020-01-29 08:00:00,-4.4,-6.1,88.0,0.0,,0.0,0.0,,1020.0,,,24.08,2020-01-29
2020-01-29 09:00:00,0.6,-1.6,85.0,0.0,,0.0,0.0,,1020.5,,,33.08,2020-01-29
2020-01-29 10:00:00,3.3,-2.9,64.0,0.0,,350.0,7.6,,1020.8,,,37.94,2020-01-29
2020-01-29 11:00:00,4.4,-2.7,60.0,0.0,,30.0,5.4,,1020.8,,,39.92,2020-01-29
2020-01-29 12:00:00,5.6,-2.7,55.0,0.0,,30.0,9.4,,1020.3,,,42.08,2020-01-29
2020-01-29 13:00:00,5.0,-3.3,55.0,0.0,,0.0,0.0,,1019.1,,,41.0,2020-01-29
2020-01-29 14:00:00,5.6,-3.2,53.0,0.0,,0.0,7.6,,1018.7,,,42.08,2020-01-29
2020-01-29 15:00:00,6.1,-3.3,51.0,0.0,,0.0,5.4,,1018.6,,,42.980000000000004,2020-01-29
2020-01-29 16:00:00,6.1,-3.3,51.0,0.0,,0.0,5.4,,1018.6,,,42.980000000000004,2020-01-29
2020-01-29 17:00:00,6.1,-3.3,51.0,0.0,,0.0,0.0,,1019.1,,,42.980000000000004,2020-01-29
2020-01-29 18:00:00,2.2,-3.3,67.0,0.0,,0.0,0.0,,1019.6,,,35.96,2020-01-29
2020-01-29 19:00:00,0.0,-3.9,75.0,0.0,,0.0,0.0,,1020.0,,,32.0,2020-01-29
2020-01-29 20:00:00,-1.7,-4.4,82.0,0.0,,0.0,0.0,,1020.6,,,28.94,2020-01-29
2020-01-29 21:00:00,-0.6,-4.3,76.0,0.0,,0.0,0.0,,1020.4,,,30.92,2020-01-29
2020-01-29 22:00:00,-1.7,-4.4,82.0,0.0,,0.0,0.0,,1020.7,,,28.94,2020-01-29
2020-01-29 23:00:00,-0.6,-3.3,82.0,0.0,,0.0,0.0,,1020.9,,,30.92,2020-01-29
2020-01-30 00:00:00,1.1,-2.8,75.0,0.0,,20.0,7.6,,1020.9,,,33.98,2020-01-30
2020-01-30 01:00:00,1.7,-3.4,69.0,0.0,,360.0,7.6,,1021.4,,,35.06,2020-01-30
2020-01-30 02:00:00,1.1,-3.2,73.0,0.0,,10.0,13.0,,1020.8,,,33.98,2020-01-30
2020-01-30 03:00:00,1.1,-4.0,69.0,0.0,,15.0,5.4,,1020.9,,,33.98,2020-01-30
2020-01-30 04:00:00,1.7,-4.4,64.0,0.0,,20.0,7.6,,1021.3,,,35.06,2020-01-30
2020-01-30 05:00:00,1.7,-4.4,64.0,0.0,,30.0,9.4,,1021.4,,,35.06,2020-01-30
2020-01-30 06:00:00,1.7,-4.4,64.0,0.0,,20.0,9.4,,1021.6,,,35.06,2020-01-30
2020-01-30 07:00:00,1.7,-5.0,61.0,0.0,,40.0,13.0,,1022.6,,,35.06,2020-01-30
2020-01-30 08:00:00,1.7,-5.7,58.0,0.0,,20.0,11.2,,1023.6,,,35.06,2020-01-30
2020-01-30 09:00:00,2.2,-5.7,56.0,0.0,,20.0,16.6,,1024.2,,,35.96,2020-01-30
2020-01-30 10:00:00,2.2,-5.7,56.0,0.0,,40.0,14.8,,1024.5,,,35.96,2020-01-30
2020-01-30 11:00:00,2.8,-4.9,57.0,0.0,,10.0,11.2,,1024.8,,,37.04,2020-01-30
2020-01-30 12:00:00,3.9,-5.1,52.0,0.0,,10.0,9.4,,1024.4,,,39.02,2020-01-30
2020-01-30 13:00:00,3.9,-5.1,52.0,0.0,,10.0,7.6,,1024.0,,,39.02,2020-01-30
2020-01-30 14:00:00,5.0,-5.1,48.0,0.0,,10.0,7.6,,1023.3,,,41.0,2020-01-30
2020-01-30 15:00:00,5.0,-5.7,46.0,0.0,,0.0,0.0,,1023.1,,,41.0,2020-01-30
2020-01-30 16:00:00,5.0,-5.1,48.0,0.0,,80.0,5.4,,1023.4,,,41.0,2020-01-30
2020-01-30 17:00:00,4.4,-4.9,51.0,0.0,,50.0,9.4,,1023.9,,,39.92,2020-01-30
2020-01-30 18:00:00,3.9,-4.3,55.0,0.0,,50.0,11.2,,1024.2,,,39.02,2020-01-30
2020-01-30 19:00:00,2.8,-4.0,61.0,0.0,,40.0,7.6,,1024.7,,,37.04,2020-01-30
2020-01-30 20:00:00,3.3,-4.0,59.0,0.0,,20.0,5.4,,1025.1,,,37.94,2020-01-30
2020-01-30 21:00:00,2.8,-2.7,67.0,0.0,,0.0,0.0,,1025.7,,,37.04,2020-01-30
2020-01-30 22:00:00,2.8,-2.7,67.0,0.0,,30.0,9.4,,1025.3,,,37.04,2020-01-30
2020-01-30 23:00:00,2.2,-3.3,67.0,0.0,,0.0,0.0,,1025.5,,,35.96,2020-01-30
2020-01-31 00:00:00,2.2,-3.3,67.0,0.0,,0.0,0.0,,1025.6,,,35.96,2020-01-31
2020-01-31 01:00:00,2.2,-2.1,73.0,0.0,,0.0,0.0,,1025.5,,,35.96,2020-01-31
2020-01-31 02:00:00,1.7,-2.3,75.0,0.0,,0.0,0.0,,1025.3,,,35.06,2020-01-31
2020-01-31 03:00:00,2.2,-2.1,73.0,0.0,,0.0,5.4,,1025.0,,,35.96,2020-01-31
2020-01-31 04:00:00,0.6,-2.8,78.0,0.0,,0.0,0.0,,1025.1,,,33.08,2020-01-31
2020-01-31 05:00:00,-1.1,-3.9,81.0,0.0,,0.0,0.0,,1025.2,,,30.02,2020-01-31
2020-01-31 06:00:00,-1.7,-3.9,85.0,0.0,,0.0,0.0,,1025.4,,,28.94,2020-01-31
2020-01-31 07:00:00,-0.6,-2.8,85.0,0.0,,0.0,0.0,,1025.5,,,30.92,2020-01-31
2020-01-31 08:00:00,0.6,-1.6,85.0,0.0,,180.0,5.4,,1025.7,,,33.08,2020-01-31
2020-01-31 09:00:00,1.7,-2.3,75.0,0.0,,0.0,0.0,,1026.5,,,35.06,2020-01-31
2020-01-31 10:00:00,2.8,-2.1,70.0,0.0,,0.0,0.0,,1026.1,,,37.04,2020-01-31
2020-01-31 11:00:00,4.4,-2.2,62.0,0.0,,140.0,5.4,,1025.3,,6.96,39.92,2020-01-31
2020-01-31 12:00:00,5.0,-2.8,57.0,0.0,,60.0,5.4,,1024.0,,6.973333333333334,41.0,2020-01-31
2020-01-31 13:00:00,5.6,-2.3,57.0,0.0,,160.0,7.6,,1023.0,,6.986666666666666,42.08,2020-01-31
2020-01-31 14:00:00,5.6,-2.3,57.0,0.0,,260.0,5.4,,1024.0,,7.0,42.08,2020-01-31
2020-01-31 15:00:00,3.3,0.7,83.0,0.3,,260.0,5.4,,1024.1,,6.8,37.94,2020-01-31
2020-01-31 16:00:00,3.3,1.2,86.0,0.3,,0.0,0.0,,1023.7,,6.6,37.94,2020-01-31
2020-01-31 17:00:00,3.3,1.2,86.0,0.0,,0.0,0.0,,1023.8,,6.4,37.94,2020-01-31
2020-01-31 18:00:00,2.8,0.5,85.0,0.0,,0.0,0.0,,1023.2,,,37.04,2020-01-31
2020-01-31 19:00:00,2.8,1.2,89.0,0.0,,0.0,0.0,,1022.5,,,37.04,2020-01-31
2020-01-31 20:00:00,2.8,0.5,85.0,0.0,,10.0,5.4,,1022.1,,,37.04,2020-01-31
2020-01-31 21:00:00,2.8,0.0,82.0,0.0,,10.0,5.4,,1021.7,,5.6,37.04,2020-01-31
2020-01-31 22:00:00,2.2,0.6,89.0,0.0,,0.0,0.0,,1021.1,,5.4,35.96,2020-01-31
2020-01-31 23:00:00,2.2,0.6,89.0,0.0,,0.0,0.0,,1020.6,,5.2,35.96,2020-01-31
2020-02-01 00:00:00,1.1,-0.7,88.0,0.0,,0.0,0.0,,1019.7,,5.0,33.98,2020-02-01
2020-02-01 01:00:00,-0.6,-1.7,92.0,0.0,,0.0,0.0,,1019.1,,5.0,30.92,2020-02-01
2020-02-01 02:00:00,-0.6,-1.7,92.0,0.0,,0.0,0.0,,1018.4,,5.0,30.92,2020-02-01
2020-02-01 03:00:00,0.0,-1.1,92.0,0.0,,0.0,0.0,,1017.4,,5.0,32.0,2020-02-01
2020-02-01 04:00:00,-0.6,-1.7,92.0,0.0,,0.0,0.0,,1016.7,,5.0,30.92,2020-02-01
2020-02-01 05:00:00,-1.1,-2.2,92.0,0.0,,0.0,0.0,,1016.6,,5.0,30.02,2020-02-01
2020-02-01 06:00:00,-1.7,-2.8,92.0,0.0,,0.0,0.0,,1016.2,,5.0,28.94,2020-02-01
2020-02-01 07:00:00,-1.7,-2.8,92.0,0.0,,0.0,0.0,,1016.1,,5.0,28.94,2020-02-01
2020-02-01 08:00:00,-2.8,-3.3,96.0,0.0,,0.0,0.0,,1015.9,,5.0,26.96,2020-02-01
2020-02-01 09:00:00,0.6,0.0,96.0,0.0,,160.0,5.4,,1015.1,,5.0,33.08,2020-02-01
2020-02-01 10:00:00,4.4,2.3,86.0,0.0,,220.0,5.4,,1014.9,,5.028985507246377,39.92,2020-02-01
2020-02-01 11:00:00,7.8,2.3,68.0,0.0,,220.0,5.4,,1013.9,,5.057971014492754,46.04,2020-02-01
2020-02-01 12:00:00,8.9,2.9,66.0,0.0,,210.0,9.4,,1012.9,,5.086956521739131,48.02,2020-02-01
2020-02-01 13:00:00,11.1,3.9,61.0,0.0,,140.0,7.6,,1011.0,,,51.98,2020-02-01
2020-02-01 14:00:00,10.6,3.4,61.0,0.0,,70.0,7.6,,1009.8,,,51.08,2020-02-01
2020-02-01 15:00:00,11.1,2.9,57.0,0.0,,0.0,0.0,,1009.1,,,51.98,2020-02-01
2020-02-01 16:00:00,11.7,4.0,59.0,0.0,,270.0,5.4,,1008.8,,,53.06,2020-02-01
2020-02-01 17:00:00,10.6,3.4,61.0,0.0,,270.0,11.2,,1008.9,,,51.08,2020-02-01
2020-02-01 18:00:00,10.0,3.3,63.0,0.0,,250.0,5.4,,1008.9,,,50.0,2020-02-01
2020-02-01 19:00:00,8.3,2.1,65.0,0.0,,250.0,5.4,,1009.2,,,46.94,2020-02-01
2020-02-01 20:00:00,7.2,1.7,68.0,0.0,,0.0,0.0,,1008.9,,,44.96,2020-02-01
2020-02-01 21:00:00,7.2,1.7,68.0,0.0,,230.0,5.4,,1008.7,,,44.96,2020-02-01
2020-02-01 22:00:00,6.7,1.6,70.0,0.0,,270.0,5.4,,1008.9,,,44.06,2020-02-01
2020-02-01 23:00:00,6.1,1.6,73.0,0.0,,280.0,5.4,,1009.1,,,42.980000000000004,2020-02-01
2020-02-02 00:00:00,7.2,-0.1,60.0,0.0,,290.0,13.0,,1009.0,,,44.96,2020-02-02
2020-02-02 01:00:00,7.2,-2.3,51.0,0.0,,255.0,7.6,,1008.5,,,44.96,2020-02-02
2020-02-02 02:00:00,7.2,-2.3,51.0,0.0,,220.0,7.6,,1008.1,,,44.96,2020-02-02
2020-02-02 03:00:00,6.7,-2.7,51.0,0.0,,230.0,7.6,,1008.0,,,44.06,2020-02-02
2020-02-02 04:00:00,6.7,-2.7,51.0,0.0,,260.0,9.4,,1007.2,,,44.06,2020-02-02
2020-02-02 05:00:00,6.1,-2.8,53.0,0.0,,290.0,13.0,,1007.3,,,42.980000000000004,2020-02-02
2020-02-02 06:00:00,6.1,-3.3,51.0,0.0,,200.0,9.4,,1007.3,,,42.980000000000004,2020-02-02
2020-02-02 07:00:00,2.2,-3.3,67.0,0.0,,200.0,9.4,,1008.0,,,35.96,2020-02-02
2020-02-02 08:00:00,5.6,-4.3,49.0,0.0,,240.0,11.2,,1008.2,,,42.08,2020-02-02
2020-02-02 09:00:00,6.7,-3.3,49.0,0.0,,220.0,11.2,,1008.3,,,44.06,2020-02-02
2020-02-02 10:00:00,8.9,-2.7,44.0,0.0,,220.0,16.6,,1008.0,,,48.02,2020-02-02
2020-02-02 11:00:00,10.0,-2.7,41.0,0.0,,220.0,22.3,,1007.3,,,50.0,2020-02-02
2020-02-02 12:00:00,12.8,-3.1,33.0,0.0,,210.0,24.1,,1005.9,,,55.04,2020-02-02
2020-02-02 13:00:00,14.4,-4.4,27.0,0.0,,220.0,24.1,,1004.0,,,57.92,2020-02-02
2020-02-02 14:00:00,15.6,-3.9,26.0,0.0,,230.0,20.5,,1002.4,,,60.08,2020-02-02
2020-02-02 15:00:00,17.2,-2.0,27.0,0.0,,240.0,18.4,,1001.4,,,62.959999999999994,2020-02-02
2020-02-02 16:00:00,17.2,-1.0,29.0,0.0,,230.0,20.5,,1001.3,,,62.959999999999994,2020-02-02
2020-02-02 17:00:00,16.7,-0.5,31.0,0.0,,220.0,18.4,,1001.1,,,62.059999999999995,2020-02-02
2020-02-02 18:00:00,15.6,-0.6,33.0,0.0,,220.0,13.0,,1001.6,,,60.08,2020-02-02
2020-02-02 19:00:00,16.1,-0.6,32.0,0.0,,230.0,13.0,,1001.9,,,60.980000000000004,2020-02-02
2020-02-02 20:00:00,15.6,-0.6,33.0,0.0,,240.0,13.0,,1002.7,,,60.08,2020-02-02
2020-02-02 21:00:00,13.9,-0.9,36.0,0.0,,220.0,9.4,,1003.6,,,57.02,2020-02-02
2020-02-02 22:00:00,16.1,-3.4,26.0,0.0,,255.0,11.2,,1003.9,,,60.980000000000004,2020-02-02
2020-02-02 23:00:00,17.2,-4.7,22.0,0.0,,290.0,14.8,,1004.6,,,62.959999999999994,2020-02-02
2020-02-03 00:00:00,17.2,-4.7,22.0,0.0,,290.0,13.0,,1005.3,,,62.959999999999994,2020-02-03
2020-02-03 01:00:00,11.7,-4.1,33.0,0.0,,170.0,13.0,,1006.3,,,53.06,2020-02-03
2020-02-03 02:00:00,15.6,-3.3,27.0,0.0,,190.0,18.4,,1007.3,,,60.08,2020-02-03
2020-02-03 03:00:00,15.6,-3.3,27.0,0.0,,230.0,7.6,,1008.3,,,60.08,2020-02-03
2020-02-03 04:00:00,15.0,-2.9,29.0,0.0,,250.0,11.2,,1008.9,,,59.0,2020-02-03
2020-02-03 05:00:00,14.4,-2.1,32.0,0.0,,250.0,14.8,,1010.3,,,57.92,2020-02-03
2020-02-03 06:00:00,14.4,-1.7,33.0,0.0,,250.0,13.0,,1011.4,,,57.92,2020-02-03
2020-02-03 07:00:00,9.4,-0.5,50.0,0.0,,180.0,7.6,,1012.8,,,48.92,2020-02-03
2020-02-03 08:00:00,12.2,0.0,43.0,0.0,,240.0,7.6,,1013.5,,,53.96,2020-02-03
2020-02-03 09:00:00,13.9,0.5,40.0,0.0,,210.0,9.4,,1013.9,,,57.02,2020-02-03
2020-02-03 10:00:00,15.6,1.7,39.0,0.0,,210.0,14.8,,1014.4,,,60.08,2020-02-03
2020-02-03 11:00:00,17.2,1.2,34.0,0.0,,105.0,9.4,,1015.3,,,62.959999999999994,2020-02-03
2020-02-03 12:00:00,17.8,1.3,33.0,0.0,,0.0,0.0,,1014.4,,,64.04,2020-02-03
2020-02-03 13:00:00,18.9,0.9,30.0,0.0,,230.0,13.0,,1014.1,,,66.02,2020-02-03
2020-02-03 14:00:00,20.6,1.9,29.0,0.0,,210.0,11.2,,1013.1,,,69.08,2020-02-03
2020-02-03 15:00:00,21.7,1.9,27.0,0.0,,210.0,16.6,,1012.8,,,71.06,2020-02-03
2020-02-03 16:00:00,21.1,1.9,28.0,0.0,,210.0,11.2,,1012.7,,,69.98,2020-02-03
2020-02-03 17:00:00,18.9,2.7,34.0,0.0,,190.0,16.6,,1013.0,,,66.02,2020-02-03
2020-02-03 18:00:00,16.7,2.7,39.0,0.0,,210.0,9.4,,1013.2,,,62.059999999999995,2020-02-03
2020-02-03 19:00:00,16.1,2.8,41.0,0.0,,210.0,9.4,,1013.8,,,60.980000000000004,2020-02-03
2020-02-03 20:00:00,13.3,2.8,49.0,0.0,,210.0,7.6,,1013.6,,,55.94,2020-02-03
2020-02-03 21:00:00,15.6,2.7,42.0,0.0,,220.0,13.0,,1012.9,,,60.08,2020-02-03
2020-02-03 22:00:00,13.3,2.2,47.0,0.0,,220.0,9.4,,1013.1,,,55.94,2020-02-03
2020-02-03 23:00:00,12.2,2.9,53.0,0.0,,220.0,5.4,,1012.4,,,53.96,2020-02-03
2020-02-04 00:00:00,15.0,2.2,42.0,0.0,,220.0,9.4,,1012.1,,,59.0,2020-02-04
2020-02-04 01:00:00,15.0,2.8,44.0,0.0,,220.0,13.0,,1011.6,,,59.0,2020-02-04
2020-02-04 02:00:00,14.4,2.9,46.0,0.0,,210.0,7.6,,1011.1,,,57.92,2020-02-04
2020-02-04 03:00:00,11.7,2.2,52.0,0.0,,200.0,11.2,,1010.8,,6.913043478260869,53.06,2020-02-04
2020-02-04 04:00:00,13.9,2.8,47.0,0.0,,220.0,7.6,,1010.9,,6.942028985507246,57.02,2020-02-04
2020-02-04 05:00:00,13.9,2.8,47.0,0.0,,210.0,5.4,,1011.4,,6.971014492753623,57.02,2020-02-04
2020-02-04 06:00:00,13.9,3.4,49.0,0.0,,210.0,9.4,,1011.4,,7.0,57.02,2020-02-04
2020-02-04 07:00:00,15.0,3.5,46.0,0.0,,220.0,7.6,,1012.3,,7.0,59.0,2020-02-04
2020-02-04 08:00:00,15.0,3.8,47.0,0.0,,210.0,7.6,,1013.2,,7.0,59.0,2020-02-04
2020-02-04 09:00:00,17.2,5.2,45.0,0.0,,220.0,18.4,,1013.4,,7.0,62.959999999999994,2020-02-04
2020-02-04 10:00:00,18.9,6.7,45.0,0.0,,220.0,11.2,,1013.6,,,66.02,2020-02-04
2020-02-04 11:00:00,19.4,6.2,42.0,0.0,,230.0,11.2,,1013.0,,,66.92,2020-02-04
2020-02-04 12:00:00,20.0,8.3,47.0,0.0,,240.0,9.4,,1012.4,,,68.0,2020-02-04
2020-02-04 13:00:00,20.0,7.7,45.0,0.0,,240.0,14.8,,1011.4,,,68.0,2020-02-04
2020-02-04 14:00:00,20.0,8.3,47.0,0.0,,270.0,13.0,,1010.9,,7.0,68.0,2020-02-04
2020-02-04 15:00:00,19.4,8.4,49.0,0.0,,260.0,14.8,,1010.7,,7.0,66.92,2020-02-04
2020-02-04 16:00:00,18.9,8.2,50.0,0.0,,260.0,13.0,,1010.6,,7.0,66.02,2020-02-04
2020-02-04 17:00:00,18.9,8.2,50.0,0.0,,240.0,7.6,,1011.1,,7.0,66.02,2020-02-04
2020-02-04 18:00:00,17.8,8.4,54.0,0.075,,220.0,11.2,,1011.0,,7.0,64.04,2020-02-04
2020-02-04 19:00:00,16.1,8.3,60.0,0.15,,200.0,13.0,,1011.4,,7.0,60.980000000000004,2020-02-04
2020-02-04 20:00:00,14.4,9.4,72.0,0.22499999999999998,,210.0,7.6,,1011.6,,7.0,57.92,2020-02-04
2020-02-04 21:00:00,13.3,9.9,80.0,0.3,,0.0,0.0,,1011.3,,7.0,55.94,2020-02-04
2020-02-04 22:00:00,13.3,9.9,80.0,0.15,,210.0,11.2,,1011.4,,7.0,55.94,2020-02-04
2020-02-04 23:00:00,13.3,9.4,77.0,0.0,,200.0,13.0,,1011.0,,7.0,55.94,2020-02-04
2020-02-05 00:00:00,13.9,9.3,74.0,0.0,,210.0,9.4,,1010.7,,7.0,57.02,2020-02-05
2020-02-05 01:00:00,13.9,8.9,72.0,0.0,,210.0,11.2,,1009.9,,7.0,57.02,2020-02-05
2020-02-05 02:00:00,13.9,9.3,74.0,0.0,,220.0,9.4,,1009.9,,7.0,57.02,2020-02-05
2020-02-05 03:00:00,13.3,9.4,77.0,0.0,,210.0,13.0,,1009.8,,7.0,55.94,2020-02-05
2020-02-05 04:00:00,13.3,9.4,77.0,0.0,,220.0,5.4,,1009.7,,7.0,55.94,2020-02-05
2020-02-05 05:00:00,12.8,10.0,83.0,0.0,,200.0,9.4,,1009.8,,,55.04,2020-02-05
2020-02-05 06:00:00,11.1,9.4,89.0,0.0,,0.0,0.0,,1010.7,,,51.98,2020-02-05
2020-02-05 07:00:00,11.1,9.4,89.0,0.0,,180.0,7.6,,1011.1,,,51.98,2020-02-05
2020-02-05 08:00:00,13.3,11.2,87.0,0.0,,240.0,5.4,,1012.0,,7.0,55.94,2020-02-05
2020-02-05 09:00:00,13.9,11.8,87.0,0.0,,180.0,5.4,,1012.6,,7.0,57.02,2020-02-05
2020-02-05 10:00:00,16.1,12.3,78.0,0.0,,190.0,11.2,,1013.2,,7.0,60.980000000000004,2020-02-05
2020-02-05 11:00:00,16.7,11.6,72.0,0.0,,240.0,7.6,,1013.9,,7.0,62.059999999999995,2020-02-05
2020-02-05 12:00:00,15.6,14.0,90.0,0.5,,0.0,0.0,,1013.5,,7.0,60.08,2020-02-05
2020-02-05 13:00:00,15.6,12.7,83.0,0.4,,40.0,16.6,,1012.0,,7.0,60.08,2020-02-05
2020-02-05 14:00:00,11.1,9.4,89.0,0.3,,30.0,18.4,,1013.1,,7.0,51.98,2020-02-05
2020-02-05 15:00:00,8.3,6.8,90.0,0.55,,60.0,24.1,,1013.0,,7.0,46.94,2020-02-05
2020-02-05 16:00:00,7.2,5.7,90.0,0.8,,60.0,14.8,,1013.5,,7.0,44.96,2020-02-05
2020-02-05 17:00:00,6.7,5.6,93.0,1.8,,50.0,18.4,,1013.1,,7.0,44.06,2020-02-05
2020-02-05 18:00:00,6.1,5.1,93.0,1.65,,50.0,14.8,,1013.6,,7.0,42.980000000000004,2020-02-05
2020-02-05 19:00:00,5.6,3.9,89.0,1.5,,50.0,18.4,,1013.7,,7.0,42.08,2020-02-05
2020-02-05 20:00:00,5.0,4.0,93.0,2.0,,30.0,18.4,,1013.1,,7.0,41.0,2020-02-05
2020-02-05 21:00:00,4.4,3.4,93.0,1.15,,30.0,18.4,,1012.8,,7.0,39.92,2020-02-05
2020-02-05 22:00:00,4.4,3.4,93.0,0.3,,40.0,14.8,,1012.2,,7.0,39.92,2020-02-05
2020-02-05 23:00:00,3.9,2.9,93.0,0.3,,40.0,16.6,,1010.8,,7.0,39.02,2020-02-05
2020-02-06 00:00:00,3.9,2.9,93.0,0.3,,20.0,13.0,,1010.8,,5.0,39.02,2020-02-06
2020-02-06 01:00:00,3.9,2.9,93.0,0.3,,30.0,13.0,,1009.3,,7.0,39.02,2020-02-06
2020-02-06 02:00:00,3.3,2.3,93.0,2.5,,20.0,13.0,,1009.2,,7.0,37.94,2020-02-06
2020-02-06 03:00:00,3.9,2.9,93.0,2.0,,40.0,16.6,,1007.9,,7.0,39.02,2020-02-06
2020-02-06 04:00:00,3.9,2.9,93.0,0.3,,40.0,9.4,,1007.2,,7.0,39.02,2020-02-06
2020-02-06 05:00:00,3.9,2.9,93.0,1.3,,120.0,16.6,,1004.8,,7.0,39.02,2020-02-06
2020-02-06 06:00:00,4.4,3.4,93.0,1.05,,0.0,0.0,,1005.7,,7.0,39.92,2020-02-06
2020-02-06 07:00:00,4.4,4.0,97.0,0.8,,0.0,0.0,,1005.2,,7.0,39.92,2020-02-06
2020-02-06 08:00:00,4.4,4.0,97.0,0.5,,180.0,9.4,,1004.8,,7.0,39.92,2020-02-06
2020-02-06 09:00:00,5.0,4.0,93.0,2.05,,0.0,0.0,,1004.0,,8.0,41.0,2020-02-06
2020-02-06 10:00:00,5.6,4.4,92.0,3.6,,0.0,0.0,,1003.2,,8.0,42.08,2020-02-06
2020-02-06 11:00:00,6.1,5.1,93.0,7.1,,0.0,0.0,,1003.2,,8.0,42.980000000000004,2020-02-06
2020-02-06 12:00:00,6.7,5.6,93.0,4.6,,360.0,5.4,,1001.1,,8.0,44.06,2020-02-06
2020-02-06 13:00:00,6.1,5.7,97.0,5.1,,0.0,0.0,,999.8,,8.0,42.980000000000004,2020-02-06
2020-02-06 14:00:00,6.7,6.1,96.0,7.1,,120.0,7.6,,997.0,,7.0,44.06,2020-02-06
2020-02-06 15:00:00,8.3,7.9,97.0,2.0,,140.0,5.4,,995.5,,7.0,46.94,2020-02-06
2020-02-06 16:00:00,7.8,7.2,96.0,1.3,,0.0,0.0,,995.4,,8.0,46.04,2020-02-06
2020-02-06 17:00:00,7.8,7.2,96.0,3.6,,230.0,5.4,,997.1,,8.0,46.04,2020-02-06
2020-02-06 18:00:00,8.3,7.9,97.0,5.8,,0.0,0.0,,997.8,,7.0,46.94,2020-02-06
2020-02-06 19:00:00,8.9,7.8,93.0,4.1,,0.0,0.0,,997.4,,7.0,48.02,2020-02-06
2020-02-06 20:00:00,8.9,8.3,96.0,2.3,,0.0,0.0,,997.1,,7.0,48.02,2020-02-06
2020-02-06 21:00:00,10.0,9.4,96.0,2.3,,200.0,5.4,,996.2,,7.0,50.0,2020-02-06
2020-02-06 22:00:00,12.2,11.1,93.0,0.8,,180.0,9.4,,995.1,,7.0,53.96,2020-02-06
2020-02-06 23:00:00,11.7,11.1,96.0,0.8,,190.0,14.8,,995.3,,7.0,53.06,2020-02-06
2020-02-07 00:00:00,12.2,11.1,93.0,2.0,,150.0,13.0,,992.9,,7.0,53.96,2020-02-07
2020-02-07 01:00:00,12.2,11.7,97.0,0.8,,160.0,11.2,,991.3,,5.0,53.96,2020-02-07
2020-02-07 02:00:00,12.2,11.7,97.0,0.0,,170.0,11.2,,990.3,,5.0,53.96,2020-02-07
2020-02-07 03:00:00,12.8,12.2,96.0,0.0,,160.0,16.6,,987.7,,7.0,55.04,2020-02-07
2020-02-07 04:00:00,13.9,12.8,93.0,0.15,,170.0,27.7,,985.4,,7.0,57.02,2020-02-07
2020-02-07 05:00:00,14.4,13.3,93.0,0.3,,180.0,33.5,,983.6,,7.0,57.92,2020-02-07
2020-02-07 06:00:00,15.0,12.1,83.0,0.0,,210.0,22.3,,983.9,,7.0,59.0,2020-02-07
2020-02-07 07:00:00,10.6,7.8,83.0,0.5,,260.0,18.4,,985.3,,7.0,51.08,2020-02-07
2020-02-07 08:00:00,8.9,5.1,77.0,1.0,,260.0,14.8,,988.9,,7.0,48.02,2020-02-07
2020-02-07 09:00:00,8.9,3.9,71.0,0.5,,280.0,25.9,,991.1,,7.0,48.02,2020-02-07
2020-02-07 10:00:00,8.3,-0.5,54.0,0.0,,270.0,16.6,,993.3,,7.0,46.94,2020-02-07
2020-02-07 11:00:00,7.2,-1.0,56.0,0.0,,270.0,27.7,,995.1,,,44.96,2020-02-07
2020-02-07 12:00:00,7.2,-2.3,51.0,0.0,,260.0,25.9,,997.1,,,44.96,2020-02-07
2020-02-07 13:00:00,6.7,-3.3,49.0,0.0,,270.0,24.1,,998.2,,,44.06,2020-02-07
2020-02-07 14:00:00,5.6,-4.3,49.0,0.0,,270.0,20.5,,1000.3,,,42.08,2020-02-07
2020-02-07 15:00:00,5.6,-6.0,43.0,0.0,,280.0,25.9,,1001.6,,,42.08,2020-02-07
2020-02-07 16:00:00,4.4,-6.8,44.0,0.0,,280.0,20.5,,1004.1,,,39.92,2020-02-07
2020-02-07 17:00:00,3.9,-7.9,42.0,0.0,,280.0,31.7,,1005.8,,,39.02,2020-02-07
2020-02-07 18:00:00,3.3,-7.8,44.0,0.0,,270.0,16.6,,1007.4,,,37.94,2020-02-07
2020-02-07 19:00:00,2.8,-8.3,44.0,0.0,,270.0,14.8,,1009.7,,,37.04,2020-02-07
2020-02-07 20:00:00,2.2,-7.7,48.0,0.0,,290.0,16.6,,1011.3,,,35.96,2020-02-07
2020-02-07 21:00:00,2.2,-7.2,50.0,0.0,,270.0,13.0,,1012.9,,,35.96,2020-02-07
2020-02-07 22:00:00,1.7,-8.4,47.0,0.0,,260.0,13.0,,1014.2,,,35.06,2020-02-07
2020-02-07 23:00:00,1.7,-7.1,52.0,0.0,,260.0,9.4,,1015.9,,,35.06,2020-02-07
2020-02-08 00:00:00,0.6,-8.9,49.0,0.0,,260.0,5.4,,1016.6,,,33.08,2020-02-08
2020-02-08 01:00:00,0.0,-8.2,54.0,0.0,,260.0,9.4,,1017.5,,,32.0,2020-02-08
2020-02-08 02:00:00,-0.6,-8.3,56.0,0.0,,240.0,5.4,,1018.3,,,30.92,2020-02-08
2020-02-08 03:00:00,-0.6,-8.3,56.0,0.0,,250.0,5.4,,1019.9,,,30.92,2020-02-08
2020-02-08 04:00:00,-1.7,-7.8,63.0,0.0,,250.0,5.4,,1020.4,,,28.94,2020-02-08
2020-02-08 05:00:00,-2.2,-7.7,66.0,0.0,,190.0,9.4,,1021.2,,,28.04,2020-02-08
2020-02-08 06:00:00,-1.1,-7.9,60.0,0.0,,230.0,5.4,,1022.3,,,30.02,2020-02-08
2020-02-08 07:00:00,-2.8,-7.1,72.0,0.0,,0.0,0.0,,1023.3,,,26.96,2020-02-08
2020-02-08 08:00:00,-2.2,-6.8,71.0,0.0,,190.0,7.6,,1024.2,,,28.04,2020-02-08
2020-02-08 09:00:00,0.6,-6.7,58.0,0.0,,210.0,9.4,,1024.9,,,33.08,2020-02-08
2020-02-08 10:00:00,2.8,-7.1,48.0,0.0,,250.0,11.2,,1025.2,,,37.04,2020-02-08
2020-02-08 11:00:00,3.9,-7.3,44.0,0.0,,210.0,11.2,,1024.9,,,39.02,2020-02-08
2020-02-08 12:00:00,5.0,-7.2,41.0,0.0,,220.0,13.0,,1024.5,,,41.0,2020-02-08
2020-02-08 13:00:00,5.6,-6.6,41.0,0.0,,200.0,18.4,,1024.1,,,42.08,2020-02-08
2020-02-08 14:00:00,6.1,-6.2,41.0,0.0,,200.0,13.0,,1023.3,,,42.980000000000004,2020-02-08
2020-02-08 15:00:00,6.1,-6.2,41.0,0.0,,190.0,9.4,,1023.3,,,42.980000000000004,2020-02-08
2020-02-08 16:00:00,6.1,-5.6,43.0,0.0,,190.0,18.4,,1023.6,,,42.980000000000004,2020-02-08
2020-02-08 17:00:00,6.1,-5.0,45.0,0.0,,190.0,22.3,,1023.8,,,42.980000000000004,2020-02-08
2020-02-08 18:00:00,3.3,-4.9,55.0,0.0,,190.0,13.0,,1024.3,,,37.94,2020-02-08
2020-02-08 19:00:00,2.8,-6.1,52.0,0.0,,0.0,0.0,,1025.2,,,37.04,2020-02-08
2020-02-08 20:00:00,1.1,-5.6,61.0,0.0,,200.0,9.4,,1025.5,,,33.98,2020-02-08
2020-02-08 21:00:00,0.6,-4.4,69.0,0.0,,210.0,9.4,,1026.0,,,33.08,2020-02-08
2020-02-08 22:00:00,-0.6,-3.3,82.0,0.0,,200.0,11.2,,1026.6,,,30.92,2020-02-08
2020-02-08 23:00:00,-1.1,-3.3,85.0,0.0,,200.0,9.4,,1027.4,,,30.02,2020-02-08
2020-02-09 00:00:00,-0.6,-2.8,85.0,0.0,,0.0,0.0,,1027.4,,,30.92,2020-02-09
2020-02-09 01:00:00,-1.1,-3.3,85.0,0.0,,220.0,7.6,,1027.4,,,30.02,2020-02-09
2020-02-09 02:00:00,-0.6,-2.8,85.0,0.0,,230.0,7.6,,1028.0,,,30.92,2020-02-09
2020-02-09 03:00:00,-1.1,-2.8,88.0,0.0,,220.0,5.4,,1028.8,,,30.02,2020-02-09
2020-02-09 04:00:00,-2.2,-3.9,88.0,0.0,,180.0,5.4,,1029.2,,,28.04,2020-02-09
2020-02-09 05:00:00,-2.2,-3.3,92.0,0.0,,210.0,7.6,,1030.2,,,28.04,2020-02-09
2020-02-09 06:00:00,-3.9,-5.0,92.0,0.0,,0.0,0.0,,1031.0,,,24.98,2020-02-09
2020-02-09 07:00:00,-3.9,-5.0,92.0,0.0,,0.0,0.0,,1031.7,,,24.98,2020-02-09
2020-02-09 08:00:00,-2.2,-3.3,92.0,0.0,,0.0,0.0,,1032.6,,,28.04,2020-02-09
2020-02-09 09:00:00,1.7,-0.6,85.0,0.0,,0.0,0.0,,1033.2,,,35.06,2020-02-09
2020-02-09 10:00:00,3.9,0.1,76.0,0.0,,150.0,7.6,,1033.8,,,39.02,2020-02-09
2020-02-09 11:00:00,7.2,-3.4,47.0,0.0,,75.0,7.6,,1033.7,,,44.96,2020-02-09
2020-02-09 12:00:00,7.8,-4.0,43.0,0.0,,0.0,0.0,,1033.0,,,46.04,2020-02-09
2020-02-09 13:00:00,9.4,-3.9,39.0,0.0,,160.0,9.4,,1032.3,,,48.92,2020-02-09
2020-02-09 14:00:00,10.0,-4.0,37.0,0.0,,160.0,13.0,,1030.2,,,50.0,2020-02-09
2020-02-09 15:00:00,11.1,-4.2,34.0,0.0,,180.0,20.5,,1030.1,,,51.98,2020-02-09
2020-02-09 16:00:00,11.1,-6.3,29.0,0.0,,200.0,14.8,,1029.9,,,51.98,2020-02-09
2020-02-09 17:00:00,10.6,-5.4,32.0,0.0,,190.0,14.8,,1029.9,,,51.08,2020-02-09
2020-02-09 18:00:00,7.8,-5.0,40.0,0.0,,200.0,9.4,,1030.2,,,46.04,2020-02-09
2020-02-09 19:00:00,5.6,-5.1,46.0,0.0,,160.0,5.4,,1030.4,,,42.08,2020-02-09
2020-02-09 20:00:00,6.1,-4.4,47.0,0.0,,200.0,13.0,,1029.9,,,42.980000000000004,2020-02-09
2020-02-09 21:00:00,4.4,-4.4,53.0,0.0,,200.0,9.4,,1029.7,,,39.92,2020-02-09
2020-02-09 22:00:00,5.6,-4.0,50.0,0.0,,200.0,14.8,,1028.9,,,42.08,2020-02-09
2020-02-09 23:00:00,3.9,-3.9,57.0,0.0,,210.0,9.4,,1028.6,,,39.02,2020-02-09
2020-02-10 00:00:00,2.2,-3.3,67.0,0.0,,190.0,11.2,,1028.0,,,35.96,2020-02-10
2020-02-10 01:00:00,3.3,-2.9,64.0,0.0,,200.0,14.8,,1026.9,,,37.94,2020-02-10
2020-02-10 02:00:00,3.3,-2.9,64.0,0.0,,190.0,13.0,,1026.1,,,37.94,2020-02-10
2020-02-10 03:00:00,2.8,-2.1,70.0,0.0,,200.0,11.2,,1025.2,,,37.04,2020-02-10
2020-02-10 04:00:00,1.7,-2.3,75.0,0.0,,190.0,13.0,,1024.8,,,35.06,2020-02-10
2020-02-10 05:00:00,3.3,-1.1,73.0,0.0,,190.0,14.8,,1024.8,,7.0,37.94,2020-02-10
2020-02-10 06:00:00,3.9,-0.5,73.0,0.0,,200.0,13.0,,1024.7,,7.0,39.02,2020-02-10
2020-02-10 07:00:00,3.9,0.1,76.0,0.0,,190.0,13.0,,1025.1,,7.0,39.02,2020-02-10
2020-02-10 08:00:00,5.6,0.0,67.0,0.0,,200.0,14.8,,1025.2,,7.0,42.08,2020-02-10
2020-02-10 09:00:00,7.2,-0.1,60.0,0.15,,210.0,11.2,,1024.8,,7.0,44.96,2020-02-10
2020-02-10 10:00:00,7.2,2.3,71.0,0.3,,200.0,16.6,,1023.8,,7.0,44.96,2020-02-10
2020-02-10 11:00:00,8.9,1.1,58.0,0.55,,200.0,22.3,,1023.4,,7.0,48.02,2020-02-10
2020-02-10 12:00:00,10.0,1.1,54.0,0.8,,200.0,20.5,,1023.7,,7.0,50.0,2020-02-10
2020-02-10 13:00:00,9.4,2.7,63.0,1.05,,200.0,16.6,,1022.9,,7.0,48.92,2020-02-10
2020-02-10 14:00:00,8.3,6.1,86.0,1.3,,200.0,11.2,,1022.3,,7.0,46.94,2020-02-10
2020-02-10 15:00:00,8.3,5.6,83.0,1.0,,190.0,14.8,,1021.7,,7.0,46.94,2020-02-10
2020-02-10 16:00:00,7.8,6.1,89.0,1.8,,230.0,14.8,,1021.6,,7.0,46.04,2020-02-10
2020-02-10 17:00:00,7.8,6.1,89.0,1.3,,200.0,13.0,,1021.8,,7.0,46.04,2020-02-10
2020-02-10 18:00:00,7.8,6.7,93.0,1.8,,210.0,11.2,,1021.9,,7.0,46.04,2020-02-10
2020-02-10 19:00:00,8.3,7.2,93.0,1.5,,200.0,9.4,,1022.1,,7.0,46.94,2020-02-10
2020-02-10 20:00:00,8.3,7.2,93.0,1.8,,200.0,11.2,,1021.3,,7.0,46.94,2020-02-10
2020-02-10 21:00:00,8.9,7.8,93.0,0.8,,200.0,14.8,,1020.6,,7.0,48.02,2020-02-10
2020-02-10 22:00:00,8.9,8.3,96.0,0.3,,180.0,9.4,,1019.7,,7.0,48.02,2020-02-10
2020-02-10 23:00:00,9.4,8.3,93.0,0.5,,220.0,7.6,,1019.6,,7.0,48.92,2020-02-10
2020-02-11 00:00:00,9.4,8.9,97.0,0.3,,210.0,5.4,,1018.9,,5.0,48.92,2020-02-11
2020-02-11 01:00:00,9.4,8.9,97.0,0.0,,200.0,9.4,,1018.2,,5.0,48.92,2020-02-11
2020-02-11 02:00:00,9.4,8.9,97.0,0.0,,0.0,0.0,,1017.1,,5.0,48.92,2020-02-11
2020-02-11 03:00:00,10.6,9.4,92.0,0.0,,200.0,7.6,,1016.4,,5.0,51.08,2020-02-11
2020-02-11 04:00:00,10.6,10.0,96.0,0.0,,200.0,11.2,,1015.3,,7.0,51.08,2020-02-11
2020-02-11 05:00:00,11.7,10.6,93.0,0.3,,200.0,9.4,,1015.6,,7.0,53.06,2020-02-11
2020-02-11 06:00:00,11.7,11.1,96.0,3.0,,200.0,11.2,,1015.4,,7.0,53.06,2020-02-11
2020-02-11 07:00:00,12.2,11.7,97.0,3.8,,220.0,9.4,,1014.8,,7.0,53.96,2020-02-11
2020-02-11 08:00:00,12.2,11.7,97.0,1.8,,200.0,9.4,,1014.2,,7.0,53.96,2020-02-11
2020-02-11 09:00:00,12.8,12.2,96.0,0.8,,200.0,9.4,,1013.7,,7.0,55.04,2020-02-11
2020-02-11 10:00:00,12.8,12.2,96.0,1.8,,200.0,9.4,,1013.4,,7.0,55.04,2020-02-11
2020-02-11 11:00:00,13.3,12.8,97.0,3.0,,210.0,7.6,,1012.9,,5.0,55.94,2020-02-11
2020-02-11 12:00:00,13.9,13.3,96.0,0.3,,230.0,7.6,,1012.4,,5.074074074074074,57.02,2020-02-11
2020-02-11 13:00:00,15.0,13.9,93.0,0.3,,240.0,5.4,,1011.1,,5.148148148148148,59.0,2020-02-11
2020-02-11 14:00:00,15.6,14.0,90.0,0.0,,250.0,9.4,,1010.4,,5.222222222222222,60.08,2020-02-11
2020-02-11 15:00:00,17.8,14.5,81.0,0.0,,0.0,0.0,,1009.9,,,64.04,2020-02-11
2020-02-11 16:00:00,17.8,13.9,78.0,0.0,,300.0,5.4,,1009.9,,,64.04,2020-02-11
2020-02-11 17:00:00,17.8,14.5,81.0,0.0,,0.0,0.0,,1010.8,,,64.04,2020-02-11
2020-02-11 18:00:00,16.1,13.9,87.0,0.0,,90.0,5.4,,1011.8,,,60.980000000000004,2020-02-11
2020-02-11 19:00:00,16.1,12.8,81.0,0.0,,180.0,5.4,,1012.7,,,60.980000000000004,2020-02-11
2020-02-11 20:00:00,16.1,11.1,72.0,0.0,,270.0,11.2,,1013.7,,,60.980000000000004,2020-02-11
2020-02-11 21:00:00,14.4,7.9,65.0,0.0,,270.0,9.4,,1014.6,,,57.92,2020-02-11
2020-02-11 22:00:00,13.3,6.6,64.0,0.0,,290.0,13.0,,1015.4,,,55.94,2020-02-11
2020-02-11 23:00:00,12.2,5.6,64.0,0.0,,290.0,11.2,,1016.2,,,53.96,2020-02-11
2020-02-12 00:00:00,11.7,5.1,64.0,0.0,,310.0,7.6,,1017.7,,,53.06,2020-02-12
2020-02-12 01:00:00,10.6,4.9,68.0,0.0,,155.0,7.6,,1018.4,,,51.08,2020-02-12
2020-02-12 02:00:00,10.0,3.9,66.0,0.0,,0.0,0.0,,1018.9,,,50.0,2020-02-12
2020-02-12 03:00:00,8.3,3.9,74.0,0.0,,0.0,0.0,,1018.6,,,46.94,2020-02-12
2020-02-12 04:00:00,7.8,4.4,79.0,0.0,,0.0,0.0,,1019.5,,,46.04,2020-02-12
2020-02-12 05:00:00,8.3,0.0,56.0,0.0,,0.0,0.0,,1019.4,,,46.94,2020-02-12
2020-02-12 06:00:00,8.3,-1.0,52.0,0.0,,310.0,7.6,,1020.8,,,46.94,2020-02-12
2020-02-12 07:00:00,7.8,-1.2,53.0,0.0,,170.0,5.4,,1020.8,,,46.04,2020-02-12
2020-02-12 08:00:00,7.8,-1.7,51.0,0.0,,30.0,5.4,,1021.1,,,46.04,2020-02-12
2020-02-12 09:00:00,8.3,-1.0,52.0,0.0,,30.0,7.6,,1021.9,,,46.94,2020-02-12
2020-02-12 10:00:00,8.9,-1.8,47.0,0.0,,0.0,0.0,,1022.5,,,48.02,2020-02-12
2020-02-12 11:00:00,9.4,0.6,54.0,0.0,,30.0,13.0,,1022.2,,6.777777777777778,48.92,2020-02-12
2020-02-12 12:00:00,9.4,2.3,61.0,0.0,,60.0,9.4,,1021.9,,6.851851851851851,48.92,2020-02-12
2020-02-12 13:00:00,9.4,3.4,66.0,0.0,,70.0,7.6,,1021.6,,6.925925925925926,48.92,2020-02-12
2020-02-12 14:00:00,8.9,5.1,77.0,0.0,,0.0,0.0,,1020.5,,7.0,48.02,2020-02-12
2020-02-12 15:00:00,8.3,6.8,90.0,0.0,,170.0,7.6,,1020.0,,5.0,46.94,2020-02-12
2020-02-12 16:00:00,7.8,6.1,89.0,0.0,,80.0,7.6,,1019.0,,5.0,46.04,2020-02-12
2020-02-12 17:00:00,7.2,6.1,93.0,0.0,,90.0,5.4,,1018.8,,5.0,44.96,2020-02-12
2020-02-12 18:00:00,7.2,6.1,93.0,0.0,,70.0,5.4,,1018.4,,7.0,44.96,2020-02-12
2020-02-12 19:00:00,7.2,6.1,93.0,0.5,,40.0,7.6,,1018.0,,5.0,44.96,2020-02-12
2020-02-12 20:00:00,6.7,5.6,93.0,0.3,,60.0,9.4,,1017.2,,5.0,44.06,2020-02-12
2020-02-12 21:00:00,6.7,5.6,93.0,0.15,,40.0,7.6,,1016.1,,5.4,44.06,2020-02-12
2020-02-12 22:00:00,6.1,5.1,93.0,0.0,,20.0,7.6,,1015.3,,5.8,42.980000000000004,2020-02-12
2020-02-12 23:00:00,6.1,5.1,93.0,0.0,,30.0,5.4,,1013.6,,6.2,42.980000000000004,2020-02-12
2020-02-13 00:00:00,6.1,5.1,93.0,0.0,,330.0,5.4,,1012.3,,6.6,42.980000000000004,2020-02-13
2020-02-13 01:00:00,6.1,5.1,93.0,0.4,,350.0,5.4,,1010.9,,7.0,42.980000000000004,2020-02-13
2020-02-13 02:00:00,6.1,5.1,93.0,0.8,,10.0,9.4,,1011.3,,8.0,42.980000000000004,2020-02-13
2020-02-13 03:00:00,6.1,5.7,97.0,3.3,,140.0,9.4,,1009.5,,7.0,42.980000000000004,2020-02-13
2020-02-13 04:00:00,6.7,6.1,96.0,0.3,,200.0,11.2,,1008.3,,7.0,44.06,2020-02-13
2020-02-13 05:00:00,7.2,6.8,97.0,0.5,,220.0,9.4,,1007.9,,7.0,44.96,2020-02-13
2020-02-13 06:00:00,7.2,6.8,97.0,1.0,,0.0,0.0,,1007.7,,7.0,44.96,2020-02-13
2020-02-13 07:00:00,7.2,6.8,97.0,0.5,,0.0,0.0,,1007.2,,7.0,44.96,2020-02-13
2020-02-13 08:00:00,7.8,6.7,93.0,1.0,,0.0,0.0,,1007.3,,7.0,46.04,2020-02-13
2020-02-13 09:00:00,8.3,7.9,97.0,1.0,,220.0,5.4,,1008.4,,7.0,46.94,2020-02-13
2020-02-13 10:00:00,9.4,8.3,93.0,2.0,,200.0,11.2,,1007.8,,8.0,48.92,2020-02-13
2020-02-13 11:00:00,10.0,9.4,96.0,3.0,,200.0,13.0,,1007.0,,7.0,50.0,2020-02-13
2020-02-13 12:00:00,12.8,12.2,96.0,1.3,,230.0,11.2,,1006.7,,5.0,55.04,2020-02-13
2020-02-13 13:00:00,13.9,12.8,93.0,0.65,,220.0,9.4,,1005.7,,6.0,57.02,2020-02-13
2020-02-13 14:00:00,15.0,13.9,93.0,0.0,,220.0,9.4,,1004.2,,7.0,59.0,2020-02-13
2020-02-13 15:00:00,13.9,12.3,90.0,0.0,,270.0,9.4,,1006.3,,6.982456140350878,57.02,2020-02-13
2020-02-13 16:00:00,15.6,9.5,67.0,0.0,,270.0,14.8,,1007.3,,6.964912280701754,60.08,2020-02-13
2020-02-13 17:00:00,13.9,6.7,62.0,0.0,,300.0,11.2,,1009.1,,6.947368421052632,57.02,2020-02-13
2020-02-13 18:00:00,11.7,5.1,64.0,0.0,,300.0,7.6,,1011.5,,,53.06,2020-02-13
2020-02-13 19:00:00,10.6,1.7,54.0,0.0,,300.0,11.2,,1013.1,,,51.08,2020-02-13
2020-02-13 20:00:00,8.9,0.1,54.0,0.0,,300.0,7.6,,1014.9,,,48.02,2020-02-13
2020-02-13 21:00:00,7.8,-1.7,51.0,0.0,,300.0,11.2,,1016.0,,,46.04,2020-02-13
2020-02-13 22:00:00,6.7,-1.7,55.0,0.0,,310.0,11.2,,1017.2,,,44.06,2020-02-13
2020-02-13 23:00:00,6.7,-1.7,55.0,0.0,,290.0,9.4,,1018.0,,,44.06,2020-02-13
2020-02-14 00:00:00,5.6,-2.7,55.0,0.0,,290.0,7.6,,1018.6,,,42.08,2020-02-14
2020-02-14 01:00:00,4.4,-3.4,57.0,0.0,,280.0,9.4,,1018.9,,,39.92,2020-02-14
2020-02-14 02:00:00,3.3,-3.3,62.0,0.0,,290.0,9.4,,1019.6,,,37.94,2020-02-14
2020-02-14 03:00:00,3.3,-4.9,55.0,0.0,,270.0,5.4,,1019.9,,,37.94,2020-02-14
2020-02-14 04:00:00,2.2,-4.3,62.0,0.0,,0.0,0.0,,1020.2,,,35.96,2020-02-14
2020-02-14 05:00:00,0.6,-3.3,75.0,0.0,,210.0,5.4,,1020.9,,,33.08,2020-02-14
2020-02-14 06:00:00,1.1,-3.2,73.0,0.0,,0.0,0.0,,1021.8,,,33.98,2020-02-14
2020-02-14 07:00:00,2.2,-4.3,62.0,0.0,,220.0,5.4,,1023.1,,,35.96,2020-02-14
2020-02-14 08:00:00,0.0,-3.9,75.0,0.0,,0.0,0.0,,1024.3,,,32.0,2020-02-14
2020-02-14 09:00:00,4.4,-4.9,51.0,0.0,,290.0,7.6,,1025.2,,,39.92,2020-02-14
2020-02-14 10:00:00,5.6,-6.0,43.0,0.0,,290.0,14.8,,1025.8,,,42.08,2020-02-14
2020-02-14 11:00:00,5.6,-7.3,39.0,0.0,,270.0,7.6,,1026.2,,,42.08,2020-02-14
2020-02-14 12:00:00,6.1,-7.9,36.0,0.0,,300.0,11.2,,1026.4,,,42.980000000000004,2020-02-14
2020-02-14 13:00:00,6.7,-7.7,35.0,0.0,,290.0,11.2,,1026.3,,,44.06,2020-02-14
2020-02-14 14:00:00,6.7,-9.3,31.0,0.0,,280.0,7.6,,1026.2,,,44.06,2020-02-14
2020-02-14 15:00:00,7.2,-10.6,27.0,0.0,,280.0,14.8,,1026.3,,,44.96,2020-02-14
2020-02-14 16:00:00,6.7,-12.0,25.0,0.0,,280.0,11.2,,1026.7,,,44.06,2020-02-14
2020-02-14 17:00:00,5.6,-12.0,27.0,0.0,,290.0,13.0,,1027.7,,,42.08,2020-02-14
2020-02-14 18:00:00,3.3,-12.7,30.0,0.0,,300.0,9.4,,1028.8,,,37.94,2020-02-14
2020-02-14 19:00:00,1.7,-13.3,32.0,0.0,,310.0,9.4,,1030.3,,,35.06,2020-02-14
2020-02-14 20:00:00,0.6,-12.8,36.0,0.0,,310.0,7.6,,1031.8,,,33.08,2020-02-14
2020-02-14 21:00:00,-1.1,-11.8,44.0,0.0,,0.0,0.0,,1032.2,,,30.02,2020-02-14
2020-02-14 22:00:00,-1.1,-11.0,47.0,0.0,,310.0,7.6,,1032.9,,,30.02,2020-02-14
2020-02-14 23:00:00,-1.7,-11.8,46.0,0.0,,155.0,5.4,,1033.8,,,28.94,2020-02-14
2020-02-15 00:00:00,-2.2,-11.0,51.0,0.0,,0.0,0.0,,1034.2,,,28.04,2020-02-15
2020-02-15 01:00:00,-3.9,-10.5,60.0,0.0,,60.0,7.6,,1034.5,,,24.98,2020-02-15
2020-02-15 02:00:00,-3.9,-10.5,60.0,0.0,,70.0,7.6,,1034.6,,,24.98,2020-02-15
2020-02-15 03:00:00,-5.0,-11.2,62.0,0.0,,60.0,7.6,,1034.7,,,23.0,2020-02-15
2020-02-15 04:00:00,-5.0,-11.2,62.0,0.0,,30.0,9.4,,1034.9,,,23.0,2020-02-15
2020-02-15 05:00:00,-6.1,-11.6,65.0,0.0,,40.0,11.2,,1035.0,,,21.02,2020-02-15
2020-02-15 06:00:00,-6.7,-12.2,65.0,0.0,,40.0,9.4,,1036.0,,,19.939999999999998,2020-02-15
2020-02-15 07:00:00,-6.7,-12.2,65.0,0.0,,0.0,0.0,,1036.5,,,19.939999999999998,2020-02-15
2020-02-15 08:00:00,-5.0,-11.8,59.0,0.0,,10.0,5.4,,1037.3,,,23.0,2020-02-15
2020-02-15 09:00:00,-3.3,-12.8,48.0,0.0,,20.0,11.2,,1037.8,,,26.060000000000002,2020-02-15
2020-02-15 10:00:00,-2.2,-13.4,42.0,0.0,,60.0,9.4,,1037.4,,,28.04,2020-02-15
2020-02-15 11:00:00,-1.7,-12.1,45.0,0.0,,190.0,9.4,,1036.8,,,28.94,2020-02-15
2020-02-15 12:00:00,0.0,-11.1,43.0,0.0,,220.0,7.6,,1035.6,,,32.0,2020-02-15
2020-02-15 13:00:00,1.7,-10.5,40.0,0.0,,220.0,13.0,,1033.9,,,35.06,2020-02-15
2020-02-15 14:00:00,3.3,-10.0,37.0,0.0,,140.0,13.0,,1032.5,,,37.94,2020-02-15
2020-02-15 15:00:00,3.3,-10.0,37.0,0.0,,190.0,5.4,,1031.5,,,37.94,2020-02-15
2020-02-15 16:00:00,3.9,-9.5,37.0,0.0,,190.0,11.2,,1030.8,,,39.02,2020-02-15
2020-02-15 17:00:00,3.3,-9.4,39.0,0.0,,200.0,13.0,,1030.5,,,37.94,2020-02-15
2020-02-15 18:00:00,1.7,-9.0,45.0,0.0,,220.0,5.4,,1030.6,,,35.06,2020-02-15
2020-02-15 19:00:00,0.0,-8.9,51.0,0.0,,0.0,0.0,,1030.4,,,32.0,2020-02-15
2020-02-15 20:00:00,-1.1,-8.3,58.0,0.0,,0.0,0.0,,1030.0,,,30.02,2020-02-15
2020-02-15 21:00:00,-0.6,-8.8,54.0,0.0,,210.0,5.4,,1029.6,,,30.92,2020-02-15
2020-02-15 22:00:00,-1.1,-8.3,58.0,0.0,,0.0,0.0,,1028.5,,,30.02,2020-02-15
2020-02-15 23:00:00,-0.6,-8.3,56.0,0.0,,200.0,7.6,,1028.1,,,30.92,2020-02-15
2020-02-16 00:00:00,-0.6,-8.3,56.0,0.0,,0.0,0.0,,1027.5,,,30.92,2020-02-16
2020-02-16 01:00:00,-2.2,-6.8,71.0,0.0,,0.0,0.0,,1027.1,,,28.04,2020-02-16
2020-02-16 02:00:00,-2.8,-7.1,72.0,0.0,,210.0,5.4,,1026.8,,,26.96,2020-02-16
2020-02-16 03:00:00,-2.8,-7.1,72.0,0.0,,0.0,0.0,,1026.0,,,26.96,2020-02-16
2020-02-16 04:00:00,-2.2,-7.1,69.0,0.0,,0.0,0.0,,1024.8,,,28.04,2020-02-16
2020-02-16 05:00:00,-0.6,-6.8,63.0,0.0,,230.0,5.4,,1024.8,,,30.92,2020-02-16
2020-02-16 06:00:00,-1.7,-6.1,72.0,0.0,,190.0,9.4,,1024.8,,,28.94,2020-02-16
2020-02-16 07:00:00,-2.2,-6.0,75.0,0.0,,200.0,9.4,,1024.7,,,28.04,2020-02-16
2020-02-16 08:00:00,-1.1,-5.0,75.0,0.0,,200.0,7.6,,1024.2,,,30.02,2020-02-16
2020-02-16 09:00:00,1.7,-3.4,69.0,0.0,,170.0,5.4,,1023.7,,,35.06,2020-02-16
2020-02-16 10:00:00,4.4,-3.9,55.0,0.0,,230.0,7.6,,1023.5,,,39.92,2020-02-16
2020-02-16 11:00:00,6.7,-3.3,49.0,0.0,,230.0,11.2,,1023.2,,,44.06,2020-02-16
2020-02-16 12:00:00,8.9,-2.1,46.0,0.0,,180.0,11.2,,1022.4,,,48.02,2020-02-16
2020-02-16 13:00:00,9.4,-2.2,44.0,0.0,,180.0,11.2,,1021.1,,,48.92,2020-02-16
2020-02-16 14:00:00,10.0,-1.7,44.0,0.0,,200.0,16.6,,1020.3,,,50.0,2020-02-16
2020-02-16 15:00:00,11.1,-1.0,43.0,0.0,,190.0,13.0,,1019.4,,,51.98,2020-02-16
2020-02-16 16:00:00,11.7,-1.1,41.0,0.0,,190.0,16.6,,1019.2,,,53.06,2020-02-16
2020-02-16 17:00:00,10.6,-0.5,46.0,0.0,,200.0,13.0,,1018.9,,,51.08,2020-02-16
2020-02-16 18:00:00,8.3,-0.5,54.0,0.0,,0.0,0.0,,1018.9,,,46.94,2020-02-16
2020-02-16 19:00:00,5.0,0.0,70.0,0.0,,190.0,9.4,,1019.4,,,41.0,2020-02-16
2020-02-16 20:00:00,6.1,-0.6,62.0,0.0,,210.0,7.6,,1019.1,,,42.980000000000004,2020-02-16
2020-02-16 21:00:00,3.9,-0.5,73.0,0.0,,0.0,0.0,,1019.3,,,39.02,2020-02-16
2020-02-16 22:00:00,2.2,-1.1,79.0,0.0,,0.0,0.0,,1019.5,,,35.96,2020-02-16
2020-02-16 23:00:00,2.2,-1.1,79.0,0.0,,0.0,0.0,,1019.4,,,35.96,2020-02-16
2020-02-17 00:00:00,2.8,-0.7,78.0,0.0,,0.0,0.0,,1019.3,,,37.04,2020-02-17
2020-02-17 01:00:00,2.8,0.0,82.0,0.0,,0.0,0.0,,1019.1,,,37.04,2020-02-17
2020-02-17 02:00:00,2.2,-0.1,85.0,0.0,,0.0,0.0,,1019.1,,,35.96,2020-02-17
2020-02-17 03:00:00,1.1,-1.1,85.0,0.0,,0.0,0.0,,1018.8,,,33.98,2020-02-17
2020-02-17 04:00:00,-0.6,-2.2,89.0,0.0,,0.0,0.0,,1019.4,,,30.92,2020-02-17
2020-02-17 05:00:00,3.3,-1.1,73.0,0.0,,350.0,7.6,,1020.2,,,37.94,2020-02-17
2020-02-17 06:00:00,2.8,-1.7,72.0,0.0,,10.0,9.4,,1021.0,,,37.04,2020-02-17
2020-02-17 07:00:00,3.3,-1.7,70.0,0.0,,10.0,9.4,,1021.9,,,37.94,2020-02-17
2020-02-17 08:00:00,5.0,-0.6,67.0,0.0,,20.0,13.0,,1022.1,,,41.0,2020-02-17
2020-02-17 09:00:00,7.2,-0.5,58.0,0.0,,50.0,16.6,,1023.4,,,44.96,2020-02-17
2020-02-17 10:00:00,8.3,0.0,56.0,0.0,,40.0,16.6,,1024.1,,,46.94,2020-02-17
2020-02-17 11:00:00,10.0,0.0,50.0,0.0,,50.0,13.0,,1024.4,,,50.0,2020-02-17
2020-02-17 12:00:00,11.7,0.8,47.0,0.0,,30.0,14.8,,1024.5,,,53.06,2020-02-17
2020-02-17 13:00:00,12.2,0.0,43.0,0.0,,50.0,9.4,,1023.8,,,53.96,2020-02-17
2020-02-17 14:00:00,13.3,0.6,42.0,0.0,,60.0,11.2,,1022.5,,,55.94,2020-02-17
2020-02-17 15:00:00,13.3,0.0,40.0,0.0,,70.0,13.0,,1022.2,,,55.94,2020-02-17
2020-02-17 16:00:00,13.9,0.2,39.0,0.0,,100.0,9.4,,1022.3,,,57.02,2020-02-17
2020-02-17 17:00:00,13.3,-0.7,38.0,0.0,,130.0,9.4,,1022.5,,,55.94,2020-02-17
2020-02-17 18:00:00,10.6,-1.8,42.0,0.0,,130.0,7.6,,1023.0,,,51.08,2020-02-17
2020-02-17 19:00:00,7.2,-1.0,56.0,0.0,,0.0,0.0,,1023.9,,,44.96,2020-02-17
2020-02-17 20:00:00,6.1,-1.8,57.0,0.0,,0.0,0.0,,1024.0,,,42.980000000000004,2020-02-17
2020-02-17 21:00:00,5.6,-1.8,59.0,0.0,,0.0,0.0,,1024.5,,,42.08,2020-02-17
2020-02-17 22:00:00,5.0,-1.7,62.0,0.0,,0.0,0.0,,1024.5,,,41.0,2020-02-17
2020-02-17 23:00:00,5.0,-1.0,65.0,0.0,,0.0,0.0,,1024.1,,,41.0,2020-02-17
2020-02-18 00:00:00,3.9,-0.5,73.0,0.0,,0.0,0.0,,1023.8,,,39.02,2020-02-18
2020-02-18 01:00:00,6.1,1.0,70.0,0.0,,160.0,9.4,,1023.8,,,42.980000000000004,2020-02-18
2020-02-18 02:00:00,5.0,1.1,76.0,0.0,,170.0,9.4,,1023.8,,,41.0,2020-02-18
2020-02-18 03:00:00,4.4,0.5,76.0,0.0,,85.0,5.4,,1023.6,,,39.92,2020-02-18
2020-02-18 04:00:00,2.8,0.0,82.0,0.0,,0.0,0.0,,1023.5,,,37.04,2020-02-18
2020-02-18 05:00:00,1.7,-0.6,85.0,0.0,,0.0,0.0,,1023.5,,5.052631578947368,35.06,2020-02-18
2020-02-18 06:00:00,1.7,-0.6,85.0,0.0,,0.0,0.0,,1023.4,,5.035087719298246,35.06,2020-02-18
2020-02-18 07:00:00,2.2,-0.1,85.0,0.0,,0.0,0.0,,1023.5,,5.017543859649123,35.96,2020-02-18
2020-02-18 08:00:00,2.2,0.6,89.0,0.0,,0.0,0.0,,1023.6,,5.0,35.96,2020-02-18
2020-02-18 09:00:00,6.7,2.2,73.0,0.0,,0.0,0.0,,1023.3,,5.5,44.06,2020-02-18
2020-02-18 10:00:00,8.3,1.7,63.0,0.0,,210.0,14.8,,1023.2,,6.0,46.94,2020-02-18
2020-02-18 11:00:00,8.3,2.7,68.0,0.0,,180.0,14.8,,1022.6,,6.5,46.94,2020-02-18
2020-02-18 12:00:00,9.4,3.4,66.0,0.0,,200.0,13.0,,1021.9,,7.0,48.92,2020-02-18
2020-02-18 13:00:00,9.4,4.4,71.0,0.15,,200.0,11.2,,1020.3,,7.0,48.92,2020-02-18
2020-02-18 14:00:00,10.0,6.7,80.0,0.3,,190.0,13.0,,1018.8,,7.0,50.0,2020-02-18
2020-02-18 15:00:00,10.6,8.4,86.0,0.3,,200.0,14.8,,1018.4,,7.0,51.08,2020-02-18
2020-02-18 16:00:00,10.0,8.9,93.0,0.8,,220.0,5.4,,1017.4,,5.0,50.0,2020-02-18
2020-02-18 17:00:00,10.6,9.4,92.0,0.6333333333333334,,220.0,5.4,,1017.8,,7.0,51.08,2020-02-18
2020-02-18 18:00:00,10.6,9.4,92.0,0.46666666666666673,,190.0,7.6,,1018.0,,7.0,51.08,2020-02-18
2020-02-18 19:00:00,10.0,9.4,96.0,0.3,,230.0,5.4,,1017.7,,5.0,50.0,2020-02-18
2020-02-18 20:00:00,10.0,8.9,93.0,0.3,,0.0,0.0,,1017.5,,7.0,50.0,2020-02-18
2020-02-18 21:00:00,8.9,8.3,96.0,0.3,,170.0,7.6,,1017.4,,5.0,48.02,2020-02-18
2020-02-18 22:00:00,8.9,8.3,96.0,0.3,,0.0,0.0,,1017.8,,7.0,48.02,2020-02-18
2020-02-18 23:00:00,8.9,8.3,96.0,0.3,,200.0,7.6,,1017.8,,7.0,48.02,2020-02-18
2020-02-19 00:00:00,10.0,8.9,93.0,0.3,,0.0,0.0,,1018.0,,7.0,50.0,2020-02-19
2020-02-19 01:00:00,10.6,8.9,89.0,0.3,,320.0,7.6,,1018.4,,7.0,51.08,2020-02-19
2020-02-19 02:00:00,10.6,6.7,77.0,0.0,,10.0,11.2,,1018.9,,7.0,51.08,2020-02-19
2020-02-19 03:00:00,10.0,6.2,77.0,0.0,,360.0,11.2,,1019.7,,7.0,50.0,2020-02-19
2020-02-19 04:00:00,10.0,5.0,71.0,0.0,,343.3333333333333,7.6,,1019.9,,7.0,50.0,2020-02-19
2020-02-19 05:00:00,9.4,4.4,71.0,0.0,,326.6666666666667,9.4,,1021.3,,7.0,48.92,2020-02-19
2020-02-19 06:00:00,9.4,4.0,69.0,0.0,,310.0,5.4,,1022.3,,7.0,48.92,2020-02-19
2020-02-19 07:00:00,8.9,1.8,61.0,0.0,,10.0,5.4,,1023.6,,7.0,48.02,2020-02-19
2020-02-19 08:00:00,8.9,0.1,54.0,0.0,,10.0,5.4,,1024.7,,,48.02,2020-02-19
2020-02-19 09:00:00,9.4,0.0,52.0,0.0,,360.0,5.4,,1026.1,,,48.92,2020-02-19
2020-02-19 10:00:00,10.0,0.0,50.0,0.0,,360.0,13.0,,1027.0,,,50.0,2020-02-19
2020-02-19 11:00:00,10.6,-1.8,42.0,0.0,,342.0,7.6,,1027.6,,,51.08,2020-02-19
2020-02-19 12:00:00,11.1,-6.3,29.0,0.0,,324.0,9.4,,1027.5,,,51.98,2020-02-19
2020-02-19 13:00:00,11.1,-6.7,28.0,0.0,,306.0,9.4,,1027.2,,,51.98,2020-02-19
2020-02-19 14:00:00,11.1,-9.3,23.0,0.0,,288.0,11.2,,1027.1,,,51.98,2020-02-19
2020-02-19 15:00:00,11.1,-10.4,21.0,0.0,,270.0,7.6,,1027.2,,,51.98,2020-02-19
2020-02-19 16:00:00,12.2,-8.9,22.0,0.0,,270.0,11.2,,1027.3,,,53.96,2020-02-19
2020-02-19 17:00:00,11.7,-11.9,18.0,0.0,,135.0,7.6,,1027.2,,,53.06,2020-02-19
2020-02-19 18:00:00,8.3,-10.1,26.0,0.0,,0.0,0.0,,1028.1,,,46.94,2020-02-19
2020-02-19 19:00:00,4.4,-8.4,39.0,0.0,,270.0,5.4,,1028.8,,,39.92,2020-02-19
2020-02-19 20:00:00,3.3,-7.8,44.0,0.0,,0.0,0.0,,1029.4,,,37.94,2020-02-19
2020-02-19 21:00:00,1.7,-6.6,54.0,0.0,,0.0,0.0,,1029.6,,,35.06,2020-02-19
2020-02-19 22:00:00,5.0,-8.9,36.0,0.0,,360.0,5.4,,1030.0,,,41.0,2020-02-19
2020-02-19 23:00:00,0.6,-5.6,63.0,0.0,,350.0,5.4,,1030.0,,,33.08,2020-02-19
2020-02-20 00:00:00,3.9,-7.3,44.0,0.0,,360.0,11.2,,1029.6,,,39.02,2020-02-20
2020-02-20 01:00:00,3.9,-7.3,44.0,0.0,,10.0,7.6,,1029.4,,,39.02,2020-02-20
2020-02-20 02:00:00,2.2,-6.6,52.0,0.0,,0.0,0.0,,1029.4,,,35.96,2020-02-20
2020-02-20 03:00:00,1.7,-5.7,58.0,0.0,,0.0,0.0,,1028.9,,,35.06,2020-02-20
2020-02-20 04:00:00,1.1,-5.0,64.0,0.0,,0.0,0.0,,1028.6,,,33.98,2020-02-20
2020-02-20 05:00:00,1.1,-4.0,69.0,0.0,,0.0,0.0,,1029.1,,,33.98,2020-02-20
2020-02-20 06:00:00,2.8,-4.9,57.0,0.0,,10.0,5.4,,1029.5,,,37.04,2020-02-20
2020-02-20 07:00:00,2.2,-5.7,56.0,0.0,,20.0,7.6,,1030.0,,,35.96,2020-02-20
2020-02-20 08:00:00,2.8,-5.6,54.0,0.0,,0.0,0.0,,1030.7,,,37.04,2020-02-20
2020-02-20 09:00:00,3.9,-7.3,44.0,0.0,,70.0,11.2,,1030.9,,,39.02,2020-02-20
2020-02-20 10:00:00,3.9,-7.3,44.0,0.0,,50.0,9.4,,1031.3,,,39.02,2020-02-20
2020-02-20 11:00:00,3.9,-6.7,46.0,0.0,,30.0,13.0,,1031.0,,,39.02,2020-02-20
2020-02-20 12:00:00,3.9,-6.7,46.0,0.0,,50.0,11.2,,1030.8,,,39.02,2020-02-20
2020-02-20 13:00:00,4.4,-6.2,46.0,0.0,,40.0,11.2,,1029.5,,,39.92,2020-02-20
2020-02-20 14:00:00,4.4,-6.8,44.0,0.0,,60.0,9.4,,1028.9,,,39.92,2020-02-20
2020-02-20 15:00:00,3.9,-6.7,46.0,0.0,,90.0,5.4,,1027.8,,,39.02,2020-02-20
2020-02-20 16:00:00,3.3,-5.6,52.0,0.0,,100.0,7.6,,1027.7,,,37.94,2020-02-20
2020-02-20 17:00:00,2.8,-4.4,59.0,0.0,,150.0,9.4,,1027.7,,,37.04,2020-02-20
2020-02-20 18:00:00,2.2,-3.9,64.0,0.0,,130.0,7.6,,1027.6,,,35.96,2020-02-20
2020-02-20 19:00:00,1.7,-2.3,75.0,0.0,,150.0,5.4,,1027.7,,,35.06,2020-02-20
2020-02-20 20:00:00,1.1,-2.1,79.0,0.0,,200.0,5.4,,1027.8,,,33.98,2020-02-20
2020-02-20 21:00:00,1.1,-2.1,79.0,0.0,,0.0,0.0,,1027.8,,,33.98,2020-02-20
2020-02-20 22:00:00,1.7,-4.4,64.0,0.0,,10.0,7.6,,1028.1,,,35.06,2020-02-20
2020-02-20 23:00:00,1.7,-4.4,64.0,0.0,,30.0,9.4,,1028.4,,,35.06,2020-02-20
2020-02-21 00:00:00,1.7,-6.6,54.0,0.0,,40.0,16.6,,1028.6,,,35.06,2020-02-21
2020-02-21 01:00:00,1.1,-7.2,54.0,0.0,,30.0,18.4,,1028.7,,,33.98,2020-02-21
2020-02-21 02:00:00,0.0,-8.2,54.0,0.0,,40.0,18.4,,1028.5,,,32.0,2020-02-21
2020-02-21 03:00:00,0.0,-8.2,54.0,0.0,,30.0,14.8,,1028.7,,,32.0,2020-02-21
2020-02-21 04:00:00,-0.6,-8.8,54.0,0.0,,10.0,13.0,,1028.9,,,30.92,2020-02-21
2020-02-21 05:00:00,-1.7,-10.0,53.0,0.0,,20.0,16.6,,1029.9,,,28.94,2020-02-21
2020-02-21 06:00:00,-2.8,-11.1,53.0,0.0,,20.0,14.8,,1030.9,,,26.96,2020-02-21
2020-02-21 07:00:00,-3.3,-11.8,52.0,0.0,,20.0,11.2,,1031.6,,,26.060000000000002,2020-02-21
2020-02-21 08:00:00,-2.8,-12.3,48.0,0.0,,30.0,13.0,,1032.6,,,26.96,2020-02-21
2020-02-21 09:00:00,-1.1,-12.7,41.0,0.0,,20.0,18.4,,1033.2,,,30.02,2020-02-21
2020-02-21 10:00:00,0.0,-11.7,41.0,0.0,,40.0,11.2,,1033.5,,,32.0,2020-02-21
2020-02-21 11:00:00,1.7,-12.9,33.0,0.0,,10.0,11.2,,1033.6,,,35.06,2020-02-21
2020-02-21 12:00:00,2.8,-13.9,28.0,0.0,,5.0,11.2,,1033.4,,,37.04,2020-02-21
2020-02-21 13:00:00,3.9,-13.9,26.0,0.0,,0.0,0.0,,1032.9,,,39.02,2020-02-21
2020-02-21 14:00:00,4.4,-14.4,24.0,0.0,,105.0,7.6,,1032.0,,,39.92,2020-02-21
2020-02-21 15:00:00,5.6,-15.6,20.0,0.0,,210.0,5.4,,1031.3,,,42.08,2020-02-21
2020-02-21 16:00:00,5.6,-16.9,18.0,0.0,,210.0,7.6,,1031.0,,,42.08,2020-02-21
2020-02-21 17:00:00,6.1,-16.5,18.0,0.0,,0.0,0.0,,1030.7,,,42.980000000000004,2020-02-21
2020-02-21 18:00:00,3.3,-14.9,25.0,0.0,,130.0,7.6,,1031.0,,,37.94,2020-02-21
2020-02-21 19:00:00,1.7,-14.9,28.0,0.0,,0.0,0.0,,1031.5,,,35.06,2020-02-21
2020-02-21 20:00:00,-0.6,-14.9,33.0,0.0,,0.0,0.0,,1031.9,,,30.92,2020-02-21
2020-02-21 21:00:00,-1.7,-14.8,36.0,0.0,,0.0,0.0,,1032.2,,,28.94,2020-02-21
2020-02-21 22:00:00,-2.8,-12.3,48.0,0.0,,0.0,0.0,,1032.2,,,26.96,2020-02-21
2020-02-21 23:00:00,-3.3,-12.3,50.0,0.0,,0.0,0.0,,1031.9,,,26.060000000000002,2020-02-21
2020-02-22 00:00:00,-3.9,-13.3,48.0,0.0,,0.0,0.0,,1031.0,,,24.98,2020-02-22
2020-02-22 01:00:00,-3.9,-12.1,53.0,0.0,,0.0,0.0,,1030.5,,,24.98,2020-02-22
2020-02-22 02:00:00,-5.0,-11.8,59.0,0.0,,0.0,0.0,,1029.9,,,23.0,2020-02-22
2020-02-22 03:00:00,-5.6,-12.1,60.0,0.0,,0.0,0.0,,1029.4,,,21.92,2020-02-22
2020-02-22 04:00:00,-4.4,-12.1,55.0,0.0,,0.0,0.0,,1028.9,,,24.08,2020-02-22
2020-02-22 05:00:00,-6.7,-11.1,71.0,0.0,,0.0,0.0,,1029.1,,,19.939999999999998,2020-02-22
2020-02-22 06:00:00,-6.1,-11.0,68.0,0.0,,200.0,5.4,,1029.6,,,21.02,2020-02-22
2020-02-22 07:00:00,-6.1,-11.0,68.0,0.0,,220.0,5.4,,1029.9,,,21.02,2020-02-22
2020-02-22 08:00:00,-3.9,-8.9,68.0,0.0,,0.0,0.0,,1030.2,,,24.98,2020-02-22
2020-02-22 09:00:00,0.6,-8.9,49.0,0.0,,0.0,0.0,,1030.5,,,33.08,2020-02-22
2020-02-22 10:00:00,5.6,-14.5,22.0,0.0,,95.0,9.4,,1030.4,,,42.08,2020-02-22
2020-02-22 11:00:00,7.8,-16.5,16.0,0.0,,190.0,5.4,,1029.9,,,46.04,2020-02-22
2020-02-22 12:00:00,10.0,-15.5,15.0,0.0,,190.0,9.4,,1029.4,,,50.0,2020-02-22
2020-02-22 13:00:00,11.7,-15.9,13.0,0.0,,210.0,14.8,,1028.0,,,53.06,2020-02-22
2020-02-22 14:00:00,12.8,-17.0,11.0,0.0,,250.0,9.4,,1026.7,,,55.04,2020-02-22
2020-02-22 15:00:00,13.3,-15.6,12.0,0.0,,200.0,14.8,,1026.2,,,55.94,2020-02-22
2020-02-22 16:00:00,12.8,-16.0,12.0,0.0,,230.0,13.0,,1025.9,,,55.04,2020-02-22
2020-02-22 17:00:00,12.8,-14.1,14.0,0.0,,210.0,11.2,,1025.7,,,55.04,2020-02-22
2020-02-22 18:00:00,11.1,-13.8,16.0,0.0,,210.0,7.6,,1025.6,,,51.98,2020-02-22
2020-02-22 19:00:00,7.2,-12.6,23.0,0.0,,230.0,7.6,,1026.0,,,44.96,2020-02-22
2020-02-22 20:00:00,3.9,-10.9,33.0,0.0,,0.0,0.0,,1026.2,,,39.02,2020-02-22
2020-02-22 21:00:00,4.4,-11.3,31.0,0.0,,230.0,9.4,,1025.9,,,39.92,2020-02-22
2020-02-22 22:00:00,-0.6,-8.3,56.0,0.0,,210.0,5.4,,1026.1,,,30.92,2020-02-22
2020-02-22 23:00:00,-1.1,-8.3,58.0,0.0,,0.0,0.0,,1026.0,,,30.02,2020-02-22
2020-02-23 00:00:00,-1.7,-8.2,61.0,0.0,,0.0,0.0,,1025.5,,,28.94,2020-02-23
2020-02-23 01:00:00,-1.1,-9.0,55.0,0.0,,230.0,5.4,,1025.0,,,30.02,2020-02-23
2020-02-23 02:00:00,-4.4,-9.4,68.0,0.0,,200.0,5.4,,1025.3,,,24.08,2020-02-23
2020-02-23 03:00:00,-1.7,-8.2,61.0,0.0,,0.0,0.0,,1024.4,,,28.94,2020-02-23
2020-02-23 04:00:00,-4.4,-8.9,71.0,0.0,,0.0,0.0,,1024.5,,,24.08,2020-02-23
2020-02-23 05:00:00,-3.3,-8.9,65.0,0.0,,0.0,0.0,,1024.8,,,26.060000000000002,2020-02-23
2020-02-23 06:00:00,-3.9,-9.3,66.0,0.0,,0.0,0.0,,1025.3,,,24.98,2020-02-23
2020-02-23 07:00:00,-3.9,-8.9,68.0,0.0,,0.0,0.0,,1025.0,,,24.98,2020-02-23
2020-02-23 08:00:00,-1.7,-6.6,69.0,0.0,,0.0,0.0,,1025.3,,,28.94,2020-02-23
2020-02-23 09:00:00,5.0,-4.3,51.0,0.0,,190.0,7.6,,1025.1,,,41.0,2020-02-23
2020-02-23 10:00:00,10.6,-9.7,23.0,0.0,,240.0,7.6,,1024.8,,,51.08,2020-02-23
2020-02-23 11:00:00,11.7,-11.2,19.0,0.0,,230.0,5.4,,1024.5,,,53.06,2020-02-23
2020-02-23 12:00:00,14.4,-13.7,13.0,0.0,,220.0,9.4,,1023.6,,,57.92,2020-02-23
2020-02-23 13:00:00,15.6,-11.8,14.0,0.0,,220.0,16.6,,1022.3,,,60.08,2020-02-23
2020-02-23 14:00:00,16.7,-12.9,12.0,0.0,,260.0,15.0,,1020.8,,,62.059999999999995,2020-02-23
2020-02-23 15:00:00,17.2,-11.5,13.0,0.0,,260.0,14.8,,1020.0,,,62.959999999999994,2020-02-23
2020-02-23 16:00:00,16.7,-11.0,14.0,0.0,,190.0,14.8,,1019.6,,,62.059999999999995,2020-02-23
2020-02-23 17:00:00,15.0,-7.8,20.0,0.0,,200.0,13.0,,1019.6,,,59.0,2020-02-23
2020-02-23 18:00:00,12.8,-6.3,26.0,0.0,,190.0,7.6,,1019.5,,,55.04,2020-02-23
2020-02-23 19:00:00,11.7,-4.9,31.0,0.0,,190.0,7.6,,1019.8,,,53.06,2020-02-23
2020-02-23 20:00:00,10.6,-4.2,35.0,0.0,,190.0,5.4,,1019.9,,,51.08,2020-02-23
2020-02-23 21:00:00,9.4,-3.9,39.0,0.0,,190.0,5.4,,1019.6,,,48.92,2020-02-23
2020-02-23 22:00:00,7.2,-4.3,44.0,0.0,,190.0,5.4,,1019.5,,,44.96,2020-02-23
2020-02-23 23:00:00,5.0,-3.3,55.0,0.0,,0.0,0.0,,1019.2,,,41.0,2020-02-23
2020-02-24 00:00:00,6.1,-3.8,49.0,0.0,,210.0,5.4,,1018.8,,,42.980000000000004,2020-02-24
2020-02-24 01:00:00,5.0,-3.8,53.0,0.0,,0.0,0.0,,1018.4,,,41.0,2020-02-24
2020-02-24 02:00:00,4.4,-3.9,55.0,0.0,,230.0,5.4,,1018.3,,,39.92,2020-02-24
2020-02-24 03:00:00,0.6,-4.4,69.0,0.0,,220.0,5.4,,1017.9,,,33.08,2020-02-24
2020-02-24 04:00:00,-0.6,-4.0,78.0,0.0,,170.0,5.4,,1017.2,,,30.92,2020-02-24
2020-02-24 05:00:00,1.7,-3.4,69.0,0.0,,200.0,5.4,,1017.4,,,35.06,2020-02-24
2020-02-24 06:00:00,1.1,-3.2,73.0,0.0,,0.0,0.0,,1017.4,,,33.98,2020-02-24
2020-02-24 07:00:00,2.2,-2.7,70.0,0.0,,220.0,7.6,,1017.7,,,35.96,2020-02-24
2020-02-24 08:00:00,4.4,-1.0,68.0,0.0,,220.0,9.4,,1018.1,,7.0,39.92,2020-02-24
2020-02-24 09:00:00,6.1,-1.1,60.0,0.0,,190.0,17.0,,1018.5,,7.0,42.980000000000004,2020-02-24
2020-02-24 10:00:00,7.2,-1.0,56.0,0.0,,190.0,16.6,,1018.7,,7.0,44.96,2020-02-24
2020-02-24 11:00:00,10.0,-1.1,46.0,0.0,,200.0,14.8,,1018.5,,7.0,50.0,2020-02-24
2020-02-24 12:00:00,10.0,2.1,58.0,0.0,,250.0,11.2,,1018.3,,7.0,50.0,2020-02-24
2020-02-24 13:00:00,11.1,1.6,52.0,0.0,,200.0,9.4,,1016.9,,7.0,51.98,2020-02-24
2020-02-24 14:00:00,11.7,1.6,50.0,0.0,,190.0,9.4,,1015.3,,7.0,53.06,2020-02-24
2020-02-24 15:00:00,12.2,1.8,49.0,0.0,,220.0,13.0,,1015.0,,,53.96,2020-02-24
2020-02-24 16:00:00,11.7,1.6,50.0,0.0,,190.0,14.8,,1014.6,,,53.06,2020-02-24
2020-02-24 17:00:00,12.2,1.2,47.0,0.0,,210.0,14.8,,1014.5,,7.0,53.96,2020-02-24
2020-02-24 18:00:00,11.1,1.1,50.0,0.0,,210.0,9.4,,1014.8,,7.0,51.98,2020-02-24
2020-02-24 19:00:00,10.0,1.6,56.0,0.0,,0.0,0.0,,1014.7,,7.0,50.0,2020-02-24
2020-02-24 20:00:00,9.4,2.3,61.0,0.0,,190.0,7.6,,1014.5,,7.0,48.92,2020-02-24
2020-02-24 21:00:00,8.3,5.6,83.0,0.3,,200.0,13.0,,1014.4,,7.0,46.94,2020-02-24
2020-02-24 22:00:00,7.2,6.1,93.0,0.5,,190.0,9.4,,1013.9,,7.0,44.96,2020-02-24
2020-02-24 23:00:00,7.2,6.1,93.0,0.5,,210.0,13.0,,1013.6,,6.0,44.96,2020-02-24
2020-02-25 00:00:00,7.2,6.1,93.0,0.0,,190.0,13.0,,1012.4,,5.0,44.96,2020-02-25
2020-02-25 01:00:00,7.2,6.1,93.0,0.0,,200.0,13.0,,1012.4,,7.0,44.96,2020-02-25
2020-02-25 02:00:00,7.2,6.8,97.0,0.5,,190.0,14.8,,1011.6,,7.0,44.96,2020-02-25
2020-02-25 03:00:00,7.8,6.7,93.0,1.0,,170.0,9.4,,1011.0,,8.0,46.04,2020-02-25
2020-02-25 04:00:00,7.2,6.8,97.0,2.0,,0.0,0.0,,1010.2,,7.0,44.96,2020-02-25
2020-02-25 05:00:00,7.8,6.7,93.0,2.0,,0.0,0.0,,1009.8,,7.0,46.04,2020-02-25
2020-02-25 06:00:00,7.8,6.7,93.0,0.3,,0.0,0.0,,1009.9,,5.0,46.04,2020-02-25
2020-02-25 07:00:00,7.8,6.7,93.0,0.22499999999999998,,0.0,0.0,,1009.5,,7.0,46.04,2020-02-25
2020-02-25 08:00:00,7.8,7.2,96.0,0.15,,0.0,0.0,,1009.65,,5.0,46.04,2020-02-25
2020-02-25 09:00:00,8.3,7.2,93.0,0.07500000000000001,,0.0,0.0,,1009.8,,5.0,46.94,2020-02-25
2020-02-25 10:00:00,9.4,7.8,90.0,0.0,,210.0,5.4,,1009.8,,5.0,48.92,2020-02-25
2020-02-25 11:00:00,10.6,8.9,89.0,0.0,,190.0,11.2,,1009.5,,5.0,51.08,2020-02-25
2020-02-25 12:00:00,11.1,8.8,86.0,0.0,,240.0,7.6,,1009.1,,5.0,51.98,2020-02-25
2020-02-25 13:00:00,12.2,9.4,83.0,0.0,,240.0,9.4,,1008.9,,,53.96,2020-02-25
2020-02-25 14:00:00,12.8,9.4,80.0,0.0,,200.0,7.6,,1008.2,,,55.04,2020-02-25
2020-02-25 15:00:00,16.1,10.6,70.0,0.0,,200.0,9.0,,1007.8,,,60.980000000000004,2020-02-25
2020-02-25 16:00:00,16.1,10.6,70.0,0.0,,200.0,9.4,,1007.7,,,60.980000000000004,2020-02-25
2020-02-25 17:00:00,15.6,10.6,72.0,0.0,,150.0,9.4,,1007.9,,,60.08,2020-02-25
2020-02-25 18:00:00,13.9,10.7,81.0,0.0,,170.0,7.6,,1008.7,,,57.02,2020-02-25
2020-02-25 19:00:00,12.2,9.9,86.0,0.0,,190.0,9.4,,1009.4,,5.0,53.96,2020-02-25
2020-02-25 20:00:00,11.1,10.0,93.0,0.0,,0.0,0.0,,1009.9,,5.0,51.98,2020-02-25
2020-02-25 21:00:00,10.0,8.9,93.0,0.0,,0.0,0.0,,1010.3,,5.0,50.0,2020-02-25
2020-02-25 22:00:00,11.1,10.0,93.0,0.0,,200.0,5.4,,1010.5,,5.0,51.98,2020-02-25
2020-02-25 23:00:00,8.9,8.3,96.0,0.0,,0.0,0.0,,1010.4,,5.0,48.02,2020-02-25
2020-02-26 00:00:00,8.3,7.9,97.0,0.0,,0.0,0.0,,1010.0,,5.0,46.94,2020-02-26
2020-02-26 01:00:00,6.7,6.1,96.0,0.0,,0.0,0.0,,1010.15,,5.0,44.06,2020-02-26
2020-02-26 02:00:00,6.1,5.7,97.0,0.0,,0.0,0.0,,1010.3,,5.0,42.980000000000004,2020-02-26
2020-02-26 03:00:00,6.7,5.6,93.0,0.0,,0.0,0.0,,1009.7,,5.0,44.06,2020-02-26
2020-02-26 04:00:00,5.6,5.0,96.0,0.0,,0.0,0.0,,1010.0,,5.0,42.08,2020-02-26
2020-02-26 05:00:00,5.6,5.0,96.0,0.0,,0.0,0.0,,1010.5,,5.0,42.08,2020-02-26
2020-02-26 06:00:00,7.2,6.8,97.0,0.0,,0.0,0.0,,1011.0,,5.0,44.96,2020-02-26
2020-02-26 07:00:00,8.9,8.3,96.0,0.0,,50.0,9.4,,1011.4,,5.0,48.02,2020-02-26
2020-02-26 08:00:00,9.4,8.3,93.0,0.0,,30.0,11.2,,1012.0,,5.0,48.92,2020-02-26
2020-02-26 09:00:00,10.0,9.4,96.0,0.0,,40.0,13.0,,1012.6,,5.0,50.0,2020-02-26
2020-02-26 10:00:00,10.0,10.0,100.0,0.0,,50.0,9.4,,1011.9,,5.0,50.0,2020-02-26
2020-02-26 11:00:00,10.6,9.4,92.0,0.0,,100.0,14.8,,1011.6,,5.0,51.08,2020-02-26
2020-02-26 12:00:00,11.7,9.4,86.0,0.0,,100.0,11.2,,1010.55,,5.375,53.06,2020-02-26
2020-02-26 13:00:00,12.2,9.4,83.0,0.0,,80.0,9.4,,1009.5,,5.75,53.96,2020-02-26
2020-02-26 14:00:00,13.3,9.4,77.0,0.0,,50.0,9.4,,1007.9,,6.125,55.94,2020-02-26
2020-02-26 15:00:00,13.3,9.4,77.0,0.0,,100.0,7.6,,1007.4,,,55.94,2020-02-26
2020-02-26 16:00:00,13.9,9.9,77.0,0.0,,160.0,13.0,,1006.4,,6.875,57.02,2020-02-26
2020-02-26 17:00:00,13.3,9.9,80.0,0.0,,120.0,13.0,,1005.2,,7.25,55.94,2020-02-26
2020-02-26 18:00:00,12.8,10.0,83.0,0.0,,120.0,7.6,,1004.0,,7.625,55.04,2020-02-26
2020-02-26 19:00:00,12.8,10.0,83.0,0.0,,180.0,11.2,,1002.7,,8.0,55.04,2020-02-26
2020-02-26 20:00:00,12.2,11.1,93.0,9.1,,200.0,13.0,,1001.6,,9.0,53.96,2020-02-26
2020-02-26 21:00:00,10.0,7.2,83.0,4.3,,260.0,18.4,,1002.2,,7.0,50.0,2020-02-26
2020-02-26 22:00:00,8.3,4.3,76.0,0.3,,270.0,14.8,,1003.6,,7.162790697674419,46.94,2020-02-26
2020-02-26 23:00:00,6.7,1.6,70.0,0.15,,280.0,13.0,,1005.2,,7.325581395348837,44.06,2020-02-26
2020-02-27 00:00:00,6.1,0.6,68.0,0.0,,270.0,9.4,,1004.8,,7.488372093023256,42.980000000000004,2020-02-27
2020-02-27 01:00:00,5.6,-1.1,62.0,0.0,,280.0,11.2,,1005.0,,,42.08,2020-02-27
2020-02-27 02:00:00,5.0,-2.1,60.0,0.0,,290.0,9.4,,1006.0,,,41.0,2020-02-27
2020-02-27 03:00:00,4.4,-2.7,60.0,0.0,,300.0,18.4,,1006.5,,,39.92,2020-02-27
2020-02-27 04:00:00,3.9,-3.9,57.0,0.0,,280.0,13.0,,1007.1,,,39.02,2020-02-27
2020-02-27 05:00:00,2.8,-5.6,54.0,0.0,,280.0,14.8,,1007.7,,,37.04,2020-02-27
2020-02-27 06:00:00,2.2,-7.2,50.0,0.0,,290.0,24.1,,1008.9,,,35.96,2020-02-27
2020-02-27 07:00:00,1.1,-8.2,50.0,0.0,,270.0,13.0,,1010.2,,,33.98,2020-02-27
2020-02-27 08:00:00,1.7,-8.4,47.0,0.0,,270.0,18.4,,1011.1,,,35.06,2020-02-27
2020-02-27 09:00:00,2.2,-8.2,46.0,0.0,,300.0,25.9,,1011.9,,,35.96,2020-02-27
2020-02-27 10:00:00,3.9,-7.3,44.0,0.0,,270.0,22.3,,1013.1,,,39.02,2020-02-27
2020-02-27 11:00:00,4.4,-7.7,41.0,0.0,,280.0,9.4,,1013.6,,,39.92,2020-02-27
2020-02-27 12:00:00,5.0,-7.8,39.0,0.0,,280.0,14.8,,1013.9,,,41.0,2020-02-27
2020-02-27 13:00:00,5.0,-9.2,35.0,0.0,,240.0,16.6,,1013.6,,,41.0,2020-02-27
2020-02-27 14:00:00,5.6,-8.3,36.0,0.0,,250.0,20.5,,1013.2,,,42.08,2020-02-27
2020-02-27 15:00:00,6.1,-9.4,32.0,0.0,,270.0,18.4,,1013.2,,,42.980000000000004,2020-02-27
2020-02-27 16:00:00,6.7,-10.1,29.0,0.0,,280.0,16.6,,1013.3,,,44.06,2020-02-27
2020-02-27 17:00:00,5.6,-11.1,29.0,0.0,,280.0,20.5,,1014.0,,,42.08,2020-02-27
2020-02-27 18:00:00,3.9,-10.6,34.0,0.0,,290.0,18.4,,1015.2,,,39.02,2020-02-27
2020-02-27 19:00:00,2.8,-10.5,37.0,0.0,,280.0,14.8,,1016.1,,,37.04,2020-02-27
2020-02-27 20:00:00,2.2,-10.0,40.0,0.0,,290.0,11.2,,1017.0,,,35.96,2020-02-27
2020-02-27 21:00:00,1.1,-10.1,43.0,0.0,,290.0,9.4,,1017.8,,,33.98,2020-02-27
2020-02-27 22:00:00,1.1,-9.2,46.0,0.0,,275.0,9.4,,1017.8,,,33.98,2020-02-27
2020-02-27 23:00:00,1.1,-10.1,43.0,0.0,,260.0,9.4,,1017.7,,,33.98,2020-02-27
2020-02-28 00:00:00,0.0,-10.5,45.0,0.0,,250.0,7.6,,1017.5,,,32.0,2020-02-28
2020-02-28 01:00:00,0.0,-10.5,45.0,0.0,,260.0,7.6,,1017.3,,,32.0,2020-02-28
2020-02-28 02:00:00,-2.2,-10.0,55.0,0.0,,150.0,5.4,,1017.0,,,28.04,2020-02-28
2020-02-28 03:00:00,-1.7,-10.0,53.0,0.0,,220.0,11.2,,1016.0,,,28.94,2020-02-28
2020-02-28 04:00:00,-1.1,-9.5,53.0,0.0,,220.0,9.4,,1015.9,,,30.02,2020-02-28
2020-02-28 05:00:00,-0.6,-8.8,54.0,0.0,,210.0,5.4,,1016.1,,,30.92,2020-02-28
2020-02-28 06:00:00,-1.7,-7.2,66.0,0.0,,200.0,11.2,,1016.2,,,28.94,2020-02-28
2020-02-28 07:00:00,-1.7,-7.8,63.0,0.0,,200.0,7.6,,1016.2,,,28.94,2020-02-28
2020-02-28 08:00:00,-0.6,-6.8,63.0,0.0,,200.0,9.4,,1016.3,,,30.92,2020-02-28
2020-02-28 09:00:00,1.7,-6.6,54.0,0.0,,190.0,14.8,,1016.0,,,35.06,2020-02-28
2020-02-28 10:00:00,5.6,-6.6,41.0,0.0,,210.0,25.9,,1015.0,,,42.08,2020-02-28
2020-02-28 11:00:00,6.7,-6.0,40.0,0.0,,250.0,16.6,,1014.7,,,44.06,2020-02-28
2020-02-28 12:00:00,6.7,-6.0,40.0,0.0,,250.0,11.2,,1014.6,,,44.06,2020-02-28
2020-02-28 13:00:00,6.7,-5.6,41.0,0.0,,250.0,11.2,,1014.0,,13.511627906976745,44.06,2020-02-28
2020-02-28 14:00:00,7.2,-4.9,42.0,0.0,,250.0,22.3,,1013.2,,13.674418604651162,44.96,2020-02-28
2020-02-28 15:00:00,6.7,-4.4,45.0,0.0,,220.0,13.0,,1012.8,,13.837209302325583,44.06,2020-02-28
2020-02-28 16:00:00,6.7,-4.4,45.0,0.0,,250.0,7.6,,1012.8,,14.0,44.06,2020-02-28
2020-02-28 17:00:00,5.6,-2.7,55.0,0.0,,290.0,20.5,,1013.2,,13.906666666666666,42.08,2020-02-28
2020-02-28 18:00:00,5.6,-4.0,50.0,0.0,,280.0,13.0,,1013.3,,13.813333333333333,42.08,2020-02-28
2020-02-28 19:00:00,4.4,-3.9,55.0,0.0,,250.0,7.6,,1013.9,,13.72,39.92,2020-02-28
2020-02-28 20:00:00,3.3,-3.3,62.0,0.0,,220.0,7.6,,1014.4,,,37.94,2020-02-28
2020-02-28 21:00:00,2.2,-3.3,67.0,0.0,,220.0,7.6,,1014.6,,,35.96,2020-02-28
2020-02-28 22:00:00,1.1,-3.2,73.0,0.0,,230.0,5.4,,1015.0,,,33.98,2020-02-28
2020-02-28 23:00:00,1.1,-5.0,64.0,0.0,,220.0,5.4,,1014.8,,,33.98,2020-02-28
2020-02-29 00:00:00,0.6,-5.0,66.0,0.0,,220.0,5.4,,1014.3,,,33.08,2020-02-29
2020-02-29 01:00:00,0.0,-5.0,69.0,0.0,,0.0,0.0,,1014.0,,,32.0,2020-02-29
2020-02-29 02:00:00,-0.6,-5.6,69.0,0.0,,230.0,5.4,,1013.9,,,30.92,2020-02-29
2020-02-29 03:00:00,-0.6,-5.0,72.0,0.0,,230.0,5.4,,1013.6,,,30.92,2020-02-29
2020-02-29 04:00:00,0.0,-5.0,69.0,0.0,,240.0,7.6,,1013.6,,,32.0,2020-02-29
2020-02-29 05:00:00,-0.6,-5.0,72.0,0.0,,210.0,7.6,,1013.8,,,30.92,2020-02-29
2020-02-29 06:00:00,0.0,-3.9,75.0,0.0,,230.0,5.4,,1014.0,,,32.0,2020-02-29
2020-02-29 07:00:00,0.6,-4.4,69.0,0.0,,300.0,7.6,,1014.9,,,33.08,2020-02-29
2020-02-29 08:00:00,1.1,-7.7,52.0,0.0,,280.0,9.4,,1016.0,,,33.98,2020-02-29
2020-02-29 09:00:00,1.1,-10.1,43.0,0.0,,300.0,18.4,,1017.2,,,33.98,2020-02-29
2020-02-29 10:00:00,1.7,-11.1,38.0,0.0,,270.0,18.4,,1017.9,,,35.06,2020-02-29
2020-02-29 11:00:00,2.2,-14.0,29.0,0.0,,290.0,18.4,,1018.2,,,35.96,2020-02-29
2020-02-29 12:00:00,3.9,-13.9,26.0,0.0,,310.0,13.0,,1018.2,,,39.02,2020-02-29
2020-02-29 13:00:00,3.9,-13.4,27.0,0.0,,290.0,20.5,,1017.8,,,39.02,2020-02-29
2020-02-29 14:00:00,4.4,-13.0,27.0,0.0,,290.0,25.9,,1017.6,,,39.92,2020-02-29
2020-02-29 15:00:00,4.4,-12.1,29.0,0.0,,300.0,14.8,,1017.7,,,39.92,2020-02-29
2020-02-29 16:00:00,4.4,-12.1,29.0,0.0,,290.0,20.5,,1018.5,,,39.92,2020-02-29
2020-02-29 17:00:00,3.9,-13.0,28.0,0.0,,310.0,25.9,,1019.3,,,39.02,2020-02-29
2020-02-29 18:00:00,2.2,-12.1,34.0,0.0,,290.0,9.4,,1020.3,,,35.96,2020-02-29
2020-02-29 19:00:00,1.1,-12.3,36.0,0.0,,290.0,13.0,,1021.1,,,33.98,2020-02-29
2020-02-29 20:00:00,1.1,-12.3,36.0,0.0,,280.0,7.6,,1021.5,,,33.98,2020-02-29
2020-02-29 21:00:00,1.1,-12.3,36.0,0.0,,280.0,7.6,,1021.9,,,33.98,2020-02-29
2020-02-29 22:00:00,1.1,-12.3,36.0,0.0,,240.0,5.4,,1022.1,,,33.98,2020-02-29
2020-02-29 23:00:00,-1.1,-11.8,44.0,0.0,,200.0,9.4,,1022.2,,,30.02,2020-02-29
2020-03-01 00:00:00,-0.6,-11.7,43.0,0.0,,280.0,5.4,,1022.1,,,30.92,2020-03-01
2020-03-01 01:00:00,0.0,-12.3,39.0,0.0,,250.0,7.6,,1022.3,,,32.0,2020-03-01
2020-03-01 02:00:00,-2.2,-11.0,51.0,0.0,,220.0,7.6,,1022.4,,,28.04,2020-03-01
2020-03-01 03:00:00,-2.2,-11.7,48.0,0.0,,230.0,5.4,,1022.6,,,28.04,2020-03-01
2020-03-01 04:00:00,0.0,-12.6,38.0,0.0,,240.0,9.4,,1022.9,,,32.0,2020-03-01
2020-03-01 05:00:00,0.0,-12.6,38.0,0.0,,220.0,5.4,,1023.6,,,32.0,2020-03-01
2020-03-01 06:00:00,0.0,-12.3,39.0,0.0,,260.0,5.4,,1024.3,,,32.0,2020-03-01
2020-03-01 07:00:00,-2.8,-10.6,55.0,0.0,,0.0,0.0,,1024.5,,,26.96,2020-03-01
2020-03-01 08:00:00,0.6,-11.2,41.0,0.0,,0.0,0.0,,1024.9,,,33.08,2020-03-01
2020-03-01 09:00:00,2.2,-10.0,40.0,0.0,,250.0,5.4,,1025.6,,,35.96,2020-03-01
2020-03-01 10:00:00,5.6,-10.6,30.0,0.0,,250.0,9.4,,1025.6,,,42.08,2020-03-01
2020-03-01 11:00:00,6.1,-9.8,31.0,0.0,,120.0,7.6,,1025.3,,,42.980000000000004,2020-03-01
2020-03-01 12:00:00,8.9,-12.3,21.0,0.0,,0.0,0.0,,1024.6,,,48.02,2020-03-01
2020-03-01 13:00:00,10.6,-11.5,20.0,0.0,,200.0,13.0,,1023.5,,,51.08,2020-03-01
2020-03-01 14:00:00,12.2,-10.8,19.0,0.0,,200.0,16.6,,1022.6,,,53.96,2020-03-01
2020-03-01 15:00:00,12.8,-11.7,17.0,0.0,,220.0,16.6,,1021.9,,,55.04,2020-03-01
2020-03-01 16:00:00,13.9,-10.8,17.0,0.0,,220.0,14.8,,1021.5,,,57.02,2020-03-01
2020-03-01 17:00:00,13.3,-10.6,18.0,0.0,,200.0,16.6,,1021.3,,,55.94,2020-03-01
2020-03-01 18:00:00,9.4,-8.2,28.0,0.0,,180.0,11.2,,1021.5,,,48.92,2020-03-01
2020-03-01 19:00:00,8.3,-8.3,30.0,0.0,,200.0,7.6,,1022.1,,,46.94,2020-03-01
2020-03-01 20:00:00,6.7,-8.5,33.0,0.0,,200.0,7.6,,1022.0,,,44.06,2020-03-01
2020-03-01 21:00:00,6.1,-8.2,35.0,0.0,,210.0,7.6,,1021.7,,,42.980000000000004,2020-03-01
2020-03-01 22:00:00,7.8,-8.3,31.0,0.0,,220.0,7.6,,1021.7,,,46.04,2020-03-01
2020-03-01 23:00:00,3.3,-7.2,46.0,0.0,,0.0,0.0,,1021.4,,,37.94,2020-03-01
2020-03-02 00:00:00,3.3,-7.8,44.0,0.0,,0.0,0.0,,1021.3,,,37.94,2020-03-02
2020-03-02 01:00:00,3.9,-6.7,46.0,0.0,,210.0,7.6,,1020.8,,,39.02,2020-03-02
2020-03-02 02:00:00,2.2,-6.6,52.0,0.0,,190.0,11.2,,1020.3,,,35.96,2020-03-02
2020-03-02 03:00:00,2.8,-6.1,52.0,0.0,,190.0,7.6,,1019.3,,,37.04,2020-03-02
2020-03-02 04:00:00,1.7,-5.7,58.0,0.0,,190.0,7.6,,1018.8,,,35.06,2020-03-02
2020-03-02 05:00:00,1.1,-5.0,64.0,0.0,,0.0,0.0,,1018.6,,,33.98,2020-03-02
2020-03-02 06:00:00,1.1,-5.0,64.0,0.0,,0.0,0.0,,1018.8,,,33.98,2020-03-02
2020-03-02 07:00:00,2.8,-4.9,57.0,0.0,,210.0,9.4,,1018.5,,,37.04,2020-03-02
2020-03-02 08:00:00,5.0,-3.3,55.0,0.0,,200.0,14.8,,1018.2,,,41.0,2020-03-02
2020-03-02 09:00:00,8.3,-2.7,46.0,0.0,,190.0,18.4,,1017.9,,,46.94,2020-03-02
2020-03-02 10:00:00,10.6,-1.8,42.0,0.0,,190.0,14.8,,1017.8,,,51.08,2020-03-02
2020-03-02 11:00:00,15.0,-0.7,34.0,0.0,,200.0,31.7,,1016.8,,,59.0,2020-03-02
2020-03-02 12:00:00,16.1,0.2,34.0,0.0,,200.0,24.1,,1016.1,,,60.980000000000004,2020-03-02
2020-03-02 13:00:00,17.2,-0.1,31.0,0.0,,210.0,25.9,,1014.8,,,62.959999999999994,2020-03-02
2020-03-02 14:00:00,17.2,1.2,34.0,0.0,,210.0,25.9,,1013.4,,,62.959999999999994,2020-03-02
2020-03-02 15:00:00,16.7,1.2,35.0,0.0,,220.0,22.3,,1013.0,,,62.059999999999995,2020-03-02
2020-03-02 16:00:00,16.1,0.6,35.0,0.0,,220.0,27.7,,1013.0,,7.279999999999999,60.980000000000004,2020-03-02
2020-03-02 17:00:00,15.6,0.6,36.0,0.0,,220.0,16.6,,1012.5,,7.1866666666666665,60.08,2020-03-02
2020-03-02 18:00:00,15.0,1.1,39.0,0.0,,210.0,16.6,,1011.8,,7.093333333333333,59.0,2020-03-02
2020-03-02 19:00:00,15.0,0.0,36.0,0.0,,200.0,20.5,,1011.1,,7.0,59.0,2020-03-02
2020-03-02 20:00:00,13.3,3.4,51.0,0.0,,210.0,22.3,,1011.6,,7.0,55.94,2020-03-02
2020-03-02 21:00:00,13.9,2.8,47.0,0.0,,220.0,20.5,,1011.7,,7.0,57.02,2020-03-02
2020-03-02 22:00:00,13.9,3.4,49.0,0.0,,220.0,18.4,,1011.8,,7.0,57.02,2020-03-02
2020-03-02 23:00:00,13.3,3.4,51.0,0.0,,220.0,16.6,,1012.1,,,55.94,2020-03-02
2020-03-03 00:00:00,11.7,3.2,56.0,0.0,,210.0,7.6,,1011.7,,,53.06,2020-03-03
2020-03-03 01:00:00,8.3,2.7,68.0,0.0,,0.0,0.0,,1011.7,,,46.94,2020-03-03
2020-03-03 02:00:00,8.3,3.3,71.0,0.0,,0.0,0.0,,1011.3,,,46.94,2020-03-03
2020-03-03 03:00:00,6.1,2.7,79.0,0.0,,190.0,5.4,,1010.3,,,42.980000000000004,2020-03-03
2020-03-03 04:00:00,7.8,3.8,76.0,0.0,,200.0,5.4,,1009.5,,7.0,46.04,2020-03-03
2020-03-03 05:00:00,7.2,4.3,82.0,0.0,,200.0,7.6,,1009.2,,7.0,44.96,2020-03-03
2020-03-03 06:00:00,7.2,4.3,82.0,0.0,,190.0,5.4,,1009.2,,7.0,44.96,2020-03-03
2020-03-03 07:00:00,8.9,6.7,86.0,0.0,,210.0,5.4,,1008.5,,7.0,48.02,2020-03-03
2020-03-03 08:00:00,9.4,7.8,90.0,1.5,,200.0,5.4,,1008.3,,7.0,48.92,2020-03-03
2020-03-03 09:00:00,9.4,8.3,93.0,3.0,,160.0,11.2,,1007.5,,5.0,48.92,2020-03-03
2020-03-03 10:00:00,10.6,9.4,92.0,0.5,,180.0,14.8,,1006.1,,5.0,51.08,2020-03-03
2020-03-03 11:00:00,12.2,11.1,93.0,0.0,,210.0,13.0,,1006.3,,5.0120481927710845,53.96,2020-03-03
2020-03-03 12:00:00,13.9,11.8,87.0,0.0,,200.0,16.6,,1006.0,,5.024096385542169,57.02,2020-03-03
2020-03-03 13:00:00,15.0,11.8,81.0,0.0,,210.0,20.5,,1005.6,,5.0361445783132535,59.0,2020-03-03
2020-03-03 14:00:00,15.0,10.6,75.0,0.0,,210.0,27.7,,1003.4,,,59.0,2020-03-03
2020-03-03 15:00:00,16.7,10.5,67.0,0.0,,210.0,24.1,,1002.8,,,62.059999999999995,2020-03-03
2020-03-03 16:00:00,15.6,9.9,69.0,0.0,,200.0,20.5,,1002.6,,,60.08,2020-03-03
2020-03-03 17:00:00,16.7,10.1,65.0,0.0,,200.0,22.3,,1001.9,,,62.059999999999995,2020-03-03
2020-03-03 18:00:00,15.6,9.5,67.0,0.0,,210.0,20.5,,1002.7,,,60.08,2020-03-03
2020-03-03 19:00:00,15.6,9.5,67.0,0.0,,210.0,14.8,,1003.5,,,60.08,2020-03-03
2020-03-03 20:00:00,14.4,9.4,72.0,0.0,,250.0,5.4,,1005.0,,,57.92,2020-03-03
2020-03-03 21:00:00,14.4,9.4,72.0,0.0,,250.0,9.4,,1006.0,,,57.92,2020-03-03
2020-03-03 22:00:00,15.6,0.6,36.0,0.0,,280.0,14.8,,1007.1,,,60.08,2020-03-03
2020-03-03 23:00:00,14.4,-3.0,30.0,0.0,,290.0,18.4,,1007.9,,,57.92,2020-03-03
2020-03-04 00:00:00,13.9,-3.0,31.0,0.0,,280.0,11.2,,1008.9,,,57.02,2020-03-04
2020-03-04 01:00:00,12.8,-2.3,35.0,0.0,,270.0,13.0,,1009.7,,,55.04,2020-03-04
2020-03-04 02:00:00,11.7,-2.2,38.0,0.0,,280.0,5.4,,1010.1,,,53.06,2020-03-04
2020-03-04 03:00:00,10.6,-1.2,44.0,0.0,,290.0,7.6,,1009.8,,,51.08,2020-03-04
2020-03-04 04:00:00,11.7,-3.3,35.0,0.0,,300.0,14.8,,1010.9,,,53.06,2020-03-04
2020-03-04 05:00:00,10.0,-2.7,41.0,0.0,,210.0,9.4,,1012.1,,,50.0,2020-03-04
2020-03-04 06:00:00,7.2,-2.8,49.0,0.0,,0.0,0.0,,1013.2,,,44.96,2020-03-04
2020-03-04 07:00:00,9.4,-3.2,41.0,0.0,,0.0,0.0,,1013.7,,,48.92,2020-03-04
2020-03-04 08:00:00,10.0,-4.0,37.0,0.0,,0.0,0.0,,1014.4,,,50.0,2020-03-04
2020-03-04 09:00:00,10.6,-3.9,36.0,0.0,,250.0,7.6,,1014.8,,,51.08,2020-03-04
2020-03-04 10:00:00,12.2,-4.9,30.0,0.0,,280.0,7.6,,1014.5,,,53.96,2020-03-04
2020-03-04 11:00:00,13.3,-4.8,28.0,0.0,,280.0,14.8,,1014.7,,,55.94,2020-03-04
2020-03-04 12:00:00,15.0,-4.9,25.0,0.0,,250.0,13.0,,1014.4,,,59.0,2020-03-04
2020-03-04 13:00:00,15.0,-5.4,24.0,0.0,,260.0,14.8,,1013.3,,,59.0,2020-03-04
2020-03-04 14:00:00,15.6,-4.9,24.0,0.0,,200.0,18.4,,1012.6,,,60.08,2020-03-04
2020-03-04 15:00:00,16.1,-5.6,22.0,0.0,,220.0,14.8,,1011.7,,,60.980000000000004,2020-03-04
2020-03-04 16:00:00,17.8,-4.8,21.0,0.0,,200.0,18.4,,1011.8,,,64.04,2020-03-04
2020-03-04 17:00:00,15.6,-3.3,27.0,0.0,,190.0,18.4,,1012.0,,,60.08,2020-03-04
2020-03-04 18:00:00,14.4,-3.0,30.0,0.0,,170.0,14.8,,1012.5,,,57.92,2020-03-04
2020-03-04 19:00:00,11.7,-2.9,36.0,0.0,,180.0,9.4,,1012.8,,,53.06,2020-03-04
2020-03-04 20:00:00,11.7,-2.2,38.0,0.0,,220.0,7.6,,1013.0,,,53.06,2020-03-04
2020-03-04 21:00:00,12.8,-2.7,34.0,0.0,,0.0,0.0,,1013.6,,,55.04,2020-03-04
2020-03-04 22:00:00,12.8,-2.7,34.0,0.0,,230.0,5.4,,1014.0,,,55.04,2020-03-04
2020-03-04 23:00:00,11.1,-2.3,39.0,0.0,,210.0,5.4,,1015.2,,,51.98,2020-03-04
2020-03-05 00:00:00,10.6,-1.8,42.0,0.0,,230.0,5.4,,1014.8,,,51.08,2020-03-05
2020-03-05 01:00:00,10.0,-1.1,46.0,0.0,,230.0,7.6,,1015.1,,,50.0,2020-03-05
2020-03-05 02:00:00,8.3,-0.5,54.0,0.0,,210.0,7.6,,1015.9,,,46.94,2020-03-05
2020-03-05 03:00:00,5.0,0.0,70.0,0.0,,0.0,0.0,,1015.4,,,41.0,2020-03-05
2020-03-05 04:00:00,6.7,-0.1,62.0,0.0,,20.0,5.4,,1016.6,,,44.06,2020-03-05
2020-03-05 05:00:00,7.8,0.5,60.0,0.0,,0.0,0.0,,1017.9,,,46.04,2020-03-05
2020-03-05 06:00:00,7.8,0.0,58.0,0.0,,360.0,5.4,,1018.3,,,46.04,2020-03-05
2020-03-05 07:00:00,8.9,-0.7,51.0,0.0,,10.0,11.2,,1019.5,,,48.02,2020-03-05
2020-03-05 08:00:00,8.9,0.1,54.0,0.0,,40.0,11.2,,1020.7,,,48.02,2020-03-05
2020-03-05 09:00:00,8.9,0.1,54.0,0.0,,60.0,20.5,,1021.5,,,48.02,2020-03-05
2020-03-05 10:00:00,9.4,0.6,54.0,0.0,,30.0,16.6,,1021.1,,,48.92,2020-03-05
2020-03-05 11:00:00,10.0,-0.5,48.0,0.0,,90.0,16.6,,1021.6,,,50.0,2020-03-05
2020-03-05 12:00:00,11.1,-0.7,44.0,0.0,,0.0,0.0,,1021.4,,,51.98,2020-03-05
2020-03-05 13:00:00,12.2,-0.7,41.0,0.0,,0.0,0.0,,1019.9,,,53.96,2020-03-05
2020-03-05 14:00:00,13.3,-0.7,38.0,0.0,,90.0,7.6,,1018.7,,,55.94,2020-03-05
2020-03-05 15:00:00,12.8,-0.5,40.0,0.0,,140.0,14.8,,1018.5,,,55.04,2020-03-05
2020-03-05 16:00:00,12.2,-1.0,40.0,0.0,,140.0,11.2,,1018.6,,,53.96,2020-03-05
2020-03-05 17:00:00,12.2,-1.0,40.0,0.0,,180.0,13.0,,1017.7,,,53.96,2020-03-05
2020-03-05 18:00:00,10.6,0.0,48.0,0.0,,130.0,7.6,,1017.3,,,51.08,2020-03-05
2020-03-05 19:00:00,8.9,0.6,56.0,0.0,,0.0,0.0,,1017.9,,,48.02,2020-03-05
2020-03-05 20:00:00,8.3,0.5,58.0,0.0,,210.0,5.4,,1017.5,,,46.94,2020-03-05
2020-03-05 21:00:00,7.2,0.6,63.0,0.0,,0.0,0.0,,1017.1,,,44.96,2020-03-05
2020-03-05 22:00:00,5.6,0.0,67.0,0.0,,0.0,0.0,,1017.0,,,42.08,2020-03-05
2020-03-05 23:00:00,4.4,0.0,73.0,0.0,,0.0,0.0,,1016.0,,,39.92,2020-03-05
2020-03-06 00:00:00,2.2,-0.6,82.0,0.0,,0.0,0.0,,1015.1,,,35.96,2020-03-06
2020-03-06 01:00:00,2.2,-0.6,82.0,0.0,,0.0,0.0,,1014.4,,,35.96,2020-03-06
2020-03-06 02:00:00,1.1,-1.1,85.0,0.0,,300.0,5.4,,1013.5,,,33.98,2020-03-06
2020-03-06 03:00:00,0.0,-1.1,92.0,0.0,,0.0,0.0,,1012.0,,,32.0,2020-03-06
2020-03-06 04:00:00,-1.1,-2.2,92.0,0.0,,0.0,0.0,,1011.4,,,30.02,2020-03-06
2020-03-06 05:00:00,0.6,-1.6,85.0,0.0,,0.0,0.0,,1011.2,,,33.08,2020-03-06
2020-03-06 06:00:00,0.6,-1.2,88.0,0.0,,0.0,0.0,,1011.5,,,33.08,2020-03-06
2020-03-06 07:00:00,2.2,-0.1,85.0,0.0,,350.0,7.6,,1011.9,,,35.96,2020-03-06
2020-03-06 08:00:00,7.2,1.7,68.0,0.0,,290.0,5.4,,1011.4,,,44.96,2020-03-06
2020-03-06 09:00:00,7.8,1.2,63.0,0.0,,290.0,5.4,,1011.7,,,46.04,2020-03-06
2020-03-06 10:00:00,11.1,-0.7,44.0,0.0,,290.0,11.2,,1011.1,,,51.98,2020-03-06
2020-03-06 11:00:00,12.8,-1.5,37.0,0.0,,290.0,20.5,,1010.8,,,55.04,2020-03-06
2020-03-06 12:00:00,10.0,-0.5,48.0,0.0,,300.0,18.4,,1011.4,,,50.0,2020-03-06
2020-03-06 13:00:00,10.0,-2.7,41.0,0.0,,300.0,13.0,,1011.5,,,50.0,2020-03-06
2020-03-06 14:00:00,11.7,-3.3,35.0,0.0,,280.0,20.5,,1011.1,,,53.06,2020-03-06
2020-03-06 15:00:00,11.7,-4.1,33.0,0.0,,290.0,14.8,,1011.6,,,53.06,2020-03-06
2020-03-06 16:00:00,9.4,-4.9,36.0,0.0,,290.0,22.3,,1012.2,,,48.92,2020-03-06
2020-03-06 17:00:00,10.0,-5.2,34.0,0.0,,300.0,20.5,,1013.3,,,50.0,2020-03-06
2020-03-06 18:00:00,8.3,-5.6,37.0,0.0,,300.0,14.8,,1014.6,,,46.94,2020-03-06
2020-03-06 19:00:00,7.2,-4.3,44.0,0.0,,300.0,13.0,,1015.9,,,44.96,2020-03-06
2020-03-06 20:00:00,6.1,-2.8,53.0,0.0,,300.0,16.6,,1016.6,,,42.980000000000004,2020-03-06
2020-03-06 21:00:00,6.7,-3.8,47.0,0.0,,310.0,13.0,,1017.3,,,44.06,2020-03-06
2020-03-06 22:00:00,6.1,-3.8,49.0,0.0,,310.0,14.8,,1017.9,,,42.980000000000004,2020-03-06
2020-03-06 23:00:00,5.6,-3.2,53.0,0.0,,300.0,13.0,,1018.1,,,42.08,2020-03-06
2020-03-07 00:00:00,5.6,-4.0,50.0,0.0,,310.0,13.0,,1018.6,,,42.08,2020-03-07
2020-03-07 01:00:00,5.6,-5.1,46.0,0.0,,330.0,16.6,,1019.2,,,42.08,2020-03-07
2020-03-07 02:00:00,5.6,-5.7,44.0,0.0,,320.0,22.3,,1020.0,,,42.08,2020-03-07
2020-03-07 03:00:00,5.0,-5.7,46.0,0.0,,330.0,18.4,,1020.6,,,41.0,2020-03-07
2020-03-07 04:00:00,4.4,-6.2,46.0,0.0,,340.0,18.4,,1021.5,,,39.92,2020-03-07
2020-03-07 05:00:00,3.9,-6.7,46.0,0.0,,340.0,11.2,,1022.8,,,39.02,2020-03-07
2020-03-07 06:00:00,3.3,-7.2,46.0,0.0,,340.0,11.2,,1024.3,,,37.94,2020-03-07
2020-03-07 07:00:00,3.3,-6.7,48.0,0.0,,340.0,13.0,,1025.4,,,37.94,2020-03-07
2020-03-07 08:00:00,4.4,-6.8,44.0,0.0,,360.0,13.0,,1026.6,,,39.92,2020-03-07
2020-03-07 09:00:00,6.1,-6.2,41.0,0.0,,350.0,7.6,,1027.7,,,42.980000000000004,2020-03-07
2020-03-07 10:00:00,7.2,-6.5,37.0,0.0,,350.0,16.6,,1028.4,,,44.96,2020-03-07
2020-03-07 11:00:00,7.8,-6.7,35.0,0.0,,320.0,20.5,,1028.3,,,46.04,2020-03-07
2020-03-07 12:00:00,9.4,-6.5,32.0,0.0,,10.0,18.4,,1028.9,,,48.92,2020-03-07
2020-03-07 13:00:00,10.0,-6.8,30.0,0.0,,310.0,11.2,,1028.6,,,50.0,2020-03-07
2020-03-07 14:00:00,11.7,-6.7,27.0,0.0,,320.0,14.8,,1028.2,,,53.06,2020-03-07
2020-03-07 15:00:00,11.7,-8.2,24.0,0.0,,310.0,13.0,,1028.1,,,53.06,2020-03-07
2020-03-07 16:00:00,12.8,-9.0,21.0,0.0,,313.3333333333333,11.2,,1028.3,,,55.04,2020-03-07
2020-03-07 17:00:00,11.7,-10.6,20.0,0.0,,316.6666666666667,9.4,,1028.6,,,53.06,2020-03-07
2020-03-07 18:00:00,10.0,-11.4,21.0,0.0,,320.0,7.6,,1029.1,,,50.0,2020-03-07
2020-03-07 19:00:00,7.2,-10.6,27.0,0.0,,320.0,5.4,,1030.0,,,44.96,2020-03-07
2020-03-07 20:00:00,3.9,-7.3,44.0,0.0,,310.0,5.4,,1031.2,,,39.02,2020-03-07
2020-03-07 21:00:00,2.2,-6.6,52.0,0.0,,330.0,7.6,,1031.8,,,35.96,2020-03-07
2020-03-07 22:00:00,1.1,-6.7,56.0,0.0,,0.0,0.0,,1032.5,,,33.98,2020-03-07
2020-03-07 23:00:00,0.6,-7.2,56.0,0.0,,310.0,5.4,,1032.7,,,33.08,2020-03-07
2020-03-08 00:00:00,-1.7,-6.6,69.0,0.0,,300.0,5.4,,1033.0,,,28.94,2020-03-08
2020-03-08 01:00:00,-1.7,-7.2,66.0,0.0,,0.0,0.0,,1033.3,,,28.94,2020-03-08
2020-03-08 02:00:00,-1.9500000000000002,-7.15,67.5,0.0,,0.0,0.0,,1033.35,,,28.49,2020-03-08
2020-03-08 03:00:00,-2.2,-7.1,69.0,0.0,,0.0,0.0,,1033.4,,,28.04,2020-03-08
2020-03-08 04:00:00,-1.7,-6.6,69.0,0.0,,0.0,0.0,,1033.5,,,28.94,2020-03-08
2020-03-08 05:00:00,-3.3,-7.3,74.0,0.0,,0.0,0.0,,1033.5,,,26.060000000000002,2020-03-08
2020-03-08 06:00:00,-3.3,-7.3,74.0,0.0,,0.0,0.0,,1033.9,,,26.060000000000002,2020-03-08
2020-03-08 07:00:00,-3.3,-7.3,74.0,0.0,,0.0,0.0,,1034.7,,,26.060000000000002,2020-03-08
2020-03-08 08:00:00,-2.2,-7.1,69.0,0.0,,0.0,0.0,,1035.3,,,28.04,2020-03-08
2020-03-08 09:00:00,0.6,-3.3,75.0,0.0,,180.0,5.4,,1035.9,,,33.08,2020-03-08
2020-03-08 10:00:00,4.4,-5.7,48.0,0.0,,200.0,9.4,,1036.4,,,39.92,2020-03-08
2020-03-08 11:00:00,8.3,-6.7,34.0,0.0,,200.0,13.0,,1036.5,,,46.94,2020-03-08
2020-03-08 12:00:00,11.1,-6.7,28.0,0.0,,200.0,11.2,,1036.1,,,51.98,2020-03-08
2020-03-08 13:00:00,13.3,-8.0,22.0,0.0,,210.0,11.2,,1035.2,,,55.94,2020-03-08
2020-03-08 14:00:00,15.0,-7.8,20.0,0.0,,180.0,16.6,,1033.9,,,59.0,2020-03-08
2020-03-08 15:00:00,16.7,-9.3,16.0,0.0,,200.0,16.6,,1032.7,,,62.059999999999995,2020-03-08
2020-03-08 16:00:00,16.7,-7.8,18.0,0.0,,190.0,16.6,,1032.1,,,62.059999999999995,2020-03-08
2020-03-08 17:00:00,17.2,-8.1,17.0,0.0,,220.0,20.5,,1031.8,,,62.959999999999994,2020-03-08
2020-03-08 18:00:00,16.7,-8.5,17.0,0.0,,200.0,14.8,,1031.8,,,62.059999999999995,2020-03-08
2020-03-08 19:00:00,13.9,-6.9,23.0,0.0,,210.0,13.0,,1031.8,,,57.02,2020-03-08
2020-03-08 20:00:00,10.6,-6.3,30.0,0.0,,200.0,11.2,,1032.3,,,51.08,2020-03-08
2020-03-08 21:00:00,10.0,-5.6,33.0,0.0,,200.0,9.4,,1032.3,,,50.0,2020-03-08
2020-03-08 22:00:00,10.6,-5.4,32.0,0.0,,210.0,7.6,,1032.3,,,51.08,2020-03-08
2020-03-08 23:00:00,7.8,-5.0,40.0,0.0,,0.0,0.0,,1032.2,,,46.04,2020-03-08
2020-03-09 00:00:00,7.8,-4.3,42.0,0.0,,200.0,11.2,,1032.0,,,46.04,2020-03-09
2020-03-09 01:00:00,6.7,-3.3,49.0,0.0,,200.0,11.2,,1032.0,,,44.06,2020-03-09
2020-03-09 02:00:00,7.2,-4.0,45.0,0.0,,210.0,7.6,,1032.2,,,44.96,2020-03-09
2020-03-09 03:00:00,6.1,-3.8,49.0,0.0,,210.0,7.6,,1031.9,,,42.980000000000004,2020-03-09
2020-03-09 04:00:00,5.6,-3.2,53.0,0.0,,220.0,7.6,,1031.4,,,42.08,2020-03-09
2020-03-09 05:00:00,1.1,-4.0,69.0,0.0,,0.0,0.0,,1031.4,,,33.98,2020-03-09
2020-03-09 06:00:00,2.2,-3.3,67.0,0.0,,200.0,5.4,,1031.6,,,35.96,2020-03-09
2020-03-09 07:00:00,3.3,-3.3,62.0,0.0,,200.0,5.4,,1032.3,,,37.94,2020-03-09
2020-03-09 08:00:00,3.9,-2.7,62.0,0.0,,200.0,13.0,,1032.4,,,39.02,2020-03-09
2020-03-09 09:00:00,7.8,-1.2,53.0,0.0,,200.0,13.0,,1032.2,,,46.04,2020-03-09
2020-03-09 10:00:00,11.1,-2.3,39.0,0.0,,210.0,14.8,,1032.8,,,51.98,2020-03-09
2020-03-09 11:00:00,14.4,-3.0,30.0,0.0,,200.0,18.4,,1032.8,,,57.92,2020-03-09
2020-03-09 12:00:00,16.1,-2.9,27.0,0.0,,230.0,18.4,,1032.0,,,60.980000000000004,2020-03-09
2020-03-09 13:00:00,20.0,-4.3,19.0,0.0,,210.0,18.4,,1031.4,,,68.0,2020-03-09
2020-03-09 14:00:00,21.7,-6.1,15.0,0.0,,210.0,20.5,,1030.3,,,71.06,2020-03-09
2020-03-09 15:00:00,20.6,-2.5,21.0,0.0,,200.0,13.0,,1029.2,,,69.08,2020-03-09
2020-03-09 16:00:00,20.6,-1.9,22.0,0.0,,190.0,22.3,,1028.6,,,69.08,2020-03-09
2020-03-09 17:00:00,20.6,-2.5,21.0,0.0,,200.0,22.3,,1028.4,,,69.08,2020-03-09
2020-03-09 18:00:00,19.4,-1.1,25.0,0.0,,200.0,25.9,,1027.9,,,66.92,2020-03-09
2020-03-09 19:00:00,17.8,1.3,33.0,0.0,,200.0,20.5,,1027.8,,,64.04,2020-03-09
2020-03-09 20:00:00,16.7,1.5,36.0,0.0,,190.0,24.1,,1027.9,,,62.059999999999995,2020-03-09
2020-03-09 21:00:00,16.7,2.7,39.0,0.0,,200.0,18.4,,1028.3,,,62.059999999999995,2020-03-09
2020-03-09 22:00:00,15.6,4.0,46.0,0.0,,210.0,14.8,,1028.3,,,60.08,2020-03-09
2020-03-09 23:00:00,15.0,4.4,49.0,0.0,,200.0,16.6,,1028.0,,,59.0,2020-03-09
2020-03-10 00:00:00,14.4,4.9,53.0,0.0,,200.0,11.2,,1027.7,,,57.92,2020-03-10
2020-03-10 01:00:00,14.4,5.7,56.0,0.0,,200.0,13.0,,1027.2,,,57.92,2020-03-10
2020-03-10 02:00:00,13.9,5.5,57.0,0.0,,200.0,14.8,,1026.6,,,57.02,2020-03-10
2020-03-10 03:00:00,13.9,6.0,59.0,0.0,,210.0,13.0,,1026.3,,,57.02,2020-03-10
2020-03-10 04:00:00,13.9,6.0,59.0,0.0,,200.0,18.4,,1025.1,,,57.02,2020-03-10
2020-03-10 05:00:00,13.9,6.0,59.0,0.0,,200.0,16.6,,1024.6,,6.9638554216867465,57.02,2020-03-10
2020-03-10 06:00:00,13.9,6.0,59.0,0.0,,190.0,18.4,,1024.1,,6.975903614457831,57.02,2020-03-10
2020-03-10 07:00:00,13.9,6.7,62.0,0.0,,200.0,20.5,,1024.4,,6.9879518072289155,57.02,2020-03-10
2020-03-10 08:00:00,13.9,7.9,67.0,0.0,,210.0,18.4,,1024.4,,7.0,57.02,2020-03-10
2020-03-10 09:00:00,13.9,9.3,74.0,0.0,,200.0,20.5,,1024.3,,7.0,57.02,2020-03-10
2020-03-10 10:00:00,14.4,10.6,78.0,0.0,,200.0,22.3,,1024.1,,7.0,57.92,2020-03-10
2020-03-10 11:00:00,15.6,10.6,72.0,0.0,,210.0,20.5,,1023.9,,7.0,60.08,2020-03-10
2020-03-10 12:00:00,15.0,12.1,83.0,1.5,,190.0,24.1,,1023.4,,7.0,59.0,2020-03-10
2020-03-10 13:00:00,16.1,12.3,78.0,0.75,,210.0,24.1,,1022.5,,7.0,60.980000000000004,2020-03-10
2020-03-10 14:00:00,18.9,12.2,65.0,0.0,,190.0,29.5,,1021.0,,7.0,66.02,2020-03-10
2020-03-10 15:00:00,20.6,10.1,51.0,0.0,,210.0,37.1,,1019.4,,7.0,69.08,2020-03-10
2020-03-10 16:00:00,21.1,9.0,46.0,0.0,,230.0,20.5,,1018.6,,7.0,69.98,2020-03-10
2020-03-10 17:00:00,20.0,9.0,49.0,0.0,,230.0,20.5,,1018.7,,7.0,68.0,2020-03-10
2020-03-10 18:00:00,19.4,10.1,55.0,0.06,,220.0,18.4,,1018.9,,7.0,66.92,2020-03-10
2020-03-10 19:00:00,18.9,9.9,56.0,0.12,,230.0,7.6,,1019.0,,7.0,66.02,2020-03-10
2020-03-10 20:00:00,17.2,10.1,63.0,0.18,,220.0,7.6,,1019.4,,7.0,62.959999999999994,2020-03-10
2020-03-10 21:00:00,17.2,10.6,65.0,0.24,,260.0,9.4,,1020.0,,7.0,62.959999999999994,2020-03-10
2020-03-10 22:00:00,16.1,11.1,72.0,0.3,,260.0,11.2,,1020.0,,6.714285714285714,60.980000000000004,2020-03-10
2020-03-10 23:00:00,15.6,11.2,75.0,0.2,,220.0,7.6,,1020.1,,6.428571428571429,60.08,2020-03-10
2020-03-11 00:00:00,15.6,11.2,75.0,0.1,,270.0,7.6,,1020.2,,6.142857142857143,60.08,2020-03-11
2020-03-11 01:00:00,13.3,9.9,80.0,0.0,,0.0,0.0,,1019.8,,5.857142857142858,55.94,2020-03-11
2020-03-11 02:00:00,11.7,10.6,93.0,0.0,,180.0,5.4,,1019.9,,5.571428571428571,53.06,2020-03-11
2020-03-11 03:00:00,13.3,11.2,87.0,0.0,,220.0,5.4,,1019.6,,5.285714285714286,55.94,2020-03-11
2020-03-11 04:00:00,11.1,10.0,93.0,0.0,,0.0,0.0,,1018.9,,5.0,51.98,2020-03-11
2020-03-11 05:00:00,10.6,9.4,92.0,0.0,,0.0,0.0,,1018.9,,5.0,51.08,2020-03-11
2020-03-11 06:00:00,10.0,8.9,93.0,0.0,,0.0,0.0,,1019.1,,5.045454545454546,50.0,2020-03-11
2020-03-11 07:00:00,11.1,10.0,93.0,0.0,,0.0,0.0,,1019.1,,5.090909090909091,51.98,2020-03-11
2020-03-11 08:00:00,11.1,10.0,93.0,0.0,,0.0,0.0,,1019.4,,5.136363636363637,51.98,2020-03-11
2020-03-11 09:00:00,12.2,11.1,93.0,0.0,,0.0,0.0,,1019.4,,,53.96,2020-03-11
2020-03-11 10:00:00,16.1,11.7,75.0,0.0,,0.0,0.0,,1019.4,,,60.980000000000004,2020-03-11
2020-03-11 11:00:00,17.2,11.7,70.0,0.0,,0.0,0.0,,1018.1,,,62.959999999999994,2020-03-11
2020-03-11 12:00:00,18.9,10.7,59.0,0.0,,190.0,14.8,,1017.4,,,66.02,2020-03-11
2020-03-11 13:00:00,19.4,8.4,49.0,0.0,,290.0,13.0,,1017.2,,,66.92,2020-03-11
2020-03-11 14:00:00,21.1,7.7,42.0,0.0,,270.0,14.8,,1016.3,,,69.98,2020-03-11
2020-03-11 15:00:00,22.8,7.7,38.0,0.0,,200.0,9.4,,1015.1,,,73.04,2020-03-11
2020-03-11 16:00:00,22.8,7.7,38.0,0.0,,200.0,14.8,,1014.9,,,73.04,2020-03-11
2020-03-11 17:00:00,22.2,6.8,37.0,0.0,,200.0,7.6,,1014.5,,,71.96,2020-03-11
2020-03-11 18:00:00,22.2,8.0,40.0,0.0,,200.0,11.2,,1013.6,,,71.96,2020-03-11
2020-03-11 19:00:00,19.4,7.8,47.0,0.0,,0.0,0.0,,1014.2,,,66.92,2020-03-11
2020-03-11 20:00:00,16.7,7.9,56.0,0.0,,0.0,0.0,,1014.5,,,62.059999999999995,2020-03-11
2020-03-11 21:00:00,15.6,7.1,57.0,0.0,,0.0,0.0,,1014.8,,,60.08,2020-03-11
2020-03-11 22:00:00,13.9,7.2,64.0,0.0,,0.0,0.0,,1014.8,,,57.02,2020-03-11
2020-03-11 23:00:00,15.6,8.3,62.0,0.0,,30.0,16.6,,1015.3,,,60.08,2020-03-11
2020-03-12 00:00:00,13.9,7.2,64.0,0.0,,30.0,16.6,,1015.7,,,57.02,2020-03-12
2020-03-12 01:00:00,12.2,6.7,69.0,0.0,,30.0,18.4,,1015.5,,,53.96,2020-03-12
2020-03-12 02:00:00,11.1,5.6,69.0,0.0,,30.0,18.4,,1015.6,,,51.98,2020-03-12
2020-03-12 03:00:00,10.0,5.0,71.0,0.0,,40.0,16.6,,1015.7,,,50.0,2020-03-12
2020-03-12 04:00:00,8.9,4.3,73.0,0.0,,40.0,11.2,,1015.7,,,48.02,2020-03-12
2020-03-12 05:00:00,8.3,4.3,76.0,0.0,,20.0,9.4,,1015.9,,,46.94,2020-03-12
2020-03-12 06:00:00,7.2,4.0,80.0,0.0,,20.0,7.6,,1016.0,,,44.96,2020-03-12
2020-03-12 07:00:00,6.7,3.8,82.0,0.0,,0.0,0.0,,1016.6,,,44.06,2020-03-12
2020-03-12 08:00:00,7.2,4.0,80.0,0.0,,30.0,5.4,,1017.0,,,44.96,2020-03-12
2020-03-12 09:00:00,9.4,5.0,74.0,0.0,,20.0,9.4,,1017.8,,,48.92,2020-03-12
2020-03-12 10:00:00,10.6,6.7,77.0,0.0,,70.0,13.0,,1018.3,,,51.08,2020-03-12
2020-03-12 11:00:00,12.2,7.9,75.0,0.0,,60.0,16.6,,1018.3,,,53.96,2020-03-12
2020-03-12 12:00:00,14.4,8.3,67.0,0.0,,20.0,11.2,,1018.1,,,57.92,2020-03-12
2020-03-12 13:00:00,16.1,8.8,62.0,0.0,,40.0,13.0,,1017.6,,,60.980000000000004,2020-03-12
2020-03-12 14:00:00,17.2,8.3,56.0,0.0,,0.0,0.0,,1016.5,,,62.959999999999994,2020-03-12
2020-03-12 15:00:00,18.3,8.8,54.0,0.0,,0.0,0.0,,1015.5,,,64.94,2020-03-12
2020-03-12 16:00:00,19.4,9.0,51.0,0.0,,130.0,9.4,,1014.9,,,66.92,2020-03-12
2020-03-12 17:00:00,20.0,9.0,49.0,0.0,,130.0,14.8,,1013.9,,,68.0,2020-03-12
2020-03-12 18:00:00,20.0,9.6,51.0,0.0,,120.0,9.4,,1014.4,,,68.0,2020-03-12
2020-03-12 19:00:00,18.3,9.4,56.0,0.0,,130.0,11.2,,1014.3,,,64.94,2020-03-12
2020-03-12 20:00:00,15.6,8.8,64.0,0.0,,130.0,9.4,,1014.0,,,60.08,2020-03-12
2020-03-12 21:00:00,16.7,9.4,62.0,0.0,,140.0,7.6,,1013.6,,,62.059999999999995,2020-03-12
2020-03-12 22:00:00,16.1,11.1,72.0,0.0,,140.0,7.6,,1013.7,,6.863636363636363,60.980000000000004,2020-03-12
2020-03-12 23:00:00,16.1,11.7,75.0,0.0,,140.0,9.4,,1013.5,,6.909090909090909,60.980000000000004,2020-03-12
2020-03-13 00:00:00,15.6,11.8,78.0,0.0,,110.0,9.4,,1012.7,,6.954545454545455,60.08,2020-03-13
2020-03-13 01:00:00,15.6,11.8,78.0,0.0,,180.0,9.4,,1012.0,,7.0,60.08,2020-03-13
2020-03-13 02:00:00,15.6,12.2,80.0,0.65,,0.0,0.0,,1011.5,,7.0,60.08,2020-03-13
2020-03-13 03:00:00,14.4,13.3,93.0,1.3,,0.0,0.0,,1011.5,,7.0,57.92,2020-03-13
2020-03-13 04:00:00,13.3,12.2,93.0,1.0,,0.0,0.0,,1010.6,,5.0,55.94,2020-03-13
2020-03-13 05:00:00,14.4,12.8,90.0,0.3,,230.0,5.4,,1010.3,,7.0,57.92,2020-03-13
2020-03-13 06:00:00,15.0,13.9,93.0,0.5,,230.0,5.4,,1010.4,,8.0,59.0,2020-03-13
2020-03-13 07:00:00,15.0,13.9,93.0,4.1,,220.0,7.6,,1010.9,,7.0,59.0,2020-03-13
2020-03-13 08:00:00,16.1,14.5,90.0,0.3,,210.0,11.2,,1011.5,,7.0,60.980000000000004,2020-03-13
2020-03-13 09:00:00,17.2,15.0,87.0,0.2,,220.0,11.2,,1012.1,,7.0,62.959999999999994,2020-03-13
2020-03-13 10:00:00,18.3,15.5,84.0,0.1,,230.0,13.0,,1012.9,,7.0,64.94,2020-03-13
2020-03-13 11:00:00,20.0,15.6,76.0,0.0,,210.0,11.2,,1013.0,,7.0,68.0,2020-03-13
2020-03-13 12:00:00,23.3,13.2,53.0,0.0,,260.0,18.4,,1013.4,,,73.94,2020-03-13
2020-03-13 13:00:00,23.9,10.6,43.0,0.0,,290.0,20.5,,1014.2,,,75.02,2020-03-13
2020-03-13 14:00:00,23.9,7.9,36.0,0.0,,300.0,18.4,,1014.1,,,75.02,2020-03-13
2020-03-13 15:00:00,23.3,6.6,34.0,0.0,,280.0,14.8,,1014.5,,,73.94,2020-03-13
2020-03-13 16:00:00,24.4,6.2,31.0,0.0,,270.0,18.4,,1015.1,,,75.92,2020-03-13
2020-03-13 17:00:00,23.9,5.7,31.0,0.0,,270.0,13.0,,1015.5,,,75.02,2020-03-13
2020-03-13 18:00:00,22.2,3.8,30.0,0.0,,290.0,9.4,,1016.5,,,71.96,2020-03-13
2020-03-13 19:00:00,21.1,3.8,32.0,0.0,,290.0,9.4,,1017.6,,,69.98,2020-03-13
2020-03-13 20:00:00,19.4,0.4,28.0,0.0,,300.0,5.4,,1018.9,,,66.92,2020-03-13
2020-03-13 21:00:00,18.9,-5.2,19.0,0.0,,280.0,11.2,,1020.4,,,66.02,2020-03-13
2020-03-13 22:00:00,16.7,-3.4,25.0,0.0,,290.0,9.4,,1021.4,,,62.059999999999995,2020-03-13
2020-03-13 23:00:00,12.8,-3.1,33.0,0.0,,310.0,9.4,,1022.5,,,55.04,2020-03-13
2020-03-14 00:00:00,13.9,-5.8,25.0,0.0,,300.0,7.6,,1022.8,,,57.02,2020-03-14
2020-03-14 01:00:00,10.6,-4.2,35.0,0.0,,0.0,0.0,,1023.4,,,51.08,2020-03-14
2020-03-14 02:00:00,11.7,-6.2,28.0,0.0,,320.0,5.4,,1023.8,,,53.06,2020-03-14
2020-03-14 03:00:00,11.7,-6.7,27.0,0.0,,340.0,5.4,,1024.6,,,53.06,2020-03-14
2020-03-14 04:00:00,11.1,-7.2,27.0,0.0,,360.0,5.4,,1024.9,,,51.98,2020-03-14
2020-03-14 05:00:00,10.0,-7.2,29.0,0.0,,0.0,0.0,,1025.7,,,50.0,2020-03-14
2020-03-14 06:00:00,10.6,-9.7,23.0,0.0,,310.0,9.4,,1026.6,,,51.08,2020-03-14
2020-03-14 07:00:00,7.8,-7.1,34.0,0.0,,10.0,7.6,,1027.4,,,46.04,2020-03-14
2020-03-14 08:00:00,8.9,-7.8,30.0,0.0,,20.0,7.0,,1028.0,,,48.02,2020-03-14
2020-03-14 09:00:00,10.0,-7.7,28.0,0.0,,20.0,7.6,,1028.9,,,50.0,2020-03-14
2020-03-14 10:00:00,10.6,-7.2,28.0,0.0,,70.0,9.4,,1029.1,,,51.08,2020-03-14
2020-03-14 11:00:00,11.7,-6.7,27.0,0.0,,60.0,11.2,,1029.6,,,53.06,2020-03-14
2020-03-14 12:00:00,12.2,-7.8,24.0,0.0,,80.0,7.6,,1029.6,,,53.96,2020-03-14
2020-03-14 13:00:00,13.3,-5.8,26.0,0.0,,0.0,0.0,,1028.9,,,55.94,2020-03-14
2020-03-14 14:00:00,15.6,-5.5,23.0,0.0,,120.0,7.6,,1028.0,,7.0,60.08,2020-03-14
2020-03-14 15:00:00,15.6,-4.9,24.0,0.0,,120.0,9.4,,1026.8,,7.0,60.08,2020-03-14
2020-03-14 16:00:00,16.1,-4.5,24.0,0.0,,0.0,0.0,,1026.3,,7.0,60.980000000000004,2020-03-14
2020-03-14 17:00:00,15.6,-3.9,26.0,0.0,,70.0,5.4,,1026.5,,7.0,60.08,2020-03-14
2020-03-14 18:00:00,13.9,0.2,39.0,0.3,,70.0,5.4,,1026.8,,7.0,57.02,2020-03-14
2020-03-14 19:00:00,13.9,0.2,39.0,0.6,,100.0,7.6,,1026.2,,7.0,57.02,2020-03-14
2020-03-14 20:00:00,12.2,1.8,49.0,0.8999999999999999,,0.0,0.0,,1025.5,,7.0,53.96,2020-03-14
2020-03-14 21:00:00,10.0,5.0,71.0,1.2,,0.0,0.0,,1026.8,,7.0,50.0,2020-03-14
2020-03-14 22:00:00,8.3,6.8,90.0,1.5,,0.0,0.0,,1027.4,,7.0,46.94,2020-03-14
2020-03-14 23:00:00,8.9,6.2,83.0,0.3,,10.0,5.4,,1025.8,,7.0,48.02,2020-03-14
2020-03-15 00:00:00,8.9,6.2,83.0,0.3,,360.0,13.0,,1026.2,,7.0,48.02,2020-03-15
2020-03-15 01:00:00,8.3,5.6,83.0,0.3,,10.0,5.4,,1025.3,,7.0,46.94,2020-03-15
2020-03-15 02:00:00,8.3,5.1,80.0,0.3,,20.0,16.6,,1026.0,,7.0,46.94,2020-03-15
2020-03-15 03:00:00,7.2,3.3,76.0,0.3,,30.0,22.3,,1026.1,,7.0,44.96,2020-03-15
2020-03-15 04:00:00,5.6,2.8,82.0,0.3,,40.0,27.7,,1026.2,,7.0,42.08,2020-03-15
2020-03-15 05:00:00,5.0,2.9,86.0,0.5,,20.0,20.5,,1025.8,,7.0,41.0,2020-03-15
2020-03-15 06:00:00,5.0,2.9,86.0,0.3,,30.0,22.3,,1026.5,,7.0,41.0,2020-03-15
2020-03-15 07:00:00,5.0,3.3,89.0,0.15,,20.0,22.3,,1027.1,,7.0,41.0,2020-03-15
2020-03-15 08:00:00,5.0,3.3,89.0,0.0,,40.0,24.1,,1027.5,,7.0,41.0,2020-03-15
2020-03-15 09:00:00,5.0,3.3,89.0,0.0,,40.0,20.5,,1028.0,,,41.0,2020-03-15
2020-03-15 10:00:00,5.6,3.3,85.0,0.0,,30.0,20.5,,1029.4,,,42.08,2020-03-15
2020-03-15 11:00:00,6.1,3.3,82.0,0.0,,40.0,20.5,,1030.1,,,42.980000000000004,2020-03-15
2020-03-15 12:00:00,6.1,3.3,82.0,0.0,,50.0,24.1,,1030.0,,,42.980000000000004,2020-03-15
2020-03-15 13:00:00,6.7,3.3,79.0,0.0,,50.0,20.5,,1030.4,,,44.06,2020-03-15
2020-03-15 14:00:00,7.2,3.3,76.0,0.0,,60.0,11.2,,1030.4,,,44.96,2020-03-15
2020-03-15 15:00:00,7.2,3.3,76.0,0.0,,60.0,13.0,,1030.1,,,44.96,2020-03-15
2020-03-15 16:00:00,8.9,3.3,68.0,0.0,,20.0,9.4,,1029.8,,,48.02,2020-03-15
2020-03-15 17:00:00,8.3,2.7,68.0,0.0,,30.0,16.6,,1029.8,,,46.94,2020-03-15
2020-03-15 18:00:00,8.3,2.7,68.0,0.0,,30.0,14.8,,1030.0,,,46.94,2020-03-15
2020-03-15 19:00:00,8.3,2.7,68.0,0.0,,50.0,13.0,,1030.2,,,46.94,2020-03-15
2020-03-15 20:00:00,7.8,2.9,71.0,0.0,,60.0,14.8,,1030.8,,,46.04,2020-03-15
2020-03-15 21:00:00,7.2,2.3,71.0,0.0,,40.0,14.8,,1031.7,,,44.96,2020-03-15
2020-03-15 22:00:00,6.7,2.2,73.0,0.0,,30.0,11.2,,1031.9,,,44.06,2020-03-15
2020-03-15 23:00:00,6.7,2.2,73.0,0.0,,30.0,13.0,,1032.1,,,44.06,2020-03-15
2020-03-16 00:00:00,6.7,2.2,73.0,0.0,,30.0,11.2,,1031.8,,,44.06,2020-03-16
2020-03-16 01:00:00,5.6,2.2,79.0,0.0,,40.0,7.6,,1031.8,,,42.08,2020-03-16
2020-03-16 02:00:00,6.1,2.2,76.0,0.0,,20.0,11.2,,1031.2,,,42.980000000000004,2020-03-16
2020-03-16 03:00:00,6.1,1.6,73.0,0.0,,0.0,0.0,,1031.2,,,42.980000000000004,2020-03-16
2020-03-16 04:00:00,6.1,1.6,73.0,0.0,,0.0,0.0,,1030.6,,,42.980000000000004,2020-03-16
2020-03-16 05:00:00,6.1,1.6,73.0,0.0,,20.0,9.4,,1030.4,,,42.980000000000004,2020-03-16
2020-03-16 06:00:00,6.1,1.6,73.0,0.0,,40.0,5.4,,1030.6,,,42.980000000000004,2020-03-16
2020-03-16 07:00:00,6.1,2.2,76.0,0.0,,40.0,5.4,,1030.9,,,42.980000000000004,2020-03-16
2020-03-16 08:00:00,6.1,1.6,73.0,0.0,,50.0,9.4,,1031.3,,,42.980000000000004,2020-03-16
2020-03-16 09:00:00,6.7,1.6,70.0,0.0,,60.0,7.6,,1032.0,,,44.06,2020-03-16
2020-03-16 10:00:00,7.2,1.7,68.0,0.0,,60.0,13.0,,1032.2,,,44.96,2020-03-16
2020-03-16 11:00:00,8.3,2.1,65.0,0.0,,100.0,9.4,,1032.0,,,46.94,2020-03-16
2020-03-16 12:00:00,10.0,2.1,58.0,0.0,,150.0,7.6,,1031.2,,,50.0,2020-03-16
2020-03-16 13:00:00,10.0,0.6,52.0,0.0,,150.0,9.4,,1030.6,,,50.0,2020-03-16
2020-03-16 14:00:00,10.6,0.6,50.0,0.0,,140.0,5.4,,1030.1,,,51.08,2020-03-16
2020-03-16 15:00:00,11.1,0.5,48.0,0.0,,160.0,9.4,,1028.7,,,51.98,2020-03-16
2020-03-16 16:00:00,12.2,1.2,47.0,0.0,,160.0,5.4,,1028.2,,,53.96,2020-03-16
2020-03-16 17:00:00,11.7,1.0,48.0,0.0,,160.0,11.2,,1027.4,,,53.06,2020-03-16
2020-03-16 18:00:00,11.7,1.0,48.0,0.0,,0.0,0.0,,1027.5,,,53.06,2020-03-16
2020-03-16 19:00:00,11.1,1.6,52.0,0.0,,0.0,0.0,,1027.4,,,51.98,2020-03-16
2020-03-16 20:00:00,10.0,2.8,61.0,0.0,,0.0,0.0,,1027.3,,,50.0,2020-03-16
2020-03-16 21:00:00,9.4,3.4,66.0,0.0,,0.0,0.0,,1026.7,,,48.92,2020-03-16
2020-03-16 22:00:00,9.4,4.0,69.0,0.0,,0.0,0.0,,1026.8,,,48.92,2020-03-16
2020-03-16 23:00:00,8.9,3.3,68.0,0.0,,0.0,0.0,,1026.4,,,48.02,2020-03-16
2020-03-17 00:00:00,8.3,3.3,71.0,0.0,,0.0,0.0,,1025.9,,,46.94,2020-03-17
2020-03-17 01:00:00,8.9,3.9,71.0,0.0,,0.0,0.0,,1024.9,,,48.02,2020-03-17
2020-03-17 02:00:00,8.9,3.9,71.0,0.0,,0.0,0.0,,1024.7,,,48.02,2020-03-17
2020-03-17 03:00:00,8.3,3.3,71.0,0.0,,0.0,0.0,,1023.9,,,46.94,2020-03-17
2020-03-17 04:00:00,8.3,3.9,74.0,0.0,,0.0,0.0,,1023.1,,,46.94,2020-03-17
2020-03-17 05:00:00,8.3,4.3,76.0,0.0,,0.0,0.0,,1022.7,,,46.94,2020-03-17
2020-03-17 06:00:00,8.3,4.3,76.0,0.0,,0.0,0.0,,1022.9,,,46.94,2020-03-17
2020-03-17 07:00:00,7.8,4.4,79.0,0.0,,0.0,0.0,,1022.7,,,46.04,2020-03-17
2020-03-17 08:00:00,7.8,4.4,79.0,0.0,,0.0,0.0,,1022.6,,,46.04,2020-03-17
2020-03-17 09:00:00,8.9,5.1,77.0,0.0,,200.0,11.2,,1022.5,,,48.02,2020-03-17
2020-03-17 10:00:00,11.1,6.0,71.0,0.0,,190.0,14.8,,1021.9,,,51.98,2020-03-17
2020-03-17 11:00:00,11.1,6.6,74.0,0.0,,240.0,11.2,,1022.8,,,51.98,2020-03-17
2020-03-17 12:00:00,12.2,7.3,72.0,0.0,,200.0,11.2,,1022.3,,,53.96,2020-03-17
2020-03-17 13:00:00,14.4,7.9,65.0,0.0,,240.0,13.0,,1022.1,,,57.92,2020-03-17
2020-03-17 14:00:00,16.7,8.4,58.0,0.0,,220.0,18.4,,1021.3,,,62.059999999999995,2020-03-17
2020-03-17 15:00:00,17.2,8.9,58.0,0.0,,230.0,11.2,,1020.2,,,62.959999999999994,2020-03-17
2020-03-17 16:00:00,19.4,9.3,52.0,0.0,,230.0,11.2,,1019.8,,,66.92,2020-03-17
2020-03-17 17:00:00,19.4,9.3,52.0,0.0,,230.0,13.0,,1019.8,,,66.92,2020-03-17
2020-03-17 18:00:00,20.6,10.1,51.0,0.0,,260.0,11.2,,1020.1,,,69.08,2020-03-17
2020-03-17 19:00:00,18.3,9.4,56.0,0.0,,270.0,7.6,,1020.8,,,64.94,2020-03-17
2020-03-17 20:00:00,17.2,8.9,58.0,0.0,,270.0,13.0,,1022.3,,,62.959999999999994,2020-03-17
2020-03-17 21:00:00,16.7,8.9,60.0,0.0,,0.0,0.0,,1023.1,,,62.059999999999995,2020-03-17
2020-03-17 22:00:00,15.0,8.9,67.0,0.0,,270.0,7.6,,1023.6,,,59.0,2020-03-17
2020-03-17 23:00:00,14.4,8.3,67.0,0.0,,135.0,5.4,,1024.5,,,57.92,2020-03-17
2020-03-18 00:00:00,9.4,6.7,83.0,0.0,,0.0,0.0,,1025.0,,,48.92,2020-03-18
2020-03-18 01:00:00,8.9,6.2,83.0,0.0,,0.0,0.0,,1025.3,,,48.02,2020-03-18
2020-03-18 02:00:00,7.2,5.0,86.0,0.0,,0.0,0.0,,1025.8,,,44.96,2020-03-18
2020-03-18 03:00:00,6.1,4.4,89.0,0.0,,320.0,5.4,,1026.1,,,42.980000000000004,2020-03-18
2020-03-18 04:00:00,7.2,5.0,86.0,0.0,,360.0,5.4,,1026.2,,,44.96,2020-03-18
2020-03-18 05:00:00,10.0,6.7,80.0,0.0,,20.0,11.2,,1026.7,,,50.0,2020-03-18
2020-03-18 06:00:00,9.4,5.6,77.0,0.0,,30.0,13.0,,1027.3,,,48.92,2020-03-18
2020-03-18 07:00:00,9.4,5.0,74.0,0.0,,40.0,16.6,,1028.5,,,48.92,2020-03-18
2020-03-18 08:00:00,8.9,4.3,73.0,0.0,,30.0,16.6,,1029.0,,,48.02,2020-03-18
2020-03-18 09:00:00,9.4,4.0,69.0,0.0,,30.0,18.4,,1030.4,,,48.92,2020-03-18
2020-03-18 10:00:00,10.0,3.3,63.0,0.0,,40.0,18.4,,1030.9,,,50.0,2020-03-18
2020-03-18 11:00:00,10.0,2.8,61.0,0.0,,60.0,13.0,,1031.4,,,50.0,2020-03-18
2020-03-18 12:00:00,11.7,2.7,54.0,0.0,,60.0,7.6,,1031.6,,,53.06,2020-03-18
2020-03-18 13:00:00,12.2,3.4,55.0,0.0,,60.0,13.0,,1031.2,,,53.96,2020-03-18
2020-03-18 14:00:00,12.8,4.0,55.0,0.0,,110.0,11.2,,1030.4,,,55.04,2020-03-18
2020-03-18 15:00:00,13.3,3.9,53.0,0.0,,100.0,7.6,,1029.1,,,55.94,2020-03-18
2020-03-18 16:00:00,14.4,4.9,53.0,0.0,,130.0,13.0,,1028.1,,,57.92,2020-03-18
2020-03-18 17:00:00,13.9,5.5,57.0,0.0,,150.0,5.4,,1027.5,,,57.02,2020-03-18
2020-03-18 18:00:00,14.4,6.0,57.0,0.0,,150.0,5.4,,1026.7,,7.0,57.92,2020-03-18
2020-03-18 19:00:00,13.9,6.7,62.0,0.0,,130.0,5.4,,1027.0,,7.0,57.02,2020-03-18
2020-03-18 20:00:00,13.3,7.3,67.0,0.0,,0.0,0.0,,1027.2,,7.0,55.94,2020-03-18
2020-03-18 21:00:00,13.3,7.3,67.0,0.9,,0.0,0.0,,1027.3,,7.0,55.94,2020-03-18
2020-03-18 22:00:00,11.7,9.9,89.0,1.8,,10.0,5.4,,1026.9,,7.0,53.06,2020-03-18
2020-03-18 23:00:00,11.1,9.4,89.0,0.5,,30.0,7.6,,1026.3,,7.0,51.98,2020-03-18
2020-03-19 00:00:00,10.6,8.9,89.0,1.4,,0.0,0.0,,1025.5,,7.0,51.08,2020-03-19
2020-03-19 01:00:00,10.0,8.9,93.0,2.3,,310.0,7.6,,1025.4,,7.0,50.0,2020-03-19
2020-03-19 02:00:00,10.0,8.9,93.0,3.6,,0.0,0.0,,1024.8,,7.0,50.0,2020-03-19
2020-03-19 03:00:00,10.6,8.9,89.0,0.2,,0.0,0.0,,1024.1,,5.0,51.08,2020-03-19
2020-03-19 04:00:00,10.0,8.9,93.0,0.0,,0.0,0.0,,1023.5,,5.0,50.0,2020-03-19
2020-03-19 05:00:00,10.6,9.4,92.0,0.0,,200.0,7.6,,1022.8,,5.0,51.08,2020-03-19
2020-03-19 06:00:00,10.6,9.4,92.0,0.0,,220.0,9.4,,1022.8,,5.0,51.08,2020-03-19
2020-03-19 07:00:00,10.6,9.4,92.0,0.0,,180.0,5.4,,1023.0,,5.0,51.08,2020-03-19
2020-03-19 08:00:00,10.0,9.4,96.0,0.0,,210.0,7.6,,1023.6,,5.0,50.0,2020-03-19
2020-03-19 09:00:00,12.2,10.6,90.0,0.0,,200.0,9.4,,1023.7,,5.0,53.96,2020-03-19
2020-03-19 10:00:00,14.4,12.3,87.0,0.0,,190.0,11.2,,1024.0,,5.333333333333333,57.92,2020-03-19
2020-03-19 11:00:00,17.2,13.3,78.0,0.0,,210.0,13.0,,1024.1,,5.666666666666667,62.959999999999994,2020-03-19
2020-03-19 12:00:00,20.0,13.9,68.0,0.0,,210.0,11.2,,1023.7,,6.0,68.0,2020-03-19
2020-03-19 13:00:00,23.3,15.6,62.0,0.0,,210.0,16.6,,1023.0,,6.333333333333333,73.94,2020-03-19
2020-03-19 14:00:00,25.0,15.6,56.0,0.0,,210.0,14.8,,1021.8,,6.666666666666666,77.0,2020-03-19
2020-03-19 15:00:00,26.1,14.9,50.0,0.0,,190.0,16.6,,1020.9,,7.0,78.98,2020-03-19
2020-03-19 16:00:00,25.0,15.0,54.0,0.0,,210.0,16.6,,1020.7,,7.0,77.0,2020-03-19
2020-03-19 17:00:00,25.6,15.6,54.0,0.0,,200.0,18.4,,1020.7,,7.0,78.08,2020-03-19
2020-03-19 18:00:00,25.0,15.0,54.0,0.0,,200.0,22.3,,1020.2,,7.0,77.0,2020-03-19
2020-03-19 19:00:00,22.8,15.6,64.0,0.0,,200.0,14.8,,1021.1,,,73.04,2020-03-19
2020-03-19 20:00:00,21.7,15.1,66.0,0.0,,200.0,11.2,,1021.4,,,71.06,2020-03-19
2020-03-19 21:00:00,20.6,14.9,70.0,0.0,,0.0,0.0,,1021.6,,,69.08,2020-03-19
2020-03-19 22:00:00,17.8,14.5,81.0,0.0,,0.0,0.0,,1021.9,,,64.04,2020-03-19
2020-03-19 23:00:00,16.7,14.3,86.0,0.0,,0.0,0.0,,1021.8,,,62.059999999999995,2020-03-19
2020-03-20 00:00:00,17.8,14.5,81.0,0.0,,200.0,7.6,,1020.8,,,64.04,2020-03-20
2020-03-20 01:00:00,16.1,13.9,87.0,0.0,,200.0,9.4,,1020.1,,,60.980000000000004,2020-03-20
2020-03-20 02:00:00,17.2,13.9,81.0,0.0,,210.0,7.6,,1019.7,,,62.959999999999994,2020-03-20
2020-03-20 03:00:00,18.3,14.4,78.0,0.0,,210.0,9.4,,1019.4,,,64.94,2020-03-20
2020-03-20 04:00:00,17.2,13.9,81.0,0.0,,210.0,7.6,,1019.5,,,62.959999999999994,2020-03-20
2020-03-20 05:00:00,17.8,14.5,81.0,0.0,,220.0,7.6,,1019.2,,,64.04,2020-03-20
2020-03-20 06:00:00,17.8,15.1,84.0,0.0,,200.0,13.0,,1019.2,,,64.04,2020-03-20
2020-03-20 07:00:00,18.3,15.0,81.0,0.0,,200.0,14.8,,1018.8,,,64.94,2020-03-20
2020-03-20 08:00:00,17.8,15.1,84.0,0.0,,200.0,11.2,,1019.5,,,64.04,2020-03-20
2020-03-20 09:00:00,20.0,16.0,78.0,0.0,,210.0,18.4,,1019.4,,,68.0,2020-03-20
2020-03-20 10:00:00,22.2,16.0,68.0,0.0,,210.0,18.4,,1019.7,,,71.96,2020-03-20
2020-03-20 11:00:00,23.9,16.2,62.0,0.0,,210.0,20.5,,1020.2,,,75.02,2020-03-20
2020-03-20 12:00:00,24.4,15.6,58.0,0.0,,210.0,13.0,,1019.8,,,75.92,2020-03-20
2020-03-20 13:00:00,23.9,15.7,60.0,0.0,,240.0,9.4,,1018.9,,,75.02,2020-03-20
2020-03-20 14:00:00,24.4,15.1,56.0,0.0,,240.0,7.6,,1017.75,,,75.92,2020-03-20
2020-03-20 15:00:00,26.7,14.5,47.0,0.0,,230.0,16.6,,1016.6,,,80.06,2020-03-20
2020-03-20 16:00:00,27.2,13.9,44.0,0.0,,230.0,13.0,,1016.2,,,80.96,2020-03-20
2020-03-20 17:00:00,27.2,13.2,42.0,0.0,,270.0,9.4,,1015.9,,7.0,80.96,2020-03-20
2020-03-20 18:00:00,26.1,12.2,42.0,0.0,,270.0,13.0,,1016.7,,7.0,78.98,2020-03-20
2020-03-20 19:00:00,25.6,12.1,43.0,0.0,,250.0,7.6,,1016.6,,7.0,78.08,2020-03-20
2020-03-20 20:00:00,24.4,12.7,48.0,0.13333333333333333,,250.0,13.0,,1017.8,,7.0,75.92,2020-03-20
2020-03-20 21:00:00,21.1,14.5,66.0,0.26666666666666666,,240.0,11.2,,1018.7,,7.0,69.98,2020-03-20
2020-03-20 22:00:00,19.4,15.1,76.0,0.4,,250.0,11.2,,1018.9,,7.0,66.92,2020-03-20
2020-03-20 23:00:00,18.3,15.5,84.0,0.5333333333333333,,240.0,7.6,,1018.3,,7.0,64.94,2020-03-20
2020-03-21 00:00:00,18.3,15.5,84.0,0.6666666666666666,,230.0,7.6,,1019.0,,7.0,64.94,2020-03-21
2020-03-21 01:00:00,17.2,15.5,90.0,0.8,,220.0,7.6,,1019.0,,7.0,62.959999999999994,2020-03-21
2020-03-21 02:00:00,16.7,15.6,93.0,0.3,,210.0,7.6,,1018.7,,7.0,62.059999999999995,2020-03-21
2020-03-21 03:00:00,16.7,15.1,90.0,0.8,,230.0,7.6,,1018.8,,7.0,62.059999999999995,2020-03-21
2020-03-21 04:00:00,16.1,14.5,90.0,0.3,,240.0,7.6,,1018.8,,7.0,60.980000000000004,2020-03-21
2020-03-21 05:00:00,15.6,14.5,93.0,0.3,,210.0,5.4,,1018.2,,7.0,60.08,2020-03-21
2020-03-21 06:00:00,15.6,14.5,93.0,0.3,,240.0,5.4,,1019.0,,7.0,60.08,2020-03-21
2020-03-21 07:00:00,15.6,14.5,93.0,0.0,,240.0,5.4,,1020.1,,7.0,60.08,2020-03-21
2020-03-21 08:00:00,15.0,13.9,93.0,0.0,,0.0,0.0,,1021.3,,7.0,59.0,2020-03-21
2020-03-21 09:00:00,16.1,13.4,84.0,0.0,,230.0,9.4,,1021.8,,7.0,60.980000000000004,2020-03-21
2020-03-21 10:00:00,16.7,14.0,84.0,0.0,,0.0,0.0,,1022.8,,7.0,62.059999999999995,2020-03-21
2020-03-21 11:00:00,15.0,12.1,83.0,0.0,,70.0,13.0,,1023.6,,7.0,59.0,2020-03-21
2020-03-21 12:00:00,15.6,11.8,78.0,0.0,,60.0,14.8,,1024.3,,7.0,60.08,2020-03-21
2020-03-21 13:00:00,16.7,11.6,72.0,0.0,,40.0,16.6,,1024.2,,,62.059999999999995,2020-03-21
2020-03-21 14:00:00,16.7,10.5,67.0,0.0,,50.0,16.6,,1023.8,,,62.059999999999995,2020-03-21
2020-03-21 15:00:00,16.7,10.1,65.0,0.0,,50.0,20.5,,1023.1,,,62.059999999999995,2020-03-21
2020-03-21 16:00:00,16.7,9.4,62.0,0.0,,80.0,13.0,,1022.9,,,62.059999999999995,2020-03-21
2020-03-21 17:00:00,15.0,7.3,60.0,0.0,,50.0,20.5,,1023.5,,,59.0,2020-03-21
2020-03-21 18:00:00,13.3,6.2,62.0,0.0,,40.0,22.3,,1024.4,,,55.94,2020-03-21
2020-03-21 19:00:00,12.2,4.9,61.0,0.0,,30.0,22.3,,1025.4,,,53.96,2020-03-21
2020-03-21 20:00:00,11.1,3.4,59.0,0.0,,50.0,20.5,,1026.3,,,51.98,2020-03-21
2020-03-21 21:00:00,10.6,2.2,56.0,0.0,,40.0,18.4,,1027.3,,,51.08,2020-03-21
2020-03-21 22:00:00,10.0,2.1,58.0,0.0,,60.0,11.2,,1028.1,,,50.0,2020-03-21
2020-03-21 23:00:00,9.4,1.8,59.0,0.0,,50.0,14.8,,1028.9,,,48.92,2020-03-21
2020-03-22 00:00:00,8.3,1.2,61.0,0.0,,60.0,11.2,,1029.1,,,46.94,2020-03-22
2020-03-22 01:00:00,8.3,0.0,56.0,0.0,,60.0,5.4,,1029.1,,,46.94,2020-03-22
2020-03-22 02:00:00,8.3,-0.5,54.0,0.0,,50.0,9.4,,1029.1,,,46.94,2020-03-22
2020-03-22 03:00:00,8.3,-0.5,54.0,0.0,,40.0,11.2,,1029.4,,,46.94,2020-03-22
2020-03-22 04:00:00,8.3,-0.5,54.0,0.0,,50.0,13.0,,1029.1,,,46.94,2020-03-22
2020-03-22 05:00:00,7.8,-0.7,55.0,0.0,,70.0,9.4,,1029.4,,,46.04,2020-03-22
2020-03-22 06:00:00,7.2,-0.1,60.0,0.0,,70.0,9.4,,1030.1,,,44.96,2020-03-22
2020-03-22 07:00:00,6.7,-0.5,60.0,0.0,,60.0,14.8,,1030.4,,,44.06,2020-03-22
2020-03-22 08:00:00,6.7,-0.5,60.0,0.0,,50.0,14.8,,1031.9,,,44.06,2020-03-22
2020-03-22 09:00:00,7.2,-0.5,58.0,0.0,,70.0,13.0,,1032.5,,,44.96,2020-03-22
2020-03-22 10:00:00,7.8,-1.2,53.0,0.0,,50.0,18.4,,1033.1,,,46.04,2020-03-22
2020-03-22 11:00:00,8.3,-1.8,49.0,0.0,,30.0,20.5,,1033.3,,,46.94,2020-03-22
2020-03-22 12:00:00,10.0,-1.1,46.0,0.0,,60.0,16.6,,1033.2,,,50.0,2020-03-22
2020-03-22 13:00:00,11.1,-0.7,44.0,0.0,,20.0,13.0,,1032.6,,,51.98,2020-03-22
2020-03-22 14:00:00,11.1,-0.7,44.0,0.0,,90.0,20.5,,1032.1,,,51.98,2020-03-22
2020-03-22 15:00:00,11.1,-1.0,43.0,0.0,,50.0,22.3,,1031.2,,,51.98,2020-03-22
2020-03-22 16:00:00,11.7,-1.1,41.0,0.0,,80.0,11.2,,1030.9,,,53.06,2020-03-22
2020-03-22 17:00:00,11.7,-1.1,41.0,0.0,,60.0,16.6,,1030.5,,,53.06,2020-03-22
2020-03-22 18:00:00,11.1,-1.0,43.0,0.0,,90.0,11.2,,1030.0,,,51.98,2020-03-22
2020-03-22 19:00:00,10.6,-1.2,44.0,0.0,,50.0,13.0,,1030.3,,,51.08,2020-03-22
2020-03-22 20:00:00,10.0,-0.5,48.0,0.0,,50.0,13.0,,1030.2,,,50.0,2020-03-22
2020-03-22 21:00:00,10.0,-0.5,48.0,0.0,,50.0,11.2,,1030.3,,7.0,50.0,2020-03-22
2020-03-22 22:00:00,10.0,0.6,52.0,0.0,,80.0,13.0,,1030.8,,7.0,50.0,2020-03-22
2020-03-22 23:00:00,9.4,0.6,54.0,0.0,,83.33333333333333,11.2,,1030.6,,7.0,48.92,2020-03-22
2020-03-23 00:00:00,8.9,0.6,56.0,0.0,,86.66666666666667,11.2,,1030.5,,7.0,48.02,2020-03-23
2020-03-23 01:00:00,7.2,3.3,76.0,1.3,,90.0,9.4,,1030.2,,7.0,44.96,2020-03-23
2020-03-23 02:00:00,6.1,3.9,86.0,1.8,,40.0,11.2,,1029.9,,8.0,42.980000000000004,2020-03-23
2020-03-23 03:00:00,6.1,4.4,89.0,3.6,,20.0,13.0,,1029.1,,7.0,42.980000000000004,2020-03-23
2020-03-23 04:00:00,6.1,4.4,89.0,2.0,,30.0,9.4,,1028.5,,7.0,42.980000000000004,2020-03-23
2020-03-23 05:00:00,5.6,4.4,92.0,1.0,,30.0,9.4,,1027.4,,6.333333333333333,42.08,2020-03-23
2020-03-23 06:00:00,5.6,4.4,92.0,0.3,,30.0,13.0,,1026.5,,5.666666666666667,42.08,2020-03-23
2020-03-23 07:00:00,5.6,3.9,89.0,0.0,,20.0,13.0,,1025.9,,5.0,42.08,2020-03-23
2020-03-23 08:00:00,5.6,3.9,89.0,0.0,,40.0,11.2,,1025.6,,5.666666666666667,42.08,2020-03-23
2020-03-23 09:00:00,5.6,3.9,89.0,0.0,,30.0,13.0,,1025.2,,6.333333333333333,42.08,2020-03-23
2020-03-23 10:00:00,5.6,3.9,89.0,0.5,,20.0,9.4,,1026.0,,7.0,42.08,2020-03-23
2020-03-23 11:00:00,5.6,3.9,89.0,1.0,,40.0,13.0,,1024.6,,7.0,42.08,2020-03-23
2020-03-23 12:00:00,6.1,3.9,86.0,1.0,,0.0,0.0,,1024.4,,7.0,42.980000000000004,2020-03-23
2020-03-23 13:00:00,6.7,3.8,82.0,1.0,,360.0,5.4,,1023.0,,6.818181818181818,44.06,2020-03-23
2020-03-23 14:00:00,7.2,4.3,82.0,0.5,,0.0,0.0,,1021.3,,6.636363636363637,44.96,2020-03-23
2020-03-23 15:00:00,7.8,5.1,83.0,0.0,,200.0,14.8,,1020.0,,6.454545454545455,46.04,2020-03-23
2020-03-23 16:00:00,8.3,5.1,80.0,0.0,,270.0,7.6,,1019.4,,,46.94,2020-03-23
2020-03-23 17:00:00,8.9,5.6,80.0,0.0,,220.0,7.6,,1018.3,,,48.02,2020-03-23
2020-03-23 18:00:00,9.4,6.1,80.0,0.0,,220.0,11.2,,1018.1,,,48.92,2020-03-23
2020-03-23 19:00:00,8.9,6.2,83.0,0.0,,220.0,7.6,,1018.0,,,48.02,2020-03-23
2020-03-23 20:00:00,8.3,6.1,86.0,0.0,,0.0,0.0,,1018.2,,5.545454545454545,46.94,2020-03-23
2020-03-23 21:00:00,7.2,5.7,90.0,0.0,,210.0,5.4,,1018.2,,5.363636363636363,44.96,2020-03-23
2020-03-23 22:00:00,7.2,5.7,90.0,0.0,,200.0,9.4,,1018.4,,5.181818181818182,44.96,2020-03-23
2020-03-23 23:00:00,7.8,6.1,89.0,0.0,,190.0,5.4,,1018.5,,5.0,46.04,2020-03-23
2020-03-24 00:00:00,6.7,5.6,93.0,0.0,,190.0,5.4,,1018.675,,5.0,44.06,2020-03-24
2020-03-24 01:00:00,6.1,5.1,93.0,0.0,,200.0,5.4,,1018.85,,5.0,42.980000000000004,2020-03-24
2020-03-24 02:00:00,6.7,5.6,93.0,0.0,,0.0,0.0,,1019.0250000000001,,5.0,44.06,2020-03-24
2020-03-24 03:00:00,6.7,5.6,93.0,0.0,,90.0,5.4,,1019.2,,5.0,44.06,2020-03-24
2020-03-24 04:00:00,6.1,5.1,93.0,0.0,,180.0,5.4,,1018.8,,5.0,42.980000000000004,2020-03-24
2020-03-24 05:00:00,5.6,4.4,92.0,0.0,,0.0,0.0,,1019.1,,5.0,42.08,2020-03-24
2020-03-24 06:00:00,5.0,4.4,96.0,0.0,,190.0,11.2,,1020.0,,5.0,41.0,2020-03-24
2020-03-24 07:00:00,4.4,3.4,93.0,0.0,,110.0,7.6,,1020.45,,5.0,39.92,2020-03-24
2020-03-24 08:00:00,5.6,5.0,96.0,0.0,,0.0,0.0,,1020.9,,5.0,42.08,2020-03-24
2020-03-24 09:00:00,8.3,7.2,93.0,0.0,,0.0,0.0,,1020.6,,5.181818181818182,46.94,2020-03-24
2020-03-24 10:00:00,12.8,6.2,64.0,0.0,,50.0,7.6,,1020.8,,5.363636363636363,55.04,2020-03-24
2020-03-24 11:00:00,13.9,6.0,59.0,0.0,,50.0,16.6,,1021.4,,5.545454545454545,57.02,2020-03-24
2020-03-24 12:00:00,13.3,6.6,64.0,0.0,,50.0,16.6,,1020.8,,,55.94,2020-03-24
2020-03-24 13:00:00,11.7,7.8,77.0,0.0,,140.0,20.5,,1020.7,,,53.06,2020-03-24
2020-03-24 14:00:00,11.1,7.2,77.0,0.0,,140.0,13.0,,1020.1,,,51.98,2020-03-24
2020-03-24 15:00:00,11.1,7.2,77.0,0.0,,130.0,13.0,,1019.1,,,51.98,2020-03-24
2020-03-24 16:00:00,12.2,6.7,69.0,0.0,,80.0,7.6,,1019.2,,6.454545454545455,53.96,2020-03-24
2020-03-24 17:00:00,11.7,6.6,71.0,0.0,,90.0,7.6,,1018.4,,6.636363636363637,53.06,2020-03-24
2020-03-24 18:00:00,11.7,6.6,71.0,0.0,,100.0,5.4,,1018.6,,6.818181818181818,53.06,2020-03-24
2020-03-24 19:00:00,11.1,7.8,80.0,0.15,,100.0,9.4,,1018.1,,7.0,51.98,2020-03-24
2020-03-24 20:00:00,10.6,7.8,83.0,0.3,,90.0,5.4,,1017.3,,7.0,51.08,2020-03-24
2020-03-24 21:00:00,10.0,7.8,86.0,0.3,,40.0,5.4,,1016.4,,7.0,50.0,2020-03-24
2020-03-24 22:00:00,10.0,7.8,86.0,0.3,,40.0,9.4,,1016.7,,7.0,50.0,2020-03-24
2020-03-24 23:00:00,9.4,8.3,93.0,1.0,,40.0,13.0,,1015.8,,7.0,48.92,2020-03-24
2020-03-25 00:00:00,9.4,8.3,93.0,1.5,,70.0,7.6,,1015.5,,8.0,48.92,2020-03-25
2020-03-25 01:00:00,9.4,7.8,90.0,3.0,,40.0,13.0,,1015.0,,8.0,48.92,2020-03-25
2020-03-25 02:00:00,8.9,7.8,93.0,4.6,,50.0,11.2,,1013.9,,7.0,48.02,2020-03-25
2020-03-25 03:00:00,8.9,7.8,93.0,3.0,,80.0,7.6,,1012.9,,7.0,48.02,2020-03-25
2020-03-25 04:00:00,8.9,7.2,89.0,0.8,,90.0,9.4,,1011.1,,7.0,48.02,2020-03-25
2020-03-25 05:00:00,8.3,6.8,90.0,0.65,,60.0,13.0,,1010.2,,7.0,46.94,2020-03-25
2020-03-25 06:00:00,8.3,6.8,90.0,0.5,,50.0,11.2,,1010.1,,7.0,46.94,2020-03-25
2020-03-25 07:00:00,7.8,6.7,93.0,0.5,,30.0,16.6,,1010.4,,5.0,46.04,2020-03-25
2020-03-25 08:00:00,7.8,6.1,89.0,0.25,,20.0,13.0,,1010.4,,5.0,46.04,2020-03-25
2020-03-25 09:00:00,7.2,5.7,90.0,0.0,,20.0,20.5,,1010.5,,5.0,44.96,2020-03-25
2020-03-25 10:00:00,7.2,6.1,93.0,0.0,,20.0,16.6,,1011.4,,5.0,44.96,2020-03-25
2020-03-25 11:00:00,8.3,6.8,90.0,0.3,,30.0,18.4,,1012.0,,5.0,46.94,2020-03-25
2020-03-25 12:00:00,9.4,6.7,83.0,0.0,,40.0,24.1,,1012.0,,5.0,48.92,2020-03-25
2020-03-25 13:00:00,10.6,7.3,80.0,0.0,,60.0,14.8,,1012.2,,5.0,51.08,2020-03-25
2020-03-25 14:00:00,11.1,6.6,74.0,0.0,,30.0,14.8,,1012.6,,,51.98,2020-03-25
2020-03-25 15:00:00,12.8,7.3,69.0,0.0,,40.0,11.2,,1012.3,,,55.04,2020-03-25
2020-03-25 16:00:00,13.3,7.3,67.0,0.0,,40.0,11.2,,1012.3,,,55.94,2020-03-25
2020-03-25 17:00:00,12.2,7.3,72.0,0.0,,60.0,9.4,,1012.8,,,53.96,2020-03-25
2020-03-25 18:00:00,12.2,6.7,69.0,0.0,,70.0,5.4,,1013.5,,,53.96,2020-03-25
2020-03-25 19:00:00,12.2,6.7,69.0,0.0,,90.0,7.6,,1014.1,,,53.96,2020-03-25
2020-03-25 20:00:00,11.7,6.2,69.0,0.0,,60.0,11.2,,1015.4,,,53.06,2020-03-25
2020-03-25 21:00:00,10.0,6.2,77.0,0.0,,70.0,11.2,,1015.9,,,50.0,2020-03-25
2020-03-25 22:00:00,10.0,6.2,77.0,0.0,,40.0,11.2,,1017.4,,,50.0,2020-03-25
2020-03-25 23:00:00,8.9,5.6,80.0,0.0,,50.0,9.4,,1018.1,,,48.02,2020-03-25
2020-03-26 00:00:00,7.8,5.6,86.0,0.0,,60.0,9.4,,1017.9,,,46.04,2020-03-26
2020-03-26 01:00:00,8.3,6.1,86.0,0.0,,50.0,13.0,,1018.2,,,46.94,2020-03-26
2020-03-26 02:00:00,8.3,5.6,83.0,0.0,,50.0,9.4,,1018.4,,,46.94,2020-03-26
2020-03-26 03:00:00,7.8,5.1,83.0,0.0,,50.0,5.4,,1018.0,,,46.04,2020-03-26
2020-03-26 04:00:00,7.2,5.0,86.0,0.0,,100.0,5.4,,1018.1,,,44.96,2020-03-26
2020-03-26 05:00:00,7.2,4.3,82.0,0.0,,0.0,0.0,,1018.8,,,44.96,2020-03-26
2020-03-26 06:00:00,7.2,5.0,86.0,0.0,,0.0,0.0,,1018.6,,,44.96,2020-03-26
2020-03-26 07:00:00,7.2,5.0,86.0,0.0,,200.0,7.6,,1018.9,,,44.96,2020-03-26
2020-03-26 08:00:00,7.2,5.0,86.0,0.0,,160.0,7.6,,1019.3,,,44.96,2020-03-26
2020-03-26 09:00:00,7.8,5.6,86.0,0.0,,180.0,11.2,,1019.8,,,46.04,2020-03-26
2020-03-26 10:00:00,8.3,5.6,83.0,0.0,,180.0,9.4,,1019.7,,,46.94,2020-03-26
2020-03-26 11:00:00,9.4,6.1,80.0,0.0,,180.0,9.4,,1019.8,,,48.92,2020-03-26
2020-03-26 12:00:00,10.0,5.6,74.0,0.0,,190.0,13.0,,1019.7,,,50.0,2020-03-26
2020-03-26 13:00:00,11.1,5.6,69.0,0.0,,200.0,20.5,,1018.6,,,51.98,2020-03-26
2020-03-26 14:00:00,12.8,6.2,64.0,0.0,,210.0,20.5,,1017.4,,,55.04,2020-03-26
2020-03-26 15:00:00,13.9,6.7,62.0,0.0,,200.0,16.6,,1016.1,,,57.02,2020-03-26
2020-03-26 16:00:00,15.0,7.3,60.0,0.0,,210.0,18.4,,1015.5,,,59.0,2020-03-26
2020-03-26 17:00:00,15.6,7.9,60.0,0.0,,180.0,13.0,,1014.2,,,60.08,2020-03-26
2020-03-26 18:00:00,15.6,7.9,60.0,0.0,,200.0,22.3,,1013.7,,,60.08,2020-03-26
2020-03-26 19:00:00,16.1,7.8,58.0,0.0,,200.0,24.1,,1013.3,,,60.980000000000004,2020-03-26
2020-03-26 20:00:00,14.4,8.3,67.0,0.0,,200.0,14.8,,1013.1,,,57.92,2020-03-26
2020-03-26 21:00:00,13.9,8.3,69.0,0.0,,210.0,13.0,,1013.2,,,57.02,2020-03-26
2020-03-26 22:00:00,12.8,7.9,72.0,0.0,,210.0,14.8,,1013.1,,,55.04,2020-03-26
2020-03-26 23:00:00,12.2,7.9,75.0,0.0,,200.0,20.5,,1011.3,,,53.96,2020-03-26
2020-03-27 00:00:00,11.1,7.8,80.0,0.0,,220.0,11.2,,1011.5,,,51.98,2020-03-27
2020-03-27 01:00:00,10.6,7.8,83.0,0.0,,200.0,14.8,,1010.6,,,51.08,2020-03-27
2020-03-27 02:00:00,10.0,7.8,86.0,0.0,,200.0,14.8,,1010.2,,,50.0,2020-03-27
2020-03-27 03:00:00,11.1,8.8,86.0,0.0,,220.0,9.4,,1009.9,,,51.98,2020-03-27
2020-03-27 04:00:00,11.7,8.9,83.0,0.0,,240.0,5.4,,1009.2,,,53.06,2020-03-27
2020-03-27 05:00:00,11.1,8.8,86.0,0.0,,200.0,5.4,,1009.1,,,51.98,2020-03-27
2020-03-27 06:00:00,9.4,7.8,90.0,0.0,,0.0,0.0,,1009.4,,,48.92,2020-03-27
2020-03-27 07:00:00,8.9,7.8,93.0,0.0,,0.0,0.0,,1010.0,,,48.02,2020-03-27
2020-03-27 08:00:00,10.6,9.4,92.0,0.0,,200.0,5.4,,1010.9,,,51.08,2020-03-27
2020-03-27 09:00:00,13.9,10.7,81.0,0.0,,190.0,9.4,,1011.0,,,57.02,2020-03-27
2020-03-27 10:00:00,19.4,10.7,57.0,0.0,,220.0,11.2,,1011.5,,,66.92,2020-03-27
2020-03-27 11:00:00,20.0,11.2,57.0,0.0,,230.0,11.2,,1012.3,,,68.0,2020-03-27
2020-03-27 12:00:00,18.9,11.7,63.0,0.0,,190.0,11.2,,1011.9,,,66.02,2020-03-27
2020-03-27 13:00:00,22.2,12.2,53.0,0.0,,170.0,16.6,,1010.7,,,71.96,2020-03-27
2020-03-27 14:00:00,23.3,14.0,56.0,0.0,,160.0,13.0,,1010.6,,,73.94,2020-03-27
2020-03-27 15:00:00,24.4,13.3,50.0,0.0,,150.0,18.4,,1010.2,,,75.92,2020-03-27
2020-03-27 16:00:00,26.7,14.5,47.0,0.0,,150.0,18.4,,1009.8,,,80.06,2020-03-27
2020-03-27 17:00:00,26.1,13.9,47.0,0.0,,140.0,13.0,,1009.7,,,78.98,2020-03-27
2020-03-27 18:00:00,24.4,13.9,52.0,0.0,,100.0,7.6,,1011.2,,,75.92,2020-03-27
2020-03-27 19:00:00,22.8,14.4,59.0,0.0,,70.0,9.4,,1012.0,,,73.04,2020-03-27
2020-03-27 20:00:00,22.2,13.8,59.0,0.0,,40.0,14.8,,1012.7,,,71.96,2020-03-27
2020-03-27 21:00:00,20.0,13.2,65.0,0.0,,30.0,16.6,,1014.2,,,68.0,2020-03-27
2020-03-27 22:00:00,19.4,12.9,66.0,0.0,,40.0,16.6,,1014.4,,,66.92,2020-03-27
2020-03-27 23:00:00,18.3,12.3,68.0,0.0,,20.0,14.8,,1015.3,,,64.94,2020-03-27
2020-03-28 00:00:00,17.8,11.8,68.0,0.0,,50.0,16.6,,1015.0,,,64.04,2020-03-28
2020-03-28 01:00:00,16.7,11.6,72.0,0.0,,30.0,9.4,,1015.0,,,62.059999999999995,2020-03-28
2020-03-28 02:00:00,16.1,11.7,75.0,0.0,,20.0,13.0,,1014.6,,,60.980000000000004,2020-03-28
2020-03-28 03:00:00,15.6,11.8,78.0,0.0,,40.0,16.6,,1013.0,,,60.08,2020-03-28
2020-03-28 04:00:00,15.6,11.2,75.0,0.0,,30.0,11.2,,1014.3,,,60.08,2020-03-28
2020-03-28 05:00:00,15.0,11.2,78.0,0.0,,60.0,7.6,,1012.9,,,59.0,2020-03-28
2020-03-28 06:00:00,15.0,11.2,78.0,0.0,,30.0,16.6,,1013.5,,,59.0,2020-03-28
2020-03-28 07:00:00,14.4,10.6,78.0,0.0,,40.0,11.2,,1013.7,,,57.92,2020-03-28
2020-03-28 08:00:00,14.4,11.2,81.0,0.0,,30.0,13.0,,1014.3,,,57.92,2020-03-28
2020-03-28 09:00:00,15.0,11.2,78.0,0.0,,60.0,9.4,,1014.9,,,59.0,2020-03-28
2020-03-28 10:00:00,16.1,11.7,75.0,0.0,,60.0,5.4,,1014.5,,,60.980000000000004,2020-03-28
2020-03-28 11:00:00,17.2,12.1,72.0,0.0,,30.0,5.4,,1014.7,,,62.959999999999994,2020-03-28
2020-03-28 12:00:00,19.4,12.9,66.0,0.0,,0.0,0.0,,1013.6,,,66.92,2020-03-28
2020-03-28 13:00:00,22.2,13.3,57.0,0.0,,180.0,7.6,,1013.0,,,71.96,2020-03-28
2020-03-28 14:00:00,25.0,14.5,52.0,0.0,,200.0,5.4,,1011.9,,,77.0,2020-03-28
2020-03-28 15:00:00,27.2,14.9,47.0,0.0,,200.0,7.6,,1010.7,,,80.96,2020-03-28
2020-03-28 16:00:00,27.2,15.6,49.0,0.0,,160.0,16.6,,1010.2,,,80.96,2020-03-28
2020-03-28 17:00:00,27.8,15.5,47.0,0.0,,190.0,16.6,,1009.8,,,82.04,2020-03-28
2020-03-28 18:00:00,26.7,15.1,49.0,0.0,,190.0,18.4,,1010.0,,,80.06,2020-03-28
2020-03-28 19:00:00,24.4,16.1,60.0,0.0,,0.0,0.0,,1010.8,,,75.92,2020-03-28
2020-03-28 20:00:00,23.3,15.6,62.0,0.0,,0.0,0.0,,1011.0,,,73.94,2020-03-28
2020-03-28 21:00:00,21.1,15.0,68.0,0.0,,0.0,0.0,,1011.9,,,69.98,2020-03-28
2020-03-28 22:00:00,21.1,15.0,68.0,0.0,,0.0,0.0,,1012.1,,,69.98,2020-03-28
2020-03-28 23:00:00,21.7,15.5,68.0,0.0,,60.0,9.4,,1012.0,,,71.06,2020-03-28
2020-03-29 00:00:00,19.4,15.7,79.0,0.0,,30.0,14.8,,1012.1,,,66.92,2020-03-29
2020-03-29 01:00:00,17.8,13.9,78.0,0.0,,20.0,16.6,,1012.9,,,64.04,2020-03-29
2020-03-29 02:00:00,16.7,13.2,80.0,0.0,,30.0,14.8,,1012.5,,,62.059999999999995,2020-03-29
2020-03-29 03:00:00,15.6,13.3,86.0,0.0,,20.0,11.2,,1012.0,,5.0,60.08,2020-03-29
2020-03-29 04:00:00,14.4,12.8,90.0,0.0,,50.0,9.4,,1012.0,,5.0,57.92,2020-03-29
2020-03-29 05:00:00,13.3,11.7,90.0,0.0,,0.0,0.0,,1011.6,,5.0,55.94,2020-03-29
2020-03-29 06:00:00,13.9,12.3,90.0,0.0,,0.0,0.0,,1012.2,,5.0,57.02,2020-03-29
2020-03-29 07:00:00,13.3,11.7,90.0,0.0,,0.0,0.0,,1012.5,,5.0,55.94,2020-03-29
2020-03-29 08:00:00,13.9,12.3,90.0,0.0,,0.0,0.0,,1013.8,,5.0,57.02,2020-03-29
2020-03-29 09:00:00,15.0,12.9,87.0,0.0,,0.0,0.0,,1014.3,,5.03921568627451,59.0,2020-03-29
2020-03-29 10:00:00,17.2,13.3,78.0,0.0,,0.0,0.0,,1015.1,,5.078431372549019,62.959999999999994,2020-03-29
2020-03-29 11:00:00,18.3,14.0,76.0,0.0,,150.0,9.4,,1013.8,,5.117647058823529,64.94,2020-03-29
2020-03-29 12:00:00,20.6,14.9,70.0,0.0,,190.0,9.4,,1011.8,,,69.08,2020-03-29
2020-03-29 13:00:00,23.9,15.7,60.0,0.0,,220.0,11.2,,1011.3,,,75.02,2020-03-29
2020-03-29 14:00:00,27.2,16.8,53.0,0.0,,190.0,20.5,,1010.4,,,80.96,2020-03-29
2020-03-29 15:00:00,29.4,15.5,43.0,0.0,,200.0,29.5,,1008.8,,,84.91999999999999,2020-03-29
2020-03-29 16:00:00,30.6,13.4,35.0,0.0,,220.0,25.9,,1008.1,,,87.08000000000001,2020-03-29
2020-03-29 17:00:00,31.0,14.2,36.0,0.0,,260.0,14.8,,1008.7,,,87.8,2020-03-29
2020-03-29 18:00:00,29.0,-0.3,15.0,0.0,,270.0,27.7,,1009.3,,,84.2,2020-03-29
2020-03-29 19:00:00,27.0,-2.8,14.0,0.0,,250.0,16.6,,1009.9,,,80.6,2020-03-29
2020-03-29 20:00:00,26.0,-0.9,17.0,0.0,,250.0,9.4,,1010.5,,,78.8,2020-03-29
2020-03-29 21:00:00,24.0,2.2,24.0,0.0,,250.0,11.2,,1011.1,,,75.2,2020-03-29
2020-03-29 22:00:00,23.0,1.9,25.0,0.0,,250.0,9.4,,1011.6999999999999,,,73.4,2020-03-29
2020-03-29 23:00:00,22.2,3.3,29.0,0.0,,240.0,7.6,,1012.3,,,71.96,2020-03-29
2020-03-30 00:00:00,21.1,3.3,31.0,0.0,,240.0,9.4,,1012.7,,,69.98,2020-03-30
2020-03-30 01:00:00,21.1,3.8,32.0,0.0,,250.0,7.6,,1013.1,,,69.98,2020-03-30
2020-03-30 02:00:00,20.6,3.8,33.0,0.0,,250.0,5.4,,1012.8,,,69.08,2020-03-30
2020-03-30 03:00:00,19.4,2.3,32.0,0.0,,250.0,7.6,,1013.1,,,66.92,2020-03-30
2020-03-30 04:00:00,20.0,0.9,28.0,0.0,,250.0,13.0,,1013.4,,,68.0,2020-03-30
2020-03-30 05:00:00,18.9,1.8,32.0,0.0,,270.0,9.4,,1013.8,,,66.02,2020-03-30
2020-03-30 06:00:00,18.3,1.7,33.0,0.0,,290.0,11.2,,1014.8,,,64.94,2020-03-30
2020-03-30 07:00:00,16.7,-2.4,27.0,0.0,,290.0,16.6,,1016.1,,,62.059999999999995,2020-03-30
2020-03-30 08:00:00,15.6,-1.0,32.0,0.0,,280.0,5.4,,1016.8,,,60.08,2020-03-30
2020-03-30 09:00:00,16.1,-1.0,31.0,0.0,,250.0,7.6,,1017.1,,,60.980000000000004,2020-03-30
2020-03-30 10:00:00,16.7,-0.5,31.0,0.0,,220.0,5.4,,1016.3,,,62.059999999999995,2020-03-30
2020-03-30 11:00:00,16.7,-0.1,32.0,0.0,,220.0,13.0,,1015.9,,,62.059999999999995,2020-03-30
2020-03-30 12:00:00,20.6,0.9,27.0,0.0,,220.0,20.5,,1014.5,,,69.08,2020-03-30
2020-03-30 13:00:00,22.8,1.7,25.0,0.0,,250.0,14.8,,1013.4,,,73.04,2020-03-30
2020-03-30 14:00:00,23.9,-2.6,17.0,0.0,,270.0,16.6,,1012.5,,,75.02,2020-03-30
2020-03-30 15:00:00,24.4,-3.9,15.0,0.0,,300.0,25.9,,1011.5,,,75.92,2020-03-30
2020-03-30 16:00:00,24.4,-3.9,15.0,0.0,,290.0,16.6,,1010.8,,,75.92,2020-03-30
2020-03-30 17:00:00,23.9,-5.2,14.0,0.0,,280.0,18.4,,1010.8,,,75.02,2020-03-30
2020-03-30 18:00:00,22.8,-7.1,13.0,0.0,,270.0,18.4,,1011.3,,,73.04,2020-03-30
2020-03-30 19:00:00,21.7,-7.0,14.0,0.0,,270.0,13.0,,1011.7,,,71.06,2020-03-30
2020-03-30 20:00:00,20.0,-7.4,15.0,0.0,,280.0,11.2,,1012.1,,,68.0,2020-03-30
2020-03-30 21:00:00,18.9,-7.5,16.0,0.0,,260.0,11.2,,1012.9,,,66.02,2020-03-30
2020-03-30 22:00:00,17.8,-6.2,19.0,0.0,,0.0,0.0,,1013.9,,,64.04,2020-03-30
2020-03-30 23:00:00,17.8,-4.2,22.0,0.0,,0.0,7.6,,1013.9,,,64.04,2020-03-30
2020-03-31 00:00:00,16.1,-2.9,27.0,0.0,,0.0,0.0,,1013.7,,,60.980000000000004,2020-03-31
2020-03-31 01:00:00,12.2,2.1,50.0,0.0,,0.0,0.0,,1013.8,,,53.96,2020-03-31
2020-03-31 02:00:00,11.7,3.2,56.0,0.0,,0.0,0.0,,1013.7,,,53.06,2020-03-31
2020-03-31 03:00:00,14.4,-1.3,34.0,0.0,,10.0,9.4,,1013.6,,,57.92,2020-03-31
2020-03-31 04:00:00,12.2,0.6,45.0,0.0,,70.0,7.6,,1013.9,,,53.96,2020-03-31
2020-03-31 05:00:00,11.1,1.6,52.0,0.0,,60.0,9.4,,1014.1,,,51.98,2020-03-31
2020-03-31 06:00:00,10.0,2.8,61.0,0.0,,10.0,7.6,,1014.7,,,50.0,2020-03-31
2020-03-31 07:00:00,10.0,2.8,61.0,0.0,,0.0,0.0,,1015.1,,,50.0,2020-03-31
2020-03-31 08:00:00,10.6,2.9,59.0,0.0,,0.0,0.0,,1015.5,,6.882352941176471,51.08,2020-03-31
2020-03-31 09:00:00,11.1,1.6,52.0,0.0,,90.0,9.4,,1014.6,,6.921568627450981,51.98,2020-03-31
2020-03-31 10:00:00,11.1,1.1,50.0,0.0,,120.0,9.4,,1014.2,,6.96078431372549,51.98,2020-03-31
2020-03-31 11:00:00,11.1,2.1,54.0,0.0,,100.0,13.0,,1013.6,,7.0,51.98,2020-03-31
2020-03-31 12:00:00,10.6,4.5,66.0,0.3,,100.0,9.4,,1013.1,,7.0,51.08,2020-03-31
2020-03-31 13:00:00,10.0,5.6,74.0,0.8,,130.0,7.6,,1012.5,,7.0,50.0,2020-03-31
2020-03-31 14:00:00,9.4,6.7,83.0,1.3,,170.0,9.4,,1011.7,,7.0,48.92,2020-03-31
2020-03-31 15:00:00,8.9,6.7,86.0,1.3,,0.0,0.0,,1010.7,,7.0,48.02,2020-03-31
2020-03-31 16:00:00,8.9,6.7,86.0,2.3,,90.0,5.4,,1009.7,,7.0,48.02,2020-03-31
2020-03-31 17:00:00,7.8,6.1,89.0,4.3,,60.0,9.4,,1008.5,,7.0,46.04,2020-03-31
2020-03-31 18:00:00,7.8,6.1,89.0,1.8,,0.0,0.0,,1009.1,,7.0,46.04,2020-03-31
2020-03-31 19:00:00,7.8,5.6,86.0,0.8,,50.0,11.2,,1008.5,,7.0,46.04,2020-03-31
2020-03-31 20:00:00,7.2,5.0,86.0,0.8,,20.0,13.0,,1008.4,,7.0,44.96,2020-03-31
2020-03-31 21:00:00,7.2,5.7,90.0,1.3,,10.0,11.2,,1008.0,,7.0,44.96,2020-03-31
2020-03-31 22:00:00,7.2,5.0,86.0,0.5,,50.0,22.3,,1007.5,,7.0,44.96,2020-03-31
2020-03-31 23:00:00,7.2,5.0,86.0,0.5,,20.0,16.6,,1007.0,,7.0,44.96,2020-03-31
2020-04-01 00:00:00,6.7,5.0,89.0,0.5,,360.0,9.4,,1007.1,,7.0,44.06,2020-04-01
2020-04-01 01:00:00,6.1,4.4,89.0,0.5,,10.0,14.8,,1006.6,,7.0,42.980000000000004,2020-04-01
2020-04-01 02:00:00,6.1,4.4,89.0,0.25,,20.0,13.0,,1006.4,,7.0,42.980000000000004,2020-04-01
2020-04-01 03:00:00,6.1,4.4,89.0,0.0,,20.0,18.4,,1006.5,,7.0,42.980000000000004,2020-04-01
2020-04-01 04:00:00,6.1,4.4,89.0,0.5,,360.0,9.4,,1006.9,,7.0,42.980000000000004,2020-04-01
2020-04-01 05:00:00,6.1,4.4,89.0,0.5,,10.0,11.2,,1007.2,,7.0,42.980000000000004,2020-04-01
2020-04-01 06:00:00,6.1,3.9,86.0,0.3,,10.0,9.4,,1007.4,,7.0,42.980000000000004,2020-04-01
2020-04-01 07:00:00,5.6,3.9,89.0,0.0,,30.0,7.6,,1008.0,,7.0,42.08,2020-04-01
2020-04-01 08:00:00,6.1,3.9,86.0,0.0,,30.0,7.6,,1009.1,,7.0,42.980000000000004,2020-04-01
2020-04-01 09:00:00,6.7,3.8,82.0,0.0,,360.0,5.4,,1010.1,,7.0,44.06,2020-04-01
2020-04-01 10:00:00,7.2,4.3,82.0,0.0,,0.0,0.0,,1010.8,,7.0,44.96,2020-04-01
2020-04-01 11:00:00,7.8,3.3,73.0,0.0,,30.0,13.0,,1011.3,,7.0,46.04,2020-04-01
2020-04-01 12:00:00,8.3,3.9,74.0,0.0,,70.0,7.6,,1011.4,,7.0,46.94,2020-04-01
2020-04-01 13:00:00,11.7,3.2,56.0,0.0,,20.0,22.3,,1010.6,,7.0,53.06,2020-04-01
2020-04-01 14:00:00,13.3,2.8,49.0,0.0,,20.0,11.2,,1010.3,,,55.94,2020-04-01
2020-04-01 15:00:00,15.0,2.2,42.0,0.0,,10.0,9.4,,1009.9,,,59.0,2020-04-01
2020-04-01 16:00:00,13.9,1.2,42.0,0.0,,0.0,0.0,,1009.7,,,57.02,2020-04-01
2020-04-01 17:00:00,12.8,3.2,52.0,0.0,,250.0,7.6,,1009.7,,,55.04,2020-04-01
2020-04-01 18:00:00,12.2,3.4,55.0,0.0,,250.0,9.4,,1010.2,,,53.96,2020-04-01
2020-04-01 19:00:00,11.7,3.2,56.0,0.0,,280.0,9.4,,1010.9,,,53.06,2020-04-01
2020-04-01 20:00:00,11.1,3.9,61.0,0.0,,270.0,11.2,,1011.4,,,51.98,2020-04-01
2020-04-01 21:00:00,10.0,5.0,71.0,0.0,,260.0,5.4,,1012.3,,,50.0,2020-04-01
2020-04-01 22:00:00,10.0,3.3,63.0,0.0,,260.0,5.4,,1012.9,,,50.0,2020-04-01
2020-04-01 23:00:00,8.3,2.7,68.0,0.0,,290.0,9.4,,1013.4,,,46.94,2020-04-01
2020-04-02 00:00:00,7.2,2.3,71.0,0.0,,0.0,0.0,,1013.9,,,44.96,2020-04-02
2020-04-02 01:00:00,8.9,2.2,63.0,0.0,,310.0,9.4,,1014.0,,,48.02,2020-04-02
2020-04-02 02:00:00,7.2,2.3,71.0,0.0,,300.0,7.6,,1014.4,,,44.96,2020-04-02
2020-04-02 03:00:00,8.3,1.7,63.0,0.0,,0.0,0.0,,1014.3,,,46.94,2020-04-02
2020-04-02 04:00:00,5.0,1.7,79.0,0.0,,300.0,7.6,,1014.5,,,41.0,2020-04-02
2020-04-02 05:00:00,5.0,1.7,79.0,0.0,,320.0,7.6,,1014.8,,,41.0,2020-04-02
2020-04-02 06:00:00,4.4,1.1,79.0,0.0,,300.0,7.6,,1015.0,,,39.92,2020-04-02
2020-04-02 07:00:00,4.4,0.5,76.0,0.0,,310.0,7.6,,1015.5,,,39.92,2020-04-02
2020-04-02 08:00:00,7.8,1.2,63.0,0.0,,310.0,5.4,,1015.8,,,46.04,2020-04-02
2020-04-02 09:00:00,10.0,-1.7,44.0,0.0,,310.0,18.4,,1016.1,,,50.0,2020-04-02
2020-04-02 10:00:00,11.7,-2.2,38.0,0.0,,330.0,11.2,,1016.0,,,53.06,2020-04-02
2020-04-02 11:00:00,13.3,-1.9,35.0,0.0,,330.0,13.0,,1016.1,,,55.94,2020-04-02
2020-04-02 12:00:00,13.3,-3.5,31.0,0.0,,330.0,11.2,,1015.6,,,55.94,2020-04-02
2020-04-02 13:00:00,15.0,-3.4,28.0,0.0,,330.0,13.0,,1014.6,,,59.0,2020-04-02
2020-04-02 14:00:00,16.1,-2.9,27.0,0.0,,330.0,13.0,,1013.8,,,60.980000000000004,2020-04-02
2020-04-02 15:00:00,17.2,-3.0,25.0,0.0,,310.0,16.6,,1013.0,,,62.959999999999994,2020-04-02
2020-04-02 16:00:00,17.8,-2.0,26.0,0.0,,280.0,11.2,,1012.4,,,64.04,2020-04-02
2020-04-02 17:00:00,17.2,-3.0,25.0,0.0,,330.0,16.6,,1011.8,,,62.959999999999994,2020-04-02
2020-04-02 18:00:00,16.7,-1.9,28.0,0.0,,330.0,14.8,,1012.2,,,62.059999999999995,2020-04-02
2020-04-02 19:00:00,15.6,-2.4,29.0,0.0,,325.0,11.2,,1012.5,,,60.08,2020-04-02
2020-04-02 20:00:00,13.9,-2.1,33.0,0.0,,320.0,9.4,,1012.9,,,57.02,2020-04-02
2020-04-02 21:00:00,13.3,-2.2,34.0,0.0,,320.0,9.4,,1013.4,,,55.94,2020-04-02
2020-04-02 22:00:00,11.7,-2.2,38.0,0.0,,330.0,5.4,,1013.7,,,53.06,2020-04-02
2020-04-02 23:00:00,9.4,-1.6,46.0,0.0,,0.0,0.0,,1013.6,,,48.92,2020-04-02
2020-04-03 00:00:00,7.2,-0.1,60.0,0.0,,0.0,5.4,,1013.1,,,44.96,2020-04-03
2020-04-03 01:00:00,10.0,-1.7,44.0,0.0,,0.0,5.4,,1012.8,,,50.0,2020-04-03
2020-04-03 02:00:00,6.7,-0.5,60.0,0.0,,0.0,0.0,,1012.9,,,44.06,2020-04-03
2020-04-03 03:00:00,8.9,-1.8,47.0,0.0,,0.0,0.0,,1012.4,,,48.02,2020-04-03
2020-04-03 04:00:00,7.8,-2.3,49.0,0.0,,270.0,5.4,,1012.5,,,46.04,2020-04-03
2020-04-03 05:00:00,7.2,-4.0,45.0,0.0,,0.0,0.0,,1012.7,,,44.96,2020-04-03
2020-04-03 06:00:00,7.8,-6.0,37.0,0.0,,0.0,0.0,,1013.0,,,46.04,2020-04-03
2020-04-03 07:00:00,8.9,-9.6,26.0,0.0,,0.0,0.0,,1013.4,,,48.02,2020-04-03
2020-04-03 08:00:00,9.4,-7.3,30.0,0.0,,0.0,0.0,,1013.8,,,48.92,2020-04-03
2020-04-03 09:00:00,12.2,-9.5,21.0,0.0,,160.0,5.4,,1013.8,,,53.96,2020-04-03
2020-04-03 10:00:00,13.9,-6.9,23.0,0.0,,320.0,9.4,,1013.8,,,57.02,2020-04-03
2020-04-03 11:00:00,15.0,-7.2,21.0,0.0,,320.0,16.6,,1013.6,,,59.0,2020-04-03
2020-04-03 12:00:00,17.2,-6.7,19.0,0.0,,330.0,11.2,,1013.2,,,62.959999999999994,2020-04-03
2020-04-03 13:00:00,18.9,-6.7,17.0,0.0,,330.0,16.6,,1012.0,,,66.02,2020-04-03
2020-04-03 14:00:00,20.0,-6.6,16.0,0.0,,290.0,13.0,,1011.1,,,68.0,2020-04-03
2020-04-03 15:00:00,21.7,-5.2,16.0,0.0,,280.0,14.8,,1010.1,,,71.06,2020-04-03
2020-04-03 16:00:00,22.2,-5.7,15.0,0.0,,290.0,16.6,,1009.4,,,71.96,2020-04-03
2020-04-03 17:00:00,22.8,-5.2,15.0,0.0,,320.0,13.0,,1009.2,,,73.04,2020-04-03
2020-04-03 18:00:00,22.2,-5.7,15.0,0.0,,290.0,14.8,,1009.5,,,71.96,2020-04-03
2020-04-03 19:00:00,20.6,-5.3,17.0,0.0,,350.0,11.2,,1010.0,,,69.08,2020-04-03
2020-04-03 20:00:00,18.9,-6.0,18.0,0.0,,350.0,5.4,,1010.7,,,66.02,2020-04-03
2020-04-03 21:00:00,17.2,-5.3,21.0,0.0,,350.0,5.4,,1011.6,,,62.959999999999994,2020-04-03
2020-04-03 22:00:00,10.6,-2.8,39.0,0.0,,350.0,5.4,,1012.7,,,51.08,2020-04-03
2020-04-03 23:00:00,16.1,-6.3,21.0,0.0,,350.0,5.4,,1012.6,,,60.980000000000004,2020-04-03
2020-04-04 00:00:00,11.7,-4.5,32.0,0.0,,320.0,5.4,,1013.0,,,53.06,2020-04-04
2020-04-04 01:00:00,8.3,-1.0,52.0,0.0,,330.0,7.6,,1013.1,,,46.94,2020-04-04
2020-04-04 02:00:00,8.3,-3.3,44.0,0.0,,190.0,5.4,,1013.3,,,46.94,2020-04-04
2020-04-04 03:00:00,6.1,-2.3,55.0,0.0,,0.0,0.0,,1013.3,,,42.980000000000004,2020-04-04
2020-04-04 04:00:00,5.6,-2.3,57.0,0.0,,0.0,0.0,,1013.3,,,42.08,2020-04-04
2020-04-04 05:00:00,6.1,-2.3,55.0,0.0,,350.0,5.4,,1013.7,,,42.980000000000004,2020-04-04
2020-04-04 06:00:00,7.8,0.5,60.0,0.0,,50.0,7.6,,1014.0,,,46.04,2020-04-04
2020-04-04 07:00:00,7.2,1.1,65.0,0.0,,50.0,5.4,,1014.4,,,44.96,2020-04-04
2020-04-04 08:00:00,8.3,3.3,71.0,0.0,,0.0,0.0,,1015.0,,,46.94,2020-04-04
2020-04-04 09:00:00,11.1,2.9,57.0,0.0,,190.0,9.4,,1015.9,,,51.98,2020-04-04
2020-04-04 10:00:00,12.8,2.9,51.0,0.0,,180.0,9.4,,1016.5,,,55.04,2020-04-04
2020-04-04 11:00:00,15.0,1.8,41.0,0.0,,190.0,7.6,,1016.3,,,59.0,2020-04-04
2020-04-04 12:00:00,16.7,0.8,34.0,0.0,,95.0,5.4,,1016.2,,,62.059999999999995,2020-04-04
2020-04-04 13:00:00,17.8,0.4,31.0,0.0,,0.0,0.0,,1015.8,,,64.04,2020-04-04
2020-04-04 14:00:00,19.4,1.8,31.0,0.0,,100.0,7.6,,1015.2,,,66.92,2020-04-04
2020-04-04 15:00:00,20.6,0.9,27.0,0.0,,135.0,5.4,,1014.2,,,69.08,2020-04-04
2020-04-04 16:00:00,21.1,1.4,27.0,0.0,,170.0,9.4,,1013.1,,,69.98,2020-04-04
2020-04-04 17:00:00,22.8,1.7,25.0,0.0,,170.0,13.0,,1012.8,,,73.04,2020-04-04
2020-04-04 18:00:00,21.7,1.9,27.0,0.0,,140.0,7.6,,1012.8,,,71.06,2020-04-04
2020-04-04 19:00:00,20.0,2.4,31.0,0.0,,140.0,14.8,,1013.5,,,68.0,2020-04-04
2020-04-04 20:00:00,17.8,3.3,38.0,0.0,,90.0,9.4,,1014.5,,,64.04,2020-04-04
2020-04-04 21:00:00,15.6,4.0,46.0,0.0,,60.0,9.4,,1015.7,,,60.08,2020-04-04
2020-04-04 22:00:00,15.0,4.4,49.0,0.0,,70.0,9.4,,1017.2,,,59.0,2020-04-04
2020-04-04 23:00:00,13.9,5.0,55.0,0.0,,80.0,7.6,,1017.5,,,57.02,2020-04-04
2020-04-05 00:00:00,12.2,4.9,61.0,0.0,,90.0,5.4,,1018.1,,,53.96,2020-04-05
2020-04-05 01:00:00,10.0,5.0,71.0,0.0,,0.0,0.0,,1018.3,,,50.0,2020-04-05
2020-04-05 02:00:00,8.3,5.1,80.0,0.0,,0.0,0.0,,1018.2,,,46.94,2020-04-05
2020-04-05 03:00:00,7.8,5.1,83.0,0.0,,0.0,0.0,,1018.4,,,46.04,2020-04-05
2020-04-05 04:00:00,7.2,4.3,82.0,0.0,,0.0,0.0,,1018.5,,,44.96,2020-04-05
2020-04-05 05:00:00,6.1,4.4,89.0,0.0,,0.0,0.0,,1018.2,,,42.980000000000004,2020-04-05
2020-04-05 06:00:00,5.6,3.9,89.0,0.0,,0.0,0.0,,1017.9,,,42.08,2020-04-05
2020-04-05 07:00:00,5.0,4.0,93.0,0.0,,0.0,0.0,,1018.2,,,41.0,2020-04-05
2020-04-05 08:00:00,7.2,5.7,90.0,0.0,,0.0,0.0,,1019.0,,,44.96,2020-04-05
2020-04-05 09:00:00,12.2,7.3,72.0,0.0,,220.0,5.4,,1019.2,,,53.96,2020-04-05
2020-04-05 10:00:00,13.9,6.0,59.0,0.0,,250.0,11.2,,1019.4,,,57.02,2020-04-05
2020-04-05 11:00:00,16.1,7.3,56.0,0.0,,250.0,13.0,,1019.6,,,60.980000000000004,2020-04-05
2020-04-05 12:00:00,17.8,7.2,50.0,0.0,,190.0,13.0,,1019.1,,,64.04,2020-04-05
2020-04-05 13:00:00,19.4,7.2,45.0,0.0,,220.0,11.2,,1018.5,,,66.92,2020-04-05
2020-04-05 14:00:00,20.0,7.4,44.0,0.0,,210.0,7.6,,1017.8,,,68.0,2020-04-05
2020-04-05 15:00:00,22.2,6.0,35.0,0.0,,200.0,14.8,,1016.7,,,71.96,2020-04-05
2020-04-05 16:00:00,23.3,6.6,34.0,0.0,,190.0,14.8,,1016.1,,,73.94,2020-04-05
2020-04-05 17:00:00,23.3,5.7,32.0,0.0,,210.0,9.4,,1015.7,,,73.94,2020-04-05
2020-04-05 18:00:00,23.3,6.1,33.0,0.0,,160.0,7.6,,1015.7,,,73.94,2020-04-05
2020-04-05 19:00:00,21.1,7.7,42.0,0.0,,190.0,14.8,,1015.9,,,69.98,2020-04-05
2020-04-05 20:00:00,18.3,7.7,50.0,0.0,,190.0,7.6,,1016.1,,,64.94,2020-04-05
2020-04-05 21:00:00,16.1,7.3,56.0,0.0,,0.0,0.0,,1016.6,,,60.980000000000004,2020-04-05
2020-04-05 22:00:00,17.2,7.8,54.0,0.0,,0.0,0.0,,1016.9,,,62.959999999999994,2020-04-05
2020-04-05 23:00:00,15.0,7.3,60.0,0.0,,0.0,0.0,,1016.9,,,59.0,2020-04-05
2020-04-06 00:00:00,14.4,7.2,62.0,0.0,,0.0,0.0,,1016.9,,,57.92,2020-04-06
2020-04-06 01:00:00,12.2,7.9,75.0,0.0,,0.0,0.0,,1016.6,,,53.96,2020-04-06
2020-04-06 02:00:00,12.8,7.9,72.0,0.0,,210.0,5.4,,1016.3,,,55.04,2020-04-06
2020-04-06 03:00:00,10.0,7.2,83.0,0.0,,0.0,0.0,,1016.3,,,50.0,2020-04-06
2020-04-06 04:00:00,10.6,7.3,80.0,0.0,,0.0,0.0,,1016.1,,,51.08,2020-04-06
2020-04-06 05:00:00,10.6,7.8,83.0,0.0,,350.0,7.6,,1016.2,,,51.08,2020-04-06
2020-04-06 06:00:00,10.0,7.2,83.0,0.0,,0.0,0.0,,1016.3,,,50.0,2020-04-06
2020-04-06 07:00:00,10.6,8.4,86.0,0.0,,0.0,0.0,,1016.8,,,51.08,2020-04-06
2020-04-06 08:00:00,11.7,8.4,80.0,0.0,,330.0,5.4,,1017.7,,,53.06,2020-04-06
2020-04-06 09:00:00,16.1,9.5,65.0,0.0,,0.0,0.0,,1017.9,,,60.980000000000004,2020-04-06
2020-04-06 10:00:00,18.3,8.3,52.0,0.0,,280.0,7.6,,1017.8,,7.0,64.94,2020-04-06
2020-04-06 11:00:00,20.6,8.9,47.0,0.0,,0.0,0.0,,1017.6,,7.0,69.08,2020-04-06
2020-04-06 12:00:00,23.3,8.2,38.0,0.0,,280.0,13.0,,1016.9,,7.0,73.94,2020-04-06
2020-04-06 13:00:00,23.9,9.1,39.0,0.0,,220.0,7.6,,1016.4,,7.0,75.02,2020-04-06
2020-04-06 14:00:00,17.2,12.7,75.0,0.8,,220.0,11.2,,1016.4,,7.0,62.959999999999994,2020-04-06
2020-04-06 15:00:00,21.7,11.7,53.0,0.5333333333333334,,40.0,9.4,,1015.8,,6.857142857142857,71.06,2020-04-06
2020-04-06 16:00:00,22.8,12.1,51.0,0.2666666666666667,,40.0,22.3,,1014.9,,6.714285714285714,73.04,2020-04-06
2020-04-06 17:00:00,22.2,11.0,49.0,0.0,,30.0,13.0,,1014.6,,6.571428571428571,71.96,2020-04-06
2020-04-06 18:00:00,23.9,11.2,45.0,0.0,,130.0,5.4,,1014.5,,,75.02,2020-04-06
2020-04-06 19:00:00,23.3,9.3,41.0,0.0,,0.0,0.0,,1014.4,,,73.94,2020-04-06
2020-04-06 20:00:00,21.1,7.7,42.0,0.0,,0.0,5.4,,1014.6,,,69.98,2020-04-06
2020-04-06 21:00:00,17.8,8.4,54.0,0.0,,0.0,0.0,,1015.2,,,64.04,2020-04-06
2020-04-06 22:00:00,15.6,10.6,72.0,0.0,,0.0,0.0,,1016.5,,,60.08,2020-04-06
2020-04-06 23:00:00,14.4,11.2,81.0,0.0,,0.0,0.0,,1016.5,,,57.92,2020-04-06
2020-04-07 00:00:00,13.3,10.7,84.0,0.0,,0.0,0.0,,1016.0,,,55.94,2020-04-07
2020-04-07 01:00:00,12.8,11.0,89.0,0.0,,0.0,0.0,,1015.9,,5.428571428571429,55.04,2020-04-07
2020-04-07 02:00:00,12.8,10.7,87.0,0.0,,0.0,0.0,,1016.2,,5.285714285714286,55.04,2020-04-07
2020-04-07 03:00:00,12.2,11.1,93.0,0.0,,0.0,0.0,,1015.9,,5.142857142857143,53.96,2020-04-07
2020-04-07 04:00:00,11.1,10.0,93.0,0.0,,0.0,0.0,,1015.3,,5.0,51.98,2020-04-07
2020-04-07 05:00:00,11.7,10.6,93.0,0.0,,210.0,5.4,,1014.8,,5.0,53.06,2020-04-07
2020-04-07 06:00:00,10.0,8.9,93.0,0.0,,200.0,5.4,,1014.8,,5.0,50.0,2020-04-07
2020-04-07 07:00:00,10.0,8.9,93.0,0.0,,0.0,0.0,,1015.0,,5.0,50.0,2020-04-07
2020-04-07 08:00:00,11.1,10.0,93.0,0.0,,0.0,0.0,,1015.2,,10.0,51.98,2020-04-07
2020-04-07 09:00:00,14.4,12.8,90.0,0.0,,190.0,5.4,,1015.6,,15.0,57.92,2020-04-07
2020-04-07 10:00:00,17.2,12.1,72.0,0.0,,190.0,9.4,,1015.5,,20.0,62.959999999999994,2020-04-07
2020-04-07 11:00:00,21.1,11.7,55.0,0.0,,310.0,9.4,,1014.8,,25.0,69.98,2020-04-07
2020-04-07 12:00:00,22.2,10.0,46.0,0.0,,310.0,11.2,,1014.8,,7.0,71.96,2020-04-07
2020-04-07 13:00:00,21.7,10.5,49.0,0.0,,20.0,5.4,,1013.8,,7.0,71.06,2020-04-07
2020-04-07 14:00:00,25.0,11.6,43.0,0.0,,170.0,7.6,,1011.9,,7.0,77.0,2020-04-07
2020-04-07 15:00:00,26.7,11.2,38.0,0.0,,170.0,13.0,,1010.4,,7.0,80.06,2020-04-07
2020-04-07 16:00:00,26.7,11.6,39.0,0.0,,200.0,16.6,,1009.1,,,80.06,2020-04-07
2020-04-07 17:00:00,26.7,11.2,38.0,0.0,,0.0,0.0,,1008.4,,,80.06,2020-04-07
2020-04-07 18:00:00,25.0,13.2,48.0,0.0,,0.0,0.0,,1007.7,,,77.0,2020-04-07
2020-04-07 19:00:00,23.9,11.2,45.0,0.0,,200.0,14.8,,1007.8,,,75.02,2020-04-07
2020-04-07 20:00:00,21.7,11.1,51.0,0.0,,0.0,0.0,,1007.7,,,71.06,2020-04-07
2020-04-07 21:00:00,18.9,11.2,61.0,0.0,,0.0,0.0,,1007.9,,,66.02,2020-04-07
2020-04-07 22:00:00,17.8,11.8,68.0,0.0,,0.0,0.0,,1007.6,,,64.04,2020-04-07
2020-04-07 23:00:00,15.0,11.2,78.0,0.0,,0.0,0.0,,1007.4,,,59.0,2020-04-07
2020-04-08 00:00:00,15.0,11.8,81.0,0.0,,0.0,0.0,,1006.7,,,59.0,2020-04-08
2020-04-08 01:00:00,16.7,11.6,72.0,0.0,,230.0,7.6,,1005.7,,,62.059999999999995,2020-04-08
2020-04-08 02:00:00,18.9,11.7,63.0,0.0,,230.0,9.4,,1004.9,,,66.02,2020-04-08
2020-04-08 03:00:00,18.9,12.2,65.0,0.0,,230.0,7.6,,1004.0,,7.0,66.02,2020-04-08
2020-04-08 04:00:00,18.9,12.2,65.0,0.0,,177.5,9.4,,1002.8,,7.0,66.02,2020-04-08
2020-04-08 05:00:00,17.2,12.7,75.0,0.0,,125.0,5.4,,1002.7,,7.0,62.959999999999994,2020-04-08
2020-04-08 06:00:00,21.1,13.3,61.0,0.0,,72.5,11.2,,1003.3,,7.0,69.98,2020-04-08
2020-04-08 07:00:00,16.7,11.6,72.0,0.5,,20.0,14.8,,1006.4,,7.0,62.059999999999995,2020-04-08
2020-04-08 08:00:00,15.6,10.6,72.0,0.8,,10.0,9.4,,1007.7,,7.0,60.08,2020-04-08
2020-04-08 09:00:00,18.9,9.4,54.0,0.0,,270.0,5.4,,1007.8,,7.0,66.02,2020-04-08
2020-04-08 10:00:00,20.0,9.6,51.0,0.0,,270.0,11.2,,1007.2,,,68.0,2020-04-08
2020-04-08 11:00:00,21.7,11.7,53.0,0.0,,230.0,11.2,,1006.3,,,71.06,2020-04-08
2020-04-08 12:00:00,22.2,11.0,49.0,0.0,,230.0,16.6,,1006.1,,,71.96,2020-04-08
2020-04-08 13:00:00,21.7,11.7,53.0,0.0,,220.0,16.6,,1005.4,,,71.06,2020-04-08
2020-04-08 14:00:00,23.9,12.2,48.0,0.0,,280.0,13.0,,1005.0,,,75.02,2020-04-08
2020-04-08 15:00:00,25.6,12.1,43.0,0.0,,240.0,16.6,,1004.3,,,78.08,2020-04-08
2020-04-08 16:00:00,25.0,12.2,45.0,0.0,,230.0,16.6,,1003.7,,,77.0,2020-04-08
2020-04-08 17:00:00,25.0,12.2,45.0,0.0,,270.0,11.2,,1003.3,,,77.0,2020-04-08
2020-04-08 18:00:00,24.4,11.0,43.0,0.0,,290.0,16.6,,1003.8,,,75.92,2020-04-08
2020-04-08 19:00:00,21.7,7.9,41.0,0.0,,260.0,9.4,,1004.0,,,71.06,2020-04-08
2020-04-08 20:00:00,20.6,7.9,44.0,0.0,,230.0,7.6,,1004.1,,,69.08,2020-04-08
2020-04-08 21:00:00,18.9,8.0,49.0,0.0,,230.0,9.4,,1005.0,,,66.02,2020-04-08
2020-04-08 22:00:00,17.8,8.4,54.0,0.0,,260.0,9.4,,1004.7,,,64.04,2020-04-08
2020-04-08 23:00:00,17.2,8.3,56.0,0.0,,270.0,9.4,,1003.4,,,62.959999999999994,2020-04-08
2020-04-09 00:00:00,15.0,8.2,64.0,0.0,,190.0,7.6,,1002.4,,,59.0,2020-04-09
2020-04-09 01:00:00,11.7,8.4,80.0,0.0,,0.0,0.0,,1002.0,,,53.06,2020-04-09
2020-04-09 02:00:00,12.8,8.3,74.0,0.0,,230.0,9.4,,1001.7,,7.0,55.04,2020-04-09
2020-04-09 03:00:00,13.3,9.0,75.0,0.0,,0.0,0.0,,1000.7,,7.0,55.94,2020-04-09
2020-04-09 04:00:00,12.8,9.4,80.0,0.0,,190.0,11.2,,999.9,,7.0,55.04,2020-04-09
2020-04-09 05:00:00,13.9,10.7,81.0,1.5,,320.0,7.6,,1001.2,,7.0,57.02,2020-04-09
2020-04-09 06:00:00,13.9,11.1,83.0,0.8,,220.0,7.6,,1001.8,,7.011764705882353,57.02,2020-04-09
2020-04-09 07:00:00,13.3,11.7,90.0,0.3,,220.0,13.0,,1000.7,,7.023529411764706,55.94,2020-04-09
2020-04-09 08:00:00,13.3,11.2,87.0,0.0,,220.0,7.6,,999.3,,7.035294117647059,55.94,2020-04-09
2020-04-09 09:00:00,15.6,12.7,83.0,0.0,,210.0,13.0,,998.9,,,60.08,2020-04-09
2020-04-09 10:00:00,18.9,12.2,65.0,0.0,,250.0,14.8,,998.6,,,66.02,2020-04-09
2020-04-09 11:00:00,19.4,10.7,57.0,0.0,,270.0,16.6,,998.8,,,66.92,2020-04-09
2020-04-09 12:00:00,22.2,8.3,41.0,0.0,,260.0,24.1,,997.9,,,71.96,2020-04-09
2020-04-09 13:00:00,23.3,5.2,31.0,0.0,,250.0,18.4,,997.2,,,73.94,2020-04-09
2020-04-09 14:00:00,23.3,3.2,27.0,0.0,,280.0,18.4,,996.8,,,73.94,2020-04-09
2020-04-09 15:00:00,22.8,0.0,22.0,0.0,,290.0,31.7,,997.0,,,73.04,2020-04-09
2020-04-09 16:00:00,21.7,0.2,24.0,0.0,,280.0,18.4,,996.9,,,71.06,2020-04-09
2020-04-09 17:00:00,20.0,-1.8,23.0,0.0,,290.0,20.5,,997.2,,,68.0,2020-04-09
2020-04-09 18:00:00,20.0,-1.8,23.0,0.0,,280.0,15.0,,997.6,,,68.0,2020-04-09
2020-04-09 19:00:00,18.3,-5.7,19.0,0.0,,280.0,14.8,,997.7,,,64.94,2020-04-09
2020-04-09 20:00:00,16.1,-5.1,23.0,0.0,,300.0,13.0,,998.2,,,60.980000000000004,2020-04-09
2020-04-09 21:00:00,15.0,-5.4,24.0,0.0,,310.0,13.0,,999.8,,,59.0,2020-04-09
2020-04-09 22:00:00,14.4,-5.9,24.0,0.0,,300.0,9.4,,1001.1,,,57.92,2020-04-09
2020-04-09 23:00:00,13.3,-6.9,24.0,0.0,,290.0,16.6,,1001.9,,,55.94,2020-04-09
2020-04-10 00:00:00,12.8,-6.8,25.0,0.0,,290.0,14.8,,1002.6,,,55.04,2020-04-10
2020-04-10 01:00:00,10.6,-6.3,30.0,0.0,,310.0,11.2,,1003.3,,,51.08,2020-04-10
2020-04-10 02:00:00,9.4,-6.1,33.0,0.0,,300.0,7.6,,1003.1,,,48.92,2020-04-10
2020-04-10 03:00:00,9.4,-6.1,33.0,0.0,,290.0,13.0,,1003.3,,,48.92,2020-04-10
2020-04-10 04:00:00,8.3,-4.9,39.0,0.0,,310.0,13.0,,1004.3,,,46.94,2020-04-10
2020-04-10 05:00:00,6.7,-3.8,47.0,0.0,,270.0,14.8,,1004.9,,,44.06,2020-04-10
2020-04-10 06:00:00,5.6,-4.0,50.0,0.0,,220.0,5.4,,1005.2,,,42.08,2020-04-10
2020-04-10 07:00:00,4.4,-3.9,55.0,0.0,,220.0,7.6,,1005.9,,,39.92,2020-04-10
2020-04-10 08:00:00,6.1,-4.4,47.0,0.0,,270.0,13.0,,1006.6,,,42.980000000000004,2020-04-10
2020-04-10 09:00:00,7.2,-4.9,42.0,0.0,,290.0,24.1,,1007.5,,,44.96,2020-04-10
2020-04-10 10:00:00,7.8,-7.1,34.0,0.0,,300.0,24.1,,1008.4,,,46.04,2020-04-10
2020-04-10 11:00:00,8.3,-7.9,31.0,0.0,,280.0,18.4,,1009.5,,,46.94,2020-04-10
2020-04-10 12:00:00,9.4,-7.8,29.0,0.0,,310.0,24.1,,1009.9,,,48.92,2020-04-10
2020-04-10 13:00:00,10.0,-6.8,30.0,0.0,,300.0,20.5,,1010.1,,,50.0,2020-04-10
2020-04-10 14:00:00,10.6,-6.7,29.0,0.0,,300.0,25.9,,1009.4,,,51.08,2020-04-10
2020-04-10 15:00:00,11.1,-7.2,27.0,0.0,,290.0,14.8,,1009.4,,,51.98,2020-04-10
2020-04-10 16:00:00,10.6,-6.7,29.0,0.0,,310.0,18.4,,1009.9,,,51.08,2020-04-10
2020-04-10 17:00:00,12.2,-6.3,27.0,0.0,,0.0,0.0,,1010.2,,,53.96,2020-04-10
2020-04-10 18:00:00,10.0,-7.2,29.0,0.0,,300.0,24.1,,1010.9,,,50.0,2020-04-10
2020-04-10 19:00:00,10.6,-7.2,28.0,0.0,,300.0,13.0,,1011.4,,,51.08,2020-04-10
2020-04-10 20:00:00,8.9,-7.8,30.0,0.0,,310.0,14.8,,1012.3,,,48.02,2020-04-10
2020-04-10 21:00:00,7.8,-7.1,34.0,0.0,,280.0,9.4,,1013.3,,,46.04,2020-04-10
2020-04-10 22:00:00,7.2,-7.3,35.0,0.0,,262.5,5.4,,1014.4,,,44.96,2020-04-10
2020-04-10 23:00:00,7.2,-6.5,37.0,0.0,,245.0,7.6,,1014.5,,,44.96,2020-04-10
2020-04-11 00:00:00,7.2,-6.5,37.0,0.0,,227.5,11.2,,1014.2,,,44.96,2020-04-11
2020-04-11 01:00:00,5.6,-6.6,41.0,0.0,,210.0,5.4,,1015.2,,,42.08,2020-04-11
2020-04-11 02:00:00,2.2,-5.0,59.0,0.0,,0.0,0.0,,1015.8,,,35.96,2020-04-11
2020-04-11 03:00:00,1.1,-4.3,67.0,0.0,,0.0,5.4,,1016.3,,,33.98,2020-04-11
2020-04-11 04:00:00,1.1,-5.0,64.0,0.0,,0.0,0.0,,1016.6,,,33.98,2020-04-11
2020-04-11 05:00:00,3.9,-5.1,52.0,0.0,,280.0,5.4,,1016.7,,,39.02,2020-04-11
2020-04-11 06:00:00,0.6,-4.4,69.0,0.0,,210.0,5.4,,1017.4,,,33.08,2020-04-11
2020-04-11 07:00:00,-0.6,-4.3,76.0,0.0,,0.0,0.0,,1017.9,,,30.92,2020-04-11
2020-04-11 08:00:00,2.2,-2.1,73.0,0.0,,190.0,5.4,,1018.8,,,35.96,2020-04-11
2020-04-11 09:00:00,7.8,-3.4,45.0,0.0,,270.0,7.6,,1018.8,,,46.04,2020-04-11
2020-04-11 10:00:00,10.0,-3.3,39.0,0.0,,300.0,13.0,,1019.0,,,50.0,2020-04-11
2020-04-11 11:00:00,11.7,-3.3,35.0,0.0,,220.0,11.2,,1019.0,,,53.06,2020-04-11
2020-04-11 12:00:00,13.3,-2.6,33.0,0.0,,220.0,16.6,,1018.6,,,55.94,2020-04-11
2020-04-11 13:00:00,13.9,-3.9,29.0,0.0,,190.0,18.4,,1017.8,,,57.02,2020-04-11
2020-04-11 14:00:00,15.6,-3.3,27.0,0.0,,260.0,13.0,,1017.2,,,60.08,2020-04-11
2020-04-11 15:00:00,16.1,-4.0,25.0,0.0,,270.0,9.4,,1016.7,,,60.980000000000004,2020-04-11
2020-04-11 16:00:00,18.9,-3.3,22.0,0.0,,270.0,13.0,,1015.9,,,66.02,2020-04-11
2020-04-11 17:00:00,18.9,-3.3,22.0,0.0,,260.0,16.6,,1015.4,,,66.02,2020-04-11
2020-04-11 18:00:00,18.3,-5.1,20.0,0.0,,250.0,13.0,,1015.3,,,64.94,2020-04-11
2020-04-11 19:00:00,17.8,-4.2,22.0,0.0,,0.0,0.0,,1015.7,,,64.04,2020-04-11
2020-04-11 20:00:00,14.4,-2.1,32.0,0.0,,0.0,0.0,,1015.9,,,57.92,2020-04-11
2020-04-11 21:00:00,11.7,-1.8,39.0,0.0,,0.0,0.0,,1016.2,,,53.06,2020-04-11
2020-04-11 22:00:00,11.1,-1.0,43.0,0.0,,0.0,0.0,,1017.2,,,51.98,2020-04-11
2020-04-11 23:00:00,10.0,-1.1,46.0,0.0,,0.0,0.0,,1017.3,,,50.0,2020-04-11
2020-04-12 00:00:00,12.2,-0.7,41.0,0.0,,210.0,5.4,,1017.6,,,53.96,2020-04-12
2020-04-12 01:00:00,11.7,0.8,47.0,0.0,,200.0,5.4,,1017.3,,,53.06,2020-04-12
2020-04-12 02:00:00,11.1,0.5,48.0,0.0,,0.0,0.0,,1017.2,,,51.98,2020-04-12
2020-04-12 03:00:00,10.0,-0.5,48.0,0.0,,0.0,0.0,,1016.7,,,50.0,2020-04-12
2020-04-12 04:00:00,7.8,0.5,60.0,0.0,,0.0,0.0,,1017.2,,,46.04,2020-04-12
2020-04-12 05:00:00,8.3,2.7,68.0,0.0,,0.0,0.0,,1017.5,,,46.94,2020-04-12
2020-04-12 06:00:00,9.4,1.1,56.0,0.0,,220.0,5.4,,1017.7,,,48.92,2020-04-12
2020-04-12 07:00:00,8.3,1.7,63.0,0.0,,190.0,7.6,,1018.1,,,46.94,2020-04-12
2020-04-12 08:00:00,10.6,3.8,63.0,0.0,,210.0,5.4,,1019.1,,,51.08,2020-04-12
2020-04-12 09:00:00,13.3,5.7,60.0,0.0,,190.0,11.2,,1019.7,,,55.94,2020-04-12
2020-04-12 10:00:00,15.0,6.8,58.0,0.0,,180.0,18.4,,1019.7,,,59.0,2020-04-12
2020-04-12 11:00:00,17.2,7.3,52.0,0.0,,190.0,22.3,,1020.3,,,62.959999999999994,2020-04-12
2020-04-12 12:00:00,18.9,7.3,47.0,0.0,,210.0,25.9,,1019.5,,,66.02,2020-04-12
2020-04-12 13:00:00,21.1,8.4,44.0,0.0,,190.0,14.8,,1018.3,,,69.98,2020-04-12
2020-04-12 14:00:00,21.7,9.9,47.0,0.0,,190.0,27.7,,1017.5,,,71.06,2020-04-12
2020-04-12 15:00:00,19.4,10.1,55.0,0.0,,190.0,18.4,,1017.6,,7.964705882352941,66.92,2020-04-12
2020-04-12 16:00:00,19.4,10.7,57.0,0.0,,190.0,16.6,,1016.5,,7.976470588235294,66.92,2020-04-12
2020-04-12 17:00:00,20.6,11.8,57.0,0.0,,190.0,14.8,,1015.1,,7.988235294117647,69.08,2020-04-12
2020-04-12 18:00:00,20.6,11.8,57.0,0.5,,180.0,22.3,,1014.6,,8.0,69.08,2020-04-12
2020-04-12 19:00:00,17.2,14.5,84.0,1.0,,160.0,5.4,,1015.2,,7.0,62.959999999999994,2020-04-12
2020-04-12 20:00:00,16.7,14.3,86.0,2.0,,140.0,14.8,,1014.4,,7.0,62.059999999999995,2020-04-12
2020-04-12 21:00:00,16.7,14.3,86.0,1.0,,150.0,18.4,,1013.8,,7.5,62.059999999999995,2020-04-12
2020-04-12 22:00:00,16.7,14.3,86.0,0.5,,140.0,20.5,,1012.7,,8.0,62.059999999999995,2020-04-12
2020-04-12 23:00:00,16.1,14.5,90.0,1.3,,160.0,16.6,,1012.0,,7.0,60.980000000000004,2020-04-12
2020-04-13 00:00:00,16.7,14.3,86.0,0.3,,180.0,18.4,,1010.8,,7.0,62.059999999999995,2020-04-13
2020-04-13 01:00:00,16.7,14.3,86.0,0.5,,120.0,13.0,,1009.5,,25.0,62.059999999999995,2020-04-13
2020-04-13 02:00:00,16.7,14.3,86.0,3.0,,140.0,31.7,,1006.3,,9.0,62.059999999999995,2020-04-13
2020-04-13 03:00:00,16.1,15.6,97.0,29.2,,140.0,16.6,,1006.3,,7.0,60.980000000000004,2020-04-13
2020-04-13 04:00:00,17.8,15.6,87.0,0.5,,160.0,33.5,,1003.7,,8.0,64.04,2020-04-13
2020-04-13 05:00:00,17.8,16.7,93.0,6.9,,160.0,20.5,,1003.1,,9.0,64.04,2020-04-13
2020-04-13 06:00:00,18.9,17.2,90.0,0.2,,200.0,22.3,,1002.55,,8.0,66.02,2020-04-13
2020-04-13 07:00:00,18.3,17.1,93.0,3.6,,190.0,18.4,,1002.0,,8.0,64.94,2020-04-13
2020-04-13 08:00:00,18.9,17.2,90.0,0.0,,180.0,20.5,,1000.6,,8.0,66.02,2020-04-13
2020-04-13 09:00:00,20.0,17.2,84.0,0.0,,180.0,27.7,,999.2,,8.0,68.0,2020-04-13
2020-04-13 10:00:00,20.0,17.2,84.0,0.0,,190.0,25.9,,998.6,,,68.0,2020-04-13
2020-04-13 11:00:00,21.1,17.1,78.0,0.0,,210.0,20.5,,999.5,,,69.98,2020-04-13
2020-04-13 12:00:00,23.9,15.1,58.0,0.0,,210.0,33.5,,1000.0,,,75.02,2020-04-13
2020-04-13 13:00:00,23.3,15.1,60.0,0.0,,210.0,24.1,,1001.4,,,73.94,2020-04-13
2020-04-13 14:00:00,22.8,13.3,55.0,0.0,,230.0,22.3,,1003.0,,,73.04,2020-04-13
2020-04-13 15:00:00,24.4,13.3,50.0,0.0,,260.0,18.4,,1003.9,,,75.92,2020-04-13
2020-04-13 16:00:00,24.4,11.0,43.0,0.0,,270.0,24.1,,1005.1,,,75.92,2020-04-13
2020-04-13 17:00:00,24.4,9.6,39.0,0.0,,300.0,25.9,,1006.5,,,75.92,2020-04-13
2020-04-13 18:00:00,23.9,9.5,40.0,0.0,,290.0,7.6,,1008.1,,,75.02,2020-04-13
2020-04-13 19:00:00,22.2,8.0,40.0,0.0,,290.0,16.6,,1009.7,,,71.96,2020-04-13
2020-04-13 20:00:00,19.4,6.8,44.0,0.0,,290.0,20.5,,1011.4,,,66.92,2020-04-13
2020-04-13 21:00:00,17.2,6.7,50.0,0.0,,320.0,7.6,,1013.5,,,62.959999999999994,2020-04-13
2020-04-13 22:00:00,15.0,6.8,58.0,0.0,,320.0,7.6,,1014.6,,,59.0,2020-04-13
2020-04-13 23:00:00,13.3,5.0,57.0,0.0,,300.0,9.4,,1015.8,,,55.94,2020-04-13
2020-04-14 00:00:00,12.2,3.4,55.0,0.0,,150.0,5.4,,1016.2,,,53.96,2020-04-14
2020-04-14 01:00:00,8.3,4.3,76.0,0.0,,0.0,0.0,,1016.7,,,46.94,2020-04-14
2020-04-14 02:00:00,10.6,2.9,59.0,0.0,,0.0,0.0,,1017.0,,,51.08,2020-04-14
2020-04-14 03:00:00,10.0,2.1,58.0,0.0,,175.0,5.4,,1016.6,,,50.0,2020-04-14
2020-04-14 04:00:00,10.0,0.6,52.0,0.0,,350.0,9.4,,1017.2,,,50.0,2020-04-14
2020-04-14 05:00:00,9.4,0.6,54.0,0.0,,360.0,11.2,,1017.8,,,48.92,2020-04-14
2020-04-14 06:00:00,8.9,0.6,56.0,0.0,,10.0,11.2,,1018.3,,,48.02,2020-04-14
2020-04-14 07:00:00,8.9,0.6,56.0,0.0,,320.0,7.6,,1019.2,,,48.02,2020-04-14
2020-04-14 08:00:00,10.0,1.6,56.0,0.0,,360.0,7.6,,1019.9,,,50.0,2020-04-14
2020-04-14 09:00:00,11.1,1.1,50.0,0.0,,20.0,9.4,,1020.0,,,51.98,2020-04-14
2020-04-14 10:00:00,11.7,0.8,47.0,0.0,,60.0,7.6,,1020.0,,,53.06,2020-04-14
2020-04-14 11:00:00,13.3,1.0,43.0,0.0,,300.0,11.2,,1019.7,,,55.94,2020-04-14
2020-04-14 12:00:00,13.9,1.2,42.0,0.0,,0.0,0.0,,1019.2,,,57.02,2020-04-14
2020-04-14 13:00:00,15.0,2.8,44.0,0.0,,160.0,5.4,,1018.2,,,59.0,2020-04-14
2020-04-14 14:00:00,15.6,2.7,42.0,0.0,,160.0,9.4,,1017.6,,,60.08,2020-04-14
2020-04-14 15:00:00,16.1,3.8,44.0,0.0,,80.0,5.4,,1016.0,,,60.980000000000004,2020-04-14
2020-04-14 16:00:00,16.1,3.2,42.0,0.0,,0.0,0.0,,1015.6,,,60.980000000000004,2020-04-14
2020-04-14 17:00:00,16.1,3.8,44.0,0.0,,270.0,5.4,,1014.6,,,60.980000000000004,2020-04-14
2020-04-14 18:00:00,16.7,4.4,44.0,0.0,,70.0,9.4,,1014.4,,,62.059999999999995,2020-04-14
2020-04-14 19:00:00,15.6,4.3,47.0,0.0,,330.0,5.4,,1014.4,,8.0,60.08,2020-04-14
2020-04-14 20:00:00,14.4,6.0,57.0,0.0,,310.0,5.4,,1013.8,,8.0,57.92,2020-04-14
2020-04-14 21:00:00,14.4,4.9,53.0,0.0,,0.0,0.0,,1013.9,,8.0,57.92,2020-04-14
2020-04-14 22:00:00,11.7,1.6,50.0,0.0,,350.0,18.4,,1015.5,,8.0,53.06,2020-04-14
2020-04-14 23:00:00,7.8,4.4,79.0,0.5,,10.0,14.8,,1016.5,,7.0,46.04,2020-04-14
2020-04-15 00:00:00,6.7,4.4,85.0,1.8,,20.0,18.4,,1016.1,,7.0,44.06,2020-04-15
2020-04-15 01:00:00,5.6,3.3,85.0,1.8,,10.0,11.2,,1017.4,,7.0,42.08,2020-04-15
2020-04-15 02:00:00,4.4,2.3,86.0,1.5,,10.0,9.4,,1017.6,,7.0,39.92,2020-04-15
2020-04-15 03:00:00,3.9,1.8,86.0,0.3,,10.0,7.6,,1017.3,,10.5,39.02,2020-04-15
2020-04-15 04:00:00,3.3,1.2,86.0,0.3,,10.0,11.2,,1017.7,,14.0,37.94,2020-04-15
2020-04-15 05:00:00,1.7,0.5,92.0,0.3,,10.0,11.2,,1018.0,,14.0,35.06,2020-04-15
2020-04-15 06:00:00,2.2,0.6,89.0,0.5,,30.0,9.4,,1017.5,,14.0,35.96,2020-04-15
2020-04-15 07:00:00,2.2,1.0,92.0,0.33333333333333337,,0.0,0.0,,1018.5,,13.902777777777779,35.96,2020-04-15
2020-04-15 08:00:00,2.8,1.2,89.0,0.16666666666666669,,50.0,7.6,,1019.0,,13.805555555555555,37.04,2020-04-15
2020-04-15 09:00:00,3.9,1.8,86.0,0.0,,50.0,7.6,,1019.4,,13.708333333333334,39.02,2020-04-15
2020-04-15 10:00:00,6.1,1.0,70.0,0.0,,50.0,5.4,,1019.1,,,42.980000000000004,2020-04-15
2020-04-15 11:00:00,7.2,-2.3,51.0,0.0,,50.0,9.4,,1018.8,,,44.96,2020-04-15
2020-04-15 12:00:00,8.3,-4.5,40.0,0.0,,10.0,13.0,,1018.4,,,46.94,2020-04-15
2020-04-15 13:00:00,10.0,-5.2,34.0,0.0,,300.0,5.4,,1017.5,,,50.0,2020-04-15
2020-04-15 14:00:00,10.6,-4.2,35.0,0.0,,300.0,11.2,,1016.9,,,51.08,2020-04-15
2020-04-15 15:00:00,11.1,-5.4,31.0,0.0,,245.0,5.4,,1016.0,,,51.98,2020-04-15
2020-04-15 16:00:00,11.7,-5.8,29.0,0.0,,190.0,11.2,,1015.4,,,53.06,2020-04-15
2020-04-15 17:00:00,13.3,-4.4,29.0,0.0,,190.0,11.2,,1015.0,,,55.94,2020-04-15
2020-04-15 18:00:00,13.3,-5.8,26.0,0.0,,95.0,5.4,,1015.1,,,55.94,2020-04-15
2020-04-15 19:00:00,12.2,-6.3,27.0,0.0,,0.0,0.0,,1015.6,,,53.96,2020-04-15
2020-04-15 20:00:00,8.9,-3.3,42.0,0.0,,0.0,0.0,,1016.1,,,48.02,2020-04-15
2020-04-15 21:00:00,4.4,-1.0,68.0,0.0,,290.0,5.4,,1017.1,,,39.92,2020-04-15
2020-04-15 22:00:00,5.0,-2.1,60.0,0.0,,0.0,0.0,,1017.9,,,41.0,2020-04-15
2020-04-15 23:00:00,3.3,-1.1,73.0,0.0,,0.0,0.0,,1018.4,,,37.94,2020-04-15
2020-04-16 00:00:00,2.8,-1.7,72.0,0.0,,0.0,0.0,,1018.6,,,37.04,2020-04-16
2020-04-16 01:00:00,3.9,-2.3,64.0,0.0,,0.0,0.0,,1018.8,,,39.02,2020-04-16
2020-04-16 02:00:00,3.9,-2.3,64.0,0.0,,220.0,5.4,,1018.9,,,39.02,2020-04-16
2020-04-16 03:00:00,3.3,-1.7,70.0,0.0,,220.0,5.4,,1018.5,,,37.94,2020-04-16
2020-04-16 04:00:00,2.8,-1.7,72.0,0.0,,220.0,7.6,,1018.9,,,37.04,2020-04-16
2020-04-16 05:00:00,0.6,-2.1,82.0,0.0,,0.0,0.0,,1019.1,,,33.08,2020-04-16
2020-04-16 06:00:00,3.3,-2.9,64.0,0.0,,260.0,9.4,,1019.9,,,37.94,2020-04-16
2020-04-16 07:00:00,3.9,-2.7,62.0,0.0,,210.0,9.4,,1020.8,,,39.02,2020-04-16
2020-04-16 08:00:00,5.6,-1.8,59.0,0.0,,200.0,5.4,,1021.8,,,42.08,2020-04-16
2020-04-16 09:00:00,8.9,-1.8,47.0,0.0,,270.0,11.2,,1022.4,,,48.02,2020-04-16
2020-04-16 10:00:00,9.4,-3.9,39.0,0.0,,270.0,14.8,,1023.2,,,48.92,2020-04-16
2020-04-16 11:00:00,10.6,-4.2,35.0,0.0,,300.0,14.8,,1023.4,,,51.08,2020-04-16
2020-04-16 12:00:00,11.7,-5.8,29.0,0.0,,240.0,13.0,,1023.4,,,53.06,2020-04-16
2020-04-16 13:00:00,12.2,-4.9,30.0,0.0,,290.0,11.2,,1023.0,,,53.96,2020-04-16
2020-04-16 14:00:00,13.9,-5.8,25.0,0.0,,290.0,18.4,,1022.9,,,57.02,2020-04-16
2020-04-16 15:00:00,15.0,-6.6,22.0,0.0,,260.0,16.6,,1022.2,,,59.0,2020-04-16
2020-04-16 16:00:00,16.1,-6.9,20.0,0.0,,265.0,11.2,,1021.8,,,60.980000000000004,2020-04-16
2020-04-16 17:00:00,16.1,-6.9,20.0,0.0,,270.0,11.2,,1021.5,,,60.980000000000004,2020-04-16
2020-04-16 18:00:00,15.6,-7.3,20.0,0.0,,270.0,18.4,,1021.7,,,60.08,2020-04-16
2020-04-16 19:00:00,15.0,-6.6,22.0,0.0,,270.0,16.6,,1022.1,,,59.0,2020-04-16
2020-04-16 20:00:00,12.8,-6.3,26.0,0.0,,240.0,7.6,,1022.3,,,55.04,2020-04-16
2020-04-16 21:00:00,10.6,-5.0,33.0,0.0,,210.0,5.4,,1023.1,,,51.08,2020-04-16
2020-04-16 22:00:00,7.8,-4.0,43.0,0.0,,210.0,5.4,,1024.4,,,46.04,2020-04-16
2020-04-16 23:00:00,5.0,-2.1,60.0,0.0,,220.0,5.4,,1024.9,,,41.0,2020-04-16
2020-04-17 00:00:00,8.3,-4.5,40.0,0.0,,250.0,5.4,,1024.9,,,46.94,2020-04-17
2020-04-17 01:00:00,3.9,-1.7,67.0,0.0,,0.0,0.0,,1025.2,,,39.02,2020-04-17
2020-04-17 02:00:00,2.8,-1.0,76.0,0.0,,0.0,0.0,,1025.6,,,37.04,2020-04-17
2020-04-17 03:00:00,3.3,-2.2,67.0,0.0,,0.0,0.0,,1025.0,,,37.94,2020-04-17
2020-04-17 04:00:00,2.2,-1.8,75.0,0.0,,0.0,0.0,,1024.9,,,35.96,2020-04-17
2020-04-17 05:00:00,2.2,-1.8,75.0,0.0,,0.0,0.0,,1024.7,,,35.96,2020-04-17
2020-04-17 06:00:00,2.8,-2.1,70.0,0.0,,320.0,7.6,,1024.9,,,37.04,2020-04-17
2020-04-17 07:00:00,1.1,-2.1,79.0,0.0,,0.0,0.0,,1025.7,,,33.98,2020-04-17
2020-04-17 08:00:00,5.0,-1.0,65.0,0.0,,0.0,0.0,,1026.2,,,41.0,2020-04-17
2020-04-17 09:00:00,8.3,-1.8,49.0,0.0,,20.0,7.6,,1026.0,,,46.94,2020-04-17
2020-04-17 10:00:00,11.1,-1.0,43.0,0.0,,80.0,5.4,,1025.5,,,51.98,2020-04-17
2020-04-17 11:00:00,13.3,-0.7,38.0,0.0,,130.0,5.4,,1025.2,,,55.94,2020-04-17
2020-04-17 12:00:00,15.0,-1.2,33.0,0.0,,0.0,0.0,,1023.8,,,59.0,2020-04-17
2020-04-17 13:00:00,17.2,-0.5,30.0,0.0,,200.0,20.5,,1022.2,,,62.959999999999994,2020-04-17
2020-04-17 14:00:00,17.8,0.4,31.0,0.0,,190.0,18.4,,1020.4,,,64.04,2020-04-17
2020-04-17 15:00:00,20.6,0.9,27.0,0.0,,190.0,27.7,,1018.4,,,69.08,2020-04-17
2020-04-17 16:00:00,21.7,1.4,26.0,0.0,,210.0,29.5,,1016.3,,,71.06,2020-04-17
2020-04-17 17:00:00,21.7,1.9,27.0,0.0,,200.0,31.7,,1014.1,,,71.06,2020-04-17
2020-04-17 18:00:00,21.1,2.4,29.0,0.0,,200.0,24.1,,1013.4,,,69.98,2020-04-17
2020-04-17 19:00:00,20.0,2.8,32.0,0.0,,200.0,29.5,,1013.5,,,68.0,2020-04-17
2020-04-17 20:00:00,18.3,3.0,36.0,0.0,,200.0,18.4,,1012.8,,,64.94,2020-04-17
2020-04-17 21:00:00,17.2,2.8,38.0,0.0,,200.0,16.6,,1012.1,,,62.959999999999994,2020-04-17
2020-04-17 22:00:00,16.7,2.7,39.0,0.0,,190.0,22.3,,1011.7,,,62.059999999999995,2020-04-17
2020-04-17 23:00:00,16.7,2.7,39.0,0.0,,210.0,29.5,,1010.6,,,62.059999999999995,2020-04-17
2020-04-18 00:00:00,16.7,3.4,41.0,0.0,,210.0,20.5,,1009.7,,,62.059999999999995,2020-04-18
2020-04-18 01:00:00,16.7,4.1,43.0,0.0,,200.0,24.1,,1008.9,,,62.059999999999995,2020-04-18
2020-04-18 02:00:00,16.7,4.4,44.0,0.0,,210.0,22.3,,1007.7,,,62.059999999999995,2020-04-18
2020-04-18 03:00:00,16.1,4.5,46.0,0.0,,210.0,16.6,,1006.9,,7.291666666666667,60.980000000000004,2020-04-18
2020-04-18 04:00:00,15.6,4.9,49.0,0.0,,220.0,7.6,,1006.6,,7.194444444444445,60.08,2020-04-18
2020-04-18 05:00:00,15.6,4.9,49.0,0.125,,280.0,5.4,,1007.4,,7.097222222222222,60.08,2020-04-18
2020-04-18 06:00:00,13.9,5.0,55.0,0.25,,0.0,0.0,,1007.6,,7.0,57.02,2020-04-18
2020-04-18 07:00:00,12.8,7.3,69.0,0.375,,0.0,0.0,,1008.1,,7.0,55.04,2020-04-18
2020-04-18 08:00:00,11.7,8.9,83.0,0.5,,0.0,0.0,,1009.5,,7.0,53.06,2020-04-18
2020-04-18 09:00:00,10.6,6.2,74.0,0.5,,270.0,13.0,,1010.5,,7.0,51.08,2020-04-18
2020-04-18 10:00:00,10.0,6.2,77.0,0.3,,290.0,7.6,,1010.5,,7.0,50.0,2020-04-18
2020-04-18 11:00:00,13.9,4.5,53.0,0.0,,290.0,18.4,,1010.6,,7.0,57.02,2020-04-18
2020-04-18 12:00:00,13.9,0.5,40.0,0.0,,310.0,25.9,,1011.7,,,57.02,2020-04-18
2020-04-18 13:00:00,15.0,0.8,38.0,0.0,,290.0,22.3,,1011.9,,,59.0,2020-04-18
2020-04-18 14:00:00,15.0,1.1,39.0,0.0,,300.0,20.5,,1011.6,,,59.0,2020-04-18
2020-04-18 15:00:00,16.1,0.6,35.0,0.0,,280.0,14.8,,1012.1,,,60.980000000000004,2020-04-18
2020-04-18 16:00:00,16.1,-0.6,32.0,0.0,,260.0,18.4,,1012.3,,,60.980000000000004,2020-04-18
2020-04-18 17:00:00,16.1,-4.5,24.0,0.0,,340.0,16.6,,1012.3,,,60.980000000000004,2020-04-18
2020-04-18 18:00:00,15.6,-4.9,24.0,0.0,,310.0,16.6,,1012.7,,,60.08,2020-04-18
2020-04-18 19:00:00,13.9,-3.4,30.0,0.0,,350.0,9.4,,1013.7,,,57.02,2020-04-18
2020-04-18 20:00:00,11.1,-2.7,38.0,0.0,,270.0,11.2,,1014.9,,,51.98,2020-04-18
2020-04-18 21:00:00,9.4,-1.6,46.0,0.0,,310.0,9.4,,1015.7,,,48.92,2020-04-18
2020-04-18 22:00:00,7.8,-1.7,51.0,0.0,,310.0,9.4,,1016.3,,,46.04,2020-04-18
2020-04-18 23:00:00,5.0,-1.0,65.0,0.0,,0.0,0.0,,1016.6,,,41.0,2020-04-18
2020-04-19 00:00:00,3.3,-1.1,73.0,0.0,,0.0,0.0,,1016.9,,,37.94,2020-04-19
2020-04-19 01:00:00,2.2,-1.1,79.0,0.0,,0.0,0.0,,1016.6,,,35.96,2020-04-19
2020-04-19 02:00:00,1.1,-1.6,82.0,0.0,,350.0,5.4,,1016.4,,,33.98,2020-04-19
2020-04-19 03:00:00,0.6,-2.1,82.0,0.0,,200.0,5.4,,1016.0,,,33.08,2020-04-19
2020-04-19 04:00:00,0.6,-1.6,85.0,0.0,,0.0,0.0,,1015.9,,,33.08,2020-04-19
2020-04-19 05:00:00,0.6,-1.6,85.0,0.0,,0.0,0.0,,1016.0,,,33.08,2020-04-19
2020-04-19 06:00:00,-0.6,-2.2,89.0,0.0,,0.0,0.0,,1016.4,,,30.92,2020-04-19
2020-04-19 07:00:00,-0.6,-2.2,89.0,0.0,,0.0,0.0,,1016.9,,,30.92,2020-04-19
2020-04-19 08:00:00,3.3,1.2,86.0,0.0,,0.0,0.0,,1016.5,,,37.94,2020-04-19
2020-04-19 09:00:00,8.9,0.6,56.0,0.0,,0.0,0.0,,1016.1,,,48.02,2020-04-19
2020-04-19 10:00:00,11.1,2.9,57.0,0.0,,210.0,13.0,,1015.8,,,51.98,2020-04-19
2020-04-19 11:00:00,12.8,2.3,49.0,0.0,,190.0,16.6,,1015.7,,,55.04,2020-04-19
2020-04-19 12:00:00,15.0,2.2,42.0,0.0,,190.0,18.4,,1015.0,,,59.0,2020-04-19
2020-04-19 13:00:00,16.1,2.1,39.0,0.0,,190.0,20.5,,1014.1,,,60.980000000000004,2020-04-19
2020-04-19 14:00:00,16.1,1.0,36.0,0.0,,190.0,18.4,,1013.2,,,60.980000000000004,2020-04-19
2020-04-19 15:00:00,17.2,2.4,37.0,0.0,,190.0,27.7,,1012.5,,,62.959999999999994,2020-04-19
2020-04-19 16:00:00,18.3,2.2,34.0,0.0,,190.0,22.3,,1010.8,,,64.94,2020-04-19
2020-04-19 17:00:00,18.3,4.5,40.0,0.0,,190.0,20.5,,1009.3,,,64.94,2020-04-19
2020-04-19 18:00:00,17.8,5.7,45.0,0.0,,200.0,16.6,,1008.8,,,64.04,2020-04-19
2020-04-19 19:00:00,16.7,6.8,52.0,0.0,,200.0,13.0,,1008.9,,,62.059999999999995,2020-04-19
2020-04-19 20:00:00,14.4,7.2,62.0,0.0,,200.0,9.4,,1008.4,,,57.92,2020-04-19
2020-04-19 21:00:00,13.3,6.6,64.0,0.0,,180.0,7.6,,1007.9,,,55.94,2020-04-19
2020-04-19 22:00:00,13.9,6.7,62.0,0.0,,220.0,5.4,,1007.8,,,57.02,2020-04-19
2020-04-19 23:00:00,12.8,6.6,66.0,0.0,,230.0,5.4,,1007.4,,,55.04,2020-04-19
2020-04-20 00:00:00,11.1,7.2,77.0,0.0,,0.0,0.0,,1005.5,,,51.98,2020-04-20
2020-04-20 01:00:00,11.1,7.8,80.0,0.0,,0.0,0.0,,1005.3,,7.0,51.98,2020-04-20
2020-04-20 02:00:00,11.1,7.8,80.0,0.0,,0.0,0.0,,1005.2,,7.0,51.98,2020-04-20
2020-04-20 03:00:00,11.1,7.8,80.0,0.0,,0.0,0.0,,1004.1,,7.0,51.98,2020-04-20
2020-04-20 04:00:00,11.1,8.3,83.0,0.2,,0.0,0.0,,1003.1,,7.0,51.98,2020-04-20
2020-04-20 05:00:00,11.1,8.3,83.0,0.4,,360.0,5.4,,1002.2,,7.0,51.98,2020-04-20
2020-04-20 06:00:00,11.7,7.8,77.0,0.6000000000000001,,20.0,5.4,,1001.1,,7.0,53.06,2020-04-20
2020-04-20 07:00:00,10.6,8.4,86.0,0.8,,10.0,7.6,,1001.8,,7.0,51.08,2020-04-20
2020-04-20 08:00:00,10.6,8.4,86.0,1.5,,350.0,9.4,,1002.1,,7.0,51.08,2020-04-20
2020-04-20 09:00:00,10.6,7.8,83.0,1.3,,360.0,9.4,,1003.6,,7.0,51.08,2020-04-20
2020-04-20 10:00:00,10.0,8.3,89.0,3.8,,0.0,0.0,,1004.0,,7.0,50.0,2020-04-20
2020-04-20 11:00:00,10.0,8.9,93.0,1.0,,0.0,0.0,,1004.7,,7.0,50.0,2020-04-20
2020-04-20 12:00:00,11.7,8.4,80.0,0.3,,260.0,5.4,,1004.8,,7.0,53.06,2020-04-20
2020-04-20 13:00:00,13.3,8.4,72.0,0.0,,0.0,0.0,,1004.7,,7.0,55.94,2020-04-20
2020-04-20 14:00:00,15.0,7.8,62.0,0.0,,50.0,9.4,,1004.6,,7.0,59.0,2020-04-20
2020-04-20 15:00:00,15.6,6.6,55.0,0.0,,170.0,5.4,,1004.8,,,60.08,2020-04-20
2020-04-20 16:00:00,16.7,7.9,56.0,0.0,,180.0,9.4,,1004.3,,,62.059999999999995,2020-04-20
2020-04-20 17:00:00,17.8,7.8,52.0,0.0,,130.0,13.0,,1004.0,,,64.04,2020-04-20
2020-04-20 18:00:00,17.2,7.8,54.0,0.0,,190.0,18.4,,1004.1,,,62.959999999999994,2020-04-20
2020-04-20 19:00:00,17.2,7.8,54.0,0.0,,180.0,14.8,,1004.1,,,62.959999999999994,2020-04-20
2020-04-20 20:00:00,13.3,7.7,69.0,0.0,,190.0,11.2,,1004.9,,,55.94,2020-04-20
2020-04-20 21:00:00,12.8,7.9,72.0,0.0,,190.0,11.2,,1005.7,,,55.04,2020-04-20
2020-04-20 22:00:00,11.7,7.8,77.0,0.0,,190.0,9.4,,1006.6,,,53.06,2020-04-20
2020-04-20 23:00:00,11.1,7.2,77.0,0.0,,210.0,7.6,,1007.1,,,51.98,2020-04-20
2020-04-21 00:00:00,10.0,7.2,83.0,0.0,,200.0,7.6,,1007.0,,,50.0,2020-04-21
2020-04-21 01:00:00,8.9,6.7,86.0,0.0,,200.0,7.6,,1007.0,,,48.02,2020-04-21
2020-04-21 02:00:00,10.0,7.8,86.0,0.0,,220.0,5.4,,1006.8,,,50.0,2020-04-21
2020-04-21 03:00:00,8.3,6.8,90.0,0.0,,220.0,5.4,,1006.2,,,46.94,2020-04-21
2020-04-21 04:00:00,8.3,7.2,93.0,0.0,,210.0,7.6,,1006.0,,,46.94,2020-04-21
2020-04-21 05:00:00,8.9,6.7,86.0,0.0,,230.0,7.6,,1005.9,,,48.02,2020-04-21
2020-04-21 06:00:00,7.8,6.1,89.0,0.0,,220.0,5.4,,1005.9,,,46.04,2020-04-21
2020-04-21 07:00:00,7.2,5.7,90.0,0.0,,0.0,0.0,,1005.5,,,44.96,2020-04-21
2020-04-21 08:00:00,10.0,7.8,86.0,0.0,,190.0,11.2,,1005.5,,,50.0,2020-04-21
2020-04-21 09:00:00,10.6,7.8,83.0,0.0,,220.0,7.6,,1005.7,,,51.08,2020-04-21
2020-04-21 10:00:00,15.6,7.9,60.0,0.0,,210.0,18.4,,1004.9,,,60.08,2020-04-21
2020-04-21 11:00:00,19.4,7.2,45.0,0.0,,240.0,18.4,,1004.3,,,66.92,2020-04-21
2020-04-21 12:00:00,19.4,5.1,39.0,0.0,,250.0,22.3,,1003.9,,,66.92,2020-04-21
2020-04-21 13:00:00,20.0,4.9,37.0,0.0,,260.0,20.5,,1003.0,,,68.0,2020-04-21
2020-04-21 14:00:00,21.1,3.3,31.0,0.0,,270.0,20.5,,1002.5,,,69.98,2020-04-21
2020-04-21 15:00:00,20.6,3.8,33.0,0.0,,310.0,22.3,,1002.6,,,69.08,2020-04-21
2020-04-21 16:00:00,20.6,2.9,31.0,0.0,,260.0,13.0,,1002.3,,,69.08,2020-04-21
2020-04-21 17:00:00,21.1,1.9,28.0,0.0,,290.0,16.6,,1002.6,,,69.98,2020-04-21
2020-04-21 18:00:00,21.1,-0.8,23.0,0.0,,290.0,20.5,,1003.5,,,69.98,2020-04-21
2020-04-21 19:00:00,18.9,0.0,28.0,0.0,,290.0,16.6,,1004.8,,,66.02,2020-04-21
2020-04-21 20:00:00,17.8,-2.0,26.0,0.0,,290.0,16.6,,1005.8,,,64.04,2020-04-21
2020-04-21 21:00:00,16.7,-7.8,18.0,0.0,,290.0,13.0,,1007.6,,,62.059999999999995,2020-04-21
2020-04-21 22:00:00,15.0,-6.6,22.0,0.0,,295.0,11.2,,1009.2,,,59.0,2020-04-21
2020-04-21 23:00:00,13.3,-6.9,24.0,0.0,,300.0,14.8,,1009.8,,,55.94,2020-04-21
2020-04-22 00:00:00,12.2,-8.9,22.0,0.0,,310.0,13.9,,1010.9,,,53.96,2020-04-22
2020-04-22 01:00:00,11.1,-9.3,23.0,0.0,,320.0,13.0,,1011.7,,,51.98,2020-04-22
2020-04-22 02:00:00,10.0,-10.2,23.0,0.0,,300.0,7.6,,1012.5,,,50.0,2020-04-22
2020-04-22 03:00:00,9.4,-11.3,22.0,0.0,,280.0,11.2,,1012.5,,,48.92,2020-04-22
2020-04-22 04:00:00,8.3,-10.1,26.0,0.0,,260.0,11.2,,1012.9,,,46.94,2020-04-22
2020-04-22 05:00:00,7.2,-8.8,31.0,0.0,,130.0,5.4,,1013.7,,,44.96,2020-04-22
2020-04-22 06:00:00,3.3,-6.7,48.0,0.0,,0.0,0.0,,1014.5,,,37.94,2020-04-22
2020-04-22 07:00:00,5.0,-6.6,43.0,0.0,,180.0,9.4,,1015.4,,,41.0,2020-04-22
2020-04-22 08:00:00,9.4,-5.7,34.0,0.0,,190.0,11.2,,1016.5,,,48.92,2020-04-22
2020-04-22 09:00:00,10.6,-7.6,27.0,0.0,,240.0,9.4,,1017.3,,,51.08,2020-04-22
2020-04-22 10:00:00,11.7,-7.2,26.0,0.0,,240.0,13.0,,1017.4,,,53.06,2020-04-22
2020-04-22 11:00:00,12.8,-7.3,24.0,0.0,,250.0,13.0,,1017.8,,,55.04,2020-04-22
2020-04-22 12:00:00,14.4,-6.5,23.0,0.0,,240.0,13.0,,1017.5,,,57.92,2020-04-22
2020-04-22 13:00:00,15.6,-6.1,22.0,0.0,,300.0,13.0,,1016.8,,,60.08,2020-04-22
2020-04-22 14:00:00,17.2,-4.1,23.0,0.0,,270.0,18.4,,1016.2,,,62.959999999999994,2020-04-22
2020-04-22 15:00:00,18.3,-3.2,23.0,0.0,,260.0,14.8,,1015.7,,,64.94,2020-04-22
2020-04-22 16:00:00,19.4,-1.7,24.0,0.0,,280.0,16.6,,1014.6,,,66.92,2020-04-22
2020-04-22 17:00:00,20.6,-0.1,25.0,0.0,,260.0,5.4,,1014.5,,,69.08,2020-04-22
2020-04-22 18:00:00,20.6,-0.7,24.0,0.0,,260.0,18.4,,1014.7,,,69.08,2020-04-22
2020-04-22 19:00:00,20.0,0.4,27.0,0.0,,260.0,7.6,,1014.9,,,68.0,2020-04-22
2020-04-22 20:00:00,15.6,2.4,41.0,0.0,,220.0,5.4,,1014.7,,,60.08,2020-04-22
2020-04-22 21:00:00,12.8,2.3,49.0,0.0,,0.0,0.0,,1015.7,,,55.04,2020-04-22
2020-04-22 22:00:00,10.0,3.9,66.0,0.0,,0.0,0.0,,1017.5,,,50.0,2020-04-22
2020-04-22 23:00:00,11.1,3.9,61.0,0.0,,0.0,0.0,,1017.0,,,51.98,2020-04-22
2020-04-23 00:00:00,10.0,3.9,66.0,0.0,,0.0,0.0,,1017.2,,,50.0,2020-04-23
2020-04-23 01:00:00,10.6,2.9,59.0,0.0,,0.0,0.0,,1016.4,,,51.08,2020-04-23
2020-04-23 02:00:00,10.6,3.8,63.0,0.0,,0.0,0.0,,1015.9,,,51.08,2020-04-23
2020-04-23 03:00:00,10.0,3.9,66.0,0.0,,0.0,0.0,,1015.4,,,50.0,2020-04-23
2020-04-23 04:00:00,10.0,4.4,68.0,0.0,,0.0,0.0,,1015.3,,,50.0,2020-04-23
2020-04-23 05:00:00,11.1,3.9,61.0,0.0,,0.0,0.0,,1015.3,,,51.98,2020-04-23
2020-04-23 06:00:00,10.0,5.6,74.0,0.0,,0.0,0.0,,1015.0,,7.0,50.0,2020-04-23
2020-04-23 07:00:00,10.0,5.6,74.0,0.0,,210.0,5.4,,1015.3,,7.0,50.0,2020-04-23
2020-04-23 08:00:00,11.7,6.6,71.0,0.0,,0.0,0.0,,1015.9,,7.0,53.06,2020-04-23
2020-04-23 09:00:00,12.8,6.6,66.0,0.0,,200.0,13.0,,1016.5,,7.0,55.04,2020-04-23
2020-04-23 10:00:00,13.3,9.4,77.0,0.15,,190.0,11.2,,1016.6,,7.0,55.94,2020-04-23
2020-04-23 11:00:00,13.3,10.7,84.0,0.3,,200.0,9.4,,1015.7,,7.5,55.94,2020-04-23
2020-04-23 12:00:00,13.9,9.9,77.0,0.3,,200.0,25.9,,1015.0,,8.0,57.02,2020-04-23
2020-04-23 13:00:00,12.8,10.7,87.0,0.5,,200.0,18.4,,1015.1,,7.0,55.04,2020-04-23
2020-04-23 14:00:00,13.3,11.7,90.0,0.75,,190.0,14.8,,1014.05,,7.0,55.94,2020-04-23
2020-04-23 15:00:00,12.8,11.7,93.0,1.0,,170.0,18.4,,1013.0,,7.0,55.04,2020-04-23
2020-04-23 16:00:00,12.8,11.7,93.0,1.5,,160.0,14.8,,1011.5,,7.0,55.04,2020-04-23
2020-04-23 17:00:00,12.8,11.7,93.0,2.0,,170.0,13.0,,1010.4,,7.0,55.04,2020-04-23
2020-04-23 18:00:00,12.8,11.0,89.0,1.3,,160.0,13.0,,1010.2,,7.0,55.04,2020-04-23
2020-04-23 19:00:00,12.8,11.7,93.0,0.8,,0.0,0.0,,1009.7,,7.0,55.04,2020-04-23
2020-04-23 20:00:00,12.2,11.1,93.0,0.8,,0.0,0.0,,1008.9,,7.0,53.96,2020-04-23
2020-04-23 21:00:00,12.8,11.0,89.0,0.4,,0.0,0.0,,1008.3,,7.0,55.04,2020-04-23
2020-04-23 22:00:00,12.8,11.0,89.0,0.0,,30.0,5.4,,1008.2,,7.0,55.04,2020-04-23
2020-04-23 23:00:00,12.8,11.7,93.0,0.0,,40.0,5.4,,1007.2,,7.0,55.04,2020-04-23
2020-04-24 00:00:00,12.8,11.7,93.0,0.0,,10.0,5.4,,1006.6,,7.0,55.04,2020-04-24
2020-04-24 01:00:00,12.2,11.1,93.0,1.3,,10.0,9.4,,1005.4,,7.0,53.96,2020-04-24
2020-04-24 02:00:00,12.8,11.7,93.0,0.8,,0.0,0.0,,1004.6,,5.0,55.04,2020-04-24
2020-04-24 03:00:00,12.8,11.7,93.0,0.3,,0.0,0.0,,1004.0,,7.0,55.04,2020-04-24
2020-04-24 04:00:00,12.8,11.7,93.0,0.5,,0.0,0.0,,1002.9,,7.0,55.04,2020-04-24
2020-04-24 05:00:00,12.8,11.7,93.0,1.3,,320.0,5.4,,1003.1,,7.0,55.04,2020-04-24
2020-04-24 06:00:00,12.8,11.7,93.0,0.5,,0.0,0.0,,1002.8,,7.03125,55.04,2020-04-24
2020-04-24 07:00:00,12.8,11.7,93.0,0.33333333333333337,,0.0,0.0,,1002.7,,7.0625,55.04,2020-04-24
2020-04-24 08:00:00,13.9,12.8,93.0,0.16666666666666669,,0.0,0.0,,1002.7,,7.09375,57.02,2020-04-24
2020-04-24 09:00:00,15.6,14.0,90.0,0.0,,0.0,0.0,,1002.4,,,60.08,2020-04-24
2020-04-24 10:00:00,16.7,14.3,86.0,0.0,,230.0,13.0,,1002.6,,,62.059999999999995,2020-04-24
2020-04-24 11:00:00,19.4,15.1,76.0,0.0,,270.0,11.2,,1002.7,,,66.92,2020-04-24
2020-04-24 12:00:00,21.1,14.5,66.0,0.0,,270.0,13.0,,1003.2,,,69.98,2020-04-24
2020-04-24 13:00:00,21.7,13.3,59.0,0.0,,280.0,16.6,,1003.0,,,71.06,2020-04-24
2020-04-24 14:00:00,22.2,14.3,61.0,0.0,,260.0,11.2,,1003.2,,,71.96,2020-04-24
2020-04-24 15:00:00,24.4,13.9,52.0,0.0,,260.0,18.4,,1003.3,,,75.92,2020-04-24
2020-04-24 16:00:00,25.0,11.6,43.0,0.0,,280.0,7.6,,1003.1,,,77.0,2020-04-24
2020-04-24 17:00:00,25.6,11.7,42.0,0.0,,300.0,5.4,,1003.6,,,78.08,2020-04-24
2020-04-24 18:00:00,24.4,9.9,40.0,0.0,,300.0,13.0,,1004.4,,,75.92,2020-04-24
2020-04-24 19:00:00,22.8,9.9,44.0,0.0,,300.0,14.8,,1005.5,,,73.04,2020-04-24
2020-04-24 20:00:00,19.4,14.0,71.0,0.0,,20.0,11.2,,1007.5,,,66.92,2020-04-24
2020-04-24 21:00:00,18.3,14.4,78.0,0.0,,50.0,13.0,,1008.7,,,64.94,2020-04-24
2020-04-24 22:00:00,17.2,13.9,81.0,0.0,,60.0,11.2,,1009.9,,,62.959999999999994,2020-04-24
2020-04-24 23:00:00,16.7,14.0,84.0,0.0,,70.0,9.4,,1010.0,,,62.059999999999995,2020-04-24
2020-04-25 00:00:00,15.6,11.2,75.0,0.0,,85.0,11.2,,1010.8,,,60.08,2020-04-25
2020-04-25 01:00:00,15.0,10.6,75.0,0.0,,100.0,11.2,,1012.0,,,59.0,2020-04-25
2020-04-25 02:00:00,13.9,10.7,81.0,0.0,,70.0,14.8,,1012.5,,,57.02,2020-04-25
2020-04-25 03:00:00,13.3,9.4,77.0,0.0,,50.0,9.4,,1012.9,,,55.94,2020-04-25
2020-04-25 04:00:00,12.8,9.4,80.0,0.0,,50.0,9.4,,1013.1,,,55.04,2020-04-25
2020-04-25 05:00:00,12.8,8.9,77.0,0.0,,70.0,5.4,,1013.9,,,55.04,2020-04-25
2020-04-25 06:00:00,12.2,8.9,80.0,0.0,,60.0,11.2,,1014.1,,,53.96,2020-04-25
2020-04-25 07:00:00,11.7,8.9,83.0,0.0,,60.0,5.4,,1014.6,,,53.06,2020-04-25
2020-04-25 08:00:00,12.8,8.3,74.0,0.0,,60.0,11.2,,1015.2,,,55.04,2020-04-25
2020-04-25 09:00:00,13.9,8.9,72.0,0.0,,40.0,16.6,,1015.5,,,57.02,2020-04-25
2020-04-25 10:00:00,13.9,8.9,72.0,0.0,,60.0,13.0,,1016.1,,7.90625,57.02,2020-04-25
2020-04-25 11:00:00,15.6,9.5,67.0,0.0,,70.0,13.0,,1015.5,,7.9375,60.08,2020-04-25
2020-04-25 12:00:00,15.6,8.8,64.0,0.0,,40.0,13.0,,1015.9,,7.96875,60.08,2020-04-25
2020-04-25 13:00:00,15.0,9.4,69.0,0.0,,80.0,9.4,,1015.7,,8.0,59.0,2020-04-25
2020-04-25 14:00:00,13.3,9.9,80.0,1.8,,120.0,9.4,,1016.0,,7.5,55.94,2020-04-25
2020-04-25 15:00:00,12.2,9.9,86.0,0.8,,120.0,13.0,,1015.7,,7.0,53.96,2020-04-25
2020-04-25 16:00:00,12.2,10.6,90.0,0.8,,90.0,7.6,,1014.8,,7.0,53.96,2020-04-25
2020-04-25 17:00:00,12.2,10.6,90.0,1.5,,0.0,0.0,,1014.3,,7.0,53.96,2020-04-25
2020-04-25 18:00:00,12.2,10.6,90.0,0.3,,70.0,7.6,,1014.3,,6.0,53.96,2020-04-25
2020-04-25 19:00:00,11.7,9.9,89.0,0.0,,100.0,11.2,,1014.2,,5.0,53.06,2020-04-25
2020-04-25 20:00:00,11.7,9.9,89.0,0.0,,110.0,5.4,,1014.3,,5.0,53.06,2020-04-25
2020-04-25 21:00:00,11.7,9.9,89.0,0.0,,80.0,7.6,,1013.8,,5.0,53.06,2020-04-25
2020-04-25 22:00:00,11.7,9.9,89.0,0.0,,60.0,9.4,,1013.3,,5.0,53.06,2020-04-25
2020-04-25 23:00:00,11.7,10.6,93.0,0.0,,90.0,9.4,,1012.9,,5.0,53.06,2020-04-25
2020-04-26 00:00:00,11.7,9.9,89.0,1.3,,40.0,20.5,,1011.0,,9.0,53.06,2020-04-26
2020-04-26 01:00:00,11.1,10.0,93.0,15.5,,30.0,9.4,,1012.0,,8.0,51.98,2020-04-26
2020-04-26 02:00:00,10.6,9.4,92.0,3.6,,50.0,14.8,,1010.7,,7.0,51.08,2020-04-26
2020-04-26 03:00:00,10.6,9.4,92.0,1.8,,40.0,11.2,,1009.8,,7.0,51.08,2020-04-26
2020-04-26 04:00:00,10.6,9.4,92.0,1.0,,30.0,11.2,,1009.1,,5.0,51.08,2020-04-26
2020-04-26 05:00:00,10.6,9.4,92.0,0.5,,20.0,7.6,,1009.4,,6.0,51.08,2020-04-26
2020-04-26 06:00:00,10.6,9.4,92.0,0.0,,10.0,13.0,,1008.9,,7.0,51.08,2020-04-26
2020-04-26 07:00:00,10.6,9.4,92.0,0.3,,50.0,11.2,,1009.0,,7.0,51.08,2020-04-26
2020-04-26 08:00:00,11.1,10.0,93.0,0.15,,30.0,9.4,,1008.9,,7.0,51.98,2020-04-26
2020-04-26 09:00:00,11.7,9.4,86.0,0.0,,30.0,7.6,,1009.0,,7.0,53.06,2020-04-26
2020-04-26 10:00:00,11.7,9.9,89.0,0.0,,15.0,5.4,,1008.5,,,53.06,2020-04-26
2020-04-26 11:00:00,12.2,9.9,86.0,0.0,,0.0,0.0,,1008.0,,,53.96,2020-04-26
2020-04-26 12:00:00,12.8,11.0,89.0,0.0,,180.0,9.4,,1007.8,,7.0,55.04,2020-04-26
2020-04-26 13:00:00,15.0,11.2,78.0,0.0,,220.0,13.0,,1007.1,,7.0,59.0,2020-04-26
2020-04-26 14:00:00,17.2,11.7,70.0,0.0,,200.0,13.0,,1006.7,,7.0,62.959999999999994,2020-04-26
2020-04-26 15:00:00,18.3,11.6,65.0,0.0,,160.0,16.6,,1005.7,,7.0,64.94,2020-04-26
2020-04-26 16:00:00,17.2,12.7,75.0,0.15,,180.0,14.8,,1005.1,,7.0,62.959999999999994,2020-04-26
2020-04-26 17:00:00,18.3,13.4,73.0,0.3,,220.0,7.6,,1004.6,,7.0,64.94,2020-04-26
2020-04-26 18:00:00,18.9,7.3,47.0,0.2,,260.0,14.8,,1005.3,,7.0,66.02,2020-04-26
2020-04-26 19:00:00,18.3,7.1,48.0,0.1,,260.0,14.8,,1006.1,,7.0,64.94,2020-04-26
2020-04-26 20:00:00,15.6,7.1,57.0,0.0,,280.0,11.2,,1007.1,,,60.08,2020-04-26
2020-04-26 21:00:00,14.4,5.7,56.0,0.0,,260.0,14.8,,1007.7,,,57.92,2020-04-26
2020-04-26 22:00:00,13.9,5.5,57.0,0.0,,260.0,5.4,,1008.4,,,57.02,2020-04-26
2020-04-26 23:00:00,13.3,5.0,57.0,0.0,,260.0,13.0,,1008.8,,,55.94,2020-04-26
2020-04-27 00:00:00,12.8,5.7,62.0,0.0,,290.0,7.6,,1009.1,,,55.04,2020-04-27
2020-04-27 01:00:00,12.2,5.6,64.0,0.0,,270.0,5.4,,1009.4,,,53.96,2020-04-27
2020-04-27 02:00:00,12.2,5.6,64.0,0.0,,310.0,7.6,,1009.3,,,53.96,2020-04-27
2020-04-27 03:00:00,12.2,5.6,64.0,0.0,,330.0,13.0,,1009.5,,,53.96,2020-04-27
2020-04-27 04:00:00,12.8,3.2,52.0,0.0,,320.0,20.5,,1010.3,,,55.04,2020-04-27
2020-04-27 05:00:00,11.7,3.2,56.0,0.0,,310.0,11.2,,1011.2,,,53.06,2020-04-27
2020-04-27 06:00:00,11.7,2.2,52.0,0.0,,320.0,14.8,,1012.0,,,53.06,2020-04-27
2020-04-27 07:00:00,10.6,1.1,52.0,0.0,,330.0,9.4,,1013.8,,,51.08,2020-04-27
2020-04-27 08:00:00,11.7,1.6,50.0,0.0,,340.0,11.2,,1015.2,,,53.06,2020-04-27
2020-04-27 09:00:00,12.2,1.2,47.0,0.0,,340.0,20.5,,1016.1,,,53.96,2020-04-27
2020-04-27 10:00:00,13.9,2.2,45.0,0.0,,360.0,13.0,,1016.8,,,57.02,2020-04-27
2020-04-27 11:00:00,15.0,1.8,41.0,0.0,,310.0,9.4,,1017.4,,,59.0,2020-04-27
2020-04-27 12:00:00,15.6,1.7,39.0,0.0,,310.0,16.6,,1017.6,,,60.08,2020-04-27
2020-04-27 13:00:00,16.7,1.5,36.0,0.0,,10.0,16.6,,1017.8,,,62.059999999999995,2020-04-27
2020-04-27 14:00:00,17.8,1.3,33.0,0.0,,300.0,7.6,,1017.8,,,64.04,2020-04-27
2020-04-27 15:00:00,18.3,0.4,30.0,0.0,,300.0,16.6,,1017.9,,,64.94,2020-04-27
2020-04-27 16:00:00,18.9,-0.5,27.0,0.0,,10.0,14.8,,1017.8,,,66.02,2020-04-27
2020-04-27 17:00:00,18.3,-0.5,28.0,0.0,,310.0,11.2,,1018.0,,,64.94,2020-04-27
2020-04-27 18:00:00,17.8,0.0,30.0,0.0,,10.0,9.4,,1018.5,,,64.04,2020-04-27
2020-04-27 19:00:00,17.2,-0.5,30.0,0.0,,5.0,7.6,,1019.3,,,62.959999999999994,2020-04-27
2020-04-27 20:00:00,12.8,1.8,47.0,0.0,,0.0,0.0,,1019.9,,,55.04,2020-04-27
2020-04-27 21:00:00,10.6,2.2,56.0,0.0,,0.0,0.0,,1020.6,,,51.08,2020-04-27
2020-04-27 22:00:00,8.9,2.2,63.0,0.0,,0.0,0.0,,1021.1,,,48.02,2020-04-27
2020-04-27 23:00:00,8.3,2.7,68.0,0.0,,320.0,7.6,,1021.4,,,46.94,2020-04-27
2020-04-28 00:00:00,7.2,2.9,74.0,0.0,,0.0,0.0,,1021.4,,,44.96,2020-04-28
2020-04-28 01:00:00,8.3,1.7,63.0,0.0,,0.0,7.6,,1021.0,,,46.94,2020-04-28
2020-04-28 02:00:00,7.8,2.3,68.0,0.0,,0.0,0.0,,1020.5,,,46.04,2020-04-28
2020-04-28 03:00:00,7.8,2.9,71.0,0.0,,240.0,7.6,,1020.9,,,46.04,2020-04-28
2020-04-28 04:00:00,7.8,2.9,71.0,0.0,,0.0,0.0,,1021.8,,,46.04,2020-04-28
2020-04-28 05:00:00,7.8,3.3,73.0,0.0,,0.0,0.0,,1021.9,,,46.04,2020-04-28
2020-04-28 06:00:00,7.8,3.8,76.0,0.0,,180.0,5.4,,1021.8,,,46.04,2020-04-28
2020-04-28 07:00:00,8.3,4.3,76.0,0.0,,0.0,0.0,,1022.3,,,46.94,2020-04-28
2020-04-28 08:00:00,8.9,5.1,77.0,0.0,,0.0,0.0,,1022.8,,,48.02,2020-04-28
2020-04-28 09:00:00,9.4,5.0,74.0,0.0,,190.0,5.4,,1022.4,,,48.92,2020-04-28
2020-04-28 10:00:00,12.2,3.4,55.0,0.0,,0.0,0.0,,1022.3,,,53.96,2020-04-28
2020-04-28 11:00:00,13.9,3.9,51.0,0.0,,200.0,5.4,,1022.4,,,57.02,2020-04-28
2020-04-28 12:00:00,16.1,5.1,48.0,0.0,,180.0,14.8,,1021.9,,,60.980000000000004,2020-04-28
2020-04-28 13:00:00,16.7,4.1,43.0,0.0,,200.0,16.6,,1021.4,,,62.059999999999995,2020-04-28
2020-04-28 14:00:00,18.9,3.5,36.0,0.0,,200.0,22.3,,1020.4,,,66.02,2020-04-28
2020-04-28 15:00:00,20.0,4.1,35.0,0.0,,230.0,11.2,,1019.7,,,68.0,2020-04-28
2020-04-28 16:00:00,21.1,5.0,35.0,0.0,,200.0,14.8,,1018.8,,,69.98,2020-04-28
2020-04-28 17:00:00,21.7,6.0,36.0,0.0,,180.0,16.6,,1018.2,,,71.06,2020-04-28
2020-04-28 18:00:00,21.7,6.0,36.0,0.0,,200.0,14.8,,1017.7,,,71.06,2020-04-28
2020-04-28 19:00:00,20.0,7.4,44.0,0.0,,200.0,9.4,,1017.5,,,68.0,2020-04-28
2020-04-28 20:00:00,18.3,8.3,52.0,0.0,,190.0,9.4,,1017.8,,,64.94,2020-04-28
2020-04-28 21:00:00,17.2,8.3,56.0,0.0,,210.0,9.4,,1017.9,,,62.959999999999994,2020-04-28
2020-04-28 22:00:00,14.4,8.3,67.0,0.0,,0.0,0.0,,1017.8,,,57.92,2020-04-28
2020-04-28 23:00:00,12.8,8.3,74.0,0.0,,0.0,0.0,,1017.7,,,55.04,2020-04-28
2020-04-29 00:00:00,12.2,7.9,75.0,0.0,,0.0,0.0,,1017.4,,,53.96,2020-04-29
2020-04-29 01:00:00,12.2,8.3,77.0,0.0,,0.0,0.0,,1017.2,,,53.96,2020-04-29
2020-04-29 02:00:00,11.7,8.4,80.0,0.0,,0.0,0.0,,1016.9,,,53.06,2020-04-29
2020-04-29 03:00:00,11.7,9.4,86.0,0.0,,0.0,0.0,,1016.6,,,53.06,2020-04-29
2020-04-29 04:00:00,11.1,8.3,83.0,0.0,,0.0,0.0,,1016.1,,,51.98,2020-04-29
2020-04-29 05:00:00,10.0,7.8,86.0,0.0,,0.0,0.0,,1016.0,,,50.0,2020-04-29
2020-04-29 06:00:00,9.4,7.8,90.0,0.0,,0.0,0.0,,1015.9,,,48.92,2020-04-29
2020-04-29 07:00:00,10.6,8.9,89.0,0.0,,0.0,0.0,,1016.2,,,51.08,2020-04-29
2020-04-29 08:00:00,12.2,9.4,83.0,0.0,,0.0,0.0,,1016.1,,,53.96,2020-04-29
2020-04-29 09:00:00,15.0,10.0,72.0,0.0,,200.0,9.4,,1016.3,,,59.0,2020-04-29
2020-04-29 10:00:00,16.1,10.6,70.0,0.0,,160.0,9.4,,1016.0,,,60.980000000000004,2020-04-29
2020-04-29 11:00:00,16.7,11.6,72.0,0.0,,160.0,9.4,,1015.5,,,62.059999999999995,2020-04-29
2020-04-29 12:00:00,21.7,12.3,55.0,0.0,,190.0,18.4,,1014.8,,,71.06,2020-04-29
2020-04-29 13:00:00,24.4,11.7,45.0,0.0,,200.0,18.4,,1014.1,,,75.92,2020-04-29
2020-04-29 14:00:00,25.6,12.1,43.0,0.0,,170.0,25.9,,1013.5,,,78.08,2020-04-29
2020-04-29 15:00:00,23.9,12.2,48.0,0.0,,180.0,24.1,,1013.3,,,75.02,2020-04-29
2020-04-29 16:00:00,23.9,12.8,50.0,0.0,,160.0,18.4,,1012.2,,,75.02,2020-04-29
2020-04-29 17:00:00,23.3,12.9,52.0,0.0,,160.0,24.1,,1011.4,,,73.94,2020-04-29
2020-04-29 18:00:00,22.8,12.1,51.0,0.0,,140.0,16.6,,1011.0,,,73.04,2020-04-29
2020-04-29 19:00:00,22.2,12.7,55.0,0.0,,140.0,14.8,,1010.2,,,71.96,2020-04-29
2020-04-29 20:00:00,22.2,12.2,53.0,0.0,,140.0,22.3,,1009.9,,7.0,71.96,2020-04-29
2020-04-29 21:00:00,22.2,12.7,55.0,0.0,,160.0,24.1,,1009.5,,7.0,71.96,2020-04-29
2020-04-29 22:00:00,21.7,12.3,55.0,0.0,,150.0,38.9,,1009.4,,7.0,71.06,2020-04-29
2020-04-29 23:00:00,21.1,12.3,57.0,0.0,,160.0,29.5,,1009.1,,7.0,69.98,2020-04-29
2020-04-30 00:00:00,19.4,13.3,68.0,0.15,,160.0,31.7,,1008.7,,7.0,66.92,2020-04-30
2020-04-30 01:00:00,18.3,14.0,76.0,0.3,,150.0,29.5,,1008.3,,8.0,64.94,2020-04-30
2020-04-30 02:00:00,17.2,15.0,87.0,3.3,,140.0,22.3,,1007.0,,7.0,62.959999999999994,2020-04-30
2020-04-30 03:00:00,17.2,15.0,87.0,3.0,,140.0,31.7,,1004.5,,9.0,62.959999999999994,2020-04-30
2020-04-30 04:00:00,12.8,11.0,89.0,10.7,,230.0,14.8,,1005.8,,9.0,55.04,2020-04-30
2020-04-30 05:00:00,12.2,11.1,93.0,6.4,,270.0,5.4,,1006.4,,8.0,53.96,2020-04-30
2020-04-30 06:00:00,12.2,11.1,93.0,6.6,,0.0,0.0,,1007.1,,8.0,53.96,2020-04-30
2020-04-30 07:00:00,12.2,11.1,93.0,6.1,,0.0,0.0,,1007.5,,7.0,53.96,2020-04-30
2020-04-30 08:00:00,12.2,11.1,93.0,3.6,,100.0,5.4,,1006.7,,7.0,53.96,2020-04-30
2020-04-30 09:00:00,12.8,11.0,89.0,1.3,,100.0,11.2,,1005.7,,7.0,55.04,2020-04-30
2020-04-30 10:00:00,13.3,11.7,90.0,0.65,,210.0,7.6,,1007.1,,7.0,55.94,2020-04-30
2020-04-30 11:00:00,13.9,12.3,90.0,0.0,,170.0,13.0,,1007.0,,7.0,57.02,2020-04-30
2020-04-30 12:00:00,13.3,11.7,90.0,0.0,,220.0,7.6,,1006.6,,,55.94,2020-04-30
2020-04-30 13:00:00,14.4,11.7,84.0,0.0,,230.0,7.6,,1005.7,,,57.92,2020-04-30
2020-04-30 14:00:00,16.1,11.7,75.0,0.0,,230.0,7.6,,1005.2,,,60.980000000000004,2020-04-30
2020-04-30 15:00:00,17.2,10.6,65.0,0.0,,0.0,0.0,,1005.2,,,62.959999999999994,2020-04-30
2020-04-30 16:00:00,17.8,10.7,63.0,0.0,,0.0,0.0,,1004.6,,,64.04,2020-04-30
2020-04-30 17:00:00,18.3,11.1,63.0,0.0,,200.0,13.0,,1004.4,,,64.94,2020-04-30
2020-04-30 18:00:00,17.8,11.1,65.0,0.0,,230.0,11.2,,1004.8,,,64.04,2020-04-30
2020-04-30 19:00:00,16.7,8.9,60.0,0.0,,260.0,7.6,,1005.5,,,62.059999999999995,2020-04-30
2020-04-30 20:00:00,15.6,8.8,64.0,0.0,,130.0,9.4,,1005.6,,,60.08,2020-04-30
2020-04-30 21:00:00,14.4,8.3,67.0,0.0,,0.0,0.0,,1005.9,,,57.92,2020-04-30
2020-04-30 22:00:00,13.9,7.9,67.0,0.0,,230.0,5.4,,1006.5,,,57.02,2020-04-30
2020-04-30 23:00:00,13.9,7.9,67.0,0.0,,220.0,7.6,,1006.9,,,57.02,2020-04-30
2020-05-01 00:00:00,12.2,7.9,75.0,0.0,,230.0,11.2,,1007.0,,,53.96,2020-05-01
2020-05-01 01:00:00,11.7,7.8,77.0,0.0,,0.0,0.0,,1007.0,,,53.06,2020-05-01
2020-05-01 02:00:00,12.2,7.9,75.0,0.0,,0.0,0.0,,1006.7,,,53.96,2020-05-01
2020-05-01 03:00:00,12.2,6.7,69.0,0.0,,260.0,7.6,,1006.3,,,53.96,2020-05-01
2020-05-01 04:00:00,11.7,5.6,66.0,0.0,,290.0,5.4,,1006.9,,,53.06,2020-05-01
2020-05-01 05:00:00,11.1,5.6,69.0,0.0,,0.0,0.0,,1007.0,,,51.98,2020-05-01
2020-05-01 06:00:00,10.0,5.6,74.0,0.0,,45.0,7.6,,1007.4,,,50.0,2020-05-01
2020-05-01 07:00:00,10.6,5.6,71.0,0.0,,90.0,5.4,,1007.9,,,51.08,2020-05-01
2020-05-01 08:00:00,12.2,5.6,64.0,0.0,,135.0,11.2,,1008.6,,,53.96,2020-05-01
2020-05-01 09:00:00,13.9,5.5,57.0,0.0,,180.0,11.2,,1009.1,,,57.02,2020-05-01
2020-05-01 10:00:00,14.4,5.7,56.0,0.0,,225.0,11.2,,1009.5,,,57.92,2020-05-01
2020-05-01 11:00:00,15.0,5.5,53.0,0.0,,270.0,11.2,,1010.1,,,59.0,2020-05-01
2020-05-01 12:00:00,16.1,5.1,48.0,0.0,,290.0,9.4,,1010.1,,,60.980000000000004,2020-05-01
2020-05-01 13:00:00,18.3,6.2,45.0,0.0,,290.0,13.0,,1009.9,,,64.94,2020-05-01
2020-05-01 14:00:00,17.8,5.7,45.0,0.0,,270.0,14.8,,1009.8,,,64.04,2020-05-01
2020-05-01 15:00:00,17.8,5.7,45.0,0.0,,290.0,11.2,,1010.3,,,64.04,2020-05-01
2020-05-01 16:00:00,17.2,5.2,45.0,0.0,,310.0,18.4,,1010.7,,,62.959999999999994,2020-05-01
2020-05-01 17:00:00,16.1,5.7,50.0,0.0,,270.0,13.0,,1011.3,,,60.980000000000004,2020-05-01
2020-05-01 18:00:00,17.2,3.8,41.0,0.0,,290.0,11.2,,1012.0,,,62.959999999999994,2020-05-01
2020-05-01 19:00:00,17.2,5.2,45.0,0.0,,310.0,16.6,,1013.3,,,62.959999999999994,2020-05-01
2020-05-01 20:00:00,15.0,4.4,49.0,0.0,,320.0,11.2,,1014.1,,,59.0,2020-05-01
2020-05-01 21:00:00,13.3,5.7,60.0,0.0,,270.0,11.2,,1015.2,,,55.94,2020-05-01
2020-05-01 22:00:00,13.3,5.7,60.0,0.0,,290.0,13.0,,1015.5,,,55.94,2020-05-01
2020-05-01 23:00:00,12.8,5.7,62.0,0.0,,0.0,0.0,,1016.6,,,55.04,2020-05-01
2020-05-02 00:00:00,12.8,5.7,62.0,0.0,,310.0,9.4,,1017.0,,,55.04,2020-05-02
2020-05-02 01:00:00,11.7,6.2,69.0,0.0,,270.0,9.4,,1016.7,,,53.06,2020-05-02
2020-05-02 02:00:00,10.6,6.2,74.0,0.0,,270.0,7.6,,1017.1,,,51.08,2020-05-02
2020-05-02 03:00:00,8.3,5.6,83.0,0.0,,270.0,7.6,,1017.2,,,46.94,2020-05-02
2020-05-02 04:00:00,8.9,5.1,77.0,0.0,,285.0,7.6,,1017.1,,,48.02,2020-05-02
2020-05-02 05:00:00,7.8,5.6,86.0,0.0,,300.0,7.6,,1018.3,,,46.04,2020-05-02
2020-05-02 06:00:00,7.2,5.0,86.0,0.0,,150.0,5.4,,1018.8,,,44.96,2020-05-02
2020-05-02 07:00:00,10.0,5.6,74.0,0.0,,0.0,0.0,,1020.0,,,50.0,2020-05-02
2020-05-02 08:00:00,13.3,6.6,64.0,0.0,,155.0,5.4,,1021.0,,,55.94,2020-05-02
2020-05-02 09:00:00,15.0,6.0,55.0,0.0,,310.0,11.2,,1021.8,,,59.0,2020-05-02
2020-05-02 10:00:00,16.1,5.7,50.0,0.0,,280.0,7.6,,1021.8,,,60.980000000000004,2020-05-02
2020-05-02 11:00:00,17.8,4.4,41.0,0.0,,140.0,9.4,,1021.7,,,64.04,2020-05-02
2020-05-02 12:00:00,18.3,4.1,39.0,0.0,,0.0,0.0,,1021.2,,,64.94,2020-05-02
2020-05-02 13:00:00,19.4,2.7,33.0,0.0,,220.0,7.6,,1020.5,,,66.92,2020-05-02
2020-05-02 14:00:00,22.2,3.8,30.0,0.0,,233.33333333333334,5.4,,1019.9,,,71.96,2020-05-02
2020-05-02 15:00:00,22.2,2.8,28.0,0.0,,246.66666666666666,5.4,,1018.9,,,71.96,2020-05-02
2020-05-02 16:00:00,22.8,3.3,28.0,0.0,,260.0,11.2,,1017.9,,,73.04,2020-05-02
2020-05-02 17:00:00,23.3,4.3,29.0,0.0,,170.0,13.0,,1017.4,,,73.94,2020-05-02
2020-05-02 18:00:00,23.9,3.8,27.0,0.0,,190.0,16.6,,1016.8,,,75.02,2020-05-02
2020-05-02 19:00:00,22.8,4.3,30.0,0.0,,190.0,16.6,,1016.2,,,73.04,2020-05-02
2020-05-02 20:00:00,18.9,6.0,43.0,0.0,,190.0,9.4,,1016.2,,,66.02,2020-05-02
2020-05-02 21:00:00,17.2,6.7,50.0,0.0,,200.0,9.4,,1016.2,,,62.959999999999994,2020-05-02
2020-05-02 22:00:00,15.0,7.3,60.0,0.0,,0.0,0.0,,1016.4,,,59.0,2020-05-02
2020-05-02 23:00:00,16.1,7.3,56.0,0.0,,200.0,5.4,,1016.3,,,60.980000000000004,2020-05-02
2020-05-03 00:00:00,15.6,7.9,60.0,0.0,,240.0,7.6,,1015.7,,,60.08,2020-05-03
2020-05-03 01:00:00,13.9,7.9,67.0,0.0,,0.0,0.0,,1015.1,,,57.02,2020-05-03
2020-05-03 02:00:00,12.8,7.9,72.0,0.0,,200.0,9.4,,1014.3,,,55.04,2020-05-03
2020-05-03 03:00:00,15.0,8.9,67.0,0.0,,220.0,7.6,,1013.3,,,59.0,2020-05-03
2020-05-03 04:00:00,13.3,9.0,75.0,0.0,,220.0,7.6,,1013.2,,,55.94,2020-05-03
2020-05-03 05:00:00,12.2,8.9,80.0,0.0,,200.0,9.4,,1013.3,,,53.96,2020-05-03
2020-05-03 06:00:00,11.7,8.9,83.0,0.0,,200.0,7.6,,1013.4,,,53.06,2020-05-03
2020-05-03 07:00:00,14.4,9.4,72.0,0.0,,230.0,9.4,,1013.6,,,57.92,2020-05-03
2020-05-03 08:00:00,17.8,11.8,68.0,0.0,,0.0,0.0,,1014.1,,,64.04,2020-05-03
2020-05-03 09:00:00,21.1,11.1,53.0,0.0,,220.0,7.6,,1013.6,,,69.98,2020-05-03
2020-05-03 10:00:00,24.4,13.3,50.0,0.0,,230.0,9.4,,1013.6,,,75.92,2020-05-03
2020-05-03 11:00:00,26.7,13.4,44.0,0.0,,300.0,13.0,,1013.5,,,80.06,2020-05-03
2020-05-03 12:00:00,26.7,13.8,45.0,0.0,,280.0,13.0,,1013.7,,,80.06,2020-05-03
2020-05-03 13:00:00,27.2,13.9,44.0,0.0,,210.0,7.6,,1012.9,,,80.96,2020-05-03
2020-05-03 14:00:00,27.2,13.9,44.0,0.0,,210.0,20.5,,1010.9,,,80.96,2020-05-03
2020-05-03 15:00:00,28.9,14.0,40.0,0.0,,220.0,16.6,,1010.4,,,84.02,2020-05-03
2020-05-03 16:00:00,29.4,14.4,40.0,0.0,,220.0,14.8,,1009.7,,,84.91999999999999,2020-05-03
2020-05-03 17:00:00,30.0,14.5,39.0,0.0,,190.0,16.6,,1008.6,,,86.0,2020-05-03
2020-05-03 18:00:00,30.0,12.9,35.0,0.0,,200.0,13.0,,1008.0,,,86.0,2020-05-03
2020-05-03 19:00:00,28.3,13.4,40.0,0.0,,200.0,13.0,,1006.8,,,82.94,2020-05-03
2020-05-03 20:00:00,24.4,14.5,54.0,0.0,,190.0,9.4,,1006.3,,7.0,75.92,2020-05-03
2020-05-03 21:00:00,22.8,13.8,57.0,0.0,,200.0,13.0,,1006.6,,7.0,73.04,2020-05-03
2020-05-03 22:00:00,23.9,12.8,50.0,0.0,,210.0,13.0,,1006.4,,7.0,75.02,2020-05-03
2020-05-03 23:00:00,23.3,13.2,53.0,0.0,,210.0,11.2,,1005.9,,7.0,73.94,2020-05-03
2020-05-04 00:00:00,22.2,13.8,59.0,0.3,,240.0,11.2,,1006.5,,7.0,71.96,2020-05-04
2020-05-04 01:00:00,20.6,14.9,70.0,0.3,,0.0,0.0,,1006.8,,7.0,69.08,2020-05-04
2020-05-04 02:00:00,17.8,15.6,87.0,0.0,,250.0,7.6,,1006.2,,7.0,64.04,2020-05-04
2020-05-04 03:00:00,18.9,15.6,81.0,0.3,,267.5,5.4,,1005.6,,7.0,66.02,2020-05-04
2020-05-04 04:00:00,18.3,15.5,84.0,0.15,,285.0,5.4,,1005.7,,7.0,64.94,2020-05-04
2020-05-04 05:00:00,18.9,15.0,78.0,0.0,,302.5,9.4,,1007.4,,7.0,66.02,2020-05-04
2020-05-04 06:00:00,19.4,11.7,61.0,0.0,,320.0,13.0,,1008.4,,,66.92,2020-05-04
2020-05-04 07:00:00,16.7,12.8,78.0,0.0,,0.0,0.0,,1009.9,,,62.059999999999995,2020-05-04
2020-05-04 08:00:00,20.0,12.3,61.0,0.0,,0.0,0.0,,1010.6,,,68.0,2020-05-04
2020-05-04 09:00:00,20.6,6.9,41.0,0.0,,320.0,13.0,,1011.2,,,69.08,2020-05-04
2020-05-04 10:00:00,21.1,4.6,34.0,0.0,,310.0,16.6,,1011.9,,,69.98,2020-05-04
2020-05-04 11:00:00,22.2,3.8,30.0,0.0,,340.0,14.8,,1012.1,,,71.96,2020-05-04
2020-05-04 12:00:00,23.3,5.2,31.0,0.0,,280.0,9.4,,1012.1,,,73.94,2020-05-04
2020-05-04 13:00:00,23.9,4.3,28.0,0.0,,290.0,13.0,,1011.3,,,75.02,2020-05-04
2020-05-04 14:00:00,25.0,3.6,25.0,0.0,,250.0,16.6,,1010.7,,,77.0,2020-05-04
2020-05-04 15:00:00,25.6,3.5,24.0,0.0,,280.0,14.8,,1010.7,,,78.08,2020-05-04
2020-05-04 16:00:00,25.6,2.9,23.0,0.0,,270.0,14.8,,1009.7,,,78.08,2020-05-04
2020-05-04 17:00:00,25.6,2.9,23.0,0.0,,270.0,13.0,,1010.1,,,78.08,2020-05-04
2020-05-04 18:00:00,25.6,3.5,24.0,0.0,,310.0,13.0,,1010.5,,,78.08,2020-05-04
2020-05-04 19:00:00,25.0,4.2,26.0,0.0,,0.0,0.0,,1011.2,,,77.0,2020-05-04
2020-05-04 20:00:00,20.6,5.0,36.0,0.0,,0.0,0.0,,1012.2,,,69.08,2020-05-04
2020-05-04 21:00:00,17.8,5.7,45.0,0.0,,350.0,5.4,,1013.0,,,64.04,2020-05-04
2020-05-04 22:00:00,14.4,2.8000000000000003,43.0,0.0,,300.0,7.6,,1013.6,,,57.92,2020-05-04
2020-05-04 23:00:00,12.8,-0.1,41.0,0.0,,190.0,7.6,,1013.7,,,55.04,2020-05-04
2020-05-05 00:00:00,11.7,-0.08333333333333334,42.166666666666664,0.0,,330.0,5.4,,1014.3,,,53.06,2020-05-05
2020-05-05 01:00:00,11.7,-0.06666666666666668,43.333333333333336,0.0,,0.0,0.0,,1013.6,,,53.06,2020-05-05
2020-05-05 02:00:00,13.9,-0.05,44.5,0.0,,100.0,7.6,,1013.4,,,57.02,2020-05-05
2020-05-05 03:00:00,14.4,-0.03333333333333334,45.666666666666664,0.0,,90.0,9.4,,1012.3,,,57.92,2020-05-05
2020-05-05 04:00:00,12.8,-0.016666666666666677,46.833333333333336,0.0,,70.0,5.4,,1013.3,,,55.04,2020-05-05
2020-05-05 05:00:00,10.6,0.0,48.0,0.0,,40.0,7.6,,1013.8,,,51.08,2020-05-05
2020-05-05 06:00:00,11.1,1.5,51.0,0.0,,0.0,0.0,,1013.9,,7.0,51.98,2020-05-05
2020-05-05 07:00:00,11.7,3.0,54.0,0.0,,50.0,7.6,,1014.9,,7.0,53.06,2020-05-05
2020-05-05 08:00:00,11.7,3.2,56.0,0.0,,50.0,16.6,,1015.5,,7.0,53.06,2020-05-05
2020-05-05 09:00:00,11.1,5.0,66.0,0.09999999999999999,,50.0,14.8,,1015.0,,7.0,51.98,2020-05-05
2020-05-05 10:00:00,11.7,4.4,61.0,0.19999999999999998,,40.0,13.0,,1015.4,,7.0,53.06,2020-05-05
2020-05-05 11:00:00,10.0,5.6,74.0,0.3,,40.0,11.2,,1017.1,,7.0,50.0,2020-05-05
2020-05-05 12:00:00,9.4,6.7,83.0,1.8,,70.0,13.0,,1015.3,,7.0,48.92,2020-05-05
2020-05-05 13:00:00,11.1,6.6,74.0,1.2000000000000002,,40.0,14.8,,1014.5,,7.0,51.98,2020-05-05
2020-05-05 14:00:00,12.8,6.2,64.0,0.6000000000000001,,40.0,13.0,,1012.8,,7.0,55.04,2020-05-05
2020-05-05 15:00:00,13.3,6.6,64.0,0.0,,20.0,5.4,,1012.4,,7.0,55.94,2020-05-05
2020-05-05 16:00:00,13.3,6.6,64.0,0.0,,0.0,0.0,,1012.2,,7.0,55.94,2020-05-05
2020-05-05 17:00:00,12.8,7.9,72.0,0.0,,90.0,7.6,,1011.5,,,55.04,2020-05-05
2020-05-05 18:00:00,12.2,8.3,77.0,0.0,,120.0,7.6,,1010.9,,,53.96,2020-05-05
2020-05-05 19:00:00,12.2,8.3,77.0,0.0,,0.0,0.0,,1010.8,,,53.96,2020-05-05
2020-05-05 20:00:00,12.2,8.3,77.0,0.0,,0.0,0.0,,1010.7,,7.0,53.96,2020-05-05
2020-05-05 21:00:00,11.7,8.4,80.0,0.0,,100.0,5.4,,1009.6,,7.0,53.06,2020-05-05
2020-05-05 22:00:00,11.7,8.4,80.0,0.0,,10.0,7.6,,1010.6,,7.0,53.06,2020-05-05
2020-05-05 23:00:00,11.1,9.4,89.0,0.25,,10.0,7.6,,1010.6,,7.0,51.98,2020-05-05
2020-05-06 00:00:00,10.6,8.9,89.0,0.5,,10.0,11.2,,1010.9,,5.0,51.08,2020-05-06
2020-05-06 01:00:00,10.6,9.4,92.0,0.3,,20.0,13.0,,1010.0,,5.0,51.08,2020-05-06
2020-05-06 02:00:00,10.6,9.4,92.0,0.0,,40.0,9.4,,1009.7,,5.0,51.08,2020-05-06
2020-05-06 03:00:00,10.6,9.4,92.0,0.0,,20.0,7.6,,1008.8,,5.0,51.08,2020-05-06
2020-05-06 04:00:00,10.6,8.9,89.0,0.0,,0.0,0.0,,1008.6,,5.0,51.08,2020-05-06
2020-05-06 05:00:00,10.0,8.9,93.0,0.0,,160.0,5.4,,1008.9,,5.0,50.0,2020-05-06
2020-05-06 06:00:00,10.0,8.9,93.0,0.0,,190.0,7.6,,1008.6,,5.0,50.0,2020-05-06
2020-05-06 07:00:00,10.0,8.9,93.0,0.0,,0.0,0.0,,1008.5,,5.035714285714286,50.0,2020-05-06
2020-05-06 08:00:00,10.6,9.4,92.0,0.0,,210.0,5.4,,1008.7,,5.071428571428571,51.08,2020-05-06
2020-05-06 09:00:00,13.3,9.4,77.0,0.0,,200.0,11.2,,1008.5,,5.107142857142857,55.94,2020-05-06
2020-05-06 10:00:00,16.1,8.3,60.0,0.0,,230.0,11.2,,1008.2,,,60.980000000000004,2020-05-06
2020-05-06 11:00:00,15.0,6.8,58.0,0.0,,320.0,11.2,,1008.0,,,59.0,2020-05-06
2020-05-06 12:00:00,17.2,6.1,48.0,0.0,,260.0,13.0,,1007.9,,,62.959999999999994,2020-05-06
2020-05-06 13:00:00,16.7,5.6,48.0,0.0,,280.0,16.6,,1008.0,,,62.059999999999995,2020-05-06
2020-05-06 14:00:00,17.2,5.2,45.0,0.0,,300.0,14.8,,1007.8,,,62.959999999999994,2020-05-06
2020-05-06 15:00:00,16.7,4.4,44.0,0.0,,290.0,18.4,,1007.6,,,62.059999999999995,2020-05-06
2020-05-06 16:00:00,15.6,3.4,44.0,0.0,,290.0,16.6,,1008.0,,,60.08,2020-05-06
2020-05-06 17:00:00,16.1,2.8,41.0,0.0,,300.0,16.6,,1008.2,,,60.980000000000004,2020-05-06
2020-05-06 18:00:00,15.0,2.2,42.0,0.0,,310.0,16.6,,1008.9,,,59.0,2020-05-06
2020-05-06 19:00:00,12.2,1.2,47.0,0.0,,350.0,13.0,,1009.6,,,53.96,2020-05-06
2020-05-06 20:00:00,11.7,0.2,45.0,0.0,,300.0,11.2,,1010.3,,,53.06,2020-05-06
2020-05-06 21:00:00,11.1,-0.1,46.0,0.0,,310.0,16.6,,1011.1,,,51.98,2020-05-06
2020-05-06 22:00:00,10.0,0.0,50.0,0.0,,350.0,7.6,,1012.6,,,50.0,2020-05-06
2020-05-06 23:00:00,7.2,1.1,65.0,0.0,,0.0,0.0,,1013.3,,,44.96,2020-05-06
2020-05-07 00:00:00,8.3,0.0,56.0,0.0,,300.0,5.4,,1012.8,,,46.94,2020-05-07
2020-05-07 01:00:00,8.3,0.0,56.0,0.0,,300.0,7.6,,1012.9,,,46.94,2020-05-07
2020-05-07 02:00:00,6.7,0.6,65.0,0.0,,250.0,5.4,,1012.7,,,44.06,2020-05-07
2020-05-07 03:00:00,6.7,-0.1,62.0,0.0,,310.0,7.6,,1012.8,,,44.06,2020-05-07
2020-05-07 04:00:00,4.4,0.5,76.0,0.0,,0.0,0.0,,1013.1,,,39.92,2020-05-07
2020-05-07 05:00:00,3.3,0.0,79.0,0.0,,0.0,0.0,,1013.3,,,37.94,2020-05-07
2020-05-07 06:00:00,2.2,-0.1,85.0,0.0,,0.0,0.0,,1013.7,,,35.96,2020-05-07
2020-05-07 07:00:00,7.2,-1.7,53.0,0.0,,0.0,0.0,,1014.2,,,44.96,2020-05-07
2020-05-07 08:00:00,8.9,0.6,56.0,0.0,,150.0,7.6,,1015.1,,,48.02,2020-05-07
2020-05-07 09:00:00,10.6,0.6,50.0,0.0,,300.0,9.4,,1015.6,,,51.08,2020-05-07
2020-05-07 10:00:00,13.3,-2.2,34.0,0.0,,300.0,13.0,,1015.6,,,55.94,2020-05-07
2020-05-07 11:00:00,15.0,-1.2,33.0,0.0,,320.0,7.6,,1015.9,,,59.0,2020-05-07
2020-05-07 12:00:00,16.1,-2.9,27.0,0.0,,320.0,14.8,,1015.6,,,60.980000000000004,2020-05-07
2020-05-07 13:00:00,17.2,-1.5,28.0,0.0,,330.0,14.8,,1014.7,,,62.959999999999994,2020-05-07
2020-05-07 14:00:00,17.8,-2.0,26.0,0.0,,250.0,13.0,,1014.4,,,64.04,2020-05-07
2020-05-07 15:00:00,18.9,-2.1,24.0,0.0,,240.0,9.4,,1013.7,,,66.02,2020-05-07
2020-05-07 16:00:00,20.0,-1.8,23.0,0.0,,240.0,16.6,,1012.8,,,68.0,2020-05-07
2020-05-07 17:00:00,20.0,-3.0,21.0,0.0,,270.0,11.2,,1012.6,,,68.0,2020-05-07
2020-05-07 18:00:00,20.0,-3.0,21.0,0.0,,270.0,16.6,,1012.8,,,68.0,2020-05-07
2020-05-07 19:00:00,19.4,-2.3,23.0,0.0,,0.0,0.0,,1012.9,,,66.92,2020-05-07
2020-05-07 20:00:00,17.8,-3.1,24.0,0.0,,120.0,11.2,,1013.3,,,64.04,2020-05-07
2020-05-07 21:00:00,15.6,-2.4,29.0,0.0,,240.0,7.6,,1014.0,,,60.08,2020-05-07
2020-05-07 22:00:00,14.4,-1.7,33.0,0.0,,240.0,9.4,,1014.8,,,57.92,2020-05-07
2020-05-07 23:00:00,12.2,-1.0,40.0,0.0,,230.0,7.6,,1015.0,,,53.96,2020-05-07
2020-05-08 00:00:00,11.7,-0.5,43.0,0.0,,240.0,5.4,,1015.0,,,53.06,2020-05-08
2020-05-08 01:00:00,11.7,0.2,45.0,0.0,,230.0,9.4,,1014.2,,,53.06,2020-05-08
2020-05-08 02:00:00,9.4,0.6,54.0,0.0,,210.0,7.6,,1013.6,,,48.92,2020-05-08
2020-05-08 03:00:00,7.8,1.6,65.0,0.0,,0.0,0.0,,1013.6,,,46.04,2020-05-08
2020-05-08 04:00:00,7.2,1.7,68.0,0.0,,230.0,9.4,,1013.9,,,44.96,2020-05-08
2020-05-08 05:00:00,9.4,1.8,59.0,0.0,,230.0,5.4,,1013.7,,,48.92,2020-05-08
2020-05-08 06:00:00,5.6,1.7,76.0,0.0,,210.0,5.4,,1014.2,,,42.08,2020-05-08
2020-05-08 07:00:00,7.2,2.9,74.0,0.0,,0.0,0.0,,1013.5,,,44.96,2020-05-08
2020-05-08 08:00:00,10.6,4.9,68.0,0.0,,180.0,7.6,,1013.5,,,51.08,2020-05-08
2020-05-08 09:00:00,13.9,5.0,55.0,0.0,,210.0,11.2,,1012.8,,,57.02,2020-05-08
2020-05-08 10:00:00,16.7,5.6,48.0,0.0,,210.0,16.6,,1011.6,,,62.059999999999995,2020-05-08
2020-05-08 11:00:00,18.9,5.0,40.0,0.0,,220.0,22.3,,1011.0,,6.892857142857142,66.02,2020-05-08
2020-05-08 12:00:00,19.4,3.9,36.0,0.0,,240.0,20.5,,1010.3,,6.928571428571429,66.92,2020-05-08
2020-05-08 13:00:00,18.3,3.0,36.0,0.0,,200.0,31.7,,1008.6,,6.964285714285714,64.94,2020-05-08
2020-05-08 14:00:00,17.8,4.4,41.0,0.0,,210.0,24.1,,1008.1,,7.0,64.04,2020-05-08
2020-05-08 15:00:00,17.2,3.8,41.0,0.16666666666666666,,230.0,11.2,,1007.8,,7.0,62.959999999999994,2020-05-08
2020-05-08 16:00:00,15.6,4.9,49.0,0.3333333333333333,,210.0,24.1,,1007.4,,7.0,60.08,2020-05-08
2020-05-08 17:00:00,12.2,9.4,83.0,0.5,,220.0,11.2,,1007.5,,7.0,53.96,2020-05-08
2020-05-08 18:00:00,12.2,9.4,83.0,0.3,,210.0,9.4,,1006.9,,7.0,53.96,2020-05-08
2020-05-08 19:00:00,11.7,9.9,89.0,0.3,,200.0,14.8,,1005.5,,7.0,53.06,2020-05-08
2020-05-08 20:00:00,11.7,9.4,86.0,0.3,,210.0,13.0,,1005.5,,7.0,53.06,2020-05-08
2020-05-08 21:00:00,11.7,9.9,89.0,0.3,,230.0,9.4,,1006.2,,7.0,53.06,2020-05-08
2020-05-08 22:00:00,10.6,6.7,77.0,0.3,,320.0,14.8,,1008.2,,7.0,51.08,2020-05-08
2020-05-08 23:00:00,9.4,4.0,69.0,0.0,,320.0,9.4,,1009.4,,7.0,48.92,2020-05-08
2020-05-09 00:00:00,8.9,1.8,61.0,0.0,,330.0,11.2,,1010.9,,7.0,48.02,2020-05-09
2020-05-09 01:00:00,7.2,-3.4,47.0,0.0,,340.0,14.8,,1012.7,,,44.96,2020-05-09
2020-05-09 02:00:00,5.0,-5.7,46.0,0.0,,327.5,5.4,,1013.8,,,41.0,2020-05-09
2020-05-09 03:00:00,4.4,-5.7,48.0,0.0,,315.0,7.6,,1014.6,,,39.92,2020-05-09
2020-05-09 04:00:00,3.9,-5.6,50.0,0.0,,302.5,5.4,,1015.3,,,39.02,2020-05-09
2020-05-09 05:00:00,2.2,-4.3,62.0,0.0,,290.0,5.4,,1015.9,,,35.96,2020-05-09
2020-05-09 06:00:00,0.6,-3.9,72.0,0.0,,0.0,0.0,,1016.6,,,33.08,2020-05-09
2020-05-09 07:00:00,1.7,-3.4,69.0,0.0,,270.0,5.4,,1017.6,,,35.06,2020-05-09
2020-05-09 08:00:00,5.0,-3.8,53.0,0.0,,0.0,0.0,,1018.1,,,41.0,2020-05-09
2020-05-09 09:00:00,7.2,-4.0,45.0,0.0,,270.0,7.6,,1018.0,,,44.96,2020-05-09
2020-05-09 10:00:00,8.3,-3.9,42.0,0.0,,270.0,16.6,,1018.1,,,46.94,2020-05-09
2020-05-09 11:00:00,9.4,-3.2,41.0,0.0,,270.0,11.2,,1018.5,,,48.92,2020-05-09
2020-05-09 12:00:00,11.1,-4.2,34.0,0.0,,270.0,18.4,,1018.0,,,51.98,2020-05-09
2020-05-09 13:00:00,11.7,-4.5,32.0,0.0,,250.0,18.4,,1017.6,,,53.06,2020-05-09
2020-05-09 14:00:00,12.8,-5.8,27.0,0.0,,290.0,20.5,,1017.8,,,55.04,2020-05-09
2020-05-09 15:00:00,13.3,-5.8,26.0,0.0,,300.0,18.4,,1018.0,,,55.94,2020-05-09
2020-05-09 16:00:00,13.9,-5.8,25.0,0.0,,330.0,13.0,,1018.2,,,57.02,2020-05-09
2020-05-09 17:00:00,13.9,-5.8,25.0,0.0,,290.0,16.6,,1018.5,,,57.02,2020-05-09
2020-05-09 18:00:00,13.9,-5.8,25.0,0.0,,290.0,16.6,,1019.1,,,57.02,2020-05-09
2020-05-09 19:00:00,13.3,-5.8,26.0,0.0,,145.0,9.4,,1019.6,,,55.94,2020-05-09
2020-05-09 20:00:00,10.6,-5.4,32.0,0.0,,0.0,0.0,,1020.7,,,51.08,2020-05-09
2020-05-09 21:00:00,6.7,-2.7,51.0,0.0,,330.0,5.4,,1021.9,,,44.06,2020-05-09
2020-05-09 22:00:00,6.7,-3.8,47.0,0.0,,0.0,0.0,,1022.4,,,44.06,2020-05-09
2020-05-09 23:00:00,4.4,-2.2,62.0,0.0,,0.0,0.0,,1023.5,,,39.92,2020-05-09
2020-05-10 00:00:00,2.8,-2.1,70.0,0.0,,320.0,7.6,,1024.0,,,37.04,2020-05-10
2020-05-10 01:00:00,1.7,-2.3,75.0,0.0,,0.0,0.0,,1024.6,,,35.06,2020-05-10
2020-05-10 02:00:00,2.2,-2.1,73.0,0.0,,0.0,0.0,,1024.8,,,35.96,2020-05-10
2020-05-10 03:00:00,0.6,-1.6,85.0,0.0,,300.0,5.4,,1024.5,,,33.08,2020-05-10
2020-05-10 04:00:00,0.6,-1.6,85.0,0.0,,0.0,0.0,,1024.5,,,33.08,2020-05-10
2020-05-10 05:00:00,0.0,-2.2,85.0,0.0,,0.0,0.0,,1024.6,,,32.0,2020-05-10
2020-05-10 06:00:00,-1.1,-3.3,85.0,0.0,,0.0,0.0,,1024.6,,,30.02,2020-05-10
2020-05-10 07:00:00,0.0,-1.8,88.0,0.0,,0.0,0.0,,1025.4,,,32.0,2020-05-10
2020-05-10 08:00:00,3.9,0.1,76.0,0.0,,180.0,5.4,,1026.0,,,39.02,2020-05-10
2020-05-10 09:00:00,7.8,-2.3,49.0,0.0,,200.0,13.0,,1026.3,,,46.04,2020-05-10
2020-05-10 10:00:00,10.6,-2.1,41.0,0.0,,170.0,20.5,,1026.0,,,51.08,2020-05-10
2020-05-10 11:00:00,12.2,-2.8,35.0,0.0,,200.0,14.8,,1025.0,,,53.96,2020-05-10
2020-05-10 12:00:00,14.4,-1.7,33.0,0.0,,210.0,16.6,,1023.8,,,57.92,2020-05-10
2020-05-10 13:00:00,15.6,-1.5,31.0,0.0,,190.0,16.6,,1022.6,,,60.08,2020-05-10
2020-05-10 14:00:00,17.2,-1.0,29.0,0.0,,190.0,18.4,,1021.2,,,62.959999999999994,2020-05-10
2020-05-10 15:00:00,18.9,0.0,28.0,0.0,,210.0,20.5,,1019.8,,,66.02,2020-05-10
2020-05-10 16:00:00,19.4,0.4,28.0,0.0,,200.0,27.7,,1018.5,,,66.92,2020-05-10
2020-05-10 17:00:00,20.0,0.9,28.0,0.0,,210.0,25.9,,1017.3,,,68.0,2020-05-10
2020-05-10 18:00:00,19.4,0.9,29.0,0.0,,200.0,24.1,,1017.0,,,66.92,2020-05-10
2020-05-10 19:00:00,18.3,1.7,33.0,0.0,,200.0,25.9,,1016.5,,,64.94,2020-05-10
2020-05-10 20:00:00,16.1,2.1,39.0,0.0,,200.0,16.6,,1016.4,,,60.980000000000004,2020-05-10
2020-05-10 21:00:00,13.3,2.2,47.0,0.0,,200.0,7.6,,1016.2,,,55.94,2020-05-10
2020-05-10 22:00:00,11.1,2.9,57.0,0.0,,180.0,11.2,,1016.1,,,51.98,2020-05-10
2020-05-10 23:00:00,10.6,3.4,61.0,0.0,,190.0,11.2,,1015.5,,,51.08,2020-05-10
2020-05-11 00:00:00,11.7,4.0,59.0,0.0,,240.0,5.4,,1015.0,,,53.06,2020-05-11
2020-05-11 01:00:00,10.6,3.8,63.0,0.0,,0.0,0.0,,1014.7,,,51.08,2020-05-11
2020-05-11 02:00:00,10.0,4.4,68.0,0.0,,0.0,0.0,,1014.0,,,50.0,2020-05-11
2020-05-11 03:00:00,12.8,5.0,59.0,0.0,,65.0,11.2,,1013.7,,,55.04,2020-05-11
2020-05-11 04:00:00,12.8,4.0,55.0,0.0,,130.0,9.4,,1013.7,,,55.04,2020-05-11
2020-05-11 05:00:00,12.2,4.4,59.0,0.0,,195.0,7.6,,1013.7,,,53.96,2020-05-11
2020-05-11 06:00:00,12.2,4.4,59.0,0.0,,260.0,5.4,,1014.1,,,53.96,2020-05-11
2020-05-11 07:00:00,11.7,3.2,56.0,0.0,,260.0,11.2,,1014.5,,,53.06,2020-05-11
2020-05-11 08:00:00,11.7,-1.1,41.0,0.0,,280.0,13.0,,1015.5,,,53.06,2020-05-11
2020-05-11 09:00:00,11.7,-1.1,41.0,0.0,,290.0,20.5,,1016.1,,,53.06,2020-05-11
2020-05-11 10:00:00,12.8,-0.5,40.0,0.0,,270.0,16.6,,1016.2,,,55.04,2020-05-11
2020-05-11 11:00:00,13.3,-0.7,38.0,0.0,,280.0,18.4,,1016.3,,,55.94,2020-05-11
2020-05-11 12:00:00,13.9,-0.6,37.0,0.0,,290.0,16.6,,1016.5,,,57.02,2020-05-11
2020-05-11 13:00:00,15.0,0.0,36.0,0.0,,300.0,22.3,,1016.3,,,59.0,2020-05-11
2020-05-11 14:00:00,15.6,0.6,36.0,0.0,,300.0,14.8,,1016.6,,,60.08,2020-05-11
2020-05-11 15:00:00,13.9,-0.6,37.0,0.0,,310.0,16.6,,1017.1,,,57.02,2020-05-11
2020-05-11 16:00:00,13.3,-0.7,38.0,0.0,,290.0,20.5,,1017.2,,,55.94,2020-05-11
2020-05-11 17:00:00,13.0,-1.0,38.0,0.0,,300.0,18.4,,1017.85,,,55.4,2020-05-11
2020-05-11 18:00:00,12.8,-1.2,38.0,0.0,,310.0,16.6,,1018.5,,,55.04,2020-05-11
2020-05-11 19:00:00,10.0,-2.3,42.0,0.0,,320.0,14.8,,1019.2,,,50.0,2020-05-11
2020-05-11 20:00:00,9.4,-2.2,44.0,0.0,,310.0,14.8,,1019.8,,,48.92,2020-05-11
2020-05-11 21:00:00,9.4,-2.2,44.0,0.0,,290.0,14.8,,1020.5,,,48.92,2020-05-11
2020-05-11 22:00:00,8.9,-2.1,46.0,0.0,,270.0,5.4,,1020.8,,,48.02,2020-05-11
2020-05-11 23:00:00,8.3,-2.7,46.0,0.0,,310.0,11.2,,1021.0,,,46.94,2020-05-11
2020-05-12 00:00:00,8.3,-2.1,48.0,0.0,,310.0,11.2,,1020.9,,,46.94,2020-05-12
2020-05-12 01:00:00,8.9,-2.7,44.0,0.0,,310.0,14.8,,1020.6,,,48.02,2020-05-12
2020-05-12 02:00:00,8.3,-2.1,48.0,0.0,,0.0,0.0,,1020.3,,,46.94,2020-05-12
2020-05-12 03:00:00,7.2,-0.1,60.0,0.0,,0.0,0.0,,1020.4,,,44.96,2020-05-12
2020-05-12 04:00:00,7.8,-1.2,53.0,0.0,,280.0,5.4,,1020.6,,,46.04,2020-05-12
2020-05-12 05:00:00,6.1,0.0,65.0,0.0,,0.0,0.0,,1021.6,,,42.980000000000004,2020-05-12
2020-05-12 06:00:00,5.0,0.6,73.0,0.0,,200.0,5.4,,1022.3,,,41.0,2020-05-12
2020-05-12 07:00:00,5.6,1.1,73.0,0.0,,160.0,7.6,,1023.3,,,42.08,2020-05-12
2020-05-12 08:00:00,7.8,0.5,60.0,0.0,,250.0,7.6,,1024.1,,,46.04,2020-05-12
2020-05-12 09:00:00,9.4,0.6,54.0,0.0,,270.0,5.4,,1024.2,,,48.92,2020-05-12
2020-05-12 10:00:00,10.0,-0.5,48.0,0.0,,300.0,11.2,,1024.3,,,50.0,2020-05-12
2020-05-12 11:00:00,11.7,0.8,47.0,0.0,,290.0,14.8,,1023.9,,,53.06,2020-05-12
2020-05-12 12:00:00,12.2,0.0,43.0,0.0,,270.0,14.8,,1023.3,,,53.96,2020-05-12
2020-05-12 13:00:00,14.4,0.6,39.0,0.0,,200.0,9.4,,1022.4,,,57.92,2020-05-12
2020-05-12 14:00:00,15.0,-0.7,34.0,0.0,,300.0,14.8,,1021.8,,,59.0,2020-05-12
2020-05-12 15:00:00,16.7,0.8,34.0,0.0,,210.0,11.2,,1021.3,,,62.059999999999995,2020-05-12
2020-05-12 16:00:00,17.2,-0.1,31.0,0.0,,210.0,22.3,,1020.5,,,62.959999999999994,2020-05-12
2020-05-12 17:00:00,17.8,-0.5,29.0,0.0,,270.0,14.8,,1020.4,,,64.04,2020-05-12
2020-05-12 18:00:00,18.3,-0.5,28.0,0.0,,280.0,16.6,,1020.7,,,64.94,2020-05-12
2020-05-12 19:00:00,17.2,-1.0,29.0,0.0,,250.0,16.6,,1021.1,,,62.959999999999994,2020-05-12
2020-05-12 20:00:00,15.6,0.2,35.0,0.0,,0.0,0.0,,1021.6,,,60.08,2020-05-12
2020-05-12 21:00:00,11.7,1.0,48.0,0.0,,0.0,0.0,,1022.3,,,53.06,2020-05-12
2020-05-12 22:00:00,9.4,1.8,59.0,0.0,,0.0,0.0,,1023.3,,,48.92,2020-05-12
2020-05-12 23:00:00,9.4,1.1,56.0,0.0,,310.0,7.6,,1023.4,,,48.92,2020-05-12
2020-05-13 00:00:00,8.3,0.5,58.0,0.0,,0.0,0.0,,1023.8,,,46.94,2020-05-13
2020-05-13 01:00:00,6.7,1.2,68.0,0.0,,0.0,0.0,,1024.1,,,44.06,2020-05-13
2020-05-13 02:00:00,5.0,1.1,76.0,0.0,,0.0,0.0,,1024.7,,,41.0,2020-05-13
2020-05-13 03:00:00,3.9,0.6,79.0,0.0,,0.0,0.0,,1024.5,,,39.02,2020-05-13
2020-05-13 04:00:00,4.4,1.1,79.0,0.0,,0.0,0.0,,1024.8,,,39.92,2020-05-13
2020-05-13 05:00:00,3.9,1.8,86.0,0.0,,210.0,5.4,,1025.6,,,39.02,2020-05-13
2020-05-13 06:00:00,6.1,2.7,79.0,0.0,,0.0,0.0,,1026.3,,,42.980000000000004,2020-05-13
2020-05-13 07:00:00,7.2,4.0,80.0,0.0,,0.0,0.0,,1027.2,,,44.96,2020-05-13
2020-05-13 08:00:00,8.9,4.3,73.0,0.0,,0.0,0.0,,1027.7,,,48.02,2020-05-13
2020-05-13 09:00:00,11.7,6.2,69.0,0.0,,0.0,0.0,,1028.6,,,53.06,2020-05-13
2020-05-13 10:00:00,13.3,1.6,45.0,0.0,,0.0,0.0,,1028.6,,,55.94,2020-05-13
2020-05-13 11:00:00,15.0,0.8,38.0,0.0,,0.0,0.0,,1028.5,,,59.0,2020-05-13
2020-05-13 12:00:00,16.1,0.2,34.0,0.0,,42.0,9.0,,1028.4,,,60.980000000000004,2020-05-13
2020-05-13 13:00:00,16.1,0.2,34.0,0.0,,84.0,9.4,,1027.9,,,60.980000000000004,2020-05-13
2020-05-13 14:00:00,16.7,1.2,35.0,0.0,,126.0,7.6,,1027.2,,,62.059999999999995,2020-05-13
2020-05-13 15:00:00,17.2,0.8,33.0,0.0,,168.0,9.4,,1026.6,,,62.959999999999994,2020-05-13
2020-05-13 16:00:00,18.3,1.3,32.0,0.0,,210.0,11.2,,1025.9,,,64.94,2020-05-13
2020-05-13 17:00:00,18.3,2.2,34.0,0.0,,210.0,11.2,,1025.6,,,64.94,2020-05-13
2020-05-13 18:00:00,17.8,2.9,37.0,0.0,,230.0,7.6,,1025.4,,,64.04,2020-05-13
2020-05-13 19:00:00,17.2,3.5,40.0,0.0,,230.0,5.4,,1025.3,,,62.959999999999994,2020-05-13
2020-05-13 20:00:00,16.1,5.1,48.0,0.0,,210.0,5.4,,1025.6,,,60.980000000000004,2020-05-13
2020-05-13 21:00:00,15.0,6.0,55.0,0.0,,140.0,7.6,,1025.5,,,59.0,2020-05-13
2020-05-13 22:00:00,14.4,6.7,60.0,0.0,,200.0,5.4,,1025.9,,,57.92,2020-05-13
2020-05-13 23:00:00,14.4,5.7,56.0,0.0,,230.0,5.4,,1025.8,,,57.92,2020-05-13
2020-05-14 00:00:00,12.2,6.0,66.0,0.0,,0.0,0.0,,1025.5,,,53.96,2020-05-14
2020-05-14 01:00:00,13.3,6.6,64.0,0.0,,0.0,0.0,,1025.3,,,55.94,2020-05-14
2020-05-14 02:00:00,13.3,7.3,67.0,0.0,,200.0,5.4,,1025.2,,,55.94,2020-05-14
2020-05-14 03:00:00,13.3,8.4,72.0,0.0,,0.0,0.0,,1024.9,,,55.94,2020-05-14
2020-05-14 04:00:00,13.3,7.7,69.0,0.0,,240.0,5.4,,1024.8,,,55.94,2020-05-14
2020-05-14 05:00:00,12.2,8.9,80.0,0.0,,230.0,5.4,,1024.8,,,53.96,2020-05-14
2020-05-14 06:00:00,13.3,8.4,72.0,0.0,,200.0,11.2,,1024.8,,,55.94,2020-05-14
2020-05-14 07:00:00,13.3,9.0,75.0,0.0,,0.0,0.0,,1025.6,,,55.94,2020-05-14
2020-05-14 08:00:00,13.9,9.3,74.0,0.0,,0.0,0.0,,1025.7,,,57.02,2020-05-14
2020-05-14 09:00:00,17.2,10.1,63.0,0.0,,200.0,9.4,,1025.6,,,62.959999999999994,2020-05-14
2020-05-14 10:00:00,17.2,10.6,65.0,0.0,,200.0,7.6,,1025.5,,,62.959999999999994,2020-05-14
2020-05-14 11:00:00,18.9,11.2,61.0,0.0,,190.0,16.6,,1024.8,,,66.02,2020-05-14
2020-05-14 12:00:00,22.2,12.2,53.0,0.0,,220.0,16.6,,1024.2,,,71.96,2020-05-14
2020-05-14 13:00:00,23.3,12.9,52.0,0.0,,220.0,9.4,,1023.4,,,73.94,2020-05-14
2020-05-14 14:00:00,24.4,13.3,50.0,0.0,,220.0,14.8,,1022.3,,,75.92,2020-05-14
2020-05-14 15:00:00,25.6,13.5,47.0,0.0,,190.0,18.4,,1021.6,,,78.08,2020-05-14
2020-05-14 16:00:00,25.6,13.5,47.0,0.0,,210.0,20.5,,1020.8,,,78.08,2020-05-14
2020-05-14 17:00:00,25.0,14.5,52.0,0.0,,170.0,14.8,,1020.4,,,77.0,2020-05-14
2020-05-14 18:00:00,25.0,15.0,54.0,0.0,,180.0,14.8,,1019.9,,,77.0,2020-05-14
2020-05-14 19:00:00,23.9,15.1,58.0,0.0,,200.0,11.2,,1019.9,,,75.02,2020-05-14
2020-05-14 20:00:00,21.7,16.2,71.0,0.0,,220.0,7.6,,1020.3,,,71.06,2020-05-14
2020-05-14 21:00:00,18.9,14.4,75.0,0.0,,220.0,11.2,,1020.6,,,66.02,2020-05-14
2020-05-14 22:00:00,17.8,14.5,81.0,0.0,,0.0,0.0,,1020.8,,,64.04,2020-05-14
2020-05-14 23:00:00,17.2,15.0,87.0,0.0,,210.0,5.4,,1021.0,,,62.959999999999994,2020-05-14
2020-05-15 00:00:00,17.2,14.5,84.0,0.0,,220.0,5.4,,1020.6,,,62.959999999999994,2020-05-15
2020-05-15 01:00:00,17.8,15.1,84.0,0.0,,220.0,7.6,,1020.3,,,64.04,2020-05-15
2020-05-15 02:00:00,17.2,14.5,84.0,0.0,,220.0,5.4,,1019.3,,,62.959999999999994,2020-05-15
2020-05-15 03:00:00,16.7,14.3,86.0,0.0,,220.0,11.2,,1018.9,,,62.059999999999995,2020-05-15
2020-05-15 04:00:00,15.0,13.4,90.0,0.0,,210.0,7.6,,1018.9,,,59.0,2020-05-15
2020-05-15 05:00:00,15.0,13.4,90.0,0.0,,210.0,7.6,,1018.9,,,59.0,2020-05-15
2020-05-15 06:00:00,13.9,12.8,93.0,0.0,,200.0,9.4,,1019.3,,,57.02,2020-05-15
2020-05-15 07:00:00,15.6,14.0,90.0,0.0,,200.0,7.6,,1020.4,,,60.08,2020-05-15
2020-05-15 08:00:00,16.1,14.5,90.0,0.0,,180.0,7.6,,1020.7,,,60.980000000000004,2020-05-15
2020-05-15 09:00:00,18.9,15.0,78.0,0.0,,200.0,18.4,,1021.1,,,66.02,2020-05-15
2020-05-15 10:00:00,22.2,16.0,68.0,0.0,,180.0,13.0,,1020.8,,,71.96,2020-05-15
2020-05-15 11:00:00,24.4,16.1,60.0,0.0,,180.0,20.5,,1020.1,,,75.92,2020-05-15
2020-05-15 12:00:00,26.7,15.1,49.0,0.0,,200.0,20.5,,1019.4,,,80.06,2020-05-15
2020-05-15 13:00:00,28.3,14.9,44.0,0.0,,210.0,22.3,,1018.2,,,82.94,2020-05-15
2020-05-15 14:00:00,28.3,13.8,41.0,0.0,,200.0,33.5,,1017.7,,,82.94,2020-05-15
2020-05-15 15:00:00,29.4,14.0,39.0,0.0,,220.0,13.0,,1016.7,,,84.91999999999999,2020-05-15
2020-05-15 16:00:00,29.4,12.3,35.0,0.0,,220.0,22.3,,1015.8,,,84.91999999999999,2020-05-15
2020-05-15 17:00:00,28.9,12.3,36.0,0.0,,220.0,22.3,,1015.2,,,84.02,2020-05-15
2020-05-15 18:00:00,28.3,11.8,36.0,0.0,,200.0,25.9,,1015.0,,,82.94,2020-05-15
2020-05-15 19:00:00,27.2,12.8,41.0,0.0,,190.0,29.5,,1014.7,,,80.96,2020-05-15
2020-05-15 20:00:00,25.0,13.2,48.0,0.0,,200.0,18.4,,1015.2,,,77.0,2020-05-15
2020-05-15 21:00:00,23.3,13.2,53.0,0.0,,200.0,20.5,,1015.4,,,73.94,2020-05-15
2020-05-15 22:00:00,21.1,14.0,64.0,0.0,,190.0,14.8,,1016.2,,,69.98,2020-05-15
2020-05-15 23:00:00,20.6,14.0,66.0,0.0,,210.0,11.2,,1016.6,,,69.08,2020-05-15
2020-05-16 00:00:00,20.6,14.0,66.0,0.0,,220.0,9.4,,1016.2,,,69.08,2020-05-16
2020-05-16 01:00:00,18.3,13.4,73.0,0.0,,190.0,7.6,,1016.0,,,64.94,2020-05-16
2020-05-16 02:00:00,17.8,13.9,78.0,0.0,,200.0,5.4,,1015.9,,,64.04,2020-05-16
2020-05-16 03:00:00,17.8,13.3,75.0,0.0,,210.0,7.6,,1015.8,,,64.04,2020-05-16
2020-05-16 04:00:00,16.7,13.2,80.0,0.0,,210.0,9.4,,1015.2,,,62.059999999999995,2020-05-16
2020-05-16 05:00:00,17.2,13.3,78.0,0.0,,220.0,9.4,,1015.3,,,62.959999999999994,2020-05-16
2020-05-16 06:00:00,14.4,12.8,90.0,0.0,,0.0,0.0,,1015.8,,,57.92,2020-05-16
2020-05-16 07:00:00,15.6,13.3,86.0,0.0,,190.0,6.0,,1016.4,,,60.08,2020-05-16
2020-05-16 08:00:00,18.9,14.4,75.0,0.0,,190.0,5.4,,1016.9,,,66.02,2020-05-16
2020-05-16 09:00:00,22.2,15.1,64.0,0.0,,220.0,5.4,,1017.5,,,71.96,2020-05-16
2020-05-16 10:00:00,25.6,15.0,52.0,0.0,,0.0,0.0,,1017.4,,,78.08,2020-05-16
2020-05-16 11:00:00,26.7,15.1,49.0,0.0,,0.0,0.0,,1017.8,,,80.06,2020-05-16
2020-05-16 12:00:00,28.3,14.9,44.0,0.0,,100.0,5.4,,1017.9,,,82.94,2020-05-16
2020-05-16 13:00:00,28.9,15.8,45.0,0.0,,85.0,7.6,,1017.5,,,84.02,2020-05-16
2020-05-16 14:00:00,29.4,15.2,42.0,0.0,,70.0,7.6,,1016.9,,,84.91999999999999,2020-05-16
2020-05-16 15:00:00,30.0,14.5,39.0,0.0,,70.0,7.6,,1016.1,,,86.0,2020-05-16
2020-05-16 16:00:00,30.6,14.3,37.0,0.0,,0.0,0.0,,1015.3,,,87.08000000000001,2020-05-16
2020-05-16 17:00:00,30.0,14.5,39.0,0.0,,120.0,5.4,,1015.4,,,86.0,2020-05-16
2020-05-16 18:00:00,28.9,15.1,43.0,0.0,,120.0,5.4,,1015.5,,,84.02,2020-05-16
2020-05-16 19:00:00,24.4,16.6,62.0,0.0,,30.0,22.3,,1016.6,,,75.92,2020-05-16
2020-05-16 20:00:00,22.8,16.8,69.0,0.0,,40.0,20.5,,1016.9,,,73.04,2020-05-16
2020-05-16 21:00:00,22.2,17.1,73.0,0.0,,50.0,16.6,,1017.6,,,71.96,2020-05-16
2020-05-16 22:00:00,21.1,17.1,78.0,0.0,,30.0,16.6,,1018.4,,,69.98,2020-05-16
2020-05-16 23:00:00,21.1,16.7,76.0,0.0,,40.0,14.8,,1018.9,,,69.98,2020-05-16
2020-05-17 00:00:00,20.0,15.6,76.0,0.0,,40.0,14.8,,1018.8,,,68.0,2020-05-17
2020-05-17 01:00:00,19.4,16.6,84.0,0.0,,30.0,14.8,,1018.7,,,66.92,2020-05-17
2020-05-17 02:00:00,19.4,16.6,84.0,0.0,,30.0,11.2,,1018.6,,,66.92,2020-05-17
2020-05-17 03:00:00,19.4,16.6,84.0,0.0,,30.0,14.8,,1018.4,,,66.92,2020-05-17
2020-05-17 04:00:00,18.3,16.1,87.0,0.0,,30.0,7.6,,1018.3,,,64.94,2020-05-17
2020-05-17 05:00:00,17.8,16.1,90.0,0.0,,20.0,7.6,,1018.6,,,64.04,2020-05-17
2020-05-17 06:00:00,18.3,15.5,84.0,0.0,,20.0,13.0,,1018.5,,,64.94,2020-05-17
2020-05-17 07:00:00,18.3,15.5,84.0,0.0,,50.0,13.0,,1018.7,,,64.94,2020-05-17
2020-05-17 08:00:00,18.9,16.1,84.0,0.0,,70.0,9.4,,1019.5,,,66.02,2020-05-17
2020-05-17 09:00:00,20.6,16.6,78.0,0.0,,40.0,14.8,,1019.6,,,69.08,2020-05-17
2020-05-17 10:00:00,20.6,16.6,78.0,0.0,,60.0,11.2,,1020.1,,,69.08,2020-05-17
2020-05-17 11:00:00,22.2,16.7,71.0,0.0,,20.0,11.2,,1019.9,,,71.96,2020-05-17
2020-05-17 12:00:00,23.3,17.3,69.0,0.0,,30.0,14.8,,1019.9,,,73.94,2020-05-17
2020-05-17 13:00:00,23.3,17.7,71.0,0.0,,40.0,18.4,,1019.8,,,73.94,2020-05-17
2020-05-17 14:00:00,24.4,17.9,67.0,0.0,,60.0,13.0,,1019.1,,,75.92,2020-05-17
2020-05-17 15:00:00,25.6,18.3,64.0,0.0,,60.0,14.8,,1018.5,,,78.08,2020-05-17
2020-05-17 16:00:00,24.4,17.9,67.0,0.0,,60.0,16.6,,1017.6,,,75.92,2020-05-17
2020-05-17 17:00:00,24.4,18.3,69.0,0.0,,40.0,18.4,,1017.0,,,75.92,2020-05-17
2020-05-17 18:00:00,23.9,18.3,71.0,0.0,,60.0,18.4,,1016.5,,,75.02,2020-05-17
2020-05-17 19:00:00,22.2,17.8,76.0,0.0,,50.0,22.3,,1016.7,,,71.96,2020-05-17
2020-05-17 20:00:00,20.6,17.2,81.0,0.0,,50.0,22.3,,1017.0,,,69.08,2020-05-17
2020-05-17 21:00:00,20.0,16.6,81.0,0.0,,40.0,24.1,,1017.3,,,68.0,2020-05-17
2020-05-17 22:00:00,19.4,16.1,81.0,0.0,,50.0,20.5,,1017.7,,,66.92,2020-05-17
2020-05-17 23:00:00,19.4,15.7,79.0,0.0,,50.0,13.0,,1017.5,,,66.92,2020-05-17
2020-05-18 00:00:00,18.9,15.6,81.0,0.0,,30.0,20.5,,1017.3,,,66.02,2020-05-18
2020-05-18 01:00:00,18.3,15.0,81.0,0.0,,40.0,14.8,,1017.1,,,64.94,2020-05-18
2020-05-18 02:00:00,17.2,14.5,84.0,0.0,,30.0,20.5,,1016.4,,,62.959999999999994,2020-05-18
2020-05-18 03:00:00,17.2,14.5,84.0,0.0,,40.0,14.8,,1015.7,,,62.959999999999994,2020-05-18
2020-05-18 04:00:00,17.2,14.5,84.0,0.0,,30.0,13.0,,1015.2,,,62.959999999999994,2020-05-18
2020-05-18 05:00:00,16.7,14.3,86.0,0.0,,30.0,14.8,,1015.0,,,62.059999999999995,2020-05-18
2020-05-18 06:00:00,16.7,14.3,86.0,0.0,,30.0,14.8,,1014.9,,7.0,62.059999999999995,2020-05-18
2020-05-18 07:00:00,16.1,13.9,87.0,0.0,,30.0,18.4,,1015.0,,7.0,60.980000000000004,2020-05-18
2020-05-18 08:00:00,16.1,14.5,90.0,0.0,,30.0,14.8,,1015.4,,7.0,60.980000000000004,2020-05-18
2020-05-18 09:00:00,17.2,14.5,84.0,0.0,,20.0,13.0,,1015.1,,7.0,62.959999999999994,2020-05-18
2020-05-18 10:00:00,17.2,15.5,90.0,0.09999999999999999,,30.0,11.2,,1015.1,,5.0,62.959999999999994,2020-05-18
2020-05-18 11:00:00,18.3,15.5,84.0,0.19999999999999998,,30.0,14.8,,1014.6,,5.0,64.94,2020-05-18
2020-05-18 12:00:00,18.3,16.1,87.0,0.3,,30.0,16.6,,1014.7,,7.0,64.94,2020-05-18
2020-05-18 13:00:00,18.9,16.7,87.0,0.3,,30.0,16.6,,1014.1,,7.0,66.02,2020-05-18
2020-05-18 14:00:00,18.9,16.7,87.0,0.3,,40.0,16.6,,1013.9,,7.0,66.02,2020-05-18
2020-05-18 15:00:00,18.9,16.7,87.0,0.3,,40.0,20.5,,1013.8,,5.0,66.02,2020-05-18
2020-05-18 16:00:00,18.3,16.6,90.0,0.4,,50.0,14.8,,1013.5,,7.0,64.94,2020-05-18
2020-05-18 17:00:00,17.8,16.1,90.0,0.5,,60.0,18.4,,1013.5,,5.0,64.04,2020-05-18
2020-05-18 18:00:00,17.2,15.5,90.0,0.6666666666666666,,50.0,16.6,,1013.5,,7.0,62.959999999999994,2020-05-18
2020-05-18 19:00:00,17.2,15.5,90.0,0.8333333333333333,,50.0,11.2,,1013.8,,7.0,62.959999999999994,2020-05-18
2020-05-18 20:00:00,16.1,14.5,90.0,1.0,,40.0,18.4,,1014.2,,7.0,60.980000000000004,2020-05-18
2020-05-18 21:00:00,16.1,15.0,93.0,0.3,,50.0,14.8,,1014.5,,5.0,60.980000000000004,2020-05-18
2020-05-18 22:00:00,16.1,14.5,90.0,0.4,,60.0,14.8,,1014.8,,7.0,60.980000000000004,2020-05-18
2020-05-18 23:00:00,16.1,14.5,90.0,0.5,,50.0,20.5,,1014.8,,5.0,60.980000000000004,2020-05-18
2020-05-19 00:00:00,16.1,14.5,90.0,0.65,,60.0,18.4,,1014.9,,7.0,60.980000000000004,2020-05-19
2020-05-19 01:00:00,15.6,14.0,90.0,0.8,,60.0,14.8,,1014.8,,7.0,60.08,2020-05-19
2020-05-19 02:00:00,15.6,14.0,90.0,2.3,,60.0,16.6,,1014.6,,8.0,60.08,2020-05-19
2020-05-19 03:00:00,15.0,13.9,93.0,7.1,,50.0,20.5,,1014.4,,8.0,59.0,2020-05-19
2020-05-19 04:00:00,14.4,12.3,87.0,3.6,,40.0,27.7,,1014.6,,7.0,57.92,2020-05-19
2020-05-19 05:00:00,13.3,11.2,87.0,0.8,,30.0,22.3,,1014.6,,7.0,55.94,2020-05-19
2020-05-19 06:00:00,12.2,9.4,83.0,0.55,,30.0,25.9,,1015.2,,7.0,53.96,2020-05-19
2020-05-19 07:00:00,12.2,8.9,80.0,0.3,,30.0,25.9,,1015.5,,7.0,53.96,2020-05-19
2020-05-19 08:00:00,11.7,8.9,83.0,0.8,,40.0,27.7,,1015.9,,7.0,53.06,2020-05-19
2020-05-19 09:00:00,11.7,9.4,86.0,1.3,,40.0,29.5,,1016.3,,8.0,53.06,2020-05-19
2020-05-19 10:00:00,11.7,9.4,86.0,3.0,,30.0,24.1,,1016.7,,7.0,53.06,2020-05-19
2020-05-19 11:00:00,12.2,10.6,90.0,1.5,,30.0,18.4,,1016.8,,7.0,53.96,2020-05-19
2020-05-19 12:00:00,12.8,10.7,87.0,1.8,,40.0,29.5,,1016.9,,8.0,55.04,2020-05-19
2020-05-19 13:00:00,12.8,10.7,87.0,2.8,,40.0,24.1,,1017.0,,8.0,55.04,2020-05-19
2020-05-19 14:00:00,12.8,11.0,89.0,3.8,,50.0,27.7,,1016.6,,7.0,55.04,2020-05-19
2020-05-19 15:00:00,12.8,11.0,89.0,2.0,,50.0,20.5,,1017.3,,8.0,55.04,2020-05-19
2020-05-19 16:00:00,12.8,10.7,87.0,3.6,,60.0,20.5,,1017.3,,7.0,55.04,2020-05-19
2020-05-19 17:00:00,12.2,10.6,90.0,1.5,,40.0,29.5,,1017.8,,7.0,53.96,2020-05-19
2020-05-19 18:00:00,12.2,10.6,90.0,2.3,,30.0,27.7,,1017.6,,7.0,53.96,2020-05-19
2020-05-19 19:00:00,12.8,11.0,89.0,2.5,,50.0,29.5,,1018.5,,7.0,55.04,2020-05-19
2020-05-19 20:00:00,11.1,8.3,83.0,0.3,,40.0,29.5,,1019.4,,7.0,51.98,2020-05-19
2020-05-19 21:00:00,10.0,7.8,86.0,0.3,,40.0,29.5,,1019.6,,7.0,50.0,2020-05-19
2020-05-19 22:00:00,10.0,6.7,80.0,0.0,,40.0,29.5,,1020.0,,7.0,50.0,2020-05-19
2020-05-19 23:00:00,10.0,6.2,77.0,0.0,,30.0,35.3,,1020.6,,7.0,50.0,2020-05-19
2020-05-20 00:00:00,10.0,5.0,71.0,0.09999999999999999,,40.0,31.7,,1020.5,,7.0,50.0,2020-05-20
2020-05-20 01:00:00,9.4,5.0,74.0,0.19999999999999998,,30.0,27.7,,1021.1,,7.0,48.92,2020-05-20
2020-05-20 02:00:00,8.9,5.1,77.0,0.3,,30.0,27.7,,1020.5,,7.0,48.02,2020-05-20
2020-05-20 03:00:00,8.9,5.1,77.0,0.3,,40.0,24.1,,1020.0,,7.0,48.02,2020-05-20
2020-05-20 04:00:00,8.3,4.3,76.0,0.8,,40.0,33.5,,1019.5,,7.0,46.94,2020-05-20
2020-05-20 05:00:00,8.3,4.3,76.0,0.3,,40.0,29.5,,1019.5,,7.0,46.94,2020-05-20
2020-05-20 06:00:00,8.3,4.3,76.0,0.3,,40.0,31.7,,1019.8,,7.0,46.94,2020-05-20
2020-05-20 07:00:00,8.9,3.9,71.0,0.22499999999999998,,40.0,29.5,,1020.4,,7.0,48.02,2020-05-20
2020-05-20 08:00:00,8.9,3.9,71.0,0.15,,50.0,33.5,,1021.0,,7.0,48.02,2020-05-20
2020-05-20 09:00:00,9.4,4.0,69.0,0.07500000000000001,,40.0,33.5,,1021.5,,7.0,48.92,2020-05-20
2020-05-20 10:00:00,9.4,5.0,74.0,0.0,,40.0,33.5,,1021.8,,7.0,48.92,2020-05-20
2020-05-20 11:00:00,8.9,6.2,83.0,0.25,,40.0,27.7,,1022.4,,7.0,48.02,2020-05-20
2020-05-20 12:00:00,9.4,7.2,86.0,0.5,,50.0,25.9,,1022.4,,7.0,48.92,2020-05-20
2020-05-20 13:00:00,10.0,8.3,89.0,1.3,,40.0,27.7,,1022.4,,7.0,50.0,2020-05-20
2020-05-20 14:00:00,10.6,8.9,89.0,0.9,,50.0,25.9,,1022.3,,7.0,51.08,2020-05-20
2020-05-20 15:00:00,11.1,9.4,89.0,0.5,,50.0,35.3,,1022.3,,7.0,51.98,2020-05-20
2020-05-20 16:00:00,11.7,9.4,86.0,0.3,,40.0,31.7,,1022.0,,7.0,53.06,2020-05-20
2020-05-20 17:00:00,11.7,9.4,86.0,0.4,,40.0,33.5,,1021.9,,7.0,53.06,2020-05-20
2020-05-20 18:00:00,11.7,9.9,89.0,0.5,,50.0,31.7,,1021.8,,7.0,53.06,2020-05-20
2020-05-20 19:00:00,11.7,9.9,89.0,1.3,,50.0,29.5,,1021.9,,5.0,53.06,2020-05-20
2020-05-20 20:00:00,11.7,9.9,89.0,0.3,,50.0,33.5,,1021.9,,7.0,53.06,2020-05-20
2020-05-20 21:00:00,11.7,9.9,89.0,0.3,,40.0,25.9,,1022.4,,7.0,53.06,2020-05-20
2020-05-20 22:00:00,11.7,9.9,89.0,0.8,,50.0,27.7,,1022.7,,7.0,53.06,2020-05-20
2020-05-20 23:00:00,11.7,9.9,89.0,0.3,,50.0,33.5,,1022.8,,8.0,53.06,2020-05-20
2020-05-21 00:00:00,11.7,9.9,89.0,0.3,,50.0,24.1,,1023.3,,9.0,53.06,2020-05-21
2020-05-21 01:00:00,11.1,10.0,93.0,2.0,,50.0,31.7,,1023.1,,7.0,51.98,2020-05-21
2020-05-21 02:00:00,11.1,9.4,89.0,1.8,,40.0,24.1,,1022.9,,8.0,51.98,2020-05-21
2020-05-21 03:00:00,11.1,9.4,89.0,1.8,,50.0,24.1,,1022.3,,8.0,51.98,2020-05-21
2020-05-21 04:00:00,10.6,9.4,92.0,3.3,,40.0,22.3,,1022.1,,7.0,51.08,2020-05-21
2020-05-21 05:00:00,11.1,9.4,89.0,1.3,,40.0,27.7,,1021.7,,7.0,51.98,2020-05-21
2020-05-21 06:00:00,10.6,9.4,92.0,0.8,,40.0,24.1,,1022.1,,7.0,51.08,2020-05-21
2020-05-21 07:00:00,10.6,9.4,92.0,0.3,,50.0,27.7,,1022.5,,7.0,51.08,2020-05-21
2020-05-21 08:00:00,10.6,9.4,92.0,0.3,,40.0,27.7,,1022.9,,7.0,51.08,2020-05-21
2020-05-21 09:00:00,10.6,9.4,92.0,0.3,,40.0,22.3,,1023.3,,5.0,51.08,2020-05-21
2020-05-21 10:00:00,10.6,9.4,92.0,0.3,,40.0,31.7,,1023.5,,7.0,51.08,2020-05-21
2020-05-21 11:00:00,11.1,10.0,93.0,0.3,,30.0,20.5,,1023.8,,7.0,51.98,2020-05-21
2020-05-21 12:00:00,11.7,10.6,93.0,0.3,,30.0,24.1,,1023.4,,5.0,53.06,2020-05-21
2020-05-21 13:00:00,11.7,10.6,93.0,0.0,,40.0,24.1,,1023.2,,7.0,53.06,2020-05-21
2020-05-21 14:00:00,12.8,11.0,89.0,0.3,,40.0,25.9,,1022.3,,5.0,55.04,2020-05-21
2020-05-21 15:00:00,13.3,11.7,90.0,0.36666666666666664,,40.0,20.5,,1022.2,,7.0,55.94,2020-05-21
2020-05-21 16:00:00,13.9,12.3,90.0,0.43333333333333335,,30.0,18.4,,1021.6,,7.0,57.02,2020-05-21
2020-05-21 17:00:00,14.4,12.8,90.0,0.5,,40.0,25.9,,1021.0,,7.0,57.92,2020-05-21
2020-05-21 18:00:00,14.4,13.3,93.0,0.5,,50.0,18.4,,1020.7,,7.0,57.92,2020-05-21
2020-05-21 19:00:00,15.0,13.4,90.0,0.5,,30.0,16.6,,1020.5,,7.0,59.0,2020-05-21
2020-05-21 20:00:00,15.0,13.9,93.0,1.3,,30.0,18.4,,1020.2,,7.0,59.0,2020-05-21
2020-05-21 21:00:00,15.6,14.0,90.0,0.5,,40.0,20.5,,1019.9,,5.0,60.08,2020-05-21
2020-05-21 22:00:00,15.6,14.5,93.0,0.3,,30.0,18.4,,1020.1,,5.0,60.08,2020-05-21
2020-05-21 23:00:00,15.6,14.5,93.0,0.3,,30.0,16.6,,1019.6,,7.0,60.08,2020-05-21
2020-05-22 00:00:00,15.6,14.5,93.0,1.5,,30.0,13.0,,1019.3,,5.0,60.08,2020-05-22
2020-05-22 01:00:00,16.1,15.0,93.0,0.3,,30.0,13.0,,1018.7,,7.0,60.980000000000004,2020-05-22
2020-05-22 02:00:00,16.1,15.0,93.0,0.3,,20.0,11.2,,1018.4,,7.0,60.980000000000004,2020-05-22
2020-05-22 03:00:00,16.1,15.0,93.0,3.8,,20.0,16.6,,1017.6,,7.0,60.980000000000004,2020-05-22
2020-05-22 04:00:00,16.1,15.0,93.0,0.3,,360.0,7.6,,1017.2,,7.0,60.980000000000004,2020-05-22
2020-05-22 05:00:00,16.1,15.0,93.0,0.3,,20.0,13.0,,1017.4,,5.0,60.980000000000004,2020-05-22
2020-05-22 06:00:00,16.1,15.0,93.0,0.0,,360.0,7.6,,1017.2,,5.0,60.980000000000004,2020-05-22
2020-05-22 07:00:00,16.1,15.0,93.0,0.0,,10.0,5.4,,1017.9,,5.0,60.980000000000004,2020-05-22
2020-05-22 08:00:00,16.7,15.6,93.0,0.0,,10.0,5.4,,1018.0,,5.0,62.059999999999995,2020-05-22
2020-05-22 09:00:00,17.8,16.1,90.0,0.0,,0.0,0.0,,1018.2,,5.2,64.04,2020-05-22
2020-05-22 10:00:00,18.9,16.1,84.0,0.0,,0.0,0.0,,1018.4,,5.4,66.02,2020-05-22
2020-05-22 11:00:00,19.4,16.1,81.0,0.0,,310.0,7.6,,1018.2,,5.6,66.92,2020-05-22
2020-05-22 12:00:00,20.6,16.0,75.0,0.0,,210.0,7.6,,1018.2,,,69.08,2020-05-22
2020-05-22 13:00:00,22.2,16.0,68.0,0.0,,190.0,7.6,,1017.4,,,71.96,2020-05-22
2020-05-22 14:00:00,23.3,16.1,64.0,0.0,,200.0,14.8,,1017.1,,,73.94,2020-05-22
2020-05-22 15:00:00,25.0,15.6,56.0,0.0,,200.0,7.6,,1016.6,,6.4,77.0,2020-05-22
2020-05-22 16:00:00,25.6,15.0,52.0,0.0,,240.0,9.4,,1016.1,,6.6,78.08,2020-05-22
2020-05-22 17:00:00,25.0,15.6,56.0,0.0,,200.0,11.2,,1015.9,,6.8,77.0,2020-05-22
2020-05-22 18:00:00,23.9,17.2,66.0,0.0,,250.0,5.4,,1015.7,,7.0,75.02,2020-05-22
2020-05-22 19:00:00,21.1,18.3,84.0,0.0,,250.0,5.4,,1015.7,,7.0,69.98,2020-05-22
2020-05-22 20:00:00,20.6,18.4,87.0,0.0,,210.0,7.6,,1015.4,,7.0,69.08,2020-05-22
2020-05-22 21:00:00,19.4,17.9,91.0,0.0,,0.0,0.0,,1014.9,,6.0,66.92,2020-05-22
2020-05-22 22:00:00,18.9,17.2,90.0,0.0,,0.0,0.0,,1015.5,,5.0,66.02,2020-05-22
2020-05-22 23:00:00,17.8,16.7,93.0,0.0,,0.0,0.0,,1016.5,,5.0,64.04,2020-05-22
2020-05-23 00:00:00,17.2,16.1,93.0,0.0,,210.0,7.6,,1016.3,,5.0,62.959999999999994,2020-05-23
2020-05-23 01:00:00,17.2,16.1,93.0,0.0,,220.0,7.6,,1016.1,,5.0,62.959999999999994,2020-05-23
2020-05-23 02:00:00,17.2,16.1,93.0,0.0,,0.0,0.0,,1015.5,,5.0,62.959999999999994,2020-05-23
2020-05-23 03:00:00,16.1,15.0,93.0,0.0,,230.0,7.6,,1014.9,,5.0,60.980000000000004,2020-05-23
2020-05-23 04:00:00,16.1,15.0,93.0,0.0,,115.0,5.4,,1014.9,,5.0,60.980000000000004,2020-05-23
2020-05-23 05:00:00,15.6,14.5,93.0,0.0,,0.0,0.0,,1015.4,,5.0,60.08,2020-05-23
2020-05-23 06:00:00,14.4,13.3,93.0,0.0,,0.0,0.0,,1016.1,,5.0,57.92,2020-05-23
2020-05-23 07:00:00,15.6,14.5,93.0,0.0,,0.0,0.0,,1016.7,,5.0,60.08,2020-05-23
2020-05-23 08:00:00,17.2,16.1,93.0,0.0,,270.0,5.4,,1017.3,,5.0,62.959999999999994,2020-05-23
2020-05-23 09:00:00,19.4,16.6,84.0,0.0,,270.0,5.4,,1017.6,,5.0,66.92,2020-05-23
2020-05-23 10:00:00,21.1,16.7,76.0,0.0,,300.0,9.4,,1017.5,,,69.98,2020-05-23
2020-05-23 11:00:00,23.3,16.8,67.0,0.0,,240.0,7.6,,1017.4,,,73.94,2020-05-23
2020-05-23 12:00:00,25.0,15.6,56.0,0.0,,230.0,9.4,,1017.5,,,77.0,2020-05-23
2020-05-23 13:00:00,25.0,16.2,58.0,0.0,,230.0,11.2,,1017.6,,,77.0,2020-05-23
2020-05-23 14:00:00,26.7,17.2,56.0,0.0,,240.0,13.0,,1016.7,,,80.06,2020-05-23
2020-05-23 15:00:00,27.2,17.1,54.0,0.0,,200.0,14.8,,1016.1,,,80.96,2020-05-23
2020-05-23 16:00:00,27.2,17.1,54.0,0.0,,210.0,7.6,,1016.0,,,80.96,2020-05-23
2020-05-23 17:00:00,27.2,18.2,58.0,0.0,,210.0,13.0,,1015.5,,,80.96,2020-05-23
2020-05-23 18:00:00,27.8,17.9,55.0,0.0,,230.0,9.4,,1015.3,,,82.04,2020-05-23
2020-05-23 19:00:00,27.2,17.1,54.0,0.0,,230.0,9.4,,1015.1,,,80.96,2020-05-23
2020-05-23 20:00:00,25.0,18.2,66.0,0.0,,0.0,0.0,,1015.4,,,77.0,2020-05-23
2020-05-23 21:00:00,21.7,18.3,81.0,0.0,,10.0,5.4,,1015.9,,,71.06,2020-05-23
2020-05-23 22:00:00,20.6,18.4,87.0,0.0,,0.0,0.0,,1016.6,,5.0,69.08,2020-05-23
2020-05-23 23:00:00,18.9,17.7,93.0,0.0,,0.0,0.0,,1017.4,,5.0,66.02,2020-05-23
2020-05-24 00:00:00,19.4,17.9,91.0,0.0,,0.0,0.0,,1017.6,,5.0,66.92,2020-05-24
2020-05-24 01:00:00,18.3,17.1,93.0,0.0,,0.0,0.0,,1017.7,,5.0,64.94,2020-05-24
2020-05-24 02:00:00,18.3,17.1,93.0,0.0,,40.0,5.4,,1017.6,,5.0,64.94,2020-05-24
2020-05-24 03:00:00,17.2,16.1,93.0,0.0,,0.0,0.0,,1017.4,,5.0,62.959999999999994,2020-05-24
2020-05-24 04:00:00,17.2,16.1,93.0,0.0,,0.0,0.0,,1017.5,,5.0,62.959999999999994,2020-05-24
2020-05-24 05:00:00,16.7,16.1,96.0,0.0,,0.0,0.0,,1017.7,,5.0,62.059999999999995,2020-05-24
2020-05-24 06:00:00,16.1,15.0,93.0,0.0,,0.0,0.0,,1018.4,,5.0,60.980000000000004,2020-05-24
2020-05-24 07:00:00,17.8,16.7,93.0,0.0,,0.0,0.0,,1019.0,,5.142857142857143,64.04,2020-05-24
2020-05-24 08:00:00,21.7,17.9,79.0,0.0,,20.0,9.4,,1019.5,,5.285714285714286,71.06,2020-05-24
2020-05-24 09:00:00,21.7,16.2,71.0,0.0,,40.0,14.8,,1020.4,,5.428571428571429,71.06,2020-05-24
2020-05-24 10:00:00,22.8,17.3,71.0,0.0,,50.0,18.4,,1020.5,,,73.04,2020-05-24
2020-05-24 11:00:00,22.8,17.7,73.0,0.0,,60.0,9.4,,1020.7,,,73.04,2020-05-24
2020-05-24 12:00:00,23.9,17.9,69.0,0.0,,50.0,14.8,,1020.8,,,75.02,2020-05-24
2020-05-24 13:00:00,24.4,17.9,67.0,0.0,,50.0,20.5,,1020.8,,,75.92,2020-05-24
2020-05-24 14:00:00,24.4,17.9,67.0,0.0,,50.0,9.4,,1020.5,,,75.92,2020-05-24
2020-05-24 15:00:00,25.6,18.3,64.0,0.0,,50.0,13.0,,1019.7,,,78.08,2020-05-24
2020-05-24 16:00:00,25.0,18.9,69.0,0.0,,60.0,20.5,,1019.2,,,77.0,2020-05-24
2020-05-24 17:00:00,23.3,18.4,74.0,0.0,,60.0,16.6,,1019.8,,6.571428571428571,73.94,2020-05-24
2020-05-24 18:00:00,22.8,17.3,71.0,0.0,,80.0,14.8,,1019.6,,6.714285714285714,73.04,2020-05-24
2020-05-24 19:00:00,21.7,17.3,76.0,0.0,,80.0,13.0,,1019.3,,6.857142857142857,71.06,2020-05-24
2020-05-24 20:00:00,20.0,16.6,81.0,0.0,,80.0,13.0,,1019.7,,7.0,68.0,2020-05-24
2020-05-24 21:00:00,18.9,16.1,84.0,0.0,,50.0,11.2,,1020.7,,6.6,66.02,2020-05-24
2020-05-24 22:00:00,18.3,16.1,87.0,0.0,,40.0,14.8,,1020.9,,6.2,64.94,2020-05-24
2020-05-24 23:00:00,18.3,15.5,84.0,0.0,,50.0,11.2,,1021.5,,5.8,64.94,2020-05-24
2020-05-25 00:00:00,17.8,15.6,87.0,0.0,,50.0,11.2,,1021.4,,5.4,64.04,2020-05-25
2020-05-25 01:00:00,17.2,15.5,90.0,0.0,,50.0,14.8,,1021.1,,5.0,62.959999999999994,2020-05-25
2020-05-25 02:00:00,17.2,15.5,90.0,0.3,,50.0,13.0,,1021.1,,5.0,62.959999999999994,2020-05-25
2020-05-25 03:00:00,16.7,15.6,93.0,0.0,,50.0,9.4,,1020.8,,5.0,62.059999999999995,2020-05-25
2020-05-25 04:00:00,16.7,15.6,93.0,0.0,,40.0,7.6,,1020.6,,5.0,62.059999999999995,2020-05-25
2020-05-25 05:00:00,16.7,15.1,90.0,0.0,,50.0,13.0,,1021.1,,5.0,62.059999999999995,2020-05-25
2020-05-25 06:00:00,16.7,15.6,93.0,0.0,,50.0,5.4,,1021.0,,5.0,62.059999999999995,2020-05-25
2020-05-25 07:00:00,16.7,15.1,90.0,0.0,,50.0,9.4,,1021.6,,5.0,62.059999999999995,2020-05-25
2020-05-25 08:00:00,16.7,15.6,93.0,0.0,,60.0,7.6,,1022.1,,5.046511627906977,62.059999999999995,2020-05-25
2020-05-25 09:00:00,17.2,15.5,90.0,0.0,,60.0,7.6,,1022.6,,5.093023255813954,62.959999999999994,2020-05-25
2020-05-25 10:00:00,17.8,15.6,87.0,0.0,,0.0,0.0,,1023.1,,5.1395348837209305,64.04,2020-05-25
2020-05-25 11:00:00,18.3,15.5,84.0,0.0,,0.0,0.0,,1023.4,,,64.94,2020-05-25
2020-05-25 12:00:00,18.3,16.1,87.0,0.0,,140.0,5.4,,1023.5,,,64.94,2020-05-25
2020-05-25 13:00:00,20.0,16.0,78.0,0.0,,120.0,9.4,,1023.3,,,68.0,2020-05-25
2020-05-25 14:00:00,20.6,16.6,78.0,0.0,,100.0,9.4,,1022.8,,,69.08,2020-05-25
2020-05-25 15:00:00,22.2,16.7,71.0,0.0,,0.0,0.0,,1021.9,,,71.96,2020-05-25
2020-05-25 16:00:00,23.3,17.3,69.0,0.0,,0.0,0.0,,1021.1,,,73.94,2020-05-25
2020-05-25 17:00:00,22.8,17.3,71.0,0.0,,60.0,7.6,,1020.7,,,73.04,2020-05-25
2020-05-25 18:00:00,22.8,17.3,71.0,0.0,,70.0,7.6,,1020.4,,,73.04,2020-05-25
2020-05-25 19:00:00,22.2,17.1,73.0,0.0,,0.0,0.0,,1020.4,,,71.96,2020-05-25
2020-05-25 20:00:00,21.7,17.3,76.0,0.0,,0.0,0.0,,1020.8,,,71.06,2020-05-25
2020-05-25 21:00:00,20.6,17.8,84.0,0.0,,0.0,0.0,,1021.2,,,69.08,2020-05-25
2020-05-25 22:00:00,20.0,17.8,87.0,0.0,,0.0,0.0,,1021.5,,,68.0,2020-05-25
2020-05-25 23:00:00,20.0,17.8,87.0,0.0,,0.0,0.0,,1021.6,,,68.0,2020-05-25
2020-05-26 00:00:00,19.4,17.9,91.0,0.0,,0.0,0.0,,1021.6,,,66.92,2020-05-26
2020-05-26 01:00:00,19.4,17.9,91.0,0.0,,0.0,0.0,,1021.3,,,66.92,2020-05-26
2020-05-26 02:00:00,19.4,17.9,91.0,0.0,,0.0,0.0,,1021.1,,,66.92,2020-05-26
2020-05-26 03:00:00,19.4,17.9,91.0,0.0,,0.0,0.0,,1020.5,,,66.92,2020-05-26
2020-05-26 04:00:00,18.9,17.2,90.0,0.0,,0.0,0.0,,1020.3,,,66.02,2020-05-26
2020-05-26 05:00:00,18.9,17.2,90.0,0.0,,0.0,0.0,,1020.5,,,66.02,2020-05-26
2020-05-26 06:00:00,18.3,17.1,93.0,0.0,,0.0,0.0,,1021.1,,,64.94,2020-05-26
2020-05-26 07:00:00,18.9,17.2,90.0,0.0,,60.0,7.6,,1021.5,,,66.02,2020-05-26
2020-05-26 08:00:00,19.4,17.2,87.0,0.0,,50.0,7.6,,1022.0,,,66.92,2020-05-26
2020-05-26 09:00:00,20.6,17.2,81.0,0.0,,40.0,9.4,,1022.1,,,69.08,2020-05-26
2020-05-26 10:00:00,21.1,17.1,78.0,0.0,,70.0,5.4,,1022.6,,,69.98,2020-05-26
2020-05-26 11:00:00,22.2,17.1,73.0,0.0,,70.0,9.4,,1022.5,,,71.96,2020-05-26
2020-05-26 12:00:00,24.4,17.9,67.0,0.0,,90.0,11.2,,1022.3,,,75.92,2020-05-26
2020-05-26 13:00:00,24.4,17.2,64.0,0.0,,60.0,13.0,,1022.0,,,75.92,2020-05-26
2020-05-26 14:00:00,25.6,15.6,54.0,0.0,,100.0,5.4,,1021.4,,,78.08,2020-05-26
2020-05-26 15:00:00,26.1,16.6,56.0,0.0,,50.0,13.0,,1021.1,,,78.98,2020-05-26
2020-05-26 16:00:00,25.6,15.6,54.0,0.0,,120.0,11.2,,1020.8,,,78.08,2020-05-26
2020-05-26 17:00:00,26.7,16.0,52.0,0.0,,80.0,11.2,,1020.2,,,80.06,2020-05-26
2020-05-26 18:00:00,25.0,15.6,56.0,0.0,,110.0,7.6,,1019.9,,,77.0,2020-05-26
2020-05-26 19:00:00,23.9,16.2,62.0,0.0,,100.0,9.4,,1020.0,,,75.02,2020-05-26
2020-05-26 20:00:00,22.8,16.8,69.0,0.0,,100.0,9.4,,1020.3,,,73.04,2020-05-26
2020-05-26 21:00:00,21.7,16.6,73.0,0.0,,110.0,9.4,,1020.4,,,71.06,2020-05-26
2020-05-26 22:00:00,21.1,17.1,78.0,0.0,,90.0,7.6,,1020.7,,,69.98,2020-05-26
2020-05-26 23:00:00,20.6,17.2,81.0,0.0,,0.0,0.0,,1020.9,,6.8604651162790695,69.08,2020-05-26
2020-05-27 00:00:00,20.6,17.2,81.0,0.0,,110.0,7.6,,1021.0,,6.906976744186046,69.08,2020-05-27
2020-05-27 01:00:00,20.6,17.2,81.0,0.0,,0.0,0.0,,1020.9,,6.953488372093023,69.08,2020-05-27
2020-05-27 02:00:00,20.0,17.8,87.0,0.0,,0.0,0.0,,1020.8,,7.0,68.0,2020-05-27
2020-05-27 03:00:00,19.4,17.9,91.0,0.0,,130.0,7.6,,1020.8,,5.0,66.92,2020-05-27
2020-05-27 04:00:00,19.4,17.9,91.0,0.0,,50.0,5.4,,1020.7,,5.4,66.92,2020-05-27
2020-05-27 05:00:00,19.4,17.9,91.0,0.0,,70.0,5.4,,1020.4,,5.8,66.92,2020-05-27
2020-05-27 06:00:00,19.4,17.2,87.0,0.0,,0.0,0.0,,1020.6,,6.2,66.92,2020-05-27
2020-05-27 07:00:00,19.4,17.2,87.0,0.0,,0.0,0.0,,1021.1,,6.6,66.92,2020-05-27
2020-05-27 08:00:00,19.4,17.2,87.0,0.0,,50.0,7.6,,1021.4,,7.0,66.92,2020-05-27
2020-05-27 09:00:00,19.4,17.9,91.0,0.0,,60.0,5.4,,1021.5,,5.0,66.92,2020-05-27
2020-05-27 10:00:00,20.6,18.4,87.0,0.0,,90.0,9.4,,1021.3,,5.222222222222222,69.08,2020-05-27
2020-05-27 11:00:00,21.7,17.9,79.0,0.0,,70.0,7.6,,1021.5,,5.444444444444445,71.06,2020-05-27
2020-05-27 12:00:00,21.7,17.9,79.0,0.0,,70.0,9.4,,1021.5,,5.666666666666667,71.06,2020-05-27
2020-05-27 13:00:00,21.7,17.9,79.0,0.0,,40.0,11.2,,1021.2,,,71.06,2020-05-27
2020-05-27 14:00:00,23.9,18.3,71.0,0.0,,60.0,9.4,,1020.5,,,75.02,2020-05-27
2020-05-27 15:00:00,23.9,18.3,71.0,0.0,,60.0,11.2,,1019.9,,6.333333333333333,75.02,2020-05-27
2020-05-27 16:00:00,23.9,18.3,71.0,0.0,,80.0,9.4,,1019.4,,6.555555555555555,75.02,2020-05-27
2020-05-27 17:00:00,23.9,18.3,71.0,0.0,,60.0,14.8,,1018.8,,6.777777777777778,75.02,2020-05-27
2020-05-27 18:00:00,23.3,18.4,74.0,0.0,,30.0,16.6,,1018.3,,7.0,73.94,2020-05-27
2020-05-27 19:00:00,22.2,19.0,82.0,0.4,,30.0,14.8,,1018.1,,7.0,71.96,2020-05-27
2020-05-27 20:00:00,21.7,19.4,87.0,0.8,,50.0,18.4,,1018.3,,7.0,71.06,2020-05-27
2020-05-27 21:00:00,21.1,19.4,90.0,0.5,,40.0,18.4,,1017.6,,7.0,69.98,2020-05-27
2020-05-27 22:00:00,21.1,19.4,90.0,1.0,,60.0,18.4,,1017.5,,8.0,69.98,2020-05-27
2020-05-27 23:00:00,21.1,19.4,90.0,1.5,,70.0,16.6,,1017.5,,7.0,69.98,2020-05-27
2020-05-28 00:00:00,21.1,19.9,93.0,3.3,,60.0,11.2,,1016.9,,8.0,69.98,2020-05-28
2020-05-28 01:00:00,21.7,20.7,94.0,2.0,,90.0,13.0,,1016.4,,7.0,71.06,2020-05-28
2020-05-28 02:00:00,22.2,20.7,91.0,0.8,,130.0,16.6,,1015.7,,7.0,71.96,2020-05-28
2020-05-28 03:00:00,22.2,20.7,91.0,1.8,,130.0,14.8,,1015.0,,7.0,71.96,2020-05-28
2020-05-28 04:00:00,22.8,21.1,90.0,0.3,,140.0,24.1,,1015.0,,7.0,73.04,2020-05-28
2020-05-28 05:00:00,22.2,20.7,91.0,0.15,,180.0,24.1,,1014.9,,7.0,71.96,2020-05-28
2020-05-28 06:00:00,21.1,19.4,90.0,0.0,,180.0,16.6,,1016.1,,7.0,69.98,2020-05-28
2020-05-28 07:00:00,21.1,19.4,90.0,0.0,,180.0,16.6,,1017.0,,7.0,69.98,2020-05-28
2020-05-28 08:00:00,21.1,18.9,87.0,0.0,,210.0,13.0,,1017.6,,,69.98,2020-05-28
2020-05-28 09:00:00,21.7,18.9,84.0,0.0,,200.0,20.5,,1018.1,,,71.06,2020-05-28
2020-05-28 10:00:00,22.2,19.4,84.0,0.0,,200.0,13.0,,1018.3,,,71.96,2020-05-28
2020-05-28 11:00:00,23.9,19.4,76.0,0.0,,240.0,14.8,,1018.4,,,75.02,2020-05-28
2020-05-28 12:00:00,22.8,19.0,79.0,0.0,,230.0,7.6,,1018.7,,,73.04,2020-05-28
2020-05-28 13:00:00,24.4,19.5,74.0,0.0,,210.0,11.2,,1018.2,,,75.92,2020-05-28
2020-05-28 14:00:00,27.2,20.1,65.0,0.0,,180.0,11.2,,1017.6,,,80.96,2020-05-28
2020-05-28 15:00:00,27.8,20.1,63.0,0.0,,180.0,14.8,,1017.2,,,82.04,2020-05-28
2020-05-28 16:00:00,27.2,20.1,65.0,0.0,,180.0,13.0,,1016.7,,,80.96,2020-05-28
2020-05-28 17:00:00,28.3,20.1,61.0,0.0,,190.0,14.8,,1016.2,,,82.94,2020-05-28
2020-05-28 18:00:00,28.3,20.1,61.0,0.0,,190.0,18.4,,1015.9,,,82.94,2020-05-28
2020-05-28 19:00:00,27.8,21.1,67.0,0.0,,180.0,18.4,,1016.0,,,82.04,2020-05-28
2020-05-28 20:00:00,26.7,20.5,69.0,0.0,,180.0,20.5,,1016.3,,,80.06,2020-05-28
2020-05-28 21:00:00,23.3,21.7,91.0,0.8,,220.0,7.6,,1016.3,,,73.94,2020-05-28
2020-05-28 22:00:00,23.9,21.8,88.0,0.0,,170.0,13.0,,1016.5,,,75.02,2020-05-28
2020-05-28 23:00:00,22.8,20.0,84.0,0.0,,200.0,13.0,,1017.3,,,73.04,2020-05-28
2020-05-29 00:00:00,22.2,19.9,87.0,0.0,,200.0,5.4,,1017.3,,,71.96,2020-05-29
2020-05-29 01:00:00,22.8,21.1,90.0,0.0,,180.0,13.0,,1017.1,,,73.04,2020-05-29
2020-05-29 02:00:00,22.8,21.1,90.0,0.0,,210.0,11.2,,1016.9,,,73.04,2020-05-29
2020-05-29 03:00:00,22.8,21.1,90.0,0.0,,190.0,13.0,,1016.7,,,73.04,2020-05-29
2020-05-29 04:00:00,22.8,21.1,90.0,0.0,,200.0,11.2,,1017.0,,,73.04,2020-05-29
2020-05-29 05:00:00,22.2,21.2,94.0,0.0,,200.0,7.6,,1016.7,,,71.96,2020-05-29
2020-05-29 06:00:00,22.2,21.2,94.0,0.0,,0.0,0.0,,1017.0,,,71.96,2020-05-29
2020-05-29 07:00:00,22.2,20.7,91.0,0.0,,190.0,9.4,,1017.4,,,71.96,2020-05-29
2020-05-29 08:00:00,22.8,20.5,87.0,0.0,,200.0,11.2,,1017.5,,,73.04,2020-05-29
2020-05-29 09:00:00,23.3,20.6,85.0,0.0,,220.0,7.6,,1017.7,,,73.94,2020-05-29
2020-05-29 10:00:00,25.0,20.7,77.0,0.0,,180.0,13.0,,1017.2,,,77.0,2020-05-29
2020-05-29 11:00:00,25.6,20.6,74.0,0.0,,220.0,11.2,,1017.0,,,78.08,2020-05-29
2020-05-29 12:00:00,26.1,20.7,72.0,0.0,,220.0,7.6,,1016.9,,,78.98,2020-05-29
2020-05-29 13:00:00,26.1,20.7,72.0,0.0,,210.0,13.0,,1016.8,,,78.98,2020-05-29
2020-05-29 14:00:00,27.2,21.0,69.0,0.0,,210.0,11.2,,1015.7,,,80.96,2020-05-29
2020-05-29 15:00:00,26.7,21.0,71.0,0.0,,200.0,14.8,,1015.0,,,80.06,2020-05-29
2020-05-29 16:00:00,27.2,21.0,69.0,0.0,,190.0,22.3,,1014.6,,,80.96,2020-05-29
2020-05-29 17:00:00,27.2,21.0,69.0,0.0,,190.0,20.5,,1014.0,,,80.96,2020-05-29
2020-05-29 18:00:00,26.7,21.0,71.0,0.0,,190.0,20.5,,1014.1,,,80.06,2020-05-29
2020-05-29 19:00:00,25.6,21.1,76.0,0.0,,170.0,18.4,,1014.4,,,78.08,2020-05-29
2020-05-29 20:00:00,25.0,21.1,79.0,0.0,,190.0,14.8,,1014.1,,,77.0,2020-05-29
2020-05-29 21:00:00,23.9,21.0,84.0,0.0,,180.0,14.8,,1014.8,,,75.02,2020-05-29
2020-05-29 22:00:00,23.3,20.1,82.0,0.0,,200.0,24.1,,1014.8,,,73.94,2020-05-29
2020-05-29 23:00:00,22.2,19.0,82.0,0.0,,220.0,7.6,,1014.8,,,71.96,2020-05-29
2020-05-30 00:00:00,21.1,18.9,87.0,0.0,,210.0,7.6,,1015.0,,,69.98,2020-05-30
2020-05-30 01:00:00,21.1,18.9,87.0,0.0,,200.0,11.2,,1015.0,,,69.98,2020-05-30
2020-05-30 02:00:00,20.6,19.4,93.0,0.0,,210.0,7.6,,1014.7,,,69.08,2020-05-30
2020-05-30 03:00:00,20.0,18.8,93.0,0.0,,220.0,5.4,,1014.3,,,68.0,2020-05-30
2020-05-30 04:00:00,20.6,19.4,93.0,0.0,,0.0,0.0,,1013.9,,,69.08,2020-05-30
2020-05-30 05:00:00,20.6,18.9,90.0,0.0,,190.0,5.4,,1014.0,,,69.08,2020-05-30
2020-05-30 06:00:00,20.0,18.8,93.0,0.0,,0.0,0.0,,1014.2,,,68.0,2020-05-30
2020-05-30 07:00:00,21.1,18.3,84.0,0.0,,270.0,5.4,,1014.6,,,69.98,2020-05-30
2020-05-30 08:00:00,22.2,17.8,76.0,0.0,,0.0,0.0,,1015.2,,,71.96,2020-05-30
2020-05-30 09:00:00,24.4,17.2,64.0,0.0,,280.0,7.6,,1015.4,,,75.92,2020-05-30
2020-05-30 10:00:00,25.6,17.3,60.0,0.0,,0.0,0.0,,1015.1,,,78.08,2020-05-30
2020-05-30 11:00:00,26.7,16.0,52.0,0.0,,20.0,14.8,,1015.1,,,80.06,2020-05-30
2020-05-30 12:00:00,27.8,15.5,47.0,0.0,,300.0,5.4,,1014.8,,,82.04,2020-05-30
2020-05-30 13:00:00,27.8,15.1,46.0,0.0,,300.0,9.4,,1014.5,,,82.04,2020-05-30
2020-05-30 14:00:00,27.8,15.5,47.0,0.0,,310.0,9.4,,1014.1,,,82.04,2020-05-30
2020-05-30 15:00:00,28.3,14.5,43.0,0.0,,0.0,0.0,,1013.8,,,82.94,2020-05-30
2020-05-30 16:00:00,29.4,10.5,31.0,0.0,,140.0,11.2,,1013.1,,,84.91999999999999,2020-05-30
2020-05-30 17:00:00,29.4,11.0,32.0,0.0,,280.0,9.4,,1013.1,,,84.91999999999999,2020-05-30
2020-05-30 18:00:00,28.9,10.1,31.0,0.0,,280.0,13.0,,1013.1,,,84.02,2020-05-30
2020-05-30 19:00:00,28.3,10.9,34.0,0.0,,310.0,7.6,,1013.4,,,82.94,2020-05-30
2020-05-30 20:00:00,25.6,9.8,37.0,0.0,,310.0,9.4,,1014.2,,,78.08,2020-05-30
2020-05-30 21:00:00,21.1,11.1,53.0,0.0,,0.0,0.0,,1014.7,,,69.98,2020-05-30
2020-05-30 22:00:00,20.6,11.2,55.0,0.0,,310.0,7.6,,1015.2,,,69.08,2020-05-30
2020-05-30 23:00:00,18.9,12.2,65.0,0.0,,330.0,5.4,,1015.7,,,66.02,2020-05-30
2020-05-31 00:00:00,18.9,11.2,61.0,0.0,,340.0,5.4,,1015.9,,,66.02,2020-05-31
2020-05-31 01:00:00,19.4,11.2,59.0,0.0,,20.0,9.4,,1016.2,,,66.92,2020-05-31
2020-05-31 02:00:00,19.4,11.2,59.0,0.0,,330.0,5.4,,1016.1,,,66.92,2020-05-31
2020-05-31 03:00:00,20.0,11.7,59.0,0.0,,345.0,9.4,,1016.5,,,68.0,2020-05-31
2020-05-31 04:00:00,20.0,11.7,59.0,0.0,,360.0,7.6,,1016.7,,,68.0,2020-05-31
2020-05-31 05:00:00,19.4,11.7,61.0,0.0,,30.0,9.4,,1017.3,,,66.92,2020-05-31
2020-05-31 06:00:00,17.8,10.7,63.0,0.0,,40.0,14.8,,1018.1,,,64.04,2020-05-31
2020-05-31 07:00:00,17.8,10.7,63.0,0.0,,30.0,9.4,,1019.1,,,64.04,2020-05-31
2020-05-31 08:00:00,18.3,8.8,54.0,0.0,,20.0,16.6,,1019.9,,,64.94,2020-05-31
2020-05-31 09:00:00,19.4,7.8,47.0,0.0,,40.0,20.5,,1020.7,,,66.92,2020-05-31
2020-05-31 10:00:00,20.6,7.9,44.0,0.0,,20.0,14.8,,1021.2,,,69.08,2020-05-31
2020-05-31 11:00:00,21.1,8.4,44.0,0.0,,20.0,14.8,,1021.4,,,69.98,2020-05-31
2020-05-31 12:00:00,22.2,8.0,40.0,0.0,,60.0,14.8,,1021.2,,,71.96,2020-05-31
2020-05-31 13:00:00,22.8,7.4,37.0,0.0,,20.0,7.6,,1020.6,,,73.04,2020-05-31
2020-05-31 14:00:00,23.9,7.1,34.0,0.0,,72.5,9.4,,1019.8,,,75.02,2020-05-31
2020-05-31 15:00:00,24.4,7.9,35.0,0.0,,125.0,11.2,,1019.5,,,75.92,2020-05-31
2020-05-31 16:00:00,25.0,7.6,33.0,0.0,,177.5,5.4,,1018.8,,,77.0,2020-05-31
2020-05-31 17:00:00,25.0,8.5,35.0,0.0,,230.0,7.6,,1017.9,,,77.0,2020-05-31
2020-05-31 18:00:00,23.9,9.1,39.0,0.0,,230.0,7.6,,1017.9,,,75.02,2020-05-31
2020-05-31 19:00:00,24.4,8.4,36.0,0.0,,190.0,5.4,,1017.8,,,75.92,2020-05-31
2020-05-31 20:00:00,22.2,10.7,48.0,0.0,,250.0,7.6,,1018.6,,,71.96,2020-05-31
2020-05-31 21:00:00,20.0,10.7,55.0,0.0,,350.0,7.6,,1019.5,,,68.0,2020-05-31
2020-05-31 22:00:00,18.3,10.6,61.0,0.0,,330.0,5.4,,1020.3,,,64.94,2020-05-31
2020-05-31 23:00:00,17.8,10.7,63.0,0.0,,360.0,5.4,,1021.1,,,64.04,2020-05-31
2020-06-01 00:00:00,18.9,6.7,45.0,0.0,,10.0,9.4,,1021.8,,,66.02,2020-06-01
2020-06-01 01:00:00,17.8,5.7,45.0,0.0,,360.0,7.6,,1022.2,,,64.04,2020-06-01
2020-06-01 02:00:00,15.6,6.1,53.0,0.0,,20.0,9.4,,1023.0,,,60.08,2020-06-01
2020-06-01 03:00:00,14.4,6.7,60.0,0.0,,10.0,5.4,,1023.4,,,57.92,2020-06-01
2020-06-01 04:00:00,13.9,6.0,59.0,0.0,,20.0,5.4,,1023.9,,,57.02,2020-06-01
2020-06-01 05:00:00,12.2,6.7,69.0,0.0,,340.0,5.4,,1024.2,,,53.96,2020-06-01
2020-06-01 06:00:00,11.1,6.6,74.0,0.0,,30.0,5.4,,1025.0,,,51.98,2020-06-01
2020-06-01 07:00:00,13.3,6.2,62.0,0.0,,20.0,11.2,,1025.8,,,55.94,2020-06-01
2020-06-01 08:00:00,14.4,5.7,56.0,0.0,,10.0,18.4,,1026.6,,,57.92,2020-06-01
2020-06-01 09:00:00,16.1,4.5,46.0,0.0,,50.0,24.1,,1027.1,,,60.980000000000004,2020-06-01
2020-06-01 10:00:00,17.2,4.5,43.0,0.0,,30.0,13.0,,1027.3,,,62.959999999999994,2020-06-01
2020-06-01 11:00:00,18.9,5.0,40.0,0.0,,90.0,7.6,,1027.1,,,66.02,2020-06-01
2020-06-01 12:00:00,19.4,4.3,37.0,0.0,,90.0,11.2,,1026.8,,,66.92,2020-06-01
2020-06-01 13:00:00,21.1,4.6,34.0,0.0,,200.0,7.6,,1025.7,,,69.98,2020-06-01
2020-06-01 14:00:00,21.7,3.4,30.0,0.0,,200.0,11.2,,1025.1,,,71.06,2020-06-01
2020-06-01 15:00:00,22.2,3.8,30.0,0.0,,0.0,0.0,,1024.9,,,71.96,2020-06-01
2020-06-01 16:00:00,22.8,5.2,32.0,0.0,,85.0,9.4,,1023.9,,,73.04,2020-06-01
2020-06-01 17:00:00,22.8,5.2,32.0,0.0,,170.0,5.4,,1023.1,,,73.04,2020-06-01
2020-06-01 18:00:00,23.3,5.7,32.0,0.0,,170.0,9.4,,1022.2,,,73.94,2020-06-01
2020-06-01 19:00:00,22.2,6.0,35.0,0.0,,200.0,11.2,,1021.7,,,71.96,2020-06-01
2020-06-01 20:00:00,18.9,7.3,47.0,0.0,,100.0,5.4,,1021.8,,,66.02,2020-06-01
2020-06-01 21:00:00,16.1,8.3,60.0,0.0,,0.0,0.0,,1022.1,,,60.980000000000004,2020-06-01
2020-06-01 22:00:00,15.0,9.4,69.0,0.0,,0.0,0.0,,1022.4,,,59.0,2020-06-01
2020-06-01 23:00:00,14.4,8.3,67.0,0.0,,0.0,0.0,,1022.8,,,57.92,2020-06-01
2020-06-02 00:00:00,13.3,9.0,75.0,0.0,,0.0,0.0,,1022.7,,,55.94,2020-06-02
2020-06-02 01:00:00,12.2,8.3,77.0,0.0,,0.0,0.0,,1022.4,,,53.96,2020-06-02
2020-06-02 02:00:00,12.2,8.9,80.0,0.0,,0.0,0.0,,1021.7,,,53.96,2020-06-02
2020-06-02 03:00:00,12.8,8.3,74.0,0.0,,250.0,5.4,,1021.3,,,55.04,2020-06-02
2020-06-02 04:00:00,13.3,10.7,84.0,0.0,,0.0,0.0,,1020.9,,,55.94,2020-06-02
2020-06-02 05:00:00,13.9,10.7,81.0,0.0,,0.0,0.0,,1020.5,,,57.02,2020-06-02
2020-06-02 06:00:00,13.3,10.7,84.0,0.0,,0.0,0.0,,1021.1,,,55.94,2020-06-02
2020-06-02 07:00:00,14.4,11.2,81.0,0.0,,0.0,0.0,,1021.1,,,57.92,2020-06-02
2020-06-02 08:00:00,15.0,11.8,81.0,0.0,,0.0,0.0,,1020.9,,,59.0,2020-06-02
2020-06-02 09:00:00,16.1,11.7,75.0,0.0,,190.0,7.6,,1020.9,,,60.980000000000004,2020-06-02
2020-06-02 10:00:00,19.4,12.2,63.0,0.0,,0.0,0.0,,1020.5,,,66.92,2020-06-02
2020-06-02 11:00:00,22.8,12.1,51.0,0.0,,210.0,11.2,,1019.8,,,73.04,2020-06-02
2020-06-02 12:00:00,25.0,12.2,45.0,0.0,,210.0,16.6,,1019.0,,,77.0,2020-06-02
2020-06-02 13:00:00,27.2,12.8,41.0,0.0,,210.0,11.2,,1018.0,,,80.96,2020-06-02
2020-06-02 14:00:00,28.3,12.2,37.0,0.0,,210.0,14.8,,1017.0,,,82.94,2020-06-02
2020-06-02 15:00:00,30.0,13.3,36.0,0.0,,210.0,18.4,,1015.6,,,86.0,2020-06-02
2020-06-02 16:00:00,30.0,14.9,40.0,0.0,,180.0,24.1,,1014.8,,,86.0,2020-06-02
2020-06-02 17:00:00,30.0,16.1,43.0,0.0,,210.0,18.4,,1013.8,,,86.0,2020-06-02
2020-06-02 18:00:00,30.0,17.1,46.0,0.0,,190.0,16.6,,1013.1,,,86.0,2020-06-02
2020-06-02 19:00:00,29.4,17.9,50.0,0.0,,200.0,18.4,,1012.6,,,84.91999999999999,2020-06-02
2020-06-02 20:00:00,27.2,18.2,58.0,0.0,,210.0,13.0,,1012.9,,,80.96,2020-06-02
2020-06-02 21:00:00,26.1,17.7,60.0,0.0,,230.0,11.2,,1013.0,,,78.98,2020-06-02
2020-06-02 22:00:00,24.4,18.3,69.0,0.0,,230.0,7.6,,1013.5,,,75.92,2020-06-02
2020-06-02 23:00:00,24.4,17.9,67.0,0.0,,230.0,7.6,,1013.7,,,75.92,2020-06-02
2020-06-03 00:00:00,23.3,17.7,71.0,0.0,,230.0,9.4,,1013.7,,,73.94,2020-06-03
2020-06-03 01:00:00,23.3,17.3,69.0,0.0,,240.0,9.4,,1013.2,,,73.94,2020-06-03
2020-06-03 02:00:00,21.7,17.3,76.0,0.0,,220.0,7.6,,1012.8,,,71.06,2020-06-03
2020-06-03 03:00:00,21.1,17.1,78.0,0.0,,230.0,5.4,,1012.8,,,69.98,2020-06-03
2020-06-03 04:00:00,23.3,17.3,69.0,0.0,,230.0,11.2,,1012.4,,,73.94,2020-06-03
2020-06-03 05:00:00,22.8,17.3,71.0,0.0,,240.0,7.6,,1012.2,,,73.04,2020-06-03
2020-06-03 06:00:00,23.9,16.7,64.0,0.0,,250.0,11.2,,1012.1,,,75.02,2020-06-03
2020-06-03 07:00:00,24.4,16.6,62.0,0.0,,240.0,9.4,,1012.2,,,75.92,2020-06-03
2020-06-03 08:00:00,25.6,17.3,60.0,0.0,,250.0,13.0,,1012.2,,,78.08,2020-06-03
2020-06-03 09:00:00,27.2,18.2,58.0,0.0,,240.0,9.4,,1011.7,,,80.96,2020-06-03
2020-06-03 10:00:00,28.3,17.2,51.0,0.0,,250.0,16.6,,1011.3,,,82.94,2020-06-03
2020-06-03 11:00:00,30.0,16.1,43.0,0.0,,270.0,14.8,,1010.8,,,86.0,2020-06-03
2020-06-03 12:00:00,31.1,15.1,38.0,0.0,,240.0,7.6,,1010.4,,,87.98,2020-06-03
2020-06-03 13:00:00,32.2,14.8,35.0,0.0,,240.0,14.8,,1010.5,,,89.96000000000001,2020-06-03
2020-06-03 14:00:00,32.2,16.1,38.0,0.0,,200.0,24.1,,1009.6,,,89.96000000000001,2020-06-03
2020-06-03 15:00:00,32.2,15.7,37.0,0.0,,230.0,16.6,,1009.2,,,89.96000000000001,2020-06-03
2020-06-03 16:00:00,33.3,14.4,32.0,0.0,,240.0,22.3,,1008.8,,,91.94,2020-06-03
2020-06-03 17:00:00,33.3,13.9,31.0,0.0,,240.0,20.5,,1008.2,,,91.94,2020-06-03
2020-06-03 18:00:00,33.3,14.4,32.0,0.0,,230.0,11.2,,1008.2,,,91.94,2020-06-03
2020-06-03 19:00:00,32.2,15.7,37.0,0.0,,230.0,5.4,,1008.5,,,89.96000000000001,2020-06-03
2020-06-03 20:00:00,30.6,16.2,42.0,0.0,,230.0,5.4,,1009.3,,,87.08000000000001,2020-06-03
2020-06-03 21:00:00,27.8,15.1,46.0,0.0,,0.0,0.0,,1009.5,,,82.04,2020-06-03
2020-06-03 22:00:00,26.1,14.6,49.0,0.0,,250.0,5.4,,1010.3,,,78.98,2020-06-03
2020-06-03 23:00:00,23.3,14.3,57.0,0.0,,0.0,0.0,,1010.8,,,73.94,2020-06-03
2020-06-04 00:00:00,22.8,14.9,61.0,0.0,,0.0,0.0,,1011.1,,,73.04,2020-06-04
2020-06-04 01:00:00,25.0,15.6,56.0,0.0,,270.0,7.6,,1011.1,,,77.0,2020-06-04
2020-06-04 02:00:00,26.1,14.9,50.0,0.0,,260.0,7.6,,1010.8,,,78.98,2020-06-04
2020-06-04 03:00:00,24.4,15.6,58.0,0.0,,270.0,7.6,,1010.7,,,75.92,2020-06-04
2020-06-04 04:00:00,20.6,16.0,75.0,0.0,,220.0,5.4,,1010.7,,,69.08,2020-06-04
2020-06-04 05:00:00,20.0,16.6,81.0,0.0,,220.0,5.4,,1010.8,,,68.0,2020-06-04
2020-06-04 06:00:00,20.0,16.6,81.0,0.0,,220.0,7.6,,1011.1,,,68.0,2020-06-04
2020-06-04 07:00:00,21.7,17.3,76.0,0.0,,240.0,5.4,,1012.0,,,71.06,2020-06-04
2020-06-04 08:00:00,25.0,17.7,64.0,0.0,,230.0,9.4,,1012.6,,,77.0,2020-06-04
2020-06-04 09:00:00,26.7,18.3,60.0,0.0,,220.0,11.2,,1012.9,,,80.06,2020-06-04
2020-06-04 10:00:00,28.9,19.0,55.0,0.0,,250.0,5.4,,1012.9,,,84.02,2020-06-04
2020-06-04 11:00:00,30.0,18.8,51.0,0.0,,250.0,11.2,,1013.0,,,86.0,2020-06-04
2020-06-04 12:00:00,31.1,19.5,50.0,0.0,,260.0,11.2,,1012.8,,7.0,87.98,2020-06-04
2020-06-04 13:00:00,31.7,19.0,47.0,0.0,,230.0,5.4,,1012.7,,7.0,89.06,2020-06-04
2020-06-04 14:00:00,32.8,19.3,45.0,0.0,,200.0,9.4,,1012.2,,7.0,91.03999999999999,2020-06-04
2020-06-04 15:00:00,32.2,20.1,49.0,0.0,,200.0,25.9,,1011.6,,7.0,89.96000000000001,2020-06-04
2020-06-04 16:00:00,27.8,20.6,65.0,0.0,,200.0,11.2,,1011.8,,7.0,82.04,2020-06-04
2020-06-04 17:00:00,27.8,22.3,72.0,0.0,,0.0,0.0,,1010.6,,7.0,82.04,2020-06-04
2020-06-04 18:00:00,28.9,22.2,67.0,0.0,,220.0,7.6,,1010.7,,7.0,84.02,2020-06-04
2020-06-04 19:00:00,28.9,22.9,70.0,0.0,,240.0,5.4,,1010.5,,,84.02,2020-06-04
2020-06-04 20:00:00,27.2,22.8,77.0,0.0,,200.0,7.6,,1011.1,,,80.96,2020-06-04
2020-06-04 21:00:00,26.7,20.5,69.0,0.0,,190.0,13.0,,1011.2,,,80.06,2020-06-04
2020-06-04 22:00:00,26.1,20.0,69.0,0.0,,190.0,14.8,,1011.6,,,78.98,2020-06-04
2020-06-04 23:00:00,26.1,19.0,65.0,0.0,,200.0,16.6,,1012.2,,,78.98,2020-06-04
2020-06-05 00:00:00,26.1,19.0,65.0,0.0,,210.0,20.5,,1012.7,,,78.98,2020-06-05
2020-06-05 01:00:00,24.4,18.8,71.0,0.0,,190.0,14.8,,1012.6,,,75.92,2020-06-05
2020-06-05 02:00:00,23.3,18.8,76.0,0.0,,200.0,13.0,,1012.6,,,73.94,2020-06-05
2020-06-05 03:00:00,22.8,19.0,79.0,0.0,,210.0,11.2,,1012.7,,,73.04,2020-06-05
2020-06-05 04:00:00,22.2,18.4,79.0,0.0,,210.0,9.4,,1012.9,,,71.96,2020-06-05
2020-06-05 05:00:00,21.7,17.9,79.0,0.0,,190.0,14.8,,1012.7,,,71.06,2020-06-05
2020-06-05 06:00:00,20.6,17.8,84.0,0.0,,190.0,11.2,,1013.3,,,69.08,2020-06-05
2020-06-05 07:00:00,21.7,17.9,79.0,0.0,,200.0,11.2,,1013.8,,,71.06,2020-06-05
2020-06-05 08:00:00,22.8,17.7,73.0,0.0,,200.0,16.6,,1013.7,,,73.04,2020-06-05
2020-06-05 09:00:00,24.4,18.3,69.0,0.0,,220.0,13.0,,1013.9,,,75.92,2020-06-05
2020-06-05 10:00:00,26.1,19.0,65.0,0.0,,190.0,14.8,,1013.7,,,78.98,2020-06-05
2020-06-05 11:00:00,27.8,19.3,60.0,0.0,,200.0,16.6,,1013.7,,,82.04,2020-06-05
2020-06-05 12:00:00,28.3,19.5,59.0,0.0,,180.0,14.8,,1014.0,,,82.94,2020-06-05
2020-06-05 13:00:00,29.4,20.0,57.0,0.0,,210.0,13.0,,1013.1,,,84.91999999999999,2020-06-05
2020-06-05 14:00:00,28.9,19.5,57.0,0.0,,200.0,16.6,,1012.3,,,84.02,2020-06-05
2020-06-05 15:00:00,28.9,19.5,57.0,0.0,,180.0,18.4,,1011.4,,,84.02,2020-06-05
2020-06-05 16:00:00,30.0,20.6,57.0,0.0,,190.0,18.4,,1011.1,,,86.0,2020-06-05
2020-06-05 17:00:00,27.8,20.1,63.0,0.0,,210.0,7.6,,1011.2,,7.0,82.04,2020-06-05
2020-06-05 18:00:00,27.8,20.6,65.0,0.0,,190.0,7.6,,1011.0,,7.0,82.04,2020-06-05
2020-06-05 19:00:00,27.2,21.0,69.0,0.09999999999999999,,250.0,7.6,,1011.1,,7.0,80.96,2020-06-05
2020-06-05 20:00:00,23.9,21.0,84.0,0.19999999999999998,,240.0,5.4,,1011.3,,7.0,75.02,2020-06-05
2020-06-05 21:00:00,23.3,21.2,88.0,0.3,,0.0,0.0,,1011.3,,6.0,73.94,2020-06-05
2020-06-05 22:00:00,22.8,21.8,94.0,0.7,,0.0,0.0,,1011.7,,5.0,73.04,2020-06-05
2020-06-05 23:00:00,22.2,21.2,94.0,4.6,,0.0,0.0,,1012.1,,5.0,71.96,2020-06-05
2020-06-06 00:00:00,22.2,21.2,94.0,0.0,,0.0,0.0,,1012.2,,5.0,71.96,2020-06-06
2020-06-06 01:00:00,22.2,21.2,94.0,0.3,,0.0,0.0,,1012.0,,5.0,71.96,2020-06-06
2020-06-06 02:00:00,22.2,21.2,94.0,0.0,,0.0,0.0,,1011.6,,5.0,71.96,2020-06-06
2020-06-06 03:00:00,21.7,20.7,94.0,0.0,,190.0,5.4,,1011.0,,5.0,71.06,2020-06-06
2020-06-06 04:00:00,21.7,20.7,94.0,0.0,,95.0,5.4,,1011.2,,5.0,71.06,2020-06-06
2020-06-06 05:00:00,21.1,20.6,97.0,0.0,,0.0,0.0,,1011.9,,5.0,69.98,2020-06-06
2020-06-06 06:00:00,20.0,19.3,96.0,0.0,,0.0,0.0,,1011.9,,5.0,68.0,2020-06-06
2020-06-06 07:00:00,21.1,19.9,93.0,0.0,,0.0,0.0,,1012.7,,5.0,69.98,2020-06-06
2020-06-06 08:00:00,23.3,20.1,82.0,0.0,,0.0,0.0,,1013.0,,5.0,73.94,2020-06-06
2020-06-06 09:00:00,25.6,19.5,69.0,0.0,,0.0,0.0,,1013.6,,5.0,78.08,2020-06-06
2020-06-06 10:00:00,27.2,19.3,62.0,0.0,,70.0,7.6,,1013.8,,,80.96,2020-06-06
2020-06-06 11:00:00,28.9,19.0,55.0,0.0,,140.0,9.4,,1013.8,,,84.02,2020-06-06
2020-06-06 12:00:00,30.6,19.3,51.0,0.0,,210.0,5.4,,1013.7,,,87.08000000000001,2020-06-06
2020-06-06 13:00:00,30.6,18.3,48.0,0.0,,280.0,9.4,,1013.3,,,87.08000000000001,2020-06-06
2020-06-06 14:00:00,31.1,19.5,50.0,0.0,,280.0,9.4,,1012.9,,,87.98,2020-06-06
2020-06-06 15:00:00,31.1,20.7,54.0,0.0,,250.0,11.2,,1012.4,,,87.98,2020-06-06
2020-06-06 16:00:00,32.2,20.1,49.0,0.0,,220.0,9.4,,1011.7,,,89.96000000000001,2020-06-06
2020-06-06 17:00:00,31.1,20.1,52.0,0.0,,220.0,11.2,,1011.4,,,87.98,2020-06-06
2020-06-06 18:00:00,31.1,20.1,52.0,0.0,,220.0,11.2,,1010.6,,,87.98,2020-06-06
2020-06-06 19:00:00,30.6,20.5,55.0,0.0,,220.0,9.4,,1010.3,,,87.08000000000001,2020-06-06
2020-06-06 20:00:00,28.9,21.2,63.0,0.0,,230.0,5.4,,1010.8,,,84.02,2020-06-06
2020-06-06 21:00:00,27.2,21.0,69.0,0.0,,210.0,5.4,,1010.9,,,80.96,2020-06-06
2020-06-06 22:00:00,27.8,17.3,53.0,0.0,,320.0,9.4,,1011.4,,,82.04,2020-06-06
2020-06-06 23:00:00,26.7,15.7,51.0,0.0,,265.0,5.4,,1011.5,,,80.06,2020-06-06
2020-06-07 00:00:00,23.3,16.8,67.0,0.0,,210.0,5.4,,1011.9,,,73.94,2020-06-07
2020-06-07 01:00:00,22.2,16.7,71.0,0.0,,240.0,5.4,,1011.8,,,71.96,2020-06-07
2020-06-07 02:00:00,20.6,16.6,78.0,0.0,,0.0,0.0,,1012.4,,,69.08,2020-06-07
2020-06-07 03:00:00,24.4,17.2,64.0,0.0,,0.0,7.6,,1012.2,,,75.92,2020-06-07
2020-06-07 04:00:00,21.7,17.3,76.0,0.0,,0.0,0.0,,1012.0,,,71.06,2020-06-07
2020-06-07 05:00:00,21.1,17.1,78.0,0.0,,0.0,0.0,,1012.5,,,69.98,2020-06-07
2020-06-07 06:00:00,21.7,17.3,76.0,0.0,,20.0,5.4,,1013.1,,,71.06,2020-06-07
2020-06-07 07:00:00,22.2,17.1,73.0,0.0,,20.0,11.2,,1013.8,,,71.96,2020-06-07
2020-06-07 08:00:00,23.9,15.7,60.0,0.0,,40.0,13.0,,1014.1,,,75.02,2020-06-07
2020-06-07 09:00:00,25.0,16.2,58.0,0.0,,40.0,11.2,,1015.1,,,77.0,2020-06-07
2020-06-07 10:00:00,25.0,16.2,58.0,0.0,,90.0,11.2,,1015.2,,,77.0,2020-06-07
2020-06-07 11:00:00,26.1,12.2,42.0,0.0,,100.0,13.0,,1014.9,,,78.98,2020-06-07
2020-06-07 12:00:00,26.7,13.4,44.0,0.0,,130.0,7.6,,1014.9,,,80.06,2020-06-07
2020-06-07 13:00:00,27.8,14.4,44.0,0.0,,220.0,7.6,,1014.8,,,82.04,2020-06-07
2020-06-07 14:00:00,27.8,14.4,44.0,0.0,,220.0,5.4,,1014.9,,,82.04,2020-06-07
2020-06-07 15:00:00,30.0,14.9,40.0,0.0,,40.0,5.4,,1014.0,,,86.0,2020-06-07
2020-06-07 16:00:00,30.0,13.7,37.0,0.0,,20.0,9.4,,1013.8,,,86.0,2020-06-07
2020-06-07 17:00:00,28.9,15.1,43.0,0.0,,0.0,0.0,,1013.4,,,84.02,2020-06-07
2020-06-07 18:00:00,30.6,13.4,35.0,0.0,,0.0,0.0,,1013.0,,,87.08000000000001,2020-06-07
2020-06-07 19:00:00,29.4,12.8,36.0,0.0,,0.0,0.0,,1013.0,,,84.91999999999999,2020-06-07
2020-06-07 20:00:00,26.7,15.1,49.0,0.0,,80.0,7.6,,1013.5,,,80.06,2020-06-07
2020-06-07 21:00:00,24.4,15.6,58.0,0.0,,90.0,7.6,,1014.0,,,75.92,2020-06-07
2020-06-07 22:00:00,21.1,15.0,68.0,0.0,,0.0,0.0,,1015.0,,,69.98,2020-06-07
2020-06-07 23:00:00,19.4,14.4,73.0,0.0,,0.0,0.0,,1015.8,,,66.92,2020-06-07
2020-06-08 00:00:00,19.4,13.3,68.0,0.0,,0.0,0.0,,1015.8,,,66.92,2020-06-08
2020-06-08 01:00:00,18.3,14.0,76.0,0.0,,10.0,7.6,,1016.2,,,64.94,2020-06-08
2020-06-08 02:00:00,20.0,15.0,73.0,0.0,,5.0,5.4,,1016.3,,,68.0,2020-06-08
2020-06-08 03:00:00,19.4,14.4,73.0,0.0,,0.0,0.0,,1016.3,,,66.92,2020-06-08
2020-06-08 04:00:00,18.3,14.0,76.0,0.0,,0.0,0.0,,1016.1,,,64.94,2020-06-08
2020-06-08 05:00:00,16.1,12.8,81.0,0.0,,0.0,0.0,,1016.1,,,60.980000000000004,2020-06-08
2020-06-08 06:00:00,17.8,13.3,75.0,0.0,,350.0,5.4,,1016.4,,,64.04,2020-06-08
2020-06-08 07:00:00,18.9,13.3,70.0,0.0,,0.0,0.0,,1017.0,,,66.02,2020-06-08
2020-06-08 08:00:00,21.1,13.3,61.0,0.0,,20.0,13.0,,1017.4,,,69.98,2020-06-08
2020-06-08 09:00:00,23.3,14.3,57.0,0.0,,20.0,11.2,,1017.8,,,73.94,2020-06-08
2020-06-08 10:00:00,25.0,15.0,54.0,0.0,,10.0,7.6,,1018.1,,,77.0,2020-06-08
2020-06-08 11:00:00,26.1,14.6,49.0,0.0,,140.0,7.6,,1018.1,,,78.98,2020-06-08
2020-06-08 12:00:00,27.8,16.1,49.0,0.0,,0.0,0.0,,1017.7,,,82.04,2020-06-08
2020-06-08 13:00:00,27.8,16.1,49.0,0.0,,120.0,5.4,,1017.3,,,82.04,2020-06-08
2020-06-08 14:00:00,27.8,17.3,53.0,0.0,,120.0,7.6,,1017.1,,,82.04,2020-06-08
2020-06-08 15:00:00,28.9,17.1,49.0,0.0,,180.0,7.6,,1016.6,,,84.02,2020-06-08
2020-06-08 16:00:00,29.4,17.2,48.0,0.0,,120.0,9.4,,1015.9,,,84.91999999999999,2020-06-08
2020-06-08 17:00:00,30.0,17.1,46.0,0.0,,180.0,11.2,,1015.3,,,86.0,2020-06-08
2020-06-08 18:00:00,28.9,17.8,51.0,0.0,,180.0,13.0,,1015.0,,,84.02,2020-06-08
2020-06-08 19:00:00,28.3,17.8,53.0,0.0,,170.0,11.2,,1014.8,,,82.94,2020-06-08
2020-06-08 20:00:00,26.1,18.3,62.0,0.0,,200.0,7.6,,1015.1,,,78.98,2020-06-08
2020-06-08 21:00:00,23.3,18.8,76.0,0.0,,0.0,0.0,,1015.2,,,73.94,2020-06-08
2020-06-08 22:00:00,22.8,19.0,79.0,0.0,,0.0,0.0,,1015.6,,,73.04,2020-06-08
2020-06-08 23:00:00,21.7,18.9,84.0,0.0,,0.0,0.0,,1016.0,,,71.06,2020-06-08
2020-06-09 00:00:00,21.7,18.3,81.0,0.0,,0.0,0.0,,1016.0,,,71.06,2020-06-09
2020-06-09 01:00:00,21.7,18.9,84.0,0.0,,0.0,0.0,,1016.0,,,71.06,2020-06-09
2020-06-09 02:00:00,21.1,18.9,87.0,0.0,,0.0,0.0,,1015.8,,,69.98,2020-06-09
2020-06-09 03:00:00,21.1,18.9,87.0,0.0,,0.0,0.0,,1015.3,,5.0,69.98,2020-06-09
2020-06-09 04:00:00,20.6,18.9,90.0,0.0,,0.0,0.0,,1015.3,,5.0,69.08,2020-06-09
2020-06-09 05:00:00,21.1,19.4,90.0,0.0,,0.0,0.0,,1014.9,,5.0,69.98,2020-06-09
2020-06-09 06:00:00,22.2,20.7,91.0,0.0,,0.0,0.0,,1015.2,,5.0,71.96,2020-06-09
2020-06-09 07:00:00,22.2,21.2,94.0,0.0,,0.0,0.0,,1015.5,,5.0,71.96,2020-06-09
2020-06-09 08:00:00,23.3,21.7,91.0,0.0,,210.0,7.6,,1015.6,,5.0588235294117645,73.94,2020-06-09
2020-06-09 09:00:00,23.9,21.0,84.0,0.0,,105.0,5.4,,1016.0,,5.117647058823529,75.02,2020-06-09
2020-06-09 10:00:00,25.0,21.7,82.0,0.0,,0.0,0.0,,1015.9,,5.176470588235294,77.0,2020-06-09
2020-06-09 11:00:00,26.7,21.7,74.0,0.0,,190.0,13.0,,1015.8,,,80.06,2020-06-09
2020-06-09 12:00:00,28.3,21.8,68.0,0.0,,160.0,11.2,,1015.7,,,82.94,2020-06-09
2020-06-09 13:00:00,28.9,21.2,63.0,0.0,,190.0,9.4,,1015.4,,,84.02,2020-06-09
2020-06-09 14:00:00,29.4,21.6,63.0,0.0,,160.0,11.2,,1014.8,,,84.91999999999999,2020-06-09
2020-06-09 15:00:00,30.0,22.2,63.0,0.0,,150.0,16.6,,1014.3,,,86.0,2020-06-09
2020-06-09 16:00:00,30.6,22.2,61.0,0.0,,170.0,20.5,,1013.9,,,87.08000000000001,2020-06-09
2020-06-09 17:00:00,29.4,22.1,65.0,0.0,,160.0,14.8,,1013.3,,,84.91999999999999,2020-06-09
2020-06-09 18:00:00,30.0,22.2,63.0,0.0,,160.0,18.4,,1013.1,,,86.0,2020-06-09
2020-06-09 19:00:00,29.4,22.1,65.0,0.0,,150.0,14.8,,1013.1,,,84.91999999999999,2020-06-09
2020-06-09 20:00:00,27.8,21.8,70.0,0.0,,170.0,11.2,,1013.7,,,82.04,2020-06-09
2020-06-09 21:00:00,27.2,21.7,72.0,0.0,,160.0,13.0,,1014.0,,,80.96,2020-06-09
2020-06-09 22:00:00,26.1,21.8,77.0,0.0,,190.0,9.4,,1014.2,,,78.98,2020-06-09
2020-06-09 23:00:00,25.6,22.3,82.0,0.0,,190.0,11.2,,1014.6,,,78.08,2020-06-09
2020-06-10 00:00:00,24.4,21.7,85.0,0.0,,190.0,7.6,,1014.3,,,75.92,2020-06-10
2020-06-10 01:00:00,23.9,21.8,88.0,0.0,,190.0,7.6,,1014.3,,,75.02,2020-06-10
2020-06-10 02:00:00,23.9,21.8,88.0,0.0,,200.0,9.4,,1014.1,,,75.02,2020-06-10
2020-06-10 03:00:00,23.3,21.7,91.0,0.0,,170.0,7.6,,1013.8,,,73.94,2020-06-10
2020-06-10 04:00:00,22.2,21.2,94.0,0.0,,180.0,5.4,,1013.5,,,71.96,2020-06-10
2020-06-10 05:00:00,23.3,22.3,94.0,0.0,,180.0,9.4,,1013.6,,,73.94,2020-06-10
2020-06-10 06:00:00,23.3,21.7,91.0,0.0,,210.0,9.4,,1013.9,,,73.94,2020-06-10
2020-06-10 07:00:00,23.9,21.8,88.0,0.0,,200.0,9.4,,1014.4,,,75.02,2020-06-10
2020-06-10 08:00:00,24.4,21.7,85.0,0.0,,200.0,13.0,,1014.9,,,75.92,2020-06-10
2020-06-10 09:00:00,25.6,21.7,79.0,0.0,,200.0,14.8,,1015.0,,,78.08,2020-06-10
2020-06-10 10:00:00,27.2,21.7,72.0,0.0,,190.0,20.5,,1014.8,,,80.96,2020-06-10
2020-06-10 11:00:00,27.2,21.7,72.0,0.0,,200.0,14.8,,1014.6,,,80.96,2020-06-10
2020-06-10 12:00:00,29.4,21.6,63.0,0.0,,200.0,20.5,,1014.4,,,84.91999999999999,2020-06-10
2020-06-10 13:00:00,30.0,21.7,61.0,0.0,,210.0,20.5,,1013.7,,,86.0,2020-06-10
2020-06-10 14:00:00,30.6,21.7,59.0,0.0,,190.0,22.3,,1013.1,,6.823529411764706,87.08000000000001,2020-06-10
2020-06-10 15:00:00,31.7,22.1,57.0,0.0,,200.0,20.5,,1012.8,,6.882352941176471,89.06,2020-06-10
2020-06-10 16:00:00,32.2,22.9,58.0,0.0,,190.0,20.5,,1012.6,,6.9411764705882355,89.96000000000001,2020-06-10
2020-06-10 17:00:00,30.0,22.2,63.0,0.0,,220.0,14.8,,1012.6,,7.0,86.0,2020-06-10
2020-06-10 18:00:00,27.8,23.4,77.0,0.25,,240.0,11.2,,1012.9,,7.0,82.04,2020-06-10
2020-06-10 19:00:00,27.2,24.5,85.0,0.5,,200.0,11.2,,1012.8,,7.0,80.96,2020-06-10
2020-06-10 20:00:00,25.6,22.9,85.0,0.3,,190.0,11.2,,1012.9,,7.0,78.08,2020-06-10
2020-06-10 21:00:00,24.4,22.8,91.0,0.0,,190.0,11.2,,1013.3,,7.0,75.92,2020-06-10
2020-06-10 22:00:00,24.4,22.3,88.0,0.0,,210.0,9.4,,1013.9,,,75.92,2020-06-10
2020-06-10 23:00:00,24.4,22.3,88.0,0.0,,200.0,14.8,,1014.1,,7.0,75.92,2020-06-10
2020-06-11 00:00:00,24.4,22.3,88.0,0.0,,190.0,18.4,,1014.1,,7.0,75.92,2020-06-11
2020-06-11 01:00:00,24.4,22.3,88.0,0.0,,200.0,18.4,,1014.1,,7.0,75.92,2020-06-11
2020-06-11 02:00:00,23.9,21.8,88.0,0.0,,200.0,16.6,,1014.4,,7.0,75.02,2020-06-11
2020-06-11 03:00:00,23.9,22.2,90.0,2.5,,200.0,20.5,,1013.9,,7.0,75.02,2020-06-11
2020-06-11 04:00:00,23.9,22.2,90.0,1.4,,210.0,14.8,,1014.2,,7.0,75.02,2020-06-11
2020-06-11 05:00:00,23.9,22.2,90.0,0.3,,200.0,14.8,,1014.5,,7.0,75.02,2020-06-11
2020-06-11 06:00:00,23.9,22.2,90.0,0.3,,200.0,16.6,,1014.5,,7.0,75.02,2020-06-11
2020-06-11 07:00:00,23.9,22.2,90.0,0.15,,210.0,13.0,,1015.4,,7.0,75.02,2020-06-11
2020-06-11 08:00:00,23.9,22.2,90.0,0.0,,220.0,7.6,,1016.0,,7.0,75.02,2020-06-11
2020-06-11 09:00:00,26.1,22.8,82.0,0.0,,210.0,9.4,,1016.4,,,78.98,2020-06-11
2020-06-11 10:00:00,27.2,20.5,67.0,0.0,,220.0,9.4,,1016.8,,,80.96,2020-06-11
2020-06-11 11:00:00,27.8,19.3,60.0,0.0,,230.0,7.6,,1017.3,,,82.04,2020-06-11
2020-06-11 12:00:00,28.3,19.0,57.0,0.0,,240.0,11.2,,1017.5,,,82.94,2020-06-11
2020-06-11 13:00:00,29.4,18.2,51.0,0.0,,250.0,11.2,,1017.4,,,84.91999999999999,2020-06-11
2020-06-11 14:00:00,29.4,18.2,51.0,0.0,,260.0,9.4,,1017.1,,,84.91999999999999,2020-06-11
2020-06-11 15:00:00,30.0,18.4,50.0,0.0,,270.0,11.2,,1017.2,,,86.0,2020-06-11
2020-06-11 16:00:00,28.3,17.8,53.0,0.0,,270.0,9.4,,1017.7,,,82.94,2020-06-11
2020-06-11 17:00:00,29.4,18.2,51.0,0.0,,300.0,11.2,,1017.7,,,84.91999999999999,2020-06-11
2020-06-11 18:00:00,28.9,17.1,49.0,0.0,,310.0,9.4,,1017.4,,,84.02,2020-06-11
2020-06-11 19:00:00,28.9,16.1,46.0,0.0,,320.0,7.6,,1017.8,,,84.02,2020-06-11
2020-06-11 20:00:00,26.7,15.7,51.0,0.0,,320.0,9.4,,1018.5,,,80.06,2020-06-11
2020-06-11 21:00:00,22.8,16.8,69.0,0.0,,0.0,0.0,,1019.1,,,73.04,2020-06-11
2020-06-11 22:00:00,21.1,17.1,78.0,0.0,,0.0,0.0,,1019.9,,,69.98,2020-06-11
2020-06-11 23:00:00,20.0,16.0,78.0,0.0,,0.0,0.0,,1020.1,,,68.0,2020-06-11
2020-06-12 00:00:00,21.7,15.1,66.0,0.0,,330.0,5.4,,1020.1,,,71.06,2020-06-12
2020-06-12 01:00:00,21.7,12.8,57.0,0.0,,335.0,7.6,,1020.4,,,71.06,2020-06-12
2020-06-12 02:00:00,21.1,12.8,59.0,0.0,,340.0,5.4,,1020.3,,,69.98,2020-06-12
2020-06-12 03:00:00,21.1,12.3,57.0,0.0,,345.0,7.6,,1020.6,,,69.98,2020-06-12
2020-06-12 04:00:00,21.1,12.3,57.0,0.0,,350.0,7.6,,1020.9,,,69.98,2020-06-12
2020-06-12 05:00:00,20.0,12.7,63.0,0.0,,360.0,7.6,,1021.0,,,68.0,2020-06-12
2020-06-12 06:00:00,18.9,12.2,65.0,0.0,,360.0,5.4,,1021.5,,,66.02,2020-06-12
2020-06-12 07:00:00,20.0,12.3,61.0,0.0,,350.0,9.4,,1022.1,,,68.0,2020-06-12
2020-06-12 08:00:00,22.8,13.3,55.0,0.0,,20.0,7.6,,1022.3,,,73.04,2020-06-12
2020-06-12 09:00:00,23.9,13.4,52.0,0.0,,35.0,9.4,,1022.5,,,75.02,2020-06-12
2020-06-12 10:00:00,25.0,12.9,47.0,0.0,,50.0,11.2,,1022.3,,,77.0,2020-06-12
2020-06-12 11:00:00,27.2,13.2,42.0,0.0,,65.0,9.4,,1022.1,,,80.96,2020-06-12
2020-06-12 12:00:00,28.3,12.2,37.0,0.0,,80.0,9.4,,1021.7,,,82.94,2020-06-12
2020-06-12 13:00:00,28.3,12.6,38.0,0.0,,95.0,9.4,,1021.5,,,82.94,2020-06-12
2020-06-12 14:00:00,28.9,10.1,31.0,0.0,,110.0,5.4,,1020.9,,,84.02,2020-06-12
2020-06-12 15:00:00,28.9,8.6,28.0,0.0,,110.0,9.4,,1020.3,,,84.02,2020-06-12
2020-06-12 16:00:00,30.0,9.0,27.0,0.0,,10.0,14.8,,1019.8,,,86.0,2020-06-12
2020-06-12 17:00:00,30.0,10.0,29.0,0.0,,90.0,7.6,,1019.3,,,86.0,2020-06-12
2020-06-12 18:00:00,28.9,10.1,31.0,0.0,,90.0,7.6,,1019.0,,,84.02,2020-06-12
2020-06-12 19:00:00,28.3,10.9,34.0,0.0,,0.0,0.0,,1019.0,,,82.94,2020-06-12
2020-06-12 20:00:00,23.9,15.1,58.0,0.0,,0.0,0.0,,1019.0,,,75.02,2020-06-12
2020-06-12 21:00:00,21.1,13.3,61.0,0.0,,0.0,0.0,,1019.0,,,69.98,2020-06-12
2020-06-12 22:00:00,19.4,14.4,73.0,0.0,,0.0,0.0,,1019.3,,,66.92,2020-06-12
2020-06-12 23:00:00,18.3,13.4,73.0,0.0,,0.0,0.0,,1019.5,,,64.94,2020-06-12
2020-06-13 00:00:00,20.6,14.0,66.0,0.0,,0.0,0.0,,1019.3,,,69.08,2020-06-13
2020-06-13 01:00:00,21.7,13.9,61.0,0.0,,350.0,5.4,,1019.2,,,71.06,2020-06-13
2020-06-13 02:00:00,20.0,13.2,65.0,0.0,,360.0,5.4,,1019.4,,,68.0,2020-06-13
2020-06-13 03:00:00,18.9,12.9,68.0,0.0,,20.0,7.6,,1019.5,,,66.02,2020-06-13
2020-06-13 04:00:00,20.0,10.1,53.0,0.0,,30.0,9.4,,1019.4,,,68.0,2020-06-13
2020-06-13 05:00:00,19.4,10.1,55.0,0.0,,30.0,9.4,,1019.8,,,66.92,2020-06-13
2020-06-13 06:00:00,19.4,10.7,57.0,0.0,,60.0,5.4,,1020.5,,,66.92,2020-06-13
2020-06-13 07:00:00,19.4,10.7,57.0,0.0,,50.0,13.0,,1021.2,,,66.92,2020-06-13
2020-06-13 08:00:00,20.0,10.1,53.0,0.0,,60.0,16.6,,1021.6,,,68.0,2020-06-13
2020-06-13 09:00:00,20.6,9.5,49.0,0.0,,60.0,16.6,,1022.2,,,69.08,2020-06-13
2020-06-13 10:00:00,22.8,10.6,46.0,0.0,,40.0,18.4,,1022.3,,,73.04,2020-06-13
2020-06-13 11:00:00,23.3,10.0,43.0,0.0,,60.0,11.2,,1022.5,,,73.94,2020-06-13
2020-06-13 12:00:00,25.0,10.5,40.0,0.0,,50.0,9.4,,1022.3,,,77.0,2020-06-13
2020-06-13 13:00:00,25.6,11.0,40.0,0.0,,110.0,7.6,,1021.9,,,78.08,2020-06-13
2020-06-13 14:00:00,26.1,11.8,41.0,0.0,,110.0,11.2,,1021.3,,,78.98,2020-06-13
2020-06-13 15:00:00,27.2,11.7,38.0,0.0,,40.0,7.6,,1020.7,,,80.96,2020-06-13
2020-06-13 16:00:00,27.8,12.2,38.0,0.0,,90.0,9.4,,1020.2,,,82.04,2020-06-13
2020-06-13 17:00:00,26.1,11.1,39.0,0.0,,100.0,5.4,,1020.1,,,78.98,2020-06-13
2020-06-13 18:00:00,26.1,12.2,42.0,0.0,,100.0,7.6,,1020.1,,7.0,78.98,2020-06-13
2020-06-13 19:00:00,20.6,14.0,66.0,0.0,,360.0,18.4,,1021.4,,7.0,69.08,2020-06-13
2020-06-13 20:00:00,19.4,14.4,73.0,0.5,,20.0,18.4,,1021.6,,7.0,66.92,2020-06-13
2020-06-13 21:00:00,18.9,14.4,75.0,1.0,,10.0,14.8,,1022.2,,7.0,66.02,2020-06-13
2020-06-13 22:00:00,18.3,15.0,81.0,1.5,,70.0,5.4,,1022.2,,7.045454545454546,64.94,2020-06-13
2020-06-13 23:00:00,17.8,15.1,84.0,0.0,,30.0,9.4,,1022.6,,7.090909090909091,64.04,2020-06-13
2020-06-14 00:00:00,17.8,15.1,84.0,0.0,,20.0,7.6,,1022.7,,7.136363636363637,64.04,2020-06-14
2020-06-14 01:00:00,17.2,15.0,87.0,0.0,,0.0,0.0,,1023.0,,,62.959999999999994,2020-06-14
2020-06-14 02:00:00,17.2,15.5,90.0,0.0,,320.0,5.4,,1023.1,,,62.959999999999994,2020-06-14
2020-06-14 03:00:00,17.2,15.0,87.0,0.0,,50.0,7.6,,1022.6,,,62.959999999999994,2020-06-14
2020-06-14 04:00:00,16.7,14.0,84.0,0.0,,350.0,5.4,,1022.6,,,62.059999999999995,2020-06-14
2020-06-14 05:00:00,15.6,14.5,93.0,0.0,,0.0,0.0,,1023.1,,,60.08,2020-06-14
2020-06-14 06:00:00,16.1,14.5,90.0,0.0,,20.0,7.6,,1023.8,,,60.980000000000004,2020-06-14
2020-06-14 07:00:00,16.7,14.3,86.0,0.0,,10.0,7.6,,1024.8,,,62.059999999999995,2020-06-14
2020-06-14 08:00:00,17.8,14.5,81.0,0.0,,40.0,5.4,,1025.4,,,64.04,2020-06-14
2020-06-14 09:00:00,19.4,15.1,76.0,0.0,,0.0,0.0,,1025.8,,,66.92,2020-06-14
2020-06-14 10:00:00,20.6,14.0,66.0,0.0,,40.0,9.4,,1025.9,,,69.08,2020-06-14
2020-06-14 11:00:00,21.1,14.0,64.0,0.0,,40.0,13.0,,1025.6,,,69.98,2020-06-14
2020-06-14 12:00:00,22.8,13.8,57.0,0.0,,60.0,5.4,,1025.5,,,73.04,2020-06-14
2020-06-14 13:00:00,22.8,13.3,55.0,0.0,,80.0,9.4,,1025.2,,,73.04,2020-06-14
2020-06-14 14:00:00,24.4,13.3,50.0,0.0,,60.0,5.4,,1024.4,,,75.92,2020-06-14
2020-06-14 15:00:00,23.9,14.3,55.0,0.0,,60.0,13.0,,1023.8,,,75.02,2020-06-14
2020-06-14 16:00:00,25.6,15.0,52.0,0.0,,50.0,18.4,,1023.3,,7.863636363636363,78.08,2020-06-14
2020-06-14 17:00:00,25.0,14.5,52.0,0.0,,50.0,16.6,,1023.1,,7.909090909090909,77.0,2020-06-14
2020-06-14 18:00:00,22.8,14.9,61.0,0.0,,60.0,16.6,,1023.3,,7.954545454545455,73.04,2020-06-14
2020-06-14 19:00:00,22.2,15.1,64.0,0.0,,50.0,16.6,,1023.4,,8.0,71.96,2020-06-14
2020-06-14 20:00:00,18.3,16.6,90.0,4.8,,110.0,5.4,,1024.0,,7.0,64.94,2020-06-14
2020-06-14 21:00:00,18.9,17.2,90.0,2.5,,130.0,7.6,,1024.2,,7.0,66.02,2020-06-14
2020-06-14 22:00:00,18.9,16.7,87.0,0.8,,60.0,7.6,,1024.4,,7.0,66.02,2020-06-14
2020-06-14 23:00:00,17.8,14.5,81.0,0.0,,80.0,5.4,,1024.8,,7.0,64.04,2020-06-14
2020-06-15 00:00:00,16.1,11.7,75.0,0.0,,80.0,7.6,,1024.8,,,60.980000000000004,2020-06-15
2020-06-15 01:00:00,16.1,10.6,70.0,0.0,,80.0,9.4,,1024.9,,,60.980000000000004,2020-06-15
2020-06-15 02:00:00,15.0,11.2,78.0,0.0,,50.0,7.6,,1025.1,,7.0,59.0,2020-06-15
2020-06-15 03:00:00,14.4,12.3,87.0,0.0,,0.0,0.0,,1024.9,,7.0,57.92,2020-06-15
2020-06-15 04:00:00,15.0,11.8,81.0,0.0,,10.0,7.6,,1024.8,,7.0,59.0,2020-06-15
2020-06-15 05:00:00,15.6,12.2,80.0,0.0,,50.0,13.0,,1025.3,,7.0,60.08,2020-06-15
2020-06-15 06:00:00,15.6,12.7,83.0,0.3333333333333333,,50.0,11.2,,1026.0,,7.5,60.08,2020-06-15
2020-06-15 07:00:00,15.6,12.2,80.0,0.6666666666666666,,60.0,9.4,,1026.6,,8.0,60.08,2020-06-15
2020-06-15 08:00:00,15.0,12.9,87.0,1.0,,40.0,7.6,,1027.2,,7.5,59.0,2020-06-15
2020-06-15 09:00:00,16.1,13.9,87.0,0.5,,350.0,5.4,,1027.6,,7.0,60.980000000000004,2020-06-15
2020-06-15 10:00:00,16.1,13.9,87.0,1.7,,10.0,9.4,,1027.5,,7.5,60.980000000000004,2020-06-15
2020-06-15 11:00:00,16.7,13.2,80.0,2.9,,60.0,7.6,,1027.7,,8.0,62.059999999999995,2020-06-15
2020-06-15 12:00:00,15.0,12.1,83.0,4.1,,20.0,16.6,,1027.7,,7.0,59.0,2020-06-15
2020-06-15 13:00:00,15.0,13.4,90.0,4.6,,20.0,11.2,,1027.4,,7.0,59.0,2020-06-15
2020-06-15 14:00:00,15.6,14.0,90.0,1.5,,20.0,11.2,,1026.8,,7.0,60.08,2020-06-15
2020-06-15 15:00:00,16.1,14.5,90.0,1.0,,20.0,13.0,,1026.7,,7.0,60.980000000000004,2020-06-15
2020-06-15 16:00:00,16.1,13.9,87.0,1.3,,60.0,18.4,,1026.8,,7.0,60.980000000000004,2020-06-15
2020-06-15 17:00:00,16.1,13.9,87.0,1.5,,30.0,11.2,,1026.3,,7.0,60.980000000000004,2020-06-15
2020-06-15 18:00:00,15.6,14.0,90.0,1.5,,20.0,9.4,,1026.4,,7.0,60.08,2020-06-15
2020-06-15 19:00:00,15.6,13.3,86.0,1.3,,10.0,14.8,,1026.3,,7.0,60.08,2020-06-15
2020-06-15 20:00:00,15.0,13.4,90.0,1.8,,350.0,5.4,,1026.3,,7.0,59.0,2020-06-15
2020-06-15 21:00:00,15.0,13.4,90.0,0.8,,360.0,9.4,,1026.4,,7.0,59.0,2020-06-15
2020-06-15 22:00:00,14.4,13.3,93.0,0.8,,185.0,7.6,,1026.4,,7.0,57.92,2020-06-15
2020-06-15 23:00:00,15.0,13.4,90.0,0.8,,10.0,9.4,,1026.5,,7.0,59.0,2020-06-15
2020-06-16 00:00:00,15.0,13.4,90.0,0.8,,360.0,7.6,,1026.4,,7.0,59.0,2020-06-16
2020-06-16 01:00:00,15.6,13.3,86.0,0.5,,30.0,7.6,,1026.0,,7.0,60.08,2020-06-16
2020-06-16 02:00:00,15.0,13.4,90.0,0.25,,10.0,5.4,,1025.7,,7.0,59.0,2020-06-16
2020-06-16 03:00:00,15.0,13.4,90.0,0.0,,10.0,7.6,,1025.2,,7.0,59.0,2020-06-16
2020-06-16 04:00:00,15.0,13.4,90.0,0.0,,360.0,5.4,,1024.9,,7.0,59.0,2020-06-16
2020-06-16 05:00:00,15.0,12.1,83.0,0.0,,10.0,9.4,,1024.8,,7.0,59.0,2020-06-16
2020-06-16 06:00:00,15.0,12.1,83.0,0.0,,10.0,11.2,,1025.2,,7.0,59.0,2020-06-16
2020-06-16 07:00:00,15.6,11.8,78.0,0.0,,20.0,13.0,,1025.4,,7.0,60.08,2020-06-16
2020-06-16 08:00:00,15.6,11.8,78.0,0.0,,20.0,20.5,,1025.7,,7.0,60.08,2020-06-16
2020-06-16 09:00:00,16.1,11.1,72.0,0.0,,30.0,24.1,,1025.9,,7.0,60.980000000000004,2020-06-16
2020-06-16 10:00:00,17.2,10.6,65.0,0.0,,30.0,24.1,,1025.5,,7.0,62.959999999999994,2020-06-16
2020-06-16 11:00:00,17.8,10.7,63.0,0.0,,40.0,22.3,,1025.2,,7.0,64.04,2020-06-16
2020-06-16 12:00:00,16.7,11.2,70.0,0.65,,30.0,20.5,,1024.9,,7.0,62.059999999999995,2020-06-16
2020-06-16 13:00:00,16.1,12.3,78.0,1.3,,40.0,14.8,,1025.0,,7.0,60.980000000000004,2020-06-16
2020-06-16 14:00:00,15.0,12.1,83.0,2.8,,20.0,18.4,,1024.7,,7.0,59.0,2020-06-16
2020-06-16 15:00:00,15.6,12.7,83.0,0.5,,10.0,14.8,,1024.4,,7.0,60.08,2020-06-16
2020-06-16 16:00:00,16.1,13.9,87.0,0.3,,20.0,14.8,,1024.0,,7.0,60.980000000000004,2020-06-16
2020-06-16 17:00:00,16.1,13.9,87.0,1.5,,20.0,14.8,,1023.7,,8.0,60.980000000000004,2020-06-16
2020-06-16 18:00:00,16.1,14.5,90.0,2.0,,40.0,20.5,,1023.2,,7.0,60.980000000000004,2020-06-16
2020-06-16 19:00:00,16.1,13.9,87.0,0.3,,40.0,24.1,,1022.6,,7.0,60.980000000000004,2020-06-16
2020-06-16 20:00:00,15.6,14.0,90.0,0.5,,30.0,20.5,,1022.8,,7.0,60.08,2020-06-16
2020-06-16 21:00:00,15.0,13.9,93.0,2.0,,20.0,18.4,,1022.7,,7.0,59.0,2020-06-16
2020-06-16 22:00:00,15.6,14.0,90.0,1.3,,20.0,14.8,,1022.6,,7.0,60.08,2020-06-16
2020-06-16 23:00:00,15.6,14.0,90.0,0.5,,20.0,20.5,,1022.5,,7.0,60.08,2020-06-16
2020-06-17 00:00:00,15.6,13.3,86.0,0.5,,20.0,20.5,,1021.9,,8.0,60.08,2020-06-17
2020-06-17 01:00:00,15.0,13.4,90.0,2.3,,20.0,24.1,,1021.3,,7.0,59.0,2020-06-17
2020-06-17 02:00:00,15.0,13.4,90.0,2.0,,10.0,16.6,,1020.4,,7.0,59.0,2020-06-17
2020-06-17 03:00:00,15.0,13.4,90.0,2.0,,10.0,16.6,,1019.6,,7.0,59.0,2020-06-17
2020-06-17 04:00:00,15.0,13.4,90.0,0.5,,10.0,13.0,,1018.9,,9.0,59.0,2020-06-17
2020-06-17 05:00:00,15.0,13.4,90.0,5.8,,30.0,16.6,,1018.8,,7.0,59.0,2020-06-17
2020-06-17 06:00:00,15.0,13.9,93.0,1.3,,20.0,9.4,,1019.3,,7.0,59.0,2020-06-17
2020-06-17 07:00:00,15.6,14.0,90.0,5.6,,30.0,22.3,,1018.7,,7.0,60.08,2020-06-17
2020-06-17 08:00:00,16.1,14.5,90.0,0.3,,10.0,24.1,,1018.2,,7.0,60.980000000000004,2020-06-17
2020-06-17 09:00:00,16.7,15.1,90.0,6.6,,50.0,24.1,,1018.8,,7.0,62.059999999999995,2020-06-17
2020-06-17 10:00:00,16.7,15.1,90.0,0.5,,20.0,16.6,,1018.5,,7.0,62.059999999999995,2020-06-17
2020-06-17 11:00:00,16.7,15.1,90.0,1.65,,30.0,20.5,,1018.7,,8.0,62.059999999999995,2020-06-17
2020-06-17 12:00:00,17.2,15.5,90.0,2.8,,50.0,16.6,,1019.4,,7.0,62.959999999999994,2020-06-17
2020-06-17 13:00:00,17.8,16.1,90.0,6.6,,30.0,20.5,,1018.4,,7.0,64.04,2020-06-17
2020-06-17 14:00:00,18.3,16.6,90.0,0.3,,50.0,25.9,,1017.9,,7.0,64.94,2020-06-17
2020-06-17 15:00:00,18.9,17.2,90.0,0.15,,40.0,24.1,,1017.6,,5.0,66.02,2020-06-17
2020-06-17 16:00:00,19.4,17.2,87.0,0.0,,40.0,29.5,,1017.5,,5.0,66.92,2020-06-17
2020-06-17 17:00:00,18.9,17.2,90.0,0.0,,40.0,18.4,,1017.2,,5.0,66.02,2020-06-17
2020-06-17 18:00:00,19.4,17.2,87.0,0.0,,40.0,22.3,,1017.5,,5.0,66.92,2020-06-17
2020-06-17 19:00:00,18.9,17.2,90.0,0.3,,30.0,16.6,,1017.7,,25.0,66.02,2020-06-17
2020-06-17 20:00:00,18.9,17.2,90.0,2.3,,20.0,14.8,,1017.5,,7.0,66.02,2020-06-17
2020-06-17 21:00:00,18.9,17.2,90.0,2.0,,20.0,16.6,,1017.2,,6.0,66.02,2020-06-17
2020-06-17 22:00:00,18.9,17.2,90.0,1.0,,20.0,16.6,,1017.3,,5.0,66.02,2020-06-17
2020-06-17 23:00:00,18.9,17.7,93.0,0.0,,40.0,13.0,,1017.5,,7.0,66.02,2020-06-17
2020-06-18 00:00:00,18.9,17.7,93.0,0.3,,40.0,7.6,,1017.4,,5.0,66.02,2020-06-18
2020-06-18 01:00:00,18.9,17.7,93.0,0.3,,0.0,0.0,,1017.2,,5.0,66.02,2020-06-18
2020-06-18 02:00:00,18.9,17.7,93.0,0.3,,0.0,0.0,,1016.8,,5.0,66.02,2020-06-18
2020-06-18 03:00:00,18.9,17.7,93.0,0.3,,0.0,0.0,,1016.3,,5.0,66.02,2020-06-18
2020-06-18 04:00:00,18.3,17.8,97.0,0.3,,0.0,0.0,,1016.3,,5.0,64.94,2020-06-18
2020-06-18 05:00:00,18.9,17.7,93.0,0.3,,120.0,7.6,,1016.5,,7.0,66.02,2020-06-18
2020-06-18 06:00:00,17.8,16.7,93.0,0.3,,200.0,11.2,,1017.0,,7.0,64.04,2020-06-18
2020-06-18 07:00:00,18.3,17.1,93.0,0.0,,170.0,11.2,,1017.5,,7.0,64.94,2020-06-18
2020-06-18 08:00:00,18.3,16.6,90.0,0.0,,180.0,11.2,,1018.3,,7.0,64.94,2020-06-18
2020-06-18 09:00:00,19.4,17.2,87.0,0.0,,180.0,14.8,,1018.8,,,66.92,2020-06-18
2020-06-18 10:00:00,20.6,17.2,81.0,0.0,,170.0,11.2,,1019.1,,,69.08,2020-06-18
2020-06-18 11:00:00,21.7,17.3,76.0,0.0,,140.0,16.6,,1018.9,,,71.06,2020-06-18
2020-06-18 12:00:00,23.3,17.3,69.0,0.0,,190.0,11.2,,1019.2,,,73.94,2020-06-18
2020-06-18 13:00:00,23.9,16.7,64.0,0.0,,180.0,18.4,,1018.5,,,75.02,2020-06-18
2020-06-18 14:00:00,22.2,17.1,73.0,0.0,,220.0,9.4,,1018.7,,,71.96,2020-06-18
2020-06-18 15:00:00,24.4,16.6,62.0,0.0,,200.0,11.2,,1018.2,,,75.92,2020-06-18
2020-06-18 16:00:00,23.3,17.3,69.0,0.0,,150.0,14.8,,1017.8,,,73.94,2020-06-18
2020-06-18 17:00:00,23.9,17.9,69.0,0.0,,150.0,14.8,,1017.5,,7.0,75.02,2020-06-18
2020-06-18 18:00:00,22.8,17.7,73.0,0.0,,170.0,11.2,,1017.5,,7.0,73.04,2020-06-18
2020-06-18 19:00:00,22.2,17.8,76.0,0.0,,130.0,9.4,,1017.8,,7.0,71.96,2020-06-18
2020-06-18 20:00:00,22.2,18.4,79.0,0.0,,0.0,0.0,,1018.0,,7.0,71.96,2020-06-18
2020-06-18 21:00:00,20.0,18.3,90.0,1.0,,200.0,7.6,,1018.9,,7.0,68.0,2020-06-18
2020-06-18 22:00:00,19.4,17.2,87.0,0.8,,160.0,9.4,,1019.4,,6.0,66.92,2020-06-18
2020-06-18 23:00:00,18.3,17.1,93.0,0.8,,0.0,0.0,,1019.2,,5.0,64.94,2020-06-18
2020-06-19 00:00:00,18.3,17.1,93.0,0.0,,0.0,0.0,,1019.0,,5.666666666666667,64.94,2020-06-19
2020-06-19 01:00:00,18.9,17.7,93.0,0.3,,0.0,0.0,,1018.7,,6.333333333333333,66.02,2020-06-19
2020-06-19 02:00:00,18.9,17.2,90.0,1.5,,210.0,9.4,,1019.0,,7.0,66.02,2020-06-19
2020-06-19 03:00:00,18.9,17.2,90.0,0.5,,200.0,5.4,,1018.5,,6.0,66.02,2020-06-19
2020-06-19 04:00:00,18.3,17.1,93.0,0.375,,0.0,0.0,,1018.4,,5.0,64.94,2020-06-19
2020-06-19 05:00:00,18.3,17.1,93.0,0.25,,0.0,0.0,,1018.8,,7.0,64.94,2020-06-19
2020-06-19 06:00:00,18.3,17.1,93.0,0.125,,0.0,0.0,,1018.9,,5.0,64.94,2020-06-19
2020-06-19 07:00:00,18.9,17.7,93.0,0.0,,170.0,5.4,,1019.4,,5.0,66.02,2020-06-19
2020-06-19 08:00:00,19.4,18.2,93.0,0.0,,170.0,11.2,,1019.8,,7.0,66.92,2020-06-19
2020-06-19 09:00:00,20.0,18.3,90.0,0.15,,210.0,5.4,,1020.0,,7.0,68.0,2020-06-19
2020-06-19 10:00:00,20.6,18.9,90.0,0.3,,210.0,7.6,,1020.0,,7.0,69.08,2020-06-19
2020-06-19 11:00:00,22.2,18.4,79.0,0.0,,260.0,5.4,,1019.5,,7.0,71.96,2020-06-19
2020-06-19 12:00:00,23.3,18.4,74.0,0.0,,220.0,5.4,,1019.7,,7.0,73.94,2020-06-19
2020-06-19 13:00:00,25.0,18.9,69.0,0.0,,90.0,9.4,,1018.9,,7.0,77.0,2020-06-19
2020-06-19 14:00:00,26.1,18.3,62.0,0.0,,0.0,0.0,,1018.0,,7.0,78.98,2020-06-19
2020-06-19 15:00:00,26.1,18.3,62.0,0.0,,260.0,5.4,,1018.2,,7.0,78.98,2020-06-19
2020-06-19 16:00:00,21.7,20.0,90.0,3.0,,50.0,5.4,,1017.9,,7.0,71.06,2020-06-19
2020-06-19 17:00:00,23.3,20.6,85.0,0.5,,0.0,0.0,,1017.5,,6.75,73.94,2020-06-19
2020-06-19 18:00:00,23.3,20.6,85.0,0.0,,140.0,7.6,,1017.3,,6.5,73.94,2020-06-19
2020-06-19 19:00:00,23.3,20.1,82.0,0.0,,0.0,0.0,,1017.5,,6.25,73.94,2020-06-19
2020-06-19 20:00:00,23.3,20.1,82.0,0.0,,0.0,0.0,,1017.7,,,73.94,2020-06-19
2020-06-19 21:00:00,22.2,19.4,84.0,0.0,,170.0,16.6,,1018.6,,5.75,71.96,2020-06-19
2020-06-19 22:00:00,20.6,18.9,90.0,0.0,,290.0,5.4,,1018.5,,5.5,69.08,2020-06-19
2020-06-19 23:00:00,20.0,18.8,93.0,0.0,,0.0,0.0,,1018.3,,5.25,68.0,2020-06-19
2020-06-20 00:00:00,19.4,18.2,93.0,0.0,,0.0,0.0,,1018.0,,5.0,66.92,2020-06-20
2020-06-20 01:00:00,18.9,17.7,93.0,0.0,,0.0,0.0,,1017.8,,5.0,66.02,2020-06-20
2020-06-20 02:00:00,18.3,17.8,97.0,0.0,,0.0,0.0,,1017.4,,5.0,64.94,2020-06-20
2020-06-20 03:00:00,19.4,18.2,93.0,0.0,,0.0,0.0,,1017.1,,5.0,66.92,2020-06-20
2020-06-20 04:00:00,19.4,18.9,97.0,0.0,,200.0,7.6,,1016.6,,5.0,66.92,2020-06-20
2020-06-20 05:00:00,19.4,18.9,97.0,0.0,,0.0,0.0,,1016.6,,5.0,66.92,2020-06-20
2020-06-20 06:00:00,19.4,18.9,97.0,0.0,,0.0,0.0,,1016.6,,5.0,66.92,2020-06-20
2020-06-20 07:00:00,20.0,18.8,93.0,0.0,,0.0,0.0,,1017.1,,5.0,68.0,2020-06-20
2020-06-20 08:00:00,20.6,18.4,87.0,0.0,,350.0,5.4,,1017.6,,5.0,69.08,2020-06-20
2020-06-20 09:00:00,20.6,18.4,87.0,0.0,,10.0,7.6,,1018.1,,5.0,69.08,2020-06-20
2020-06-20 10:00:00,22.8,18.3,76.0,0.0,,0.0,0.0,,1018.0,,5.0,73.04,2020-06-20
2020-06-20 11:00:00,23.3,18.4,74.0,0.0,,30.0,5.4,,1018.2,,,73.94,2020-06-20
2020-06-20 12:00:00,25.6,19.0,67.0,0.0,,0.0,0.0,,1017.8,,,78.08,2020-06-20
2020-06-20 13:00:00,26.1,19.5,67.0,0.0,,90.0,11.2,,1017.3,,,78.98,2020-06-20
2020-06-20 14:00:00,26.7,18.3,60.0,0.0,,45.0,7.6,,1016.4,,,80.06,2020-06-20
2020-06-20 15:00:00,27.2,18.2,58.0,0.0,,0.0,0.0,,1015.9,,,80.96,2020-06-20
2020-06-20 16:00:00,27.8,19.3,60.0,0.0,,220.0,13.0,,1015.1,,,82.04,2020-06-20
2020-06-20 17:00:00,27.8,18.8,58.0,0.0,,230.0,9.4,,1014.8,,,82.04,2020-06-20
2020-06-20 18:00:00,25.6,20.6,74.0,0.0,,0.0,0.0,,1014.8,,,78.08,2020-06-20
2020-06-20 19:00:00,24.4,18.8,71.0,0.0,,320.0,9.4,,1015.3,,,75.92,2020-06-20
2020-06-20 20:00:00,23.3,18.8,76.0,0.0,,0.0,0.0,,1015.5,,,73.94,2020-06-20
2020-06-20 21:00:00,21.7,17.9,79.0,0.0,,0.0,0.0,,1015.5,,,71.06,2020-06-20
2020-06-20 22:00:00,21.7,17.9,79.0,0.0,,10.0,5.4,,1015.5,,,71.06,2020-06-20
2020-06-20 23:00:00,20.0,18.3,90.0,0.0,,0.0,0.0,,1015.8,,5.0,68.0,2020-06-20
2020-06-21 00:00:00,18.9,17.7,93.0,0.0,,0.0,0.0,,1016.1,,5.0,66.02,2020-06-21
2020-06-21 01:00:00,18.3,17.1,93.0,0.0,,0.0,0.0,,1015.9,,5.0,64.94,2020-06-21
2020-06-21 02:00:00,18.3,17.1,93.0,0.0,,0.0,0.0,,1015.7,,5.0,64.94,2020-06-21
2020-06-21 03:00:00,18.9,17.7,93.0,0.0,,40.0,7.6,,1015.6,,5.0,66.02,2020-06-21
2020-06-21 04:00:00,18.9,17.7,93.0,0.0,,0.0,0.0,,1015.3,,5.0,66.02,2020-06-21
2020-06-21 05:00:00,20.0,18.8,93.0,0.0,,40.0,5.4,,1015.3,,5.0,68.0,2020-06-21
2020-06-21 06:00:00,20.0,18.8,93.0,0.0,,0.0,0.0,,1015.5,,5.0,68.0,2020-06-21
2020-06-21 07:00:00,20.0,18.8,93.0,0.0,,0.0,0.0,,1015.9,,5.0,68.0,2020-06-21
2020-06-21 08:00:00,20.0,18.8,93.0,0.0,,10.0,9.4,,1016.2,,5.0,68.0,2020-06-21
2020-06-21 09:00:00,22.2,19.4,84.0,0.0,,0.0,0.0,,1016.5,,5.0,71.96,2020-06-21
2020-06-21 10:00:00,23.9,19.4,76.0,0.0,,0.0,0.0,,1016.9,,5.0,75.02,2020-06-21
2020-06-21 11:00:00,25.0,20.0,74.0,0.0,,230.0,5.4,,1017.1,,5.0,77.0,2020-06-21
2020-06-21 12:00:00,26.7,18.8,62.0,0.0,,230.0,5.4,,1017.0,,,80.06,2020-06-21
2020-06-21 13:00:00,27.8,19.3,60.0,0.0,,180.0,7.6,,1016.6,,,82.04,2020-06-21
2020-06-21 14:00:00,27.8,19.3,60.0,0.0,,0.0,0.0,,1016.3,,,82.04,2020-06-21
2020-06-21 15:00:00,29.4,18.8,53.0,0.0,,180.0,7.6,,1015.6,,,84.91999999999999,2020-06-21
2020-06-21 16:00:00,29.4,19.4,55.0,0.0,,180.0,13.0,,1015.0,,,84.91999999999999,2020-06-21
2020-06-21 17:00:00,28.9,19.0,55.0,0.0,,160.0,14.8,,1014.9,,,84.02,2020-06-21
2020-06-21 18:00:00,28.9,19.5,57.0,0.0,,190.0,9.4,,1014.3,,,84.02,2020-06-21
2020-06-21 19:00:00,27.2,20.5,67.0,0.0,,200.0,5.4,,1014.1,,,80.96,2020-06-21
2020-06-21 20:00:00,27.8,20.1,63.0,0.0,,140.0,5.4,,1014.4,,,82.04,2020-06-21
2020-06-21 21:00:00,23.3,20.6,85.0,0.0,,0.0,0.0,,1015.0,,,73.94,2020-06-21
2020-06-21 22:00:00,22.8,20.5,87.0,0.0,,0.0,0.0,,1015.4,,5.0,73.04,2020-06-21
2020-06-21 23:00:00,21.7,20.7,94.0,0.0,,0.0,0.0,,1015.3,,5.0,71.06,2020-06-21
2020-06-22 00:00:00,22.2,19.9,87.0,0.0,,0.0,0.0,,1015.3,,5.0,71.96,2020-06-22
2020-06-22 01:00:00,21.1,19.4,90.0,0.0,,0.0,0.0,,1015.6,,5.0,69.98,2020-06-22
2020-06-22 02:00:00,20.6,19.4,93.0,0.0,,0.0,0.0,,1014.7,,5.0,69.08,2020-06-22
2020-06-22 03:00:00,20.6,19.4,93.0,0.0,,0.0,0.0,,1014.9,,5.0,69.08,2020-06-22
2020-06-22 04:00:00,20.6,19.4,93.0,0.0,,0.0,0.0,,1015.4,,5.0,69.08,2020-06-22
2020-06-22 05:00:00,20.0,18.8,93.0,0.0,,0.0,0.0,,1015.1,,5.0,68.0,2020-06-22
2020-06-22 06:00:00,20.6,19.4,93.0,0.0,,0.0,0.0,,1014.8,,5.0,69.08,2020-06-22
2020-06-22 07:00:00,21.7,20.0,90.0,0.0,,0.0,0.0,,1015.0,,5.0,71.06,2020-06-22
2020-06-22 08:00:00,22.8,21.1,90.0,0.0,,0.0,0.0,,1015.4,,5.0,73.04,2020-06-22
2020-06-22 09:00:00,22.8,21.8,94.0,0.0,,220.0,7.6,,1015.5,,5.0,73.04,2020-06-22
2020-06-22 10:00:00,24.4,21.7,85.0,0.0,,200.0,5.4,,1015.3,,5.0,75.92,2020-06-22
2020-06-22 11:00:00,25.6,21.7,79.0,0.0,,245.0,7.6,,1015.3,,5.0,78.08,2020-06-22
2020-06-22 12:00:00,27.2,21.0,69.0,0.0,,290.0,9.4,,1015.4,,,80.96,2020-06-22
2020-06-22 13:00:00,29.4,21.1,61.0,0.0,,290.0,13.0,,1014.9,,,84.91999999999999,2020-06-22
2020-06-22 14:00:00,30.0,20.0,55.0,0.0,,230.0,11.2,,1014.0,,,86.0,2020-06-22
2020-06-22 15:00:00,31.1,21.0,55.0,0.0,,210.0,9.4,,1013.4,,,87.98,2020-06-22
2020-06-22 16:00:00,31.7,19.3,48.0,0.0,,210.0,11.2,,1012.1,,,89.06,2020-06-22
2020-06-22 17:00:00,31.7,18.3,45.0,0.0,,240.0,14.8,,1011.9,,,89.06,2020-06-22
2020-06-22 18:00:00,31.7,18.0,44.0,0.0,,180.0,5.4,,1011.5,,,89.06,2020-06-22
2020-06-22 19:00:00,30.0,20.6,57.0,0.0,,180.0,13.0,,1011.8,,,86.0,2020-06-22
2020-06-22 20:00:00,27.8,20.6,65.0,0.0,,220.0,7.6,,1012.5,,,82.04,2020-06-22
2020-06-22 21:00:00,23.9,20.6,82.0,0.0,,0.0,0.0,,1012.8,,,75.02,2020-06-22
2020-06-22 22:00:00,23.3,20.6,85.0,0.0,,0.0,0.0,,1012.9,,,73.94,2020-06-22
2020-06-22 23:00:00,23.3,21.2,88.0,0.0,,230.0,5.4,,1012.8,,,73.94,2020-06-22
2020-06-23 00:00:00,21.7,19.4,87.0,0.0,,0.0,0.0,,1012.0,,,71.06,2020-06-23
2020-06-23 01:00:00,21.1,19.4,90.0,0.0,,0.0,0.0,,1011.8,,,69.98,2020-06-23
2020-06-23 02:00:00,20.6,19.4,93.0,0.0,,0.0,0.0,,1011.3,,5.0,69.08,2020-06-23
2020-06-23 03:00:00,21.1,19.4,90.0,0.0,,230.0,5.4,,1010.8,,5.0,69.98,2020-06-23
2020-06-23 04:00:00,20.6,18.9,90.0,0.0,,0.0,0.0,,1010.2,,5.0,69.08,2020-06-23
2020-06-23 05:00:00,20.0,18.3,90.0,0.0,,0.0,0.0,,1009.9,,5.0,68.0,2020-06-23
2020-06-23 06:00:00,18.3,17.8,97.0,0.0,,0.0,0.0,,1010.3,,5.0,64.94,2020-06-23
2020-06-23 07:00:00,20.6,18.9,90.0,0.0,,0.0,0.0,,1010.5,,5.166666666666667,69.08,2020-06-23
2020-06-23 08:00:00,22.8,20.0,84.0,0.0,,180.0,5.4,,1010.5,,5.333333333333333,73.04,2020-06-23
2020-06-23 09:00:00,24.4,20.1,77.0,0.0,,180.0,7.6,,1010.7,,5.5,75.92,2020-06-23
2020-06-23 10:00:00,26.7,20.1,67.0,0.0,,220.0,13.0,,1010.2,,,80.06,2020-06-23
2020-06-23 11:00:00,28.3,20.6,63.0,0.0,,210.0,9.4,,1009.5,,,82.94,2020-06-23
2020-06-23 12:00:00,28.3,21.1,65.0,0.0,,190.0,16.6,,1009.6,,,82.94,2020-06-23
2020-06-23 13:00:00,28.9,21.2,63.0,0.0,,200.0,7.6,,1008.9,,,84.02,2020-06-23
2020-06-23 14:00:00,29.4,21.1,61.0,0.0,,200.0,11.2,,1008.0,,,84.91999999999999,2020-06-23
2020-06-23 15:00:00,28.3,20.6,63.0,0.0,,200.0,14.8,,1007.6,,6.5,82.94,2020-06-23
2020-06-23 16:00:00,29.4,21.6,63.0,0.3,,190.0,13.0,,1006.9,,6.666666666666666,84.91999999999999,2020-06-23
2020-06-23 17:00:00,29.4,20.6,59.0,0.0,,200.0,14.8,,1006.2,,6.833333333333333,84.91999999999999,2020-06-23
2020-06-23 18:00:00,28.3,20.6,63.0,0.0,,240.0,5.4,,1006.5,,7.0,82.94,2020-06-23
2020-06-23 19:00:00,24.4,22.3,88.0,1.3,,240.0,14.8,,1007.3,,6.5,75.92,2020-06-23
2020-06-23 20:00:00,23.9,21.8,88.0,0.3,,210.0,7.6,,1007.2,,6.0,75.02,2020-06-23
2020-06-23 21:00:00,22.8,21.1,90.0,0.0,,0.0,0.0,,1007.5,,5.5,73.04,2020-06-23
2020-06-23 22:00:00,22.2,21.2,94.0,0.0,,210.0,5.4,,1007.6,,5.0,71.96,2020-06-23
2020-06-23 23:00:00,22.2,21.2,94.0,0.0,,210.0,9.4,,1007.6,,5.0,71.96,2020-06-23
2020-06-24 00:00:00,22.2,21.2,94.0,0.0,,220.0,11.2,,1007.8,,5.16,71.96,2020-06-24
2020-06-24 01:00:00,22.2,19.9,87.0,0.0,,235.0,7.6,,1007.6,,5.32,71.96,2020-06-24
2020-06-24 02:00:00,21.7,18.9,84.0,0.0,,250.0,9.4,,1008.0,,5.48,71.06,2020-06-24
2020-06-24 03:00:00,21.1,18.9,87.0,0.0,,240.0,7.6,,1008.3,,,69.98,2020-06-24
2020-06-24 04:00:00,20.6,18.4,87.0,0.0,,230.0,5.4,,1008.4,,,69.08,2020-06-24
2020-06-24 05:00:00,20.0,17.8,87.0,0.0,,115.0,5.4,,1008.9,,,68.0,2020-06-24
2020-06-24 06:00:00,19.4,16.6,84.0,0.0,,0.0,0.0,,1009.3,,,66.92,2020-06-24
2020-06-24 07:00:00,20.6,17.2,81.0,0.0,,0.0,0.0,,1010.6,,,69.08,2020-06-24
2020-06-24 08:00:00,22.2,17.1,73.0,0.0,,200.0,5.4,,1011.5,,,71.96,2020-06-24
2020-06-24 09:00:00,23.9,15.7,60.0,0.0,,310.0,9.4,,1012.2,,,75.02,2020-06-24
2020-06-24 10:00:00,25.6,14.4,50.0,0.0,,300.0,11.2,,1012.4,,,78.08,2020-06-24
2020-06-24 11:00:00,25.6,13.5,47.0,0.0,,260.0,9.4,,1012.1,,,78.08,2020-06-24
2020-06-24 12:00:00,26.7,13.8,45.0,0.0,,220.0,7.6,,1011.9,,,80.06,2020-06-24
2020-06-24 13:00:00,27.8,15.1,46.0,0.0,,220.0,9.4,,1011.9,,,82.04,2020-06-24
2020-06-24 14:00:00,28.3,14.5,43.0,0.0,,230.0,9.4,,1012.0,,,82.94,2020-06-24
2020-06-24 15:00:00,28.3,14.5,43.0,0.0,,230.0,9.4,,1012.2,,,82.94,2020-06-24
2020-06-24 16:00:00,29.4,14.4,40.0,0.0,,200.0,9.4,,1012.1,,,84.91999999999999,2020-06-24
2020-06-24 17:00:00,28.9,15.8,45.0,0.0,,200.0,14.8,,1011.6,,,84.02,2020-06-24
2020-06-24 18:00:00,28.3,14.9,44.0,0.0,,200.0,13.0,,1011.3,,,82.94,2020-06-24
2020-06-24 19:00:00,26.7,15.7,51.0,0.0,,210.0,13.0,,1011.6,,,80.06,2020-06-24
2020-06-24 20:00:00,25.0,17.7,64.0,0.0,,190.0,5.4,,1011.9,,,77.0,2020-06-24
2020-06-24 21:00:00,22.8,18.3,76.0,0.0,,0.0,0.0,,1012.1,,8.52,73.04,2020-06-24
2020-06-24 22:00:00,20.6,17.8,84.0,0.0,,0.0,0.0,,1012.8,,8.68,69.08,2020-06-24
2020-06-24 23:00:00,20.6,17.2,81.0,0.0,,0.0,0.0,,1013.2,,8.84,69.08,2020-06-24
2020-06-25 00:00:00,20.0,17.2,84.0,0.0,,0.0,0.0,,1013.5,,9.0,68.0,2020-06-25
2020-06-25 01:00:00,21.7,17.9,79.0,6.4,,0.0,0.0,,1013.1,,7.0,71.06,2020-06-25
2020-06-25 02:00:00,20.0,18.8,93.0,0.3,,0.0,0.0,,1013.3,,5.0,68.0,2020-06-25
2020-06-25 03:00:00,18.9,17.7,93.0,0.0,,0.0,0.0,,1013.4,,5.0,66.02,2020-06-25
2020-06-25 04:00:00,18.9,17.7,93.0,0.0,,0.0,0.0,,1013.3,,5.0,66.02,2020-06-25
2020-06-25 05:00:00,18.3,17.1,93.0,0.0,,0.0,0.0,,1013.2,,5.0,64.94,2020-06-25
2020-06-25 06:00:00,18.3,17.1,93.0,0.0,,0.0,0.0,,1013.9000000000001,,5.0,64.94,2020-06-25
2020-06-25 07:00:00,18.3,16.6,90.0,0.0,,0.0,0.0,,1014.6,,6.428571428571429,64.94,2020-06-25
2020-06-25 08:00:00,21.7,19.4,87.0,0.0,,0.0,0.0,,1014.7,,7.857142857142858,71.06,2020-06-25
2020-06-25 09:00:00,24.4,18.3,69.0,0.0,,10.0,5.4,,1015.0,,9.285714285714285,75.92,2020-06-25
2020-06-25 10:00:00,26.7,17.2,56.0,0.0,,0.0,0.0,,1015.3,,,80.06,2020-06-25
2020-06-25 11:00:00,27.8,16.7,51.0,0.0,,30.0,7.6,,1015.8,,,82.04,2020-06-25
2020-06-25 12:00:00,27.8,17.3,53.0,0.0,,15.0,7.6,,1016.1,,,82.04,2020-06-25
2020-06-25 13:00:00,28.3,17.2,51.0,0.0,,0.0,0.0,,1015.6,,,82.94,2020-06-25
2020-06-25 14:00:00,27.8,16.7,51.0,0.0,,0.0,9.4,,1015.4,,,82.04,2020-06-25
2020-06-25 15:00:00,29.4,15.5,43.0,0.0,,0.0,0.0,,1015.1,,,84.91999999999999,2020-06-25
2020-06-25 16:00:00,29.4,16.6,46.0,0.0,,210.0,7.6,,1014.6,,,84.91999999999999,2020-06-25
2020-06-25 17:00:00,28.9,16.1,46.0,0.0,,230.0,7.6,,1014.1,,20.714285714285715,84.02,2020-06-25
2020-06-25 18:00:00,29.4,15.5,43.0,0.0,,240.0,7.6,,1013.9,,22.142857142857142,84.91999999999999,2020-06-25
2020-06-25 19:00:00,28.9,16.1,46.0,0.0,,240.0,5.4,,1014.0,,23.571428571428573,84.02,2020-06-25
2020-06-25 20:00:00,25.0,18.2,66.0,0.0,,320.0,7.6,,1014.7,,25.0,77.0,2020-06-25
2020-06-25 21:00:00,25.0,15.6,56.0,0.0,,50.0,5.4,,1015.3,,25.0,77.0,2020-06-25
2020-06-25 22:00:00,21.1,15.6,71.0,0.0,,0.0,0.0,,1016.0,,25.0,69.98,2020-06-25
2020-06-25 23:00:00,20.0,16.0,78.0,0.0,,0.0,0.0,,1016.7,,25.0,68.0,2020-06-25
2020-06-26 00:00:00,21.1,16.1,73.0,0.0,,330.0,5.4,,1017.4,,,69.98,2020-06-26
2020-06-26 01:00:00,19.4,16.1,81.0,0.0,,330.0,5.4,,1017.7,,,66.92,2020-06-26
2020-06-26 02:00:00,18.9,15.6,81.0,0.0,,0.0,0.0,,1018.1,,,66.02,2020-06-26
2020-06-26 03:00:00,17.8,15.1,84.0,0.0,,0.0,0.0,,1018.3,,,64.04,2020-06-26
2020-06-26 04:00:00,15.6,14.0,90.0,0.0,,0.0,0.0,,1018.5,,,60.08,2020-06-26
2020-06-26 05:00:00,15.6,14.0,90.0,0.0,,0.0,0.0,,1018.5,,,60.08,2020-06-26
2020-06-26 06:00:00,15.6,13.3,86.0,0.0,,0.0,0.0,,1018.8,,,60.08,2020-06-26
2020-06-26 07:00:00,16.7,14.3,86.0,0.0,,0.0,0.0,,1019.3,,,62.059999999999995,2020-06-26
2020-06-26 08:00:00,20.6,15.6,73.0,0.0,,0.0,0.0,,1019.7,,,69.08,2020-06-26
2020-06-26 09:00:00,23.3,17.3,69.0,0.0,,180.0,7.6,,1019.9,,,73.94,2020-06-26
2020-06-26 10:00:00,25.0,17.2,62.0,0.0,,170.0,7.6,,1019.9,,,77.0,2020-06-26
2020-06-26 11:00:00,26.7,17.2,56.0,0.0,,180.0,7.6,,1019.8,,,80.06,2020-06-26
2020-06-26 12:00:00,28.3,16.6,49.0,0.0,,195.0,5.4,,1019.6,,,82.94,2020-06-26
2020-06-26 13:00:00,29.4,15.2,42.0,0.0,,210.0,5.4,,1019.3,,,84.91999999999999,2020-06-26
2020-06-26 14:00:00,30.0,14.9,40.0,0.0,,210.0,7.6,,1018.4,,,86.0,2020-06-26
2020-06-26 15:00:00,29.4,15.5,43.0,0.0,,240.0,9.4,,1017.9,,,84.91999999999999,2020-06-26
2020-06-26 16:00:00,29.4,16.2,45.0,0.0,,230.0,9.4,,1017.4,,,84.91999999999999,2020-06-26
2020-06-26 17:00:00,29.4,16.6,46.0,0.0,,230.0,7.6,,1017.1,,,84.91999999999999,2020-06-26
2020-06-26 18:00:00,29.4,17.2,48.0,0.0,,240.0,7.6,,1016.7,,,84.91999999999999,2020-06-26
2020-06-26 19:00:00,28.9,18.4,53.0,0.0,,210.0,11.2,,1016.6,,,84.02,2020-06-26
2020-06-26 20:00:00,27.2,18.2,58.0,0.0,,210.0,9.4,,1016.5,,,80.96,2020-06-26
2020-06-26 21:00:00,23.9,18.3,71.0,0.0,,0.0,0.0,,1016.3,,,75.02,2020-06-26
2020-06-26 22:00:00,22.2,18.4,79.0,0.0,,230.0,5.4,,1016.4,,,71.96,2020-06-26
2020-06-26 23:00:00,21.1,17.9,82.0,0.0,,0.0,0.0,,1016.3,,,69.98,2020-06-26
2020-06-27 00:00:00,21.7,17.3,76.0,0.0,,230.0,5.4,,1015.8,,,71.06,2020-06-27
2020-06-27 01:00:00,21.7,17.3,76.0,0.0,,0.0,0.0,,1015.5,,,71.06,2020-06-27
2020-06-27 02:00:00,19.4,16.6,84.0,0.0,,170.0,5.4,,1015.5,,,66.92,2020-06-27
2020-06-27 03:00:00,20.0,17.2,84.0,0.0,,220.0,7.6,,1015.1,,,68.0,2020-06-27
2020-06-27 04:00:00,19.4,16.6,84.0,0.0,,160.0,7.6,,1014.9,,,66.92,2020-06-27
2020-06-27 05:00:00,17.8,16.1,90.0,0.0,,230.0,7.6,,1014.7,,,64.04,2020-06-27
2020-06-27 06:00:00,18.9,16.1,84.0,0.0,,220.0,5.4,,1014.8,,,66.02,2020-06-27
2020-06-27 07:00:00,20.6,16.0,75.0,0.0,,240.0,7.6,,1014.4,,,69.08,2020-06-27
2020-06-27 08:00:00,22.2,16.7,71.0,0.0,,210.0,11.2,,1014.3,,,71.96,2020-06-27
2020-06-27 09:00:00,23.9,16.7,64.0,0.0,,230.0,11.2,,1014.7,,,75.02,2020-06-27
2020-06-27 10:00:00,27.2,17.9,57.0,0.0,,245.0,9.4,,1014.4,,,80.96,2020-06-27
2020-06-27 11:00:00,28.9,19.0,55.0,0.0,,260.0,11.2,,1014.0,,,84.02,2020-06-27
2020-06-27 12:00:00,30.0,18.8,51.0,0.0,,260.0,9.4,,1014.0,,,86.0,2020-06-27
2020-06-27 13:00:00,30.6,19.3,51.0,0.0,,280.0,13.0,,1014.0,,,87.08000000000001,2020-06-27
2020-06-27 14:00:00,30.6,19.0,50.0,0.0,,250.0,11.2,,1013.5,,,87.08000000000001,2020-06-27
2020-06-27 15:00:00,31.1,18.5,47.0,0.0,,270.0,16.6,,1012.5,,,87.98,2020-06-27
2020-06-27 16:00:00,31.7,18.3,45.0,0.0,,257.5,11.2,,1011.4,,,89.06,2020-06-27
2020-06-27 17:00:00,32.2,18.4,44.0,0.0,,245.0,7.6,,1010.9,,,89.96000000000001,2020-06-27
2020-06-27 18:00:00,32.2,18.8,45.0,0.0,,232.5,9.4,,1010.6,,,89.96000000000001,2020-06-27
2020-06-27 19:00:00,31.1,18.5,47.0,0.0,,220.0,13.0,,1010.4,,,87.98,2020-06-27
2020-06-27 20:00:00,28.9,17.8,51.0,0.0,,270.0,18.4,,1010.4,,,84.02,2020-06-27
2020-06-27 21:00:00,27.2,18.2,58.0,0.0,,230.0,9.4,,1010.7,,,80.96,2020-06-27
2020-06-27 22:00:00,26.7,17.8,58.0,0.0,,153.33333333333331,7.6,,1010.7,,,80.06,2020-06-27
2020-06-27 23:00:00,26.1,17.7,60.0,0.0,,76.66666666666666,7.6,,1010.7,,,78.98,2020-06-27
2020-06-28 00:00:00,25.6,18.3,64.0,0.0,,0.0,0.0,,1011.2,,,78.08,2020-06-28
2020-06-28 01:00:00,23.3,18.8,76.0,0.0,,200.0,7.6,,1010.8,,,73.94,2020-06-28
2020-06-28 02:00:00,23.3,18.8,76.0,0.0,,240.0,5.4,,1010.3,,,73.94,2020-06-28
2020-06-28 03:00:00,21.7,18.9,84.0,0.0,,0.0,0.0,,1010.1,,,71.06,2020-06-28
2020-06-28 04:00:00,21.7,18.9,84.0,0.0,,200.0,7.6,,1009.9,,,71.06,2020-06-28
2020-06-28 05:00:00,21.7,18.3,81.0,0.0,,220.0,7.6,,1009.9,,,71.06,2020-06-28
2020-06-28 06:00:00,21.1,18.3,84.0,0.0,,180.0,7.6,,1010.1,,,69.98,2020-06-28
2020-06-28 07:00:00,22.8,19.4,81.0,0.0,,0.0,0.0,,1010.1,,,73.04,2020-06-28
2020-06-28 08:00:00,22.8,19.4,81.0,0.0,,210.0,7.6,,1010.7,,,73.04,2020-06-28
2020-06-28 09:00:00,24.4,20.1,77.0,0.0,,0.0,0.0,,1011.1,,,75.92,2020-06-28
2020-06-28 10:00:00,26.1,20.7,72.0,0.0,,0.0,0.0,,1011.0,,,78.98,2020-06-28
2020-06-28 11:00:00,27.2,20.5,67.0,0.0,,0.0,0.0,,1011.2,,,80.96,2020-06-28
2020-06-28 12:00:00,27.2,20.1,65.0,0.0,,250.0,5.4,,1011.2,,,80.96,2020-06-28
2020-06-28 13:00:00,28.3,20.6,63.0,0.0,,250.0,13.0,,1011.0,,,82.94,2020-06-28
2020-06-28 14:00:00,28.3,20.1,61.0,0.0,,260.0,16.6,,1010.5,,,82.94,2020-06-28
2020-06-28 15:00:00,28.3,20.6,63.0,0.0,,240.0,13.0,,1010.0,,,82.94,2020-06-28
2020-06-28 16:00:00,27.2,20.5,67.0,0.0,,250.0,13.0,,1010.1,,,80.96,2020-06-28
2020-06-28 17:00:00,26.7,20.1,67.0,0.0,,260.0,7.6,,1009.7,,,80.06,2020-06-28
2020-06-28 18:00:00,26.1,20.7,72.0,0.0,,230.0,7.6,,1009.1,,,78.98,2020-06-28
2020-06-28 19:00:00,25.0,20.7,77.0,0.0,,210.0,5.4,,1009.1,,,77.0,2020-06-28
2020-06-28 20:00:00,25.0,19.4,71.0,0.0,,225.0,5.4,,1009.5,,,77.0,2020-06-28
2020-06-28 21:00:00,24.4,18.3,69.0,0.0,,240.0,7.6,,1009.8,,,75.92,2020-06-28
2020-06-28 22:00:00,23.9,18.3,71.0,0.0,,240.0,5.4,,1010.1,,,75.02,2020-06-28
2020-06-28 23:00:00,22.8,18.3,76.0,0.0,,0.0,0.0,,1010.0,,,73.04,2020-06-28
2020-06-29 00:00:00,22.8,18.3,76.0,0.0,,115.0,7.6,,1010.4,,,73.04,2020-06-29
2020-06-29 01:00:00,22.8,18.3,76.0,0.0,,230.0,7.6,,1010.5,,,73.04,2020-06-29
2020-06-29 02:00:00,22.8,18.3,76.0,0.0,,115.0,5.4,,1010.3,,,73.04,2020-06-29
2020-06-29 03:00:00,21.7,18.3,81.0,0.0,,0.0,0.0,,1010.3,,,71.06,2020-06-29
2020-06-29 04:00:00,20.6,18.4,87.0,0.0,,0.0,0.0,,1010.1,,,69.08,2020-06-29
2020-06-29 05:00:00,19.4,17.9,91.0,0.0,,0.0,0.0,,1010.4,,,66.92,2020-06-29
2020-06-29 06:00:00,18.9,17.2,90.0,0.0,,0.0,0.0,,1011.0,,,66.02,2020-06-29
2020-06-29 07:00:00,20.6,18.4,87.0,0.0,,0.0,0.0,,1011.9,,,69.08,2020-06-29
2020-06-29 08:00:00,25.0,18.2,66.0,0.0,,10.0,9.4,,1012.4,,,77.0,2020-06-29
2020-06-29 09:00:00,26.7,18.3,60.0,0.0,,10.0,9.4,,1012.5,,,80.06,2020-06-29
2020-06-29 10:00:00,28.3,19.0,57.0,0.0,,360.0,14.8,,1013.0,,,82.94,2020-06-29
2020-06-29 11:00:00,28.9,18.4,53.0,0.0,,330.0,11.2,,1013.3,,,84.02,2020-06-29
2020-06-29 12:00:00,29.4,18.8,53.0,0.0,,330.0,13.0,,1013.2,,,84.91999999999999,2020-06-29
2020-06-29 13:00:00,30.6,19.0,50.0,0.0,,175.0,9.4,,1013.0,,,87.08000000000001,2020-06-29
2020-06-29 14:00:00,31.7,19.0,47.0,0.0,,20.0,11.2,,1012.7,,,89.06,2020-06-29
2020-06-29 15:00:00,32.8,18.2,42.0,0.0,,20.0,5.4,,1012.4,,,91.03999999999999,2020-06-29
2020-06-29 16:00:00,32.8,18.9,44.0,0.0,,20.0,14.8,,1011.9,,,91.03999999999999,2020-06-29
2020-06-29 17:00:00,32.2,19.5,47.0,0.0,,210.0,11.2,,1011.7,,,89.96000000000001,2020-06-29
2020-06-29 18:00:00,31.7,19.3,48.0,0.0,,220.0,11.2,,1011.5,,,89.06,2020-06-29
2020-06-29 19:00:00,30.6,20.5,55.0,0.0,,200.0,5.4,,1011.4,,,87.08000000000001,2020-06-29
2020-06-29 20:00:00,29.4,20.6,59.0,0.0,,140.0,9.4,,1011.6,,,84.91999999999999,2020-06-29
2020-06-29 21:00:00,27.2,21.0,69.0,0.0,,0.0,0.0,,1011.9,,,80.96,2020-06-29
2020-06-29 22:00:00,23.9,21.0,84.0,0.0,,0.0,0.0,,1013.0,,,75.02,2020-06-29
2020-06-29 23:00:00,23.3,20.6,85.0,0.0,,0.0,0.0,,1013.2,,,73.94,2020-06-29
2020-06-30 00:00:00,23.9,20.6,82.0,0.0,,340.0,5.4,,1013.3,,,75.02,2020-06-30
2020-06-30 01:00:00,23.3,20.6,85.0,0.0,,0.0,0.0,,1013.0,,,73.94,2020-06-30
2020-06-30 02:00:00,23.3,20.6,85.0,0.0,,350.0,5.4,,1012.5,,,73.94,2020-06-30
2020-06-30 03:00:00,23.9,20.0,79.0,0.0,,350.0,5.4,,1012.2,,,75.02,2020-06-30
2020-06-30 04:00:00,23.3,20.1,82.0,0.0,,350.0,5.4,,1012.0,,,73.94,2020-06-30
2020-06-30 05:00:00,21.7,19.4,87.0,0.0,,0.0,0.0,,1012.4,,,71.06,2020-06-30
2020-06-30 06:00:00,20.6,18.9,90.0,0.0,,0.0,0.0,,1012.7,,,69.08,2020-06-30
2020-06-30 07:00:00,21.7,19.4,87.0,0.0,,0.0,0.0,,1013.1,,,71.06,2020-06-30
2020-06-30 08:00:00,23.9,20.6,82.0,0.0,,0.0,0.0,,1013.1,,,75.02,2020-06-30
2020-06-30 09:00:00,27.2,19.3,62.0,0.0,,30.0,7.6,,1013.5,,,80.96,2020-06-30
2020-06-30 10:00:00,28.3,19.5,59.0,0.0,,50.0,7.6,,1013.7,,,82.94,2020-06-30
2020-06-30 11:00:00,29.4,18.8,53.0,0.0,,60.0,13.0,,1013.4,,,84.91999999999999,2020-06-30
2020-06-30 12:00:00,30.0,19.4,53.0,0.0,,80.0,9.4,,1013.4,,,86.0,2020-06-30
2020-06-30 13:00:00,30.0,18.8,51.0,0.0,,80.0,9.4,,1013.2,,,86.0,2020-06-30
2020-06-30 14:00:00,30.0,18.8,51.0,0.0,,120.0,5.4,,1012.9,,,86.0,2020-06-30
2020-06-30 15:00:00,31.1,18.5,47.0,0.0,,0.0,0.0,,1012.5,,,87.98,2020-06-30
2020-06-30 16:00:00,31.1,19.5,50.0,0.0,,230.0,5.4,,1011.6,,,87.98,2020-06-30
2020-06-30 17:00:00,30.0,20.0,55.0,0.0,,230.0,5.4,,1011.3,,,86.0,2020-06-30
2020-06-30 18:00:00,31.1,18.8,48.0,0.0,,0.0,0.0,,1011.1,,,87.98,2020-06-30
2020-06-30 19:00:00,28.3,22.3,70.0,0.0,,0.0,0.0,,1011.1,,,82.94,2020-06-30
2020-06-30 20:00:00,26.1,21.8,77.0,0.0,,0.0,0.0,,1011.1,,,78.98,2020-06-30
2020-06-30 21:00:00,25.0,21.1,79.0,0.0,,0.0,0.0,,1011.2,,,77.0,2020-06-30
2020-06-30 22:00:00,23.9,21.0,84.0,0.0,,0.0,0.0,,1011.7,,,75.02,2020-06-30
2020-06-30 23:00:00,23.3,20.6,85.0,0.0,,0.0,0.0,,1012.2,,,73.94,2020-06-30
2020-07-01 00:00:00,22.8,20.5,87.0,0.0,,0.0,0.0,,1011.6,,,73.04,2020-07-01
2020-07-01 01:00:00,21.1,19.4,90.0,0.0,,0.0,0.0,,1011.6,,,69.98,2020-07-01
2020-07-01 02:00:00,21.1,19.4,90.0,0.0,,200.0,5.4,,1011.5,,,69.98,2020-07-01
2020-07-01 03:00:00,20.6,19.4,93.0,0.0,,0.0,0.0,,1010.6,,,69.08,2020-07-01
2020-07-01 04:00:00,20.6,19.4,93.0,0.0,,0.0,0.0,,1010.7,,,69.08,2020-07-01
2020-07-01 05:00:00,21.7,19.4,87.0,0.0,,10.0,5.4,,1010.8,,,71.06,2020-07-01
2020-07-01 06:00:00,21.7,19.4,87.0,0.0,,350.0,5.4,,1011.0,,,71.06,2020-07-01
2020-07-01 07:00:00,21.7,20.0,90.0,0.0,,10.0,5.4,,1011.4,,,71.06,2020-07-01
2020-07-01 08:00:00,23.9,20.6,82.0,0.0,,30.0,5.4,,1011.8,,,75.02,2020-07-01
2020-07-01 09:00:00,25.0,20.7,77.0,0.0,,0.0,0.0,,1012.0,,,77.0,2020-07-01
2020-07-01 10:00:00,27.8,21.1,67.0,0.0,,360.0,5.4,,1012.3,,,82.04,2020-07-01
2020-07-01 11:00:00,28.9,20.6,61.0,0.0,,360.0,9.4,,1012.5,,,84.02,2020-07-01
2020-07-01 12:00:00,28.9,20.6,61.0,0.0,,350.0,5.4,,1012.0,,,84.02,2020-07-01
2020-07-01 13:00:00,30.6,19.9,53.0,0.0,,210.0,9.4,,1011.4,,,87.08000000000001,2020-07-01
2020-07-01 14:00:00,30.6,19.3,51.0,0.0,,200.0,9.4,,1011.1,,,87.08000000000001,2020-07-01
2020-07-01 15:00:00,29.4,20.6,59.0,0.0,,70.0,13.0,,1010.5,,,84.91999999999999,2020-07-01
2020-07-01 16:00:00,31.7,20.0,50.0,0.0,,210.0,7.6,,1009.7,,,89.06,2020-07-01
2020-07-01 17:00:00,31.1,19.5,50.0,0.0,,210.0,5.4,,1009.1,,25.0,87.98,2020-07-01
2020-07-01 18:00:00,30.6,19.3,51.0,0.0,,210.0,5.4,,1009.0,,25.0,87.08000000000001,2020-07-01
2020-07-01 19:00:00,30.6,20.5,55.0,0.0,,100.0,7.6,,1009.0,,25.0,87.08000000000001,2020-07-01
2020-07-01 20:00:00,28.3,20.6,63.0,0.0,,90.0,9.4,,1009.7,,25.0,82.94,2020-07-01
2020-07-01 21:00:00,21.7,19.4,87.0,2.8,,70.0,9.4,,1011.1,,25.0,71.06,2020-07-01
2020-07-01 22:00:00,22.2,19.9,87.0,1.0,,100.0,7.6,,1012.1,,7.0,71.96,2020-07-01
2020-07-01 23:00:00,22.2,20.7,91.0,4.3,,0.0,0.0,,1012.8,,5.0,71.96,2020-07-01
2020-07-02 00:00:00,21.7,20.7,94.0,2.15,,350.0,5.4,,1012.3,,5.0,71.06,2020-07-02
2020-07-02 01:00:00,21.7,20.0,90.0,0.0,,350.0,5.4,,1012.1,,5.0,71.06,2020-07-02
2020-07-02 02:00:00,21.1,19.4,90.0,0.0,,0.0,0.0,,1011.8,,5.0,69.98,2020-07-02
2020-07-02 03:00:00,19.4,18.9,97.0,0.0,,0.0,0.0,,1012.1,,5.0,66.92,2020-07-02
2020-07-02 04:00:00,18.9,18.2,96.0,0.0,,0.0,0.0,,1012.05,,5.0,66.02,2020-07-02
2020-07-02 05:00:00,18.3,17.8,97.0,0.0,,0.0,0.0,,1012.0,,5.0,64.94,2020-07-02
2020-07-02 06:00:00,18.9,17.7,93.0,0.0,,0.0,0.0,,1012.4,,5.0,66.02,2020-07-02
2020-07-02 07:00:00,20.0,19.3,96.0,0.0,,0.0,0.0,,1012.7,,5.0,68.0,2020-07-02
2020-07-02 08:00:00,22.8,19.4,81.0,0.0,,20.0,11.2,,1013.0,,5.0,73.04,2020-07-02
2020-07-02 09:00:00,25.0,19.4,71.0,0.0,,10.0,9.4,,1013.5,,5.0,77.0,2020-07-02
2020-07-02 10:00:00,26.7,18.8,62.0,0.0,,40.0,9.4,,1013.7,,,80.06,2020-07-02
2020-07-02 11:00:00,27.8,17.9,55.0,0.0,,40.0,13.0,,1014.1,,,82.04,2020-07-02
2020-07-02 12:00:00,28.9,18.4,53.0,0.0,,20.0,13.0,,1014.1,,,84.02,2020-07-02
2020-07-02 13:00:00,29.4,17.2,48.0,0.0,,40.0,18.4,,1014.1,,,84.91999999999999,2020-07-02
2020-07-02 14:00:00,30.6,17.7,46.0,0.0,,50.0,16.6,,1013.7,,,87.08000000000001,2020-07-02
2020-07-02 15:00:00,30.6,16.6,43.0,0.0,,20.0,9.4,,1013.1,,,87.08000000000001,2020-07-02
2020-07-02 16:00:00,30.0,17.1,46.0,0.0,,10.0,13.0,,1012.9,,,86.0,2020-07-02
2020-07-02 17:00:00,30.6,17.7,46.0,0.0,,80.0,11.2,,1012.9,,,87.08000000000001,2020-07-02
2020-07-02 18:00:00,31.7,18.0,44.0,0.0,,40.0,5.4,,1012.8,,,89.06,2020-07-02
2020-07-02 19:00:00,30.6,18.3,48.0,0.0,,0.0,0.0,,1012.8,,,87.08000000000001,2020-07-02
2020-07-02 20:00:00,26.7,18.8,62.0,0.0,,280.0,5.4,,1012.7,,,80.06,2020-07-02
2020-07-02 21:00:00,24.4,18.3,69.0,0.0,,0.0,0.0,,1012.7,,,75.92,2020-07-02
2020-07-02 22:00:00,22.2,19.0,82.0,0.0,,0.0,0.0,,1013.4,,,71.96,2020-07-02
2020-07-02 23:00:00,21.1,19.4,90.0,0.0,,0.0,0.0,,1014.1,,,69.98,2020-07-02
2020-07-03 00:00:00,21.1,18.9,87.0,0.0,,0.0,0.0,,1014.2,,,69.98,2020-07-03
2020-07-03 01:00:00,20.0,18.3,90.0,0.0,,0.0,0.0,,1014.4,,,68.0,2020-07-03
2020-07-03 02:00:00,20.0,18.3,90.0,0.0,,0.0,0.0,,1014.3,,,68.0,2020-07-03
2020-07-03 03:00:00,19.4,17.9,91.0,0.0,,0.0,0.0,,1014.0,,,66.92,2020-07-03
2020-07-03 04:00:00,18.9,17.2,90.0,0.0,,0.0,0.0,,1013.8,,,66.02,2020-07-03
2020-07-03 05:00:00,18.3,17.1,93.0,0.0,,0.0,0.0,,1013.8,,,64.94,2020-07-03
2020-07-03 06:00:00,18.3,17.1,93.0,0.0,,0.0,0.0,,1013.7,,,64.94,2020-07-03
2020-07-03 07:00:00,19.4,17.9,91.0,0.0,,0.0,0.0,,1014.1,,,66.92,2020-07-03
2020-07-03 08:00:00,22.8,19.4,81.0,0.0,,0.0,0.0,,1014.5,,,73.04,2020-07-03
2020-07-03 09:00:00,27.2,18.2,58.0,0.0,,360.0,7.6,,1014.9,,,80.96,2020-07-03
2020-07-03 10:00:00,28.9,18.4,53.0,0.0,,270.0,5.4,,1014.6,,,84.02,2020-07-03
2020-07-03 11:00:00,31.1,18.5,47.0,0.0,,180.0,5.4,,1014.6,,,87.98,2020-07-03
2020-07-03 12:00:00,32.8,17.0,39.0,0.0,,90.0,5.4,,1014.5,,,91.03999999999999,2020-07-03
2020-07-03 13:00:00,33.3,16.6,37.0,0.0,,0.0,0.0,,1014.2,,,91.94,2020-07-03
2020-07-03 14:00:00,33.3,17.1,38.0,0.0,,240.0,5.4,,1014.0,,,91.94,2020-07-03
2020-07-03 15:00:00,33.3,16.6,37.0,0.0,,0.0,0.0,,1013.4,,,91.94,2020-07-03
2020-07-03 16:00:00,33.3,17.1,38.0,0.0,,260.0,7.6,,1013.1,,,91.94,2020-07-03
2020-07-03 17:00:00,33.3,17.1,38.0,0.0,,250.0,7.6,,1012.9,,,91.94,2020-07-03
2020-07-03 18:00:00,30.0,18.8,51.0,0.0,,250.0,5.4,,1012.4,,,86.0,2020-07-03
2020-07-03 19:00:00,31.1,19.5,50.0,0.0,,230.0,7.6,,1011.9,,,87.98,2020-07-03
2020-07-03 20:00:00,28.3,20.6,63.0,0.0,,240.0,5.4,,1012.1,,,82.94,2020-07-03
2020-07-03 21:00:00,25.0,20.7,77.0,0.0,,0.0,0.0,,1012.2,,,77.0,2020-07-03
2020-07-03 22:00:00,24.4,20.1,77.0,0.0,,0.0,0.0,,1012.6,,,75.92,2020-07-03
2020-07-03 23:00:00,23.3,19.5,79.0,0.0,,0.0,0.0,,1013.3,,,73.94,2020-07-03
2020-07-04 00:00:00,22.8,19.0,79.0,0.0,,0.0,0.0,,1013.3,,,73.04,2020-07-04
2020-07-04 01:00:00,22.2,19.4,84.0,0.0,,0.0,0.0,,1013.3,,,71.96,2020-07-04
2020-07-04 02:00:00,21.7,19.4,87.0,0.0,,0.0,0.0,,1013.1,,,71.06,2020-07-04
2020-07-04 03:00:00,21.1,18.9,87.0,0.0,,0.0,0.0,,1012.8,,,69.98,2020-07-04
2020-07-04 04:00:00,21.1,18.9,87.0,0.0,,0.0,0.0,,1012.5,,,69.98,2020-07-04
2020-07-04 05:00:00,20.6,18.4,87.0,0.0,,0.0,0.0,,1012.5,,,69.08,2020-07-04
2020-07-04 06:00:00,20.0,17.8,87.0,0.0,,0.0,0.0,,1013.1,,,68.0,2020-07-04
2020-07-04 07:00:00,21.1,18.9,87.0,0.0,,0.0,0.0,,1013.3,,,69.98,2020-07-04
2020-07-04 08:00:00,25.6,19.5,69.0,0.0,,0.0,0.0,,1013.3,,,78.08,2020-07-04
2020-07-04 09:00:00,28.3,19.5,59.0,0.0,,360.0,7.6,,1013.9,,,82.94,2020-07-04
2020-07-04 10:00:00,30.0,19.4,53.0,0.0,,350.0,7.6,,1014.1,,,86.0,2020-07-04
2020-07-04 11:00:00,31.1,19.5,50.0,0.0,,215.0,9.4,,1014.2,,,87.98,2020-07-04
2020-07-04 12:00:00,31.7,19.3,48.0,0.0,,80.0,5.4,,1014.3,,,89.06,2020-07-04
2020-07-04 13:00:00,32.8,18.9,44.0,0.0,,80.0,7.6,,1014.1,,,91.03999999999999,2020-07-04
2020-07-04 14:00:00,33.3,19.0,43.0,0.0,,40.0,5.4,,1013.6,,,91.94,2020-07-04
2020-07-04 15:00:00,32.8,20.7,49.0,0.0,,0.0,0.0,,1013.3,,,91.03999999999999,2020-07-04
2020-07-04 16:00:00,33.3,19.4,44.0,0.0,,300.0,5.4,,1013.0,,,91.94,2020-07-04
2020-07-04 17:00:00,34.4,20.0,43.0,0.0,,0.0,0.0,,1012.4,,,93.91999999999999,2020-07-04
2020-07-04 18:00:00,32.8,20.0,47.0,0.0,,80.0,5.4,,1012.1,,,91.03999999999999,2020-07-04
2020-07-04 19:00:00,32.2,20.5,50.0,0.0,,90.0,7.6,,1012.2,,,89.96000000000001,2020-07-04
2020-07-04 20:00:00,28.9,22.2,67.0,0.0,,0.0,0.0,,1012.1,,,84.02,2020-07-04
2020-07-04 21:00:00,26.7,22.1,76.0,0.0,,0.0,0.0,,1012.8,,,80.06,2020-07-04
2020-07-04 22:00:00,25.0,21.1,79.0,0.0,,0.0,0.0,,1013.2,,,77.0,2020-07-04
2020-07-04 23:00:00,27.2,20.5,67.0,0.0,,10.0,13.0,,1014.2,,,80.96,2020-07-04
2020-07-05 00:00:00,26.7,20.5,69.0,0.0,,5.0,5.4,,1014.0,,,80.06,2020-07-05
2020-07-05 01:00:00,25.0,21.1,79.0,0.0,,0.0,0.0,,1014.2,,,77.0,2020-07-05
2020-07-05 02:00:00,24.4,21.1,82.0,0.0,,310.0,5.4,,1013.9,,,75.92,2020-07-05
2020-07-05 03:00:00,25.0,20.7,77.0,0.0,,0.0,0.0,,1013.7,,,77.0,2020-07-05
2020-07-05 04:00:00,22.2,19.9,87.0,0.0,,0.0,0.0,,1014.0,,,71.96,2020-07-05
2020-07-05 05:00:00,21.7,20.0,90.0,0.0,,0.0,0.0,,1014.0,,,71.06,2020-07-05
2020-07-05 06:00:00,21.7,20.0,90.0,0.0,,0.0,0.0,,1014.4,,,71.06,2020-07-05
2020-07-05 07:00:00,22.2,20.7,91.0,0.0,,0.0,0.0,,1014.9,,,71.96,2020-07-05
2020-07-05 08:00:00,24.4,21.1,82.0,0.0,,0.0,0.0,,1015.3,,,75.92,2020-07-05
2020-07-05 09:00:00,26.1,21.8,77.0,0.0,,0.0,0.0,,1015.7,,,78.98,2020-07-05
2020-07-05 10:00:00,27.8,21.8,70.0,0.0,,0.0,0.0,,1015.8,,,82.04,2020-07-05
2020-07-05 11:00:00,30.0,21.7,61.0,0.0,,130.0,5.4,,1016.2,,,86.0,2020-07-05
2020-07-05 12:00:00,31.1,22.1,59.0,0.0,,130.0,11.2,,1016.1,,,87.98,2020-07-05
2020-07-05 13:00:00,31.7,22.7,59.0,0.0,,180.0,5.4,,1015.7,,,89.06,2020-07-05
2020-07-05 14:00:00,32.8,21.7,52.0,0.0,,170.0,13.0,,1015.2,,,91.03999999999999,2020-07-05
2020-07-05 15:00:00,33.3,21.8,51.0,0.0,,190.0,20.5,,1014.8,,,91.94,2020-07-05
2020-07-05 16:00:00,33.3,21.1,49.0,0.0,,180.0,16.6,,1014.0,,,91.94,2020-07-05
2020-07-05 17:00:00,33.3,21.1,49.0,0.0,,170.0,18.4,,1013.5,,,91.94,2020-07-05
2020-07-05 18:00:00,32.2,21.1,52.0,0.0,,190.0,14.8,,1014.0,,,89.96000000000001,2020-07-05
2020-07-05 19:00:00,31.7,21.8,56.0,0.0,,150.0,16.6,,1014.1,,,89.06,2020-07-05
2020-07-05 20:00:00,30.6,22.2,61.0,0.0,,160.0,9.4,,1014.6,,,87.08000000000001,2020-07-05
2020-07-05 21:00:00,28.3,22.3,70.0,0.0,,170.0,13.0,,1014.9,,,82.94,2020-07-05
2020-07-05 22:00:00,27.8,21.8,70.0,0.0,,90.0,7.6,,1015.9,,,82.04,2020-07-05
2020-07-05 23:00:00,25.6,21.7,79.0,0.0,,0.0,0.0,,1016.1,,,78.08,2020-07-05
2020-07-06 00:00:00,25.6,21.7,79.0,0.0,,0.0,0.0,,1016.9,,,78.08,2020-07-06
2020-07-06 01:00:00,23.9,21.0,84.0,0.0,,0.0,0.0,,1016.6,,,75.02,2020-07-06
2020-07-06 02:00:00,22.8,20.5,87.0,0.0,,0.0,0.0,,1016.2,,,73.04,2020-07-06
2020-07-06 03:00:00,22.2,20.7,91.0,0.0,,0.0,0.0,,1015.7,,,71.96,2020-07-06
2020-07-06 04:00:00,22.2,20.7,91.0,0.0,,330.0,5.4,,1016.0,,,71.96,2020-07-06
2020-07-06 05:00:00,21.7,19.4,87.0,0.0,,320.0,5.4,,1016.3,,,71.06,2020-07-06
2020-07-06 06:00:00,20.6,18.9,90.0,0.0,,0.0,0.0,,1016.6,,,69.08,2020-07-06
2020-07-06 07:00:00,22.2,19.9,87.0,0.0,,0.0,0.0,,1016.9,,,71.96,2020-07-06
2020-07-06 08:00:00,23.9,21.0,84.0,0.0,,200.0,9.4,,1017.4,,,75.02,2020-07-06
2020-07-06 09:00:00,26.7,20.5,69.0,0.0,,220.0,11.2,,1017.6,,,80.06,2020-07-06
2020-07-06 10:00:00,28.3,21.1,65.0,0.0,,220.0,7.6,,1018.0,,,82.94,2020-07-06
2020-07-06 11:00:00,30.6,21.7,59.0,0.0,,220.0,9.4,,1018.1,,,87.08000000000001,2020-07-06
2020-07-06 12:00:00,31.1,21.6,57.0,0.0,,170.0,20.5,,1018.1,,,87.98,2020-07-06
2020-07-06 13:00:00,32.2,20.1,49.0,0.0,,190.0,9.4,,1018.0,,,89.96000000000001,2020-07-06
2020-07-06 14:00:00,32.8,21.0,50.0,0.0,,190.0,16.6,,1017.5,,,91.03999999999999,2020-07-06
2020-07-06 15:00:00,33.3,21.1,49.0,0.0,,180.0,18.4,,1017.1,,,91.94,2020-07-06
2020-07-06 16:00:00,33.3,21.1,49.0,0.0,,220.0,16.6,,1016.8,,,91.94,2020-07-06
2020-07-06 17:00:00,33.3,19.4,44.0,0.0,,180.0,22.3,,1016.2,,,91.94,2020-07-06
2020-07-06 18:00:00,32.2,20.1,49.0,0.0,,180.0,14.8,,1016.2,,,89.96000000000001,2020-07-06
2020-07-06 19:00:00,30.6,19.3,51.0,0.0,,180.0,11.2,,1016.0,,,87.08000000000001,2020-07-06
2020-07-06 20:00:00,28.3,19.5,59.0,0.0,,210.0,7.6,,1016.3,,,82.94,2020-07-06
2020-07-06 21:00:00,25.6,20.0,71.0,0.0,,0.0,0.0,,1016.7,,,78.08,2020-07-06
2020-07-06 22:00:00,24.4,20.1,77.0,0.0,,0.0,0.0,,1017.1,,,75.92,2020-07-06
2020-07-06 23:00:00,23.3,20.1,82.0,0.0,,0.0,0.0,,1017.4,,,73.94,2020-07-06
2020-07-07 00:00:00,22.8,19.4,81.0,0.0,,0.0,0.0,,1017.6,,,73.04,2020-07-07
2020-07-07 01:00:00,22.8,19.4,81.0,0.0,,210.0,7.6,,1017.7,,,73.04,2020-07-07
2020-07-07 02:00:00,22.8,19.4,81.0,0.0,,190.0,5.4,,1017.7,,,73.04,2020-07-07
2020-07-07 03:00:00,21.7,19.4,87.0,0.0,,200.0,5.4,,1017.3,,,71.06,2020-07-07
2020-07-07 04:00:00,21.7,19.4,87.0,0.0,,210.0,5.4,,1017.0,,,71.06,2020-07-07
2020-07-07 05:00:00,21.1,19.4,90.0,0.0,,220.0,5.4,,1017.2,,,69.98,2020-07-07
2020-07-07 06:00:00,20.0,18.3,90.0,0.0,,0.0,0.0,,1017.8,,,68.0,2020-07-07
2020-07-07 07:00:00,21.7,19.4,87.0,0.0,,0.0,0.0,,1017.8,,,71.06,2020-07-07
2020-07-07 08:00:00,23.9,20.6,82.0,0.0,,0.0,0.0,,1017.8,,,75.02,2020-07-07
2020-07-07 09:00:00,25.0,20.7,77.0,0.0,,0.0,5.4,,1017.7,,,77.0,2020-07-07
2020-07-07 10:00:00,27.2,19.3,62.0,0.0,,0.0,0.0,,1017.6,,,80.96,2020-07-07
2020-07-07 11:00:00,28.9,20.1,59.0,0.0,,160.0,7.6,,1017.7,,,84.02,2020-07-07
2020-07-07 12:00:00,30.0,19.4,53.0,0.0,,200.0,11.2,,1017.5,,,86.0,2020-07-07
2020-07-07 13:00:00,31.1,18.8,48.0,0.0,,160.0,18.4,,1017.8,,,87.98,2020-07-07
2020-07-07 14:00:00,31.7,20.6,52.0,0.0,,170.0,11.2,,1017.4,,,89.06,2020-07-07
2020-07-07 15:00:00,31.7,19.3,48.0,0.0,,170.0,13.0,,1016.9,,,89.06,2020-07-07
2020-07-07 16:00:00,31.7,19.3,48.0,0.0,,180.0,13.0,,1016.3,,,89.06,2020-07-07
2020-07-07 17:00:00,32.2,20.1,49.0,0.0,,120.0,11.2,,1015.7,,,89.96000000000001,2020-07-07
2020-07-07 18:00:00,31.1,19.5,50.0,0.0,,150.0,7.6,,1015.3,,,87.98,2020-07-07
2020-07-07 19:00:00,31.1,18.8,48.0,0.0,,170.0,11.2,,1015.0,,,87.98,2020-07-07
2020-07-07 20:00:00,29.4,20.0,57.0,0.0,,150.0,7.6,,1015.1,,,84.91999999999999,2020-07-07
2020-07-07 21:00:00,26.1,21.1,74.0,0.0,,0.0,0.0,,1015.4,,,78.98,2020-07-07
2020-07-07 22:00:00,24.4,20.5,79.0,0.0,,190.0,5.4,,1016.1,,,75.92,2020-07-07
2020-07-07 23:00:00,23.9,21.0,84.0,0.0,,0.0,0.0,,1016.3,,,75.02,2020-07-07
2020-07-08 00:00:00,22.8,21.1,90.0,0.0,,0.0,0.0,,1016.3,,,73.04,2020-07-08
2020-07-08 01:00:00,22.8,21.1,90.0,0.0,,0.0,0.0,,1015.9,,,73.04,2020-07-08
2020-07-08 02:00:00,22.8,21.1,90.0,0.0,,0.0,0.0,,1015.7,,,73.04,2020-07-08
2020-07-08 03:00:00,22.8,21.1,90.0,0.0,,170.0,7.6,,1015.1,,,73.04,2020-07-08
2020-07-08 04:00:00,22.2,21.2,94.0,0.0,,0.0,0.0,,1015.0,,,71.96,2020-07-08
2020-07-08 05:00:00,22.2,20.7,91.0,0.0,,120.0,5.4,,1014.6,,,71.96,2020-07-08
2020-07-08 06:00:00,22.8,21.1,90.0,0.0,,120.0,5.4,,1015.1,,,73.04,2020-07-08
2020-07-08 07:00:00,23.3,21.2,88.0,0.0,,0.0,0.0,,1015.2,,,73.94,2020-07-08
2020-07-08 08:00:00,24.4,21.1,82.0,0.0,,0.0,0.0,,1016.0,,,75.92,2020-07-08
2020-07-08 09:00:00,25.0,21.7,82.0,0.0,,110.0,9.4,,1016.1,,,77.0,2020-07-08
2020-07-08 10:00:00,25.6,21.1,76.0,0.0,,80.0,5.4,,1016.0,,,78.08,2020-07-08
2020-07-08 11:00:00,27.8,21.8,70.0,0.0,,80.0,7.6,,1016.0,,,82.04,2020-07-08
2020-07-08 12:00:00,27.8,20.6,65.0,0.0,,0.0,0.0,,1016.0,,,82.04,2020-07-08
2020-07-08 13:00:00,27.8,20.6,65.0,0.0,,0.0,0.0,,1015.7,,,82.04,2020-07-08
2020-07-08 14:00:00,28.9,20.6,61.0,0.0,,0.0,0.0,,1015.1,,,84.02,2020-07-08
2020-07-08 15:00:00,28.9,20.6,61.0,0.0,,30.0,7.6,,1014.7,,,84.02,2020-07-08
2020-07-08 16:00:00,30.6,20.5,55.0,0.0,,30.0,13.0,,1013.4,,,87.08000000000001,2020-07-08
2020-07-08 17:00:00,31.1,21.0,55.0,0.0,,50.0,7.6,,1012.9,,,87.98,2020-07-08
2020-07-08 18:00:00,30.6,20.5,55.0,0.0,,50.0,11.2,,1012.0,,,87.08000000000001,2020-07-08
2020-07-08 19:00:00,31.1,21.0,55.0,0.0,,50.0,13.0,,1012.6,,,87.98,2020-07-08
2020-07-08 20:00:00,27.8,21.8,70.0,0.0,,120.0,13.0,,1013.0,,,82.04,2020-07-08
2020-07-08 21:00:00,26.7,21.0,71.0,0.0,,150.0,7.6,,1013.0,,,80.06,2020-07-08
2020-07-08 22:00:00,26.1,21.1,74.0,0.0,,140.0,9.4,,1013.8,,,78.98,2020-07-08
2020-07-08 23:00:00,24.4,21.7,85.0,0.0,,0.0,0.0,,1014.0,,,75.92,2020-07-08
2020-07-09 00:00:00,22.8,21.1,90.0,0.0,,0.0,0.0,,1014.2,,5.0,73.04,2020-07-09
2020-07-09 01:00:00,22.2,21.2,94.0,0.0,,0.0,0.0,,1014.0,,5.0,71.96,2020-07-09
2020-07-09 02:00:00,22.2,20.7,91.0,0.0,,0.0,0.0,,1013.8,,5.0,71.96,2020-07-09
2020-07-09 03:00:00,21.7,20.7,94.0,0.0,,310.0,5.4,,1013.2,,5.0,71.06,2020-07-09
2020-07-09 04:00:00,21.7,20.7,94.0,0.0,,0.0,0.0,,1012.7,,5.0,71.06,2020-07-09
2020-07-09 05:00:00,21.7,20.7,94.0,0.0,,0.0,0.0,,1013.2,,5.0,71.06,2020-07-09
2020-07-09 06:00:00,22.2,20.7,91.0,0.0,,20.0,7.6,,1013.5,,5.512820512820513,71.96,2020-07-09
2020-07-09 07:00:00,22.8,21.1,90.0,0.0,,30.0,5.4,,1014.2,,6.0256410256410255,73.04,2020-07-09
2020-07-09 08:00:00,23.9,21.0,84.0,0.0,,40.0,16.6,,1014.9,,6.538461538461538,75.02,2020-07-09
2020-07-09 09:00:00,25.6,21.1,76.0,0.0,,50.0,13.0,,1015.0,,,78.08,2020-07-09
2020-07-09 10:00:00,27.2,20.5,67.0,0.0,,60.0,13.0,,1014.8,,,80.96,2020-07-09
2020-07-09 11:00:00,27.8,20.1,63.0,0.0,,30.0,14.8,,1014.6,,,82.04,2020-07-09
2020-07-09 12:00:00,28.3,20.1,61.0,0.0,,40.0,16.6,,1014.5,,,82.94,2020-07-09
2020-07-09 13:00:00,30.0,20.0,55.0,0.0,,10.0,11.2,,1014.3,,,86.0,2020-07-09
2020-07-09 14:00:00,30.6,19.9,53.0,0.0,,10.0,9.4,,1013.8,,,87.08000000000001,2020-07-09
2020-07-09 15:00:00,30.6,19.9,53.0,0.0,,80.0,11.2,,1013.5,,,87.08000000000001,2020-07-09
2020-07-09 16:00:00,32.8,20.0,47.0,0.0,,30.0,14.8,,1012.6,,,91.03999999999999,2020-07-09
2020-07-09 17:00:00,32.2,19.5,47.0,0.0,,40.0,18.4,,1012.2,,,89.96000000000001,2020-07-09
2020-07-09 18:00:00,32.2,20.1,49.0,0.0,,30.0,14.8,,1011.6,,,89.96000000000001,2020-07-09
2020-07-09 19:00:00,31.1,20.1,52.0,0.0,,50.0,13.0,,1011.6,,,87.98,2020-07-09
2020-07-09 20:00:00,29.4,20.6,59.0,0.0,,80.0,13.0,,1012.0,,,84.91999999999999,2020-07-09
2020-07-09 21:00:00,28.9,20.6,61.0,0.0,,50.0,9.4,,1012.1,,,84.02,2020-07-09
2020-07-09 22:00:00,26.1,20.7,72.0,0.0,,40.0,5.4,,1012.7,,,78.98,2020-07-09
2020-07-09 23:00:00,26.1,21.1,74.0,0.0,,60.0,5.4,,1012.8,,,78.98,2020-07-09
2020-07-10 00:00:00,26.1,21.8,77.0,0.0,,40.0,5.4,,1013.0,,,78.98,2020-07-10
2020-07-10 01:00:00,23.9,21.0,84.0,0.0,,0.0,0.0,,1013.1,,,75.02,2020-07-10
2020-07-10 02:00:00,23.3,21.2,88.0,0.0,,0.0,0.0,,1013.0,,,73.94,2020-07-10
2020-07-10 03:00:00,21.7,20.0,90.0,0.0,,0.0,0.0,,1012.7,,,71.06,2020-07-10
2020-07-10 04:00:00,22.2,20.7,91.0,0.0,,0.0,0.0,,1012.4,,,71.96,2020-07-10
2020-07-10 05:00:00,22.2,19.9,87.0,0.0,,0.0,0.0,,1012.3,,,71.96,2020-07-10
2020-07-10 06:00:00,21.1,19.9,93.0,0.0,,0.0,0.0,,1012.4,,,69.98,2020-07-10
2020-07-10 07:00:00,22.2,19.9,87.0,0.0,,0.0,0.0,,1012.6,,,71.96,2020-07-10
2020-07-10 08:00:00,25.0,21.7,82.0,0.0,,0.0,0.0,,1013.0,,,77.0,2020-07-10
2020-07-10 09:00:00,26.7,21.7,74.0,0.0,,250.0,7.6,,1012.8,,,80.06,2020-07-10
2020-07-10 10:00:00,28.9,21.7,65.0,0.0,,270.0,9.4,,1012.6,,,84.02,2020-07-10
2020-07-10 11:00:00,29.4,21.1,61.0,0.0,,0.0,0.0,,1012.1,,,84.91999999999999,2020-07-10
2020-07-10 12:00:00,30.6,21.1,57.0,0.0,,260.0,7.6,,1011.8,,,87.08000000000001,2020-07-10
2020-07-10 13:00:00,33.3,21.8,51.0,0.0,,250.0,7.6,,1011.1,,,91.94,2020-07-10
2020-07-10 14:00:00,33.9,21.7,49.0,0.0,,240.0,7.6,,1010.4,,,93.02,2020-07-10
2020-07-10 15:00:00,33.9,21.0,47.0,0.0,,240.0,5.4,,1009.4,,,93.02,2020-07-10
2020-07-10 16:00:00,33.9,20.7,46.0,0.0,,200.0,9.4,,1008.9,,,93.02,2020-07-10
2020-07-10 17:00:00,33.9,20.7,46.0,0.0,,180.0,13.0,,1008.3,,23.46153846153846,93.02,2020-07-10
2020-07-10 18:00:00,33.3,21.8,51.0,0.0,,190.0,14.8,,1008.2,,23.97435897435897,91.94,2020-07-10
2020-07-10 19:00:00,31.7,21.8,56.0,0.0,,210.0,13.0,,1007.8,,24.487179487179485,89.06,2020-07-10
2020-07-10 20:00:00,29.4,22.1,65.0,0.0,,230.0,5.4,,1008.7,,25.0,84.91999999999999,2020-07-10
2020-07-10 21:00:00,23.3,20.1,82.0,0.0,,40.0,11.2,,1009.1,,7.0,73.94,2020-07-10
2020-07-10 22:00:00,23.3,20.6,85.0,0.0,,0.0,0.0,,1009.8,,7.0,73.94,2020-07-10
2020-07-10 23:00:00,22.8,20.5,87.0,0.0,,0.0,0.0,,1009.5,,7.0,73.04,2020-07-10
2020-07-11 00:00:00,22.8,20.5,87.0,0.0,,0.0,0.0,,1009.6,,7.0,73.04,2020-07-11
2020-07-11 01:00:00,22.2,19.9,87.0,0.0,,0.0,0.0,,1009.5,,,71.96,2020-07-11
2020-07-11 02:00:00,22.8,20.5,87.0,0.0,,0.0,0.0,,1008.9,,,73.04,2020-07-11
2020-07-11 03:00:00,21.7,20.0,90.0,0.0,,200.0,7.6,,1008.3,,,71.06,2020-07-11
2020-07-11 04:00:00,21.7,20.7,94.0,0.0,,220.0,7.6,,1008.2,,,71.06,2020-07-11
2020-07-11 05:00:00,21.7,20.7,94.0,0.0,,230.0,5.4,,1007.8,,,71.06,2020-07-11
2020-07-11 06:00:00,21.1,19.4,90.0,0.0,,240.0,7.0,,1008.1,,,69.98,2020-07-11
2020-07-11 07:00:00,22.8,20.0,84.0,0.0,,240.0,7.6,,1008.2,,,73.04,2020-07-11
2020-07-11 08:00:00,25.0,18.9,69.0,0.0,,260.0,11.2,,1008.5,,,77.0,2020-07-11
2020-07-11 09:00:00,26.7,17.8,58.0,0.0,,280.0,9.4,,1008.9,,,80.06,2020-07-11
2020-07-11 10:00:00,28.3,16.6,49.0,0.0,,280.0,14.8,,1009.1,,,82.94,2020-07-11
2020-07-11 11:00:00,30.0,16.8,45.0,0.0,,310.0,14.8,,1009.2,,,86.0,2020-07-11
2020-07-11 12:00:00,30.0,16.8,45.0,0.0,,270.0,14.8,,1009.7,,,86.0,2020-07-11
2020-07-11 13:00:00,31.1,16.7,42.0,0.0,,270.0,9.4,,1009.6,,,87.98,2020-07-11
2020-07-11 14:00:00,31.7,16.1,39.0,0.0,,270.0,7.6,,1009.0,,,89.06,2020-07-11
2020-07-11 15:00:00,32.8,15.8,36.0,0.0,,270.0,11.2,,1008.5,,,91.03999999999999,2020-07-11
2020-07-11 16:00:00,32.8,15.8,36.0,0.0,,270.0,16.6,,1008.1,,,91.03999999999999,2020-07-11
2020-07-11 17:00:00,31.7,14.4,35.0,0.0,,280.0,14.8,,1008.3,,,89.06,2020-07-11
2020-07-11 18:00:00,31.7,14.4,35.0,0.0,,300.0,11.2,,1008.3,,,89.06,2020-07-11
2020-07-11 19:00:00,31.1,14.3,36.0,0.0,,300.0,13.0,,1008.7,,,87.98,2020-07-11
2020-07-11 20:00:00,28.9,15.1,43.0,0.0,,150.0,5.4,,1009.2,,,84.02,2020-07-11
2020-07-11 21:00:00,23.9,15.7,60.0,0.0,,0.0,0.0,,1009.9,,,75.02,2020-07-11
2020-07-11 22:00:00,23.3,15.6,62.0,0.0,,0.0,0.0,,1010.3,,,73.94,2020-07-11
2020-07-11 23:00:00,23.9,14.3,55.0,0.0,,0.0,7.6,,1010.8,,,75.02,2020-07-11
2020-07-12 00:00:00,22.8,14.9,61.0,0.0,,0.0,0.0,,1011.0,,,73.04,2020-07-12
2020-07-12 01:00:00,20.0,16.0,78.0,0.0,,190.0,5.4,,1011.2,,,68.0,2020-07-12
2020-07-12 02:00:00,20.0,15.0,73.0,0.0,,0.0,0.0,,1010.7,,,68.0,2020-07-12
2020-07-12 03:00:00,18.3,15.5,84.0,0.0,,200.0,5.4,,1009.9,,,64.94,2020-07-12
2020-07-12 04:00:00,17.8,15.1,84.0,0.0,,0.0,0.0,,1009.4,,,64.04,2020-07-12
2020-07-12 05:00:00,17.8,15.1,84.0,0.0,,200.0,5.4,,1009.5,,,64.04,2020-07-12
2020-07-12 06:00:00,17.2,15.0,87.0,0.0,,0.0,0.0,,1009.8,,,62.959999999999994,2020-07-12
2020-07-12 07:00:00,18.3,16.1,87.0,0.0,,0.0,0.0,,1009.6,,,64.94,2020-07-12
2020-07-12 08:00:00,22.8,17.3,71.0,0.0,,0.0,0.0,,1010.2,,,73.04,2020-07-12
2020-07-12 09:00:00,26.1,17.2,58.0,0.0,,0.0,5.4,,1010.5,,,78.98,2020-07-12
2020-07-12 10:00:00,28.3,18.4,55.0,0.0,,0.0,0.0,,1010.4,,,82.94,2020-07-12
2020-07-12 11:00:00,30.0,17.8,48.0,0.0,,50.0,5.4,,1009.8,,,86.0,2020-07-12
2020-07-12 12:00:00,31.1,17.8,45.0,0.0,,100.0,5.4,,1009.5,,,87.98,2020-07-12
2020-07-12 13:00:00,31.1,18.5,47.0,0.0,,150.0,5.4,,1009.4,,,87.98,2020-07-12
2020-07-12 14:00:00,31.7,18.0,44.0,0.0,,200.0,11.2,,1009.0,,,89.06,2020-07-12
2020-07-12 15:00:00,31.1,18.5,47.0,0.0,,200.0,16.6,,1008.5,,,87.98,2020-07-12
2020-07-12 16:00:00,31.1,17.1,43.0,0.0,,200.0,16.6,,1007.8,,,87.98,2020-07-12
2020-07-12 17:00:00,32.2,18.4,44.0,0.0,,210.0,14.8,,1007.4,,,89.96000000000001,2020-07-12
2020-07-12 18:00:00,30.6,19.3,51.0,0.0,,230.0,7.6,,1007.4,,,87.08000000000001,2020-07-12
2020-07-12 19:00:00,30.6,17.3,45.0,0.0,,250.0,5.4,,1007.6,,,87.08000000000001,2020-07-12
2020-07-12 20:00:00,28.9,19.5,57.0,0.0,,230.0,7.6,,1008.3,,,84.02,2020-07-12
2020-07-12 21:00:00,25.6,19.0,67.0,0.0,,210.0,9.4,,1008.7,,,78.08,2020-07-12
2020-07-12 22:00:00,23.3,18.8,76.0,0.0,,0.0,0.0,,1009.2,,,73.94,2020-07-12
2020-07-12 23:00:00,22.8,19.0,79.0,0.0,,0.0,0.0,,1009.3,,,73.04,2020-07-12
2020-07-13 00:00:00,20.6,18.4,87.0,0.0,,0.0,0.0,,1009.8,,,69.08,2020-07-13
2020-07-13 01:00:00,20.6,18.4,87.0,0.0,,0.0,0.0,,1010.0,,,69.08,2020-07-13
2020-07-13 02:00:00,19.4,17.9,91.0,0.0,,0.0,0.0,,1009.5,,,66.92,2020-07-13
2020-07-13 03:00:00,19.4,17.2,87.0,0.0,,0.0,0.0,,1009.4,,,66.92,2020-07-13
2020-07-13 04:00:00,22.8,16.8,69.0,0.0,,300.0,14.8,,1010.5,,,73.04,2020-07-13
2020-07-13 05:00:00,20.0,17.2,84.0,0.5,,150.0,5.4,,1009.6,,,68.0,2020-07-13
2020-07-13 06:00:00,20.6,16.0,75.0,0.0,,0.0,0.0,,1010.1,,,69.08,2020-07-13
2020-07-13 07:00:00,20.0,17.2,84.0,0.0,,0.0,0.0,,1011.1,,,68.0,2020-07-13
2020-07-13 08:00:00,21.7,16.6,73.0,0.0,,0.0,0.0,,1011.4,,,71.06,2020-07-13
2020-07-13 09:00:00,24.4,17.2,64.0,0.0,,0.0,0.0,,1011.6,,,75.92,2020-07-13
2020-07-13 10:00:00,26.1,16.6,56.0,0.0,,0.0,0.0,,1011.8,,,78.98,2020-07-13
2020-07-13 11:00:00,28.3,17.2,51.0,0.0,,60.0,5.4,,1011.7,,,82.94,2020-07-13
2020-07-13 12:00:00,28.9,17.1,49.0,0.0,,60.0,5.4,,1012.0,,,84.02,2020-07-13
2020-07-13 13:00:00,30.0,16.1,43.0,0.0,,0.0,0.0,,1011.9,,,86.0,2020-07-13
2020-07-13 14:00:00,30.0,16.8,45.0,0.0,,150.0,11.2,,1011.9,,,86.0,2020-07-13
2020-07-13 15:00:00,30.6,17.7,46.0,0.0,,75.0,5.4,,1011.7,,,87.08000000000001,2020-07-13
2020-07-13 16:00:00,31.7,18.0,44.0,0.0,,0.0,0.0,,1011.3,,,89.06,2020-07-13
2020-07-13 17:00:00,32.2,16.9,40.0,0.0,,250.0,7.6,,1011.0,,,89.96000000000001,2020-07-13
2020-07-13 18:00:00,31.7,17.2,42.0,0.0,,0.0,0.0,,1010.9,,,89.06,2020-07-13
2020-07-13 19:00:00,32.2,17.3,41.0,0.0,,0.0,0.0,,1011.1,,,89.96000000000001,2020-07-13
2020-07-13 20:00:00,27.8,18.8,58.0,0.0,,0.0,0.0,,1011.7,,,82.04,2020-07-13
2020-07-13 21:00:00,25.0,17.7,64.0,0.0,,0.0,0.0,,1012.3,,,77.0,2020-07-13
2020-07-13 22:00:00,23.3,18.8,76.0,0.0,,0.0,0.0,,1012.7,,,73.94,2020-07-13
2020-07-13 23:00:00,22.2,18.4,79.0,0.0,,0.0,0.0,,1012.9,,,71.96,2020-07-13
2020-07-14 00:00:00,23.3,18.8,76.0,0.0,,0.0,0.0,,1013.3,,,73.94,2020-07-14
2020-07-14 01:00:00,21.7,18.9,84.0,0.0,,0.0,0.0,,1013.1,,,71.06,2020-07-14
2020-07-14 02:00:00,21.1,18.3,84.0,0.0,,0.0,0.0,,1013.6,,,69.98,2020-07-14
2020-07-14 03:00:00,20.6,18.9,90.0,0.0,,0.0,0.0,,1013.5,,,69.08,2020-07-14
2020-07-14 04:00:00,21.7,17.9,79.0,0.0,,20.0,9.4,,1013.6,,,71.06,2020-07-14
2020-07-14 05:00:00,21.7,17.9,79.0,0.0,,360.0,9.4,,1014.0,,,71.06,2020-07-14
2020-07-14 06:00:00,20.0,17.2,84.0,0.0,,350.0,5.4,,1014.6,,,68.0,2020-07-14
2020-07-14 07:00:00,22.2,17.8,76.0,0.0,,10.0,7.6,,1015.0,,,71.96,2020-07-14
2020-07-14 08:00:00,24.4,18.3,69.0,0.0,,30.0,5.4,,1015.7,,,75.92,2020-07-14
2020-07-14 09:00:00,26.7,18.3,60.0,0.0,,30.0,9.4,,1016.4,,,80.06,2020-07-14
2020-07-14 10:00:00,28.9,17.1,49.0,0.0,,0.0,0.0,,1016.6,,,84.02,2020-07-14
2020-07-14 11:00:00,29.4,16.6,46.0,0.0,,80.0,5.4,,1016.7,,,84.91999999999999,2020-07-14
2020-07-14 12:00:00,29.4,17.2,48.0,0.0,,0.0,0.0,,1016.5,,,84.91999999999999,2020-07-14
2020-07-14 13:00:00,30.0,16.8,45.0,0.0,,55.0,5.4,,1016.6,,,86.0,2020-07-14
2020-07-14 14:00:00,31.7,15.6,38.0,0.0,,110.0,5.4,,1015.9,,,89.06,2020-07-14
2020-07-14 15:00:00,31.7,15.2,37.0,0.0,,110.0,9.4,,1016.1,,,89.06,2020-07-14
2020-07-14 16:00:00,32.8,16.2,37.0,0.0,,110.0,7.6,,1015.6,,,91.03999999999999,2020-07-14
2020-07-14 17:00:00,32.2,15.7,37.0,0.0,,110.0,5.4,,1015.5,,,89.96000000000001,2020-07-14
2020-07-14 18:00:00,32.2,14.8,35.0,0.0,,110.0,7.6,,1015.9,,,89.96000000000001,2020-07-14
2020-07-14 19:00:00,31.7,16.1,39.0,0.0,,110.0,5.4,,1016.0,,,89.06,2020-07-14
2020-07-14 20:00:00,28.3,18.4,55.0,0.0,,0.0,0.0,,1016.4,,,82.94,2020-07-14
2020-07-14 21:00:00,25.0,17.7,64.0,0.0,,0.0,0.0,,1016.9,,,77.0,2020-07-14
2020-07-14 22:00:00,25.0,18.9,69.0,0.0,,0.0,0.0,,1017.4,,,77.0,2020-07-14
2020-07-14 23:00:00,23.9,18.3,71.0,0.0,,0.0,0.0,,1017.9,,,75.02,2020-07-14
2020-07-15 00:00:00,22.8,19.0,79.0,0.0,,0.0,0.0,,1018.3,,,73.04,2020-07-15
2020-07-15 01:00:00,25.0,19.4,71.0,0.0,,10.0,5.4,,1018.3,,,77.0,2020-07-15
2020-07-15 02:00:00,23.3,19.5,79.0,0.0,,80.0,7.6,,1018.5,,,73.94,2020-07-15
2020-07-15 03:00:00,21.1,18.3,84.0,0.0,,0.0,0.0,,1018.3,,,69.98,2020-07-15
2020-07-15 04:00:00,20.6,18.4,87.0,0.0,,340.0,5.4,,1018.5,,,69.08,2020-07-15
2020-07-15 05:00:00,22.2,18.4,79.0,0.0,,0.0,0.0,,1018.9,,,71.96,2020-07-15
2020-07-15 06:00:00,20.6,17.8,84.0,0.0,,0.0,0.0,,1019.3,,,69.08,2020-07-15
2020-07-15 07:00:00,21.7,18.3,81.0,0.0,,10.0,5.4,,1019.8,,,71.06,2020-07-15
2020-07-15 08:00:00,24.4,19.5,74.0,0.0,,80.0,5.4,,1019.8,,,75.92,2020-07-15
2020-07-15 09:00:00,26.1,20.7,72.0,0.0,,90.0,7.6,,1020.0,,,78.98,2020-07-15
2020-07-15 10:00:00,27.8,20.6,65.0,0.0,,0.0,0.0,,1020.4,,,82.04,2020-07-15
2020-07-15 11:00:00,28.3,20.6,63.0,0.0,,110.0,7.6,,1020.5,,,82.94,2020-07-15
2020-07-15 12:00:00,30.6,21.1,57.0,0.0,,170.0,5.4,,1020.7,,,87.08000000000001,2020-07-15
2020-07-15 13:00:00,31.1,21.6,57.0,0.0,,170.0,13.0,,1020.7,,,87.98,2020-07-15
2020-07-15 14:00:00,31.7,20.0,50.0,0.0,,200.0,13.0,,1020.3,,,89.06,2020-07-15
2020-07-15 15:00:00,32.8,20.0,47.0,0.0,,200.0,16.6,,1019.6,,,91.03999999999999,2020-07-15
2020-07-15 16:00:00,32.8,18.9,44.0,0.0,,190.0,9.4,,1019.5,,,91.03999999999999,2020-07-15
2020-07-15 17:00:00,32.8,18.9,44.0,0.0,,220.0,5.4,,1018.9,,,91.03999999999999,2020-07-15
2020-07-15 18:00:00,33.3,18.3,41.0,0.0,,170.0,9.4,,1018.4,,,91.94,2020-07-15
2020-07-15 19:00:00,32.2,18.8,45.0,0.0,,170.0,11.2,,1018.6,,,89.96000000000001,2020-07-15
2020-07-15 20:00:00,29.4,20.6,59.0,0.0,,0.0,0.0,,1018.8,,,84.91999999999999,2020-07-15
2020-07-15 21:00:00,26.1,20.0,69.0,0.0,,0.0,0.0,,1018.9,,,78.98,2020-07-15
2020-07-15 22:00:00,26.7,20.1,67.0,0.0,,120.0,5.4,,1019.0,,,80.06,2020-07-15
2020-07-15 23:00:00,27.2,20.1,65.0,0.0,,140.0,11.2,,1019.8,,,80.96,2020-07-15
2020-07-16 00:00:00,27.2,20.1,65.0,0.0,,150.0,13.0,,1020.4,,,80.96,2020-07-16
2020-07-16 01:00:00,26.1,20.0,69.0,0.0,,140.0,18.4,,1020.8,,,78.98,2020-07-16
2020-07-16 02:00:00,25.6,20.0,71.0,0.0,,150.0,13.0,,1021.0,,,78.08,2020-07-16
2020-07-16 03:00:00,24.4,20.1,77.0,0.0,,150.0,9.4,,1020.7,,,75.92,2020-07-16
2020-07-16 04:00:00,22.8,20.0,84.0,0.0,,60.0,5.4,,1021.0,,,73.04,2020-07-16
2020-07-16 05:00:00,22.2,19.9,87.0,0.0,,0.0,0.0,,1021.2,,,71.96,2020-07-16
2020-07-16 06:00:00,23.3,20.6,85.0,0.0,,0.0,0.0,,1021.6,,,73.94,2020-07-16
2020-07-16 07:00:00,23.9,21.0,84.0,0.0,,150.0,13.0,,1021.5,,7.0,75.02,2020-07-16
2020-07-16 08:00:00,24.4,21.7,85.0,0.0,,140.0,11.2,,1022.0,,7.0,75.92,2020-07-16
2020-07-16 09:00:00,25.0,22.3,85.0,0.0,,130.0,9.4,,1022.3,,7.0,77.0,2020-07-16
2020-07-16 10:00:00,25.6,22.3,82.0,0.0,,110.0,5.4,,1022.5,,7.0,78.08,2020-07-16
2020-07-16 11:00:00,25.0,22.9,88.0,0.0,,130.0,9.4,,1022.9,,7.666666666666667,77.0,2020-07-16
2020-07-16 12:00:00,26.7,22.8,79.0,0.0,,130.0,11.2,,1023.1,,8.333333333333334,80.06,2020-07-16
2020-07-16 13:00:00,27.8,21.8,70.0,0.0,,160.0,7.6,,1023.1,,9.0,82.04,2020-07-16
2020-07-16 14:00:00,28.9,22.2,67.0,0.0,,170.0,14.8,,1022.7,,,84.02,2020-07-16
2020-07-16 15:00:00,31.1,22.1,59.0,0.0,,170.0,16.6,,1021.8,,,87.98,2020-07-16
2020-07-16 16:00:00,30.6,21.7,59.0,0.0,,180.0,14.8,,1021.4,,,87.08000000000001,2020-07-16
2020-07-16 17:00:00,31.1,21.0,55.0,0.0,,160.0,18.4,,1020.9,,,87.98,2020-07-16
2020-07-16 18:00:00,31.1,20.1,52.0,0.0,,170.0,22.3,,1020.2,,,87.98,2020-07-16
2020-07-16 19:00:00,30.6,19.3,51.0,0.0,,170.0,18.4,,1020.3,,,87.08000000000001,2020-07-16
2020-07-16 20:00:00,28.9,20.1,59.0,0.0,,170.0,14.8,,1020.5,,,84.02,2020-07-16
2020-07-16 21:00:00,26.7,20.5,69.0,0.0,,200.0,5.4,,1020.8,,,80.06,2020-07-16
2020-07-16 22:00:00,25.0,21.1,79.0,0.0,,0.0,0.0,,1021.1,,,77.0,2020-07-16
2020-07-16 23:00:00,25.0,21.1,79.0,0.0,,0.0,0.0,,1021.4,,,77.0,2020-07-16
2020-07-17 00:00:00,25.6,21.7,79.0,0.0,,170.0,5.4,,1021.4,,,78.08,2020-07-17
2020-07-17 01:00:00,25.6,21.7,79.0,0.0,,170.0,7.6,,1021.2,,,78.08,2020-07-17
2020-07-17 02:00:00,25.6,21.7,79.0,0.0,,180.0,11.2,,1020.8,,,78.08,2020-07-17
2020-07-17 03:00:00,24.4,21.7,85.0,0.0,,0.0,0.0,,1021.1,,,75.92,2020-07-17
2020-07-17 04:00:00,23.9,21.8,88.0,0.0,,0.0,0.0,,1021.0,,,75.02,2020-07-17
2020-07-17 05:00:00,23.9,20.6,82.0,0.0,,170.0,13.0,,1020.3,,,75.02,2020-07-17
2020-07-17 06:00:00,23.3,20.6,85.0,0.0,,0.0,0.0,,1020.8,,,73.94,2020-07-17
2020-07-17 07:00:00,23.3,20.6,85.0,0.0,,0.0,0.0,,1020.6,,,73.94,2020-07-17
2020-07-17 08:00:00,25.0,21.1,79.0,0.0,,200.0,9.4,,1021.3,,,77.0,2020-07-17
2020-07-17 09:00:00,26.1,21.8,77.0,0.0,,210.0,7.6,,1021.5,,,78.98,2020-07-17
2020-07-17 10:00:00,28.9,22.2,67.0,0.0,,240.0,7.6,,1021.0,,23.0,84.02,2020-07-17
2020-07-17 11:00:00,30.6,22.8,63.0,0.0,,240.0,11.2,,1020.7,,23.666666666666664,87.08000000000001,2020-07-17
2020-07-17 12:00:00,32.2,23.2,59.0,0.0,,230.0,13.0,,1020.4,,24.333333333333332,89.96000000000001,2020-07-17
2020-07-17 13:00:00,33.9,23.3,54.0,0.0,,115.0,7.6,,1020.2,,25.0,93.02,2020-07-17
2020-07-17 14:00:00,35.6,22.2,46.0,0.0,,0.0,0.0,,1019.5,,25.0,96.08000000000001,2020-07-17
2020-07-17 15:00:00,27.2,22.8,77.0,2.5,,0.0,9.4,,1019.9,,23.46153846153846,80.96,2020-07-17
2020-07-17 16:00:00,28.3,22.8,72.0,0.0,,0.0,0.0,,1018.6,,21.923076923076923,82.94,2020-07-17
2020-07-17 17:00:00,30.0,21.7,61.0,0.0,,180.0,11.2,,1018.1,,20.384615384615383,86.0,2020-07-17
2020-07-17 18:00:00,27.2,22.2,74.0,0.0,,0.0,0.0,,1018.2,,,80.96,2020-07-17
2020-07-17 19:00:00,27.2,22.8,77.0,0.0,,190.0,7.6,,1018.3,,,80.96,2020-07-17
2020-07-17 20:00:00,28.3,22.8,72.0,0.0,,0.0,0.0,,1018.8,,,82.94,2020-07-17
2020-07-17 21:00:00,25.6,22.9,85.0,0.0,,0.0,0.0,,1019.4,,,78.08,2020-07-17
2020-07-17 22:00:00,25.0,22.3,85.0,0.0,,200.0,9.4,,1019.8,,,77.0,2020-07-17
2020-07-17 23:00:00,24.4,22.3,88.0,0.0,,190.0,5.4,,1019.9,,,75.92,2020-07-17
2020-07-18 00:00:00,23.9,22.2,90.0,0.0,,200.0,7.6,,1019.4,,9.615384615384615,75.02,2020-07-18
2020-07-18 01:00:00,23.3,21.7,91.0,0.0,,0.0,0.0,,1018.9,,8.076923076923077,73.94,2020-07-18
2020-07-18 02:00:00,23.3,21.7,91.0,0.0,,0.0,0.0,,1018.8,,6.5384615384615365,73.94,2020-07-18
2020-07-18 03:00:00,22.2,21.2,94.0,0.0,,0.0,0.0,,1018.8,,5.0,71.96,2020-07-18
2020-07-18 04:00:00,21.7,20.7,94.0,0.0,,0.0,0.0,,1018.7,,5.0,71.06,2020-07-18
2020-07-18 05:00:00,21.7,20.7,94.0,0.0,,0.0,0.0,,1018.8,,5.0,71.06,2020-07-18
2020-07-18 06:00:00,22.2,20.7,91.0,0.0,,0.0,0.0,,1019.1,,5.0,71.96,2020-07-18
2020-07-18 07:00:00,22.8,21.1,90.0,0.0,,0.0,0.0,,1019.4,,,73.04,2020-07-18
2020-07-18 08:00:00,25.0,21.7,82.0,0.0,,0.0,0.0,,1019.8,,,77.0,2020-07-18
2020-07-18 09:00:00,28.3,20.1,61.0,0.0,,30.0,7.6,,1020.3,,,82.94,2020-07-18
2020-07-18 10:00:00,30.6,19.0,50.0,0.0,,30.0,9.4,,1020.1,,,87.08000000000001,2020-07-18
2020-07-18 11:00:00,32.2,19.5,47.0,0.0,,113.33333333333333,5.4,,1020.2,,,89.96000000000001,2020-07-18
2020-07-18 12:00:00,32.8,19.3,45.0,0.0,,196.66666666666666,5.4,,1019.9,,,91.03999999999999,2020-07-18
2020-07-18 13:00:00,33.9,17.2,37.0,0.0,,280.0,7.6,,1019.5,,,93.02,2020-07-18
2020-07-18 14:00:00,34.4,18.5,39.0,0.0,,10.0,11.2,,1018.9,,,93.91999999999999,2020-07-18
2020-07-18 15:00:00,35.0,17.7,36.0,0.0,,0.0,0.0,,1018.4,,,95.0,2020-07-18
2020-07-18 16:00:00,35.0,18.1,37.0,0.0,,0.0,0.0,,1017.6,,,95.0,2020-07-18
2020-07-18 17:00:00,35.0,17.7,36.0,0.0,,0.0,0.0,,1016.9,,,95.0,2020-07-18
2020-07-18 18:00:00,34.4,20.0,43.0,0.0,,230.0,9.4,,1016.5,,,93.91999999999999,2020-07-18
2020-07-18 19:00:00,32.8,20.7,49.0,0.0,,230.0,9.4,,1016.4,,,91.03999999999999,2020-07-18
2020-07-18 20:00:00,31.1,20.7,54.0,0.0,,230.0,7.6,,1016.9,,,87.98,2020-07-18
2020-07-18 21:00:00,28.9,21.2,63.0,0.0,,0.0,0.0,,1016.9,,,84.02,2020-07-18
2020-07-18 22:00:00,27.2,21.7,72.0,0.0,,0.0,0.0,,1017.0,,,80.96,2020-07-18
2020-07-18 23:00:00,26.7,21.7,74.0,0.0,,250.0,7.6,,1017.1,,,80.06,2020-07-18
2020-07-19 00:00:00,26.7,22.1,76.0,0.0,,230.0,5.4,,1016.9,,,80.06,2020-07-19
2020-07-19 01:00:00,25.0,22.3,85.0,0.0,,0.0,0.0,,1016.6,,,77.0,2020-07-19
2020-07-19 02:00:00,23.9,21.8,88.0,0.0,,0.0,0.0,,1016.3,,5.0,75.02,2020-07-19
2020-07-19 03:00:00,23.3,21.7,91.0,0.0,,0.0,0.0,,1016.2,,5.0,73.94,2020-07-19
2020-07-19 04:00:00,23.3,21.7,91.0,0.0,,210.0,5.4,,1016.1,,5.0,73.94,2020-07-19
2020-07-19 05:00:00,22.2,20.7,91.0,0.0,,0.0,0.0,,1016.0,,5.0,71.96,2020-07-19
2020-07-19 06:00:00,22.2,21.2,94.0,0.0,,0.0,0.0,,1016.3,,5.338983050847458,71.96,2020-07-19
2020-07-19 07:00:00,22.8,21.8,94.0,0.0,,200.0,5.4,,1016.7,,5.677966101694915,73.04,2020-07-19
2020-07-19 08:00:00,26.1,22.2,79.0,0.0,,260.0,5.4,,1017.0,,6.016949152542373,78.98,2020-07-19
2020-07-19 09:00:00,28.3,22.3,70.0,0.0,,210.0,5.4,,1016.9,,,82.94,2020-07-19
2020-07-19 10:00:00,31.7,22.1,57.0,0.0,,210.0,5.4,,1016.6,,,89.06,2020-07-19
2020-07-19 11:00:00,33.3,21.1,49.0,0.0,,260.0,11.2,,1016.4,,,91.94,2020-07-19
2020-07-19 12:00:00,34.4,20.8,45.0,0.0,,250.0,11.2,,1016.3,,,93.91999999999999,2020-07-19
2020-07-19 13:00:00,35.0,20.2,42.0,0.0,,250.0,9.4,,1015.9,,,95.0,2020-07-19
2020-07-19 14:00:00,35.6,19.5,39.0,0.0,,300.0,9.4,,1015.5,,,96.08000000000001,2020-07-19
2020-07-19 15:00:00,35.6,19.9,40.0,0.0,,250.0,11.2,,1015.1,,,96.08000000000001,2020-07-19
2020-07-19 16:00:00,36.7,19.2,36.0,0.0,,210.0,7.6,,1014.3,,,98.06,2020-07-19
2020-07-19 17:00:00,36.1,19.5,38.0,0.0,,210.0,11.2,,1013.8,,,96.98,2020-07-19
2020-07-19 18:00:00,36.1,19.5,38.0,0.0,,220.0,5.4,,1013.8,,,96.98,2020-07-19
2020-07-19 19:00:00,35.0,20.6,43.0,0.0,,220.0,7.6,,1013.2,,,95.0,2020-07-19
2020-07-19 20:00:00,32.8,21.0,50.0,0.0,,220.0,7.6,,1013.7,,,91.03999999999999,2020-07-19
2020-07-19 21:00:00,30.6,21.1,57.0,0.0,,240.0,9.4,,1014.1,,,87.08000000000001,2020-07-19
2020-07-19 22:00:00,28.9,20.6,61.0,0.0,,230.0,5.4,,1014.7,,,84.02,2020-07-19
2020-07-19 23:00:00,27.2,20.5,67.0,0.0,,210.0,7.6,,1014.8,,,80.96,2020-07-19
2020-07-20 00:00:00,26.1,20.7,72.0,0.0,,210.0,5.4,,1014.9,,,78.98,2020-07-20
2020-07-20 01:00:00,25.0,20.7,77.0,0.0,,170.0,5.4,,1014.0,,,77.0,2020-07-20
2020-07-20 02:00:00,24.4,20.5,79.0,0.0,,190.0,5.4,,1013.4,,,75.92,2020-07-20
2020-07-20 03:00:00,25.6,20.6,74.0,0.0,,126.66666666666666,5.4,,1013.8,,,78.08,2020-07-20
2020-07-20 04:00:00,26.1,20.7,72.0,0.0,,63.33333333333333,5.4,,1014.2,,,78.98,2020-07-20
2020-07-20 05:00:00,23.3,20.6,85.0,0.0,,0.0,0.0,,1014.7,,,73.94,2020-07-20
2020-07-20 06:00:00,22.2,20.7,91.0,0.0,,0.0,0.0,,1015.0,,,71.96,2020-07-20
2020-07-20 07:00:00,22.8,20.5,87.0,0.0,,0.0,0.0,,1015.3,,,73.04,2020-07-20
2020-07-20 08:00:00,26.1,21.1,74.0,0.0,,0.0,0.0,,1015.8,,,78.98,2020-07-20
2020-07-20 09:00:00,29.4,21.6,63.0,0.0,,260.0,5.4,,1016.0,,,84.91999999999999,2020-07-20
2020-07-20 10:00:00,31.7,21.8,56.0,0.0,,290.0,7.6,,1015.8,,,89.06,2020-07-20
2020-07-20 11:00:00,33.3,20.5,47.0,0.0,,290.0,7.6,,1016.0,,,91.94,2020-07-20
2020-07-20 12:00:00,34.4,20.8,45.0,0.0,,290.0,5.4,,1015.6,,,93.91999999999999,2020-07-20
2020-07-20 13:00:00,35.6,19.9,40.0,0.0,,290.0,9.4,,1015.2,,,96.08000000000001,2020-07-20
2020-07-20 14:00:00,35.0,19.0,39.0,0.0,,290.0,9.4,,1015.0,,,95.0,2020-07-20
2020-07-20 15:00:00,37.2,20.5,38.0,0.0,,210.0,14.8,,1014.4,,,98.96000000000001,2020-07-20
2020-07-20 16:00:00,35.6,20.7,42.0,0.0,,220.0,9.4,,1013.8,,,96.08000000000001,2020-07-20
2020-07-20 17:00:00,35.0,20.2,42.0,0.0,,220.0,9.4,,1013.3,,,95.0,2020-07-20
2020-07-20 18:00:00,33.3,21.8,51.0,0.0,,0.0,0.0,,1012.9,,,91.94,2020-07-20
2020-07-20 19:00:00,31.1,20.1,52.0,0.0,,240.0,9.4,,1013.2,,,87.98,2020-07-20
2020-07-20 20:00:00,30.6,21.1,57.0,0.0,,210.0,5.4,,1013.8,,,87.08000000000001,2020-07-20
2020-07-20 21:00:00,29.4,21.1,61.0,0.0,,240.0,5.4,,1014.2,,,84.91999999999999,2020-07-20
2020-07-20 22:00:00,27.8,21.8,70.0,0.0,,210.0,7.6,,1015.1,,,82.04,2020-07-20
2020-07-20 23:00:00,27.2,22.2,74.0,0.0,,200.0,7.6,,1015.3,,,80.96,2020-07-20
2020-07-21 00:00:00,26.7,21.7,74.0,0.0,,200.0,7.6,,1015.1,,,80.06,2020-07-21
2020-07-21 01:00:00,26.7,21.7,74.0,0.0,,240.0,5.4,,1015.0,,,80.06,2020-07-21
2020-07-21 02:00:00,25.0,21.7,82.0,0.0,,240.0,5.4,,1015.0,,,77.0,2020-07-21
2020-07-21 03:00:00,23.9,21.8,88.0,0.0,,0.0,0.0,,1015.2,,,75.02,2020-07-21
2020-07-21 04:00:00,23.9,21.0,84.0,0.0,,200.0,7.6,,1015.3,,,75.02,2020-07-21
2020-07-21 05:00:00,22.8,21.1,90.0,0.0,,0.0,0.0,,1015.6,,,73.04,2020-07-21
2020-07-21 06:00:00,22.2,20.7,91.0,0.0,,0.0,0.0,,1015.9,,,71.96,2020-07-21
2020-07-21 07:00:00,23.3,21.2,88.0,0.0,,0.0,0.0,,1016.4,,,73.94,2020-07-21
2020-07-21 08:00:00,26.1,22.2,79.0,0.0,,0.0,0.0,,1017.0,,,78.98,2020-07-21
2020-07-21 09:00:00,28.9,22.2,67.0,0.0,,0.0,0.0,,1017.5,,,84.02,2020-07-21
2020-07-21 10:00:00,31.1,21.6,57.0,0.0,,210.0,5.4,,1017.7,,,87.98,2020-07-21
2020-07-21 11:00:00,33.3,21.1,49.0,0.0,,50.0,5.4,,1017.9,,,91.94,2020-07-21
2020-07-21 12:00:00,33.3,21.8,51.0,0.0,,170.0,5.4,,1017.9,,,91.94,2020-07-21
2020-07-21 13:00:00,34.4,21.8,48.0,0.0,,170.0,11.2,,1017.7,,23.983050847457626,93.91999999999999,2020-07-21
2020-07-21 14:00:00,35.6,20.7,42.0,0.0,,170.0,11.2,,1016.8,,24.322033898305083,96.08000000000001,2020-07-21
2020-07-21 15:00:00,36.1,20.0,39.0,0.0,,200.0,7.6,,1016.5,,24.66101694915254,96.98,2020-07-21
2020-07-21 16:00:00,36.7,20.1,38.0,0.0,,200.0,16.6,,1015.5,,25.0,98.06,2020-07-21
2020-07-21 17:00:00,31.7,20.0,50.0,0.0,,270.0,11.2,,1015.8,,25.0,89.06,2020-07-21
2020-07-21 18:00:00,28.9,19.0,55.0,0.0,,280.0,7.6,,1015.6,,25.0,84.02,2020-07-21
2020-07-21 19:00:00,28.3,20.1,61.0,0.0,,0.0,0.0,,1015.8,,25.0,82.94,2020-07-21
2020-07-21 20:00:00,27.8,20.1,63.0,0.0,,190.0,5.4,,1015.9,,,82.04,2020-07-21
2020-07-21 21:00:00,26.1,20.7,72.0,0.0,,0.0,0.0,,1016.3,,,78.98,2020-07-21
2020-07-21 22:00:00,25.6,20.6,74.0,0.0,,230.0,5.4,,1017.2,,,78.08,2020-07-21
2020-07-21 23:00:00,25.6,20.0,71.0,0.0,,0.0,0.0,,1017.0,,,78.08,2020-07-21
2020-07-22 00:00:00,25.6,20.6,74.0,0.0,,0.0,0.0,,1017.4,,,78.08,2020-07-22
2020-07-22 01:00:00,23.9,21.0,84.0,0.0,,0.0,0.0,,1017.6,,,75.02,2020-07-22
2020-07-22 02:00:00,23.9,21.0,84.0,0.0,,20.0,5.4,,1017.5,,,75.02,2020-07-22
2020-07-22 03:00:00,23.9,21.0,84.0,0.0,,0.0,0.0,,1017.3,,,75.02,2020-07-22
2020-07-22 04:00:00,22.8,20.5,87.0,0.0,,0.0,0.0,,1017.2,,,73.04,2020-07-22
2020-07-22 05:00:00,22.2,20.7,91.0,0.0,,0.0,0.0,,1017.5,,,71.96,2020-07-22
2020-07-22 06:00:00,22.2,20.7,91.0,0.0,,0.0,0.0,,1017.4,,,71.96,2020-07-22
2020-07-22 07:00:00,22.8,21.1,90.0,0.0,,0.0,0.0,,1017.7,,,73.04,2020-07-22
2020-07-22 08:00:00,25.0,21.7,82.0,0.0,,0.0,0.0,,1018.0,,,77.0,2020-07-22
2020-07-22 09:00:00,26.7,21.7,74.0,0.0,,200.0,7.6,,1018.3,,,80.06,2020-07-22
2020-07-22 10:00:00,28.9,21.7,65.0,0.0,,190.0,11.2,,1018.5,,,84.02,2020-07-22
2020-07-22 11:00:00,31.1,21.6,57.0,0.0,,260.0,11.2,,1018.6,,,87.98,2020-07-22
2020-07-22 12:00:00,32.2,21.1,52.0,0.0,,200.0,11.2,,1018.5,,,89.96000000000001,2020-07-22
2020-07-22 13:00:00,33.9,21.0,47.0,0.0,,200.0,14.8,,1017.6,,25.0,93.02,2020-07-22
2020-07-22 14:00:00,34.4,20.0,43.0,0.0,,200.0,14.8,,1017.0,,25.0,93.91999999999999,2020-07-22
2020-07-22 15:00:00,35.0,21.3,45.0,0.0,,200.0,16.6,,1016.3,,25.0,95.0,2020-07-22
2020-07-22 16:00:00,29.4,18.8,53.0,0.0,,280.0,13.0,,1017.1,,25.0,84.91999999999999,2020-07-22
2020-07-22 17:00:00,27.2,21.7,72.0,0.0,,0.0,0.0,,1017.1,,22.0,80.96,2020-07-22
2020-07-22 18:00:00,27.8,21.1,67.0,0.0,,220.0,5.4,,1017.0,,19.0,82.04,2020-07-22
2020-07-22 19:00:00,27.2,22.8,77.0,0.0,,0.0,0.0,,1017.2,,16.0,80.96,2020-07-22
2020-07-22 20:00:00,26.7,22.8,79.0,0.0,,110.0,9.4,,1017.9,,13.0,80.06,2020-07-22
2020-07-22 21:00:00,25.6,21.1,76.0,0.0,,0.0,0.0,,1018.4,,10.0,78.08,2020-07-22
2020-07-22 22:00:00,25.0,21.1,79.0,0.25,,0.0,0.0,,1018.7,,7.0,77.0,2020-07-22
2020-07-22 23:00:00,23.9,22.2,90.0,0.5,,0.0,0.0,,1019.2,,8.0,75.02,2020-07-22
2020-07-23 00:00:00,23.3,22.3,94.0,5.6,,360.0,7.6,,1019.6,,9.0,73.94,2020-07-23
2020-07-23 01:00:00,23.9,21.8,88.0,1.3,,130.0,14.8,,1019.9,,7.0,75.02,2020-07-23
2020-07-23 02:00:00,23.3,21.7,91.0,1.5,,170.0,9.4,,1019.5,,7.0,73.94,2020-07-23
2020-07-23 03:00:00,22.8,21.8,94.0,0.3,,0.0,0.0,,1018.8,,6.333333333333333,73.04,2020-07-23
2020-07-23 04:00:00,23.3,21.7,91.0,0.3,,0.0,0.0,,1018.7,,5.666666666666667,73.94,2020-07-23
2020-07-23 05:00:00,22.8,21.8,94.0,0.0,,0.0,0.0,,1018.7,,5.0,73.04,2020-07-23
2020-07-23 06:00:00,22.2,21.7,97.0,0.0,,190.0,7.6,,1019.2,,6.538461538461538,71.96,2020-07-23
2020-07-23 07:00:00,22.8,21.8,94.0,0.0,,190.0,5.4,,1019.5,,8.076923076923077,73.04,2020-07-23
2020-07-23 08:00:00,22.8,21.8,94.0,0.0,,210.0,7.6,,1020.3,,9.615384615384617,73.04,2020-07-23
2020-07-23 09:00:00,23.9,22.2,90.0,0.0,,190.0,9.4,,1020.2,,,75.02,2020-07-23
2020-07-23 10:00:00,26.1,22.2,79.0,0.0,,220.0,5.4,,1020.3,,,78.98,2020-07-23
2020-07-23 11:00:00,26.1,22.2,79.0,0.0,,110.0,5.4,,1020.4,,,78.98,2020-07-23
2020-07-23 12:00:00,27.2,22.8,77.0,0.0,,0.0,0.0,,1020.3,,,80.96,2020-07-23
2020-07-23 13:00:00,28.9,22.2,67.0,0.0,,230.0,9.4,,1020.0,,,84.02,2020-07-23
2020-07-23 14:00:00,30.6,21.7,59.0,0.0,,210.0,9.4,,1019.2,,,87.08000000000001,2020-07-23
2020-07-23 15:00:00,32.2,22.3,56.0,0.0,,200.0,5.4,,1018.0,,20.384615384615387,89.96000000000001,2020-07-23
2020-07-23 16:00:00,32.2,21.7,54.0,0.0,,200.0,7.6,,1017.2,,21.923076923076923,89.96000000000001,2020-07-23
2020-07-23 17:00:00,31.7,21.8,56.0,0.0,,230.0,11.2,,1017.4,,23.461538461538463,89.06,2020-07-23
2020-07-23 18:00:00,27.8,22.3,72.0,0.5,,220.0,20.5,,1018.2,,25.0,82.04,2020-07-23
2020-07-23 19:00:00,23.3,21.7,91.0,1.0,,300.0,7.6,,1019.1,,7.0,73.94,2020-07-23
2020-07-23 20:00:00,23.3,21.7,91.0,1.8,,0.0,0.0,,1019.3,,7.0,73.94,2020-07-23
2020-07-23 21:00:00,23.9,22.2,90.0,0.0,,0.0,0.0,,1019.7,,7.0,75.02,2020-07-23
2020-07-23 22:00:00,22.8,21.8,94.0,0.0,,0.0,0.0,,1019.6,,7.0,73.04,2020-07-23
2020-07-23 23:00:00,22.8,21.8,94.0,0.0,,0.0,0.0,,1019.1,,7.0,73.04,2020-07-23
2020-07-24 00:00:00,22.8,21.8,94.0,0.0,,200.0,5.4,,1019.0,,7.0,73.04,2020-07-24
2020-07-24 01:00:00,22.8,21.8,94.0,0.0,,200.0,11.2,,1019.4,,7.0,73.04,2020-07-24
2020-07-24 02:00:00,22.8,21.1,90.0,0.0,,210.0,9.4,,1019.1,,6.6,73.04,2020-07-24
2020-07-24 03:00:00,22.2,21.2,94.0,0.0,,200.0,9.4,,1019.0,,6.2,71.96,2020-07-24
2020-07-24 04:00:00,22.2,21.2,94.0,0.0,,200.0,7.6,,1019.0,,5.8,71.96,2020-07-24
2020-07-24 05:00:00,22.2,21.2,94.0,0.0,,210.0,9.4,,1019.3,,5.4,71.96,2020-07-24
2020-07-24 06:00:00,22.2,21.2,94.0,0.0,,200.0,7.6,,1019.0,,5.0,71.96,2020-07-24
2020-07-24 07:00:00,22.2,21.2,94.0,0.0,,200.0,7.6,,1019.5,,6.75,71.96,2020-07-24
2020-07-24 08:00:00,22.8,21.8,94.0,0.0,,240.0,7.6,,1020.1,,8.5,73.04,2020-07-24
2020-07-24 09:00:00,23.9,21.0,84.0,0.0,,0.0,0.0,,1020.4,,10.25,75.02,2020-07-24
2020-07-24 10:00:00,24.4,21.7,85.0,0.0,,0.0,7.6,,1020.6,,,75.92,2020-07-24
2020-07-24 11:00:00,26.7,20.5,69.0,0.0,,0.0,7.6,,1020.4,,,80.06,2020-07-24
2020-07-24 12:00:00,28.3,21.1,65.0,0.0,,0.0,0.0,,1020.3,,,82.94,2020-07-24
2020-07-24 13:00:00,30.0,21.1,59.0,0.0,,40.0,7.6,,1020.0,,,86.0,2020-07-24
2020-07-24 14:00:00,30.6,22.2,61.0,1.0,,40.0,5.4,,1019.6,,,87.08000000000001,2020-07-24
2020-07-24 15:00:00,30.6,20.5,55.0,0.0,,0.0,0.0,,1018.8,,20.75,87.08000000000001,2020-07-24
2020-07-24 16:00:00,30.6,20.5,55.0,0.0,,0.0,0.0,,1017.7,,22.5,87.08000000000001,2020-07-24
2020-07-24 17:00:00,31.1,20.1,52.0,0.0,,230.0,5.4,,1017.0,,24.25,87.98,2020-07-24
2020-07-24 18:00:00,33.3,20.1,46.0,0.0,,330.0,7.6,,1017.1,,26.0,91.94,2020-07-24
2020-07-24 19:00:00,23.3,19.5,79.0,14.7,,360.0,27.7,,1019.0,,25.0,73.94,2020-07-24
2020-07-24 20:00:00,23.9,21.0,84.0,18.0,,170.0,11.2,,1018.4,,23.0,75.02,2020-07-24
2020-07-24 21:00:00,22.2,19.4,84.0,0.0,,110.0,7.6,,1019.7,,21.0,71.96,2020-07-24
2020-07-24 22:00:00,21.1,19.9,93.0,0.0,,280.0,5.4,,1019.6,,19.0,69.98,2020-07-24
2020-07-24 23:00:00,21.1,19.9,93.0,0.0,,120.0,5.4,,1019.8,,,69.98,2020-07-24
2020-07-25 00:00:00,20.6,19.4,93.0,0.0,,0.0,0.0,,1019.8,,,69.08,2020-07-25
2020-07-25 01:00:00,20.6,19.4,93.0,0.0,,0.0,0.0,,1019.4,,,69.08,2020-07-25
2020-07-25 02:00:00,21.7,20.0,90.0,0.0,,0.0,0.0,,1019.1,,11.0,71.06,2020-07-25
2020-07-25 03:00:00,21.1,19.4,90.0,0.0,,0.0,0.0,,1019.0,,9.0,69.98,2020-07-25
2020-07-25 04:00:00,20.6,19.4,93.0,0.0,,0.0,0.0,,1018.6,,7.0,69.08,2020-07-25
2020-07-25 05:00:00,20.0,18.8,93.0,0.0,,0.0,0.0,,1018.6,,5.0,68.0,2020-07-25
2020-07-25 06:00:00,19.4,18.2,93.0,0.0,,0.0,0.0,,1018.8,,5.0,66.92,2020-07-25
2020-07-25 07:00:00,20.0,18.8,93.0,0.0,,0.0,0.0,,1019.4,,5.0,68.0,2020-07-25
2020-07-25 08:00:00,24.4,21.1,82.0,0.0,,0.0,0.0,,1019.9,,5.0,75.92,2020-07-25
2020-07-25 09:00:00,27.2,22.2,74.0,0.0,,0.0,0.0,,1020.2,,5.0,80.96,2020-07-25
2020-07-25 10:00:00,28.9,21.2,63.0,0.0,,20.0,7.6,,1020.6,,,84.02,2020-07-25
2020-07-25 11:00:00,30.0,20.6,57.0,0.0,,20.0,9.4,,1020.4,,,86.0,2020-07-25
2020-07-25 12:00:00,31.1,19.5,50.0,0.0,,20.0,5.4,,1020.5,,,87.98,2020-07-25
2020-07-25 13:00:00,32.8,19.3,45.0,0.0,,0.0,0.0,,1020.3,,,91.03999999999999,2020-07-25
2020-07-25 14:00:00,31.7,20.0,50.0,0.0,,100.0,7.6,,1019.5,,,89.06,2020-07-25
2020-07-25 15:00:00,32.8,18.9,44.0,0.0,,240.0,7.6,,1018.7,,,91.03999999999999,2020-07-25
2020-07-25 16:00:00,32.2,20.1,49.0,0.0,,0.0,0.0,,1018.3,,,89.96000000000001,2020-07-25
2020-07-25 17:00:00,32.8,20.7,49.0,0.0,,180.0,11.2,,1018.0,,,91.03999999999999,2020-07-25
2020-07-25 18:00:00,31.7,20.6,52.0,0.0,,170.0,11.2,,1018.3,,,89.06,2020-07-25
2020-07-25 19:00:00,31.7,20.6,52.0,0.0,,180.0,9.4,,1018.1,,,89.06,2020-07-25
2020-07-25 20:00:00,29.4,22.9,68.0,0.0,,180.0,5.4,,1018.0,,,84.91999999999999,2020-07-25
2020-07-25 21:00:00,26.1,22.8,82.0,0.0,,0.0,0.0,,1018.5,,,78.98,2020-07-25
2020-07-25 22:00:00,25.6,22.9,85.0,0.0,,0.0,0.0,,1019.5,,,78.08,2020-07-25
2020-07-25 23:00:00,23.9,22.2,90.0,0.0,,0.0,0.0,,1019.4,,,75.02,2020-07-25
2020-07-26 00:00:00,22.8,21.1,90.0,0.0,,0.0,0.0,,1019.4,,,73.04,2020-07-26
2020-07-26 01:00:00,22.8,21.1,90.0,0.0,,0.0,0.0,,1019.3,,,73.04,2020-07-26
2020-07-26 02:00:00,22.8,21.1,90.0,0.0,,0.0,0.0,,1019.5,,5.0,73.04,2020-07-26
2020-07-26 03:00:00,22.2,20.7,91.0,0.0,,0.0,0.0,,1019.5,,5.0,71.96,2020-07-26
2020-07-26 04:00:00,22.2,20.7,91.0,0.0,,0.0,0.0,,1019.4,,5.0,71.96,2020-07-26
2020-07-26 05:00:00,21.7,20.7,94.0,0.0,,0.0,0.0,,1019.2,,5.0,71.06,2020-07-26
2020-07-26 06:00:00,21.1,19.9,93.0,0.0,,0.0,0.0,,1019.5,,5.350877192982456,69.98,2020-07-26
2020-07-26 07:00:00,22.2,20.7,91.0,0.0,,0.0,0.0,,1019.7,,5.701754385964913,71.96,2020-07-26
2020-07-26 08:00:00,23.9,21.8,88.0,0.0,,200.0,5.4,,1019.9,,6.052631578947368,75.02,2020-07-26
2020-07-26 09:00:00,27.2,22.2,74.0,0.0,,0.0,0.0,,1020.1,,,80.96,2020-07-26
2020-07-26 10:00:00,28.9,21.7,65.0,0.0,,180.0,5.4,,1020.0,,,84.02,2020-07-26
2020-07-26 11:00:00,30.6,19.9,53.0,0.0,,180.0,7.6,,1019.7,,,87.08000000000001,2020-07-26
2020-07-26 12:00:00,31.7,20.6,52.0,0.0,,210.0,5.4,,1019.3,,,89.06,2020-07-26
2020-07-26 13:00:00,32.8,20.0,47.0,0.0,,210.0,13.0,,1019.0,,,91.03999999999999,2020-07-26
2020-07-26 14:00:00,34.4,20.0,43.0,0.0,,210.0,5.4,,1018.2,,,93.91999999999999,2020-07-26
2020-07-26 15:00:00,34.4,19.3,41.0,0.0,,170.0,14.8,,1017.7,,,93.91999999999999,2020-07-26
2020-07-26 16:00:00,33.9,19.6,43.0,0.0,,200.0,11.2,,1017.4,,,93.02,2020-07-26
2020-07-26 17:00:00,32.8,19.3,45.0,0.0,,240.0,7.6,,1017.1,,,91.03999999999999,2020-07-26
2020-07-26 18:00:00,31.7,20.0,50.0,0.0,,120.0,5.4,,1016.6,,,89.06,2020-07-26
2020-07-26 19:00:00,30.0,21.1,59.0,0.0,,0.0,0.0,,1016.8,,,86.0,2020-07-26
2020-07-26 20:00:00,28.9,21.7,65.0,0.0,,0.0,0.0,,1016.7,,,84.02,2020-07-26
2020-07-26 21:00:00,26.7,21.0,71.0,0.0,,0.0,0.0,,1016.5,,,80.06,2020-07-26
2020-07-26 22:00:00,25.0,21.7,82.0,0.0,,0.0,0.0,,1016.5,,,77.0,2020-07-26
2020-07-26 23:00:00,25.0,21.7,82.0,0.0,,0.0,0.0,,1016.8,,,77.0,2020-07-26
2020-07-27 00:00:00,24.4,21.7,85.0,0.0,,200.0,7.6,,1016.5,,,75.92,2020-07-27
2020-07-27 01:00:00,25.6,21.7,79.0,0.0,,230.0,7.6,,1016.0,,,78.08,2020-07-27
2020-07-27 02:00:00,24.4,21.7,85.0,0.0,,0.0,0.0,,1015.8,,,75.92,2020-07-27
2020-07-27 03:00:00,23.9,21.8,88.0,0.0,,0.0,0.0,,1015.6,,,75.02,2020-07-27
2020-07-27 04:00:00,23.3,21.7,91.0,0.0,,0.0,0.0,,1015.4,,,73.94,2020-07-27
2020-07-27 05:00:00,22.2,20.7,91.0,0.0,,200.0,5.4,,1015.8,,,71.96,2020-07-27
2020-07-27 06:00:00,21.7,20.7,94.0,0.0,,0.0,0.0,,1016.0,,,71.06,2020-07-27
2020-07-27 07:00:00,22.2,20.7,91.0,0.0,,210.0,5.4,,1016.6,,,71.96,2020-07-27
2020-07-27 08:00:00,24.4,21.1,82.0,0.0,,180.0,5.4,,1016.8,,,75.92,2020-07-27
2020-07-27 09:00:00,28.3,21.1,65.0,0.0,,0.0,0.0,,1016.8,,,82.94,2020-07-27
2020-07-27 10:00:00,30.0,21.7,61.0,0.0,,210.0,9.4,,1016.5,,,86.0,2020-07-27
2020-07-27 11:00:00,31.7,21.8,56.0,0.0,,200.0,9.4,,1016.4,,,89.06,2020-07-27
2020-07-27 12:00:00,32.2,21.1,52.0,0.0,,200.0,14.8,,1016.0,,,89.96000000000001,2020-07-27
2020-07-27 13:00:00,32.8,21.0,50.0,0.0,,260.0,5.4,,1015.5,,,91.03999999999999,2020-07-27
2020-07-27 14:00:00,33.3,20.5,47.0,0.0,,260.0,7.6,,1015.0,,,91.94,2020-07-27
2020-07-27 15:00:00,34.4,21.1,46.0,0.0,,200.0,7.6,,1014.3,,,93.91999999999999,2020-07-27
2020-07-27 16:00:00,33.9,20.7,46.0,0.0,,200.0,13.0,,1013.5,,,93.02,2020-07-27
2020-07-27 17:00:00,33.9,21.0,47.0,0.0,,240.0,7.6,,1012.8,,,93.02,2020-07-27
2020-07-27 18:00:00,33.9,21.0,47.0,0.0,,160.0,9.4,,1012.2,,,93.02,2020-07-27
2020-07-27 19:00:00,32.8,21.0,50.0,0.0,,80.0,5.4,,1012.2,,,91.03999999999999,2020-07-27
2020-07-27 20:00:00,30.6,21.7,59.0,0.0,,0.0,0.0,,1012.5,,,87.08000000000001,2020-07-27
2020-07-27 21:00:00,29.4,21.1,61.0,0.0,,230.0,5.4,,1013.2,,,84.91999999999999,2020-07-27
2020-07-27 22:00:00,28.3,20.6,63.0,0.0,,230.0,7.6,,1013.1,,,82.94,2020-07-27
2020-07-27 23:00:00,26.1,20.7,72.0,0.0,,230.0,5.4,,1013.2,,,78.98,2020-07-27
2020-07-28 00:00:00,26.1,20.0,69.0,0.0,,240.0,9.4,,1013.0,,,78.98,2020-07-28
2020-07-28 01:00:00,25.0,20.7,77.0,0.0,,200.0,5.4,,1013.0,,,77.0,2020-07-28
2020-07-28 02:00:00,25.0,20.7,77.0,0.0,,240.0,11.2,,1012.4,,,77.0,2020-07-28
2020-07-28 03:00:00,23.9,20.6,82.0,0.0,,220.0,5.4,,1011.8,,,75.02,2020-07-28
2020-07-28 04:00:00,23.9,20.6,82.0,0.0,,240.0,9.4,,1012.0,,,75.02,2020-07-28
2020-07-28 05:00:00,23.9,20.6,82.0,0.0,,240.0,9.4,,1012.2,,,75.02,2020-07-28
2020-07-28 06:00:00,22.8,20.5,87.0,0.0,,230.0,7.6,,1012.7,,,73.04,2020-07-28
2020-07-28 07:00:00,23.9,20.6,82.0,0.0,,240.0,7.6,,1013.4,,,75.02,2020-07-28
2020-07-28 08:00:00,26.1,21.1,74.0,0.0,,240.0,9.4,,1013.7,,,78.98,2020-07-28
2020-07-28 09:00:00,28.3,21.1,65.0,0.0,,280.0,7.6,,1014.0,,,82.94,2020-07-28
2020-07-28 10:00:00,30.6,21.1,57.0,0.0,,280.0,11.2,,1014.1,,,87.08000000000001,2020-07-28
2020-07-28 11:00:00,31.7,20.6,52.0,0.0,,260.0,9.4,,1014.1,,23.94736842105263,89.06,2020-07-28
2020-07-28 12:00:00,31.7,21.3,54.0,0.0,,260.0,9.4,,1014.3,,24.298245614035086,89.06,2020-07-28
2020-07-28 13:00:00,32.2,20.5,50.0,0.0,,290.0,11.2,,1013.9,,24.64912280701754,89.96000000000001,2020-07-28
2020-07-28 14:00:00,33.9,21.0,47.0,0.0,,240.0,7.6,,1013.0,,25.0,93.02,2020-07-28
2020-07-28 15:00:00,33.3,20.5,47.0,0.0,,240.0,9.4,,1012.2,,25.0,91.94,2020-07-28
2020-07-28 16:00:00,25.0,22.3,85.0,10.2,,170.0,13.0,,1013.5,,25.0,77.0,2020-07-28
2020-07-28 17:00:00,23.9,21.0,84.0,6.799999999999999,,200.0,9.4,,1012.8,,25.0,75.02,2020-07-28
2020-07-28 18:00:00,25.6,21.7,79.0,3.3999999999999995,,0.0,0.0,,1012.7,,25.0,78.08,2020-07-28
2020-07-28 19:00:00,26.1,21.8,77.0,0.0,,190.0,7.6,,1012.2,,25.0,78.98,2020-07-28
2020-07-28 20:00:00,25.6,22.3,82.0,0.0,,130.0,5.4,,1013.4,,25.0,78.08,2020-07-28
2020-07-28 21:00:00,25.0,22.3,85.0,0.0,,210.0,11.2,,1013.9,,25.0,77.0,2020-07-28
2020-07-28 22:00:00,22.2,21.2,94.0,0.5,,0.0,0.0,,1014.1,,21.666666666666668,71.96,2020-07-28
2020-07-28 23:00:00,22.2,20.7,91.0,0.0,,230.0,7.6,,1014.5,,18.333333333333332,71.96,2020-07-28
2020-07-29 00:00:00,22.2,20.7,91.0,0.0,,210.0,5.4,,1014.3,,15.0,71.96,2020-07-29
2020-07-29 01:00:00,22.2,21.2,94.0,0.0,,210.0,7.6,,1014.1,,11.666666666666666,71.96,2020-07-29
2020-07-29 02:00:00,22.8,21.1,90.0,0.0,,0.0,0.0,,1014.1,,8.333333333333332,73.04,2020-07-29
2020-07-29 03:00:00,22.8,21.8,94.0,0.0,,180.0,5.4,,1014.4,,5.0,73.04,2020-07-29
2020-07-29 04:00:00,22.8,21.8,94.0,0.0,,0.0,0.0,,1014.7,,5.0,73.04,2020-07-29
2020-07-29 05:00:00,23.3,22.3,94.0,0.0,,230.0,7.6,,1014.4,,5.0,73.94,2020-07-29
2020-07-29 06:00:00,23.3,22.3,94.0,0.0,,0.0,0.0,,1014.4,,5.0,73.94,2020-07-29
2020-07-29 07:00:00,22.8,21.8,94.0,0.0,,0.0,0.0,,1014.7,,5.0,73.04,2020-07-29
2020-07-29 08:00:00,25.0,22.3,85.0,0.0,,0.0,0.0,,1015.0,,5.333333333333333,77.0,2020-07-29
2020-07-29 09:00:00,27.2,22.2,74.0,0.0,,20.0,9.4,,1015.7,,5.666666666666667,80.96,2020-07-29
2020-07-29 10:00:00,28.9,20.6,61.0,0.0,,20.0,11.2,,1016.2,,6.0,84.02,2020-07-29
2020-07-29 11:00:00,30.0,20.6,57.0,0.0,,0.0,0.0,,1016.0,,6.333333333333333,86.0,2020-07-29
2020-07-29 12:00:00,31.1,20.7,54.0,0.0,,130.0,9.4,,1015.9,,6.666666666666666,87.98,2020-07-29
2020-07-29 13:00:00,31.1,20.1,52.0,0.0,,60.0,7.6,,1015.7,,7.0,87.98,2020-07-29
2020-07-29 14:00:00,28.9,22.2,67.0,0.4,,300.0,9.4,,1015.4,,6.882352941176471,84.02,2020-07-29
2020-07-29 15:00:00,30.0,21.1,59.0,0.8,,170.0,7.6,,1014.3,,6.764705882352941,86.0,2020-07-29
2020-07-29 16:00:00,31.7,20.0,50.0,0.0,,160.0,9.4,,1013.4,,6.647058823529412,89.06,2020-07-29
2020-07-29 17:00:00,32.2,18.4,44.0,0.0,,170.0,5.4,,1013.3,,,89.96000000000001,2020-07-29
2020-07-29 18:00:00,32.2,20.1,49.0,0.0,,180.0,9.4,,1013.0,,,89.96000000000001,2020-07-29
2020-07-29 19:00:00,31.7,20.6,52.0,0.0,,180.0,9.4,,1012.6,,,89.06,2020-07-29
2020-07-29 20:00:00,27.8,22.7,74.0,0.0,,0.0,0.0,,1013.3,,,82.04,2020-07-29
2020-07-29 21:00:00,25.6,22.3,82.0,0.0,,0.0,0.0,,1013.7,,,78.08,2020-07-29
2020-07-29 22:00:00,24.4,21.7,85.0,0.0,,0.0,0.0,,1014.0,,,75.92,2020-07-29
2020-07-29 23:00:00,24.4,21.7,85.0,0.0,,0.0,0.0,,1014.3,,,75.92,2020-07-29
2020-07-30 00:00:00,24.4,22.3,88.0,0.0,,0.0,0.0,,1014.2,,,75.92,2020-07-30
2020-07-30 01:00:00,24.4,22.3,88.0,0.0,,220.0,5.4,,1014.1,,,75.92,2020-07-30
2020-07-30 02:00:00,23.9,21.8,88.0,0.0,,0.0,0.0,,1013.8,,,75.02,2020-07-30
2020-07-30 03:00:00,23.3,21.2,88.0,0.0,,0.0,0.0,,1013.2,,5.352941176470589,73.94,2020-07-30
2020-07-30 04:00:00,22.2,20.7,91.0,0.0,,0.0,0.0,,1012.6,,5.235294117647059,71.96,2020-07-30
2020-07-30 05:00:00,22.2,21.2,94.0,0.0,,0.0,0.0,,1012.3,,5.117647058823529,71.96,2020-07-30
2020-07-30 06:00:00,21.7,20.7,94.0,0.0,,0.0,0.0,,1012.5,,5.0,71.06,2020-07-30
2020-07-30 07:00:00,22.2,20.7,91.0,0.0,,0.0,0.0,,1012.8,,5.222222222222222,71.96,2020-07-30
2020-07-30 08:00:00,24.4,22.3,88.0,0.0,,190.0,7.6,,1013.3,,5.444444444444445,75.92,2020-07-30
2020-07-30 09:00:00,26.7,22.8,79.0,0.0,,0.0,0.0,,1013.5,,5.666666666666667,80.06,2020-07-30
2020-07-30 10:00:00,30.0,22.7,65.0,0.0,,0.0,0.0,,1013.3,,,86.0,2020-07-30
2020-07-30 11:00:00,31.1,21.6,57.0,0.0,,0.0,0.0,,1013.3,,,87.98,2020-07-30
2020-07-30 12:00:00,31.7,21.3,54.0,0.0,,180.0,7.6,,1013.1,,6.333333333333333,89.06,2020-07-30
2020-07-30 13:00:00,32.8,20.0,47.0,0.0,,200.0,14.8,,1012.2,,6.555555555555555,91.03999999999999,2020-07-30
2020-07-30 14:00:00,32.2,21.7,54.0,0.0,,180.0,16.6,,1011.5,,6.777777777777778,89.96000000000001,2020-07-30
2020-07-30 15:00:00,31.7,22.7,59.0,0.0,,190.0,13.0,,1010.8,,7.0,89.06,2020-07-30
2020-07-30 16:00:00,30.0,24.4,72.0,0.0,,230.0,5.4,,1010.4,,7.0,86.0,2020-07-30
2020-07-30 17:00:00,28.3,23.9,77.0,0.0,,0.0,0.0,,1010.3,,7.0,82.94,2020-07-30
2020-07-30 18:00:00,28.9,23.8,74.0,0.0,,0.0,0.0,,1010.1,,7.0,84.02,2020-07-30
2020-07-30 19:00:00,25.0,21.7,82.0,0.3,,0.0,0.0,,1009.9,,7.0,77.0,2020-07-30
2020-07-30 20:00:00,25.6,23.8,90.0,1.0,,0.0,0.0,,1010.3,,7.5,78.08,2020-07-30
2020-07-30 21:00:00,25.6,23.8,90.0,0.3,,0.0,0.0,,1010.7,,8.0,78.08,2020-07-30
2020-07-30 22:00:00,24.4,22.8,91.0,8.9,,0.0,0.0,,1010.8,,8.0,75.92,2020-07-30
2020-07-30 23:00:00,24.4,23.4,94.0,3.3,,0.0,0.0,,1011.1,,8.0,75.92,2020-07-30
2020-07-31 00:00:00,23.9,22.9,94.0,5.1,,30.0,5.4,,1010.3,,7.25,75.02,2020-07-31
2020-07-31 01:00:00,23.9,22.9,94.0,2.55,,0.0,0.0,,1010.0,,6.5,75.02,2020-07-31
2020-07-31 02:00:00,23.3,22.3,94.0,0.0,,0.0,0.0,,1009.5,,5.75,73.94,2020-07-31
2020-07-31 03:00:00,23.9,22.2,90.0,0.0,,0.0,0.0,,1008.6,,5.0,75.02,2020-07-31
2020-07-31 04:00:00,23.3,22.3,94.0,0.0,,0.0,0.0,,1008.6,,5.0,73.94,2020-07-31
2020-07-31 05:00:00,23.3,22.3,94.0,0.0,,200.0,7.6,,1008.6,,5.0,73.94,2020-07-31
2020-07-31 06:00:00,23.3,22.3,94.0,0.0,,180.0,7.6,,1008.8,,5.0,73.94,2020-07-31
2020-07-31 07:00:00,23.3,22.3,94.0,0.0,,190.0,5.4,,1009.1,,8.0,73.94,2020-07-31
2020-07-31 08:00:00,23.3,22.3,94.0,0.8,,0.0,0.0,,1009.4,,5.0,73.94,2020-07-31
2020-07-31 09:00:00,23.3,22.3,94.0,0.3,,200.0,11.2,,1009.8,,5.25,73.94,2020-07-31
2020-07-31 10:00:00,24.4,22.8,91.0,0.0,,200.0,14.8,,1009.5,,5.5,75.92,2020-07-31
2020-07-31 11:00:00,27.2,23.2,79.0,0.0,,210.0,11.2,,1009.3,,5.75,80.96,2020-07-31
2020-07-31 12:00:00,30.0,23.9,70.0,0.0,,210.0,14.8,,1009.0,,,86.0,2020-07-31
2020-07-31 13:00:00,30.0,23.2,67.0,0.0,,250.0,5.4,,1009.0,,6.25,86.0,2020-07-31
2020-07-31 14:00:00,31.1,22.1,59.0,0.0,,250.0,13.0,,1008.6,,6.5,87.98,2020-07-31
2020-07-31 15:00:00,31.1,21.6,57.0,0.0,,240.0,14.8,,1008.4,,6.75,87.98,2020-07-31
2020-07-31 16:00:00,31.7,21.8,56.0,0.0,,350.0,9.4,,1008.5,,7.0,89.06,2020-07-31
2020-07-31 17:00:00,26.1,24.0,88.0,0.0,,350.0,11.2,,1008.7,,7.043478260869565,78.98,2020-07-31
2020-07-31 18:00:00,30.0,23.2,67.0,0.0,,0.0,0.0,,1008.0,,7.086956521739131,86.0,2020-07-31
2020-07-31 19:00:00,28.9,23.3,72.0,0.0,,0.0,0.0,,1008.7,,7.130434782608695,84.02,2020-07-31
2020-07-31 20:00:00,27.8,22.3,72.0,0.0,,330.0,5.4,,1009.4,,,82.04,2020-07-31
2020-07-31 21:00:00,26.1,21.8,77.0,0.0,,30.0,11.2,,1010.7,,,78.98,2020-07-31
2020-07-31 22:00:00,25.0,21.7,82.0,0.0,,50.0,9.4,,1011.7,,,77.0,2020-07-31
2020-07-31 23:00:00,24.4,21.7,85.0,0.0,,40.0,7.6,,1012.3,,,75.92,2020-07-31
2020-08-01 00:00:00,23.9,21.8,88.0,0.0,,30.0,9.4,,1012.7,,,75.02,2020-08-01
2020-08-01 01:00:00,23.9,21.8,88.0,0.0,,0.0,0.0,,1012.8,,,75.02,2020-08-01
2020-08-01 02:00:00,23.3,21.7,91.0,0.0,,0.0,0.0,,1012.1,,,73.94,2020-08-01
2020-08-01 03:00:00,23.3,21.7,91.0,0.0,,0.0,0.0,,1011.1,,,73.94,2020-08-01
2020-08-01 04:00:00,22.8,21.8,94.0,0.0,,0.0,0.0,,1011.6,,,73.04,2020-08-01
2020-08-01 05:00:00,22.8,21.8,94.0,0.0,,0.0,0.0,,1012.5,,,73.04,2020-08-01
2020-08-01 06:00:00,22.8,21.1,90.0,0.0,,0.0,0.0,,1012.5,,,73.04,2020-08-01
2020-08-01 07:00:00,22.2,21.2,94.0,0.0,,0.0,0.0,,1013.5,,,71.96,2020-08-01
2020-08-01 08:00:00,23.9,21.8,88.0,0.0,,0.0,0.0,,1014.1,,,75.02,2020-08-01
2020-08-01 09:00:00,24.4,21.1,82.0,0.0,,100.0,7.6,,1014.5,,,75.92,2020-08-01
2020-08-01 10:00:00,25.6,21.7,79.0,0.0,,0.0,0.0,,1014.9,,,78.08,2020-08-01
2020-08-01 11:00:00,27.2,21.0,69.0,0.0,,0.0,0.0,,1014.7,,,80.96,2020-08-01
2020-08-01 12:00:00,28.3,21.8,68.0,0.0,,170.0,7.6,,1014.8,,7.869565217391305,82.94,2020-08-01
2020-08-01 13:00:00,28.9,22.2,67.0,0.0,,170.0,9.4,,1014.6,,7.913043478260869,84.02,2020-08-01
2020-08-01 14:00:00,29.4,22.1,65.0,0.0,,100.0,7.6,,1013.8,,7.956521739130435,84.91999999999999,2020-08-01
2020-08-01 15:00:00,30.0,22.2,63.0,0.0,,140.0,13.0,,1012.9,,8.0,86.0,2020-08-01
2020-08-01 16:00:00,27.2,23.9,82.0,1.5,,250.0,5.4,,1012.1,,7.769230769230769,80.96,2020-08-01
2020-08-01 17:00:00,30.0,22.7,65.0,0.0,,160.0,14.8,,1011.6,,7.538461538461538,86.0,2020-08-01
2020-08-01 18:00:00,30.0,22.7,65.0,0.0,,150.0,13.0,,1012.1,,7.3076923076923075,86.0,2020-08-01
2020-08-01 19:00:00,30.6,23.3,65.0,0.0,,160.0,16.6,,1012.2,,,87.08000000000001,2020-08-01
2020-08-01 20:00:00,29.4,23.4,70.0,0.0,,160.0,9.4,,1011.9,,,84.91999999999999,2020-08-01
2020-08-01 21:00:00,28.3,23.9,77.0,0.0,,0.0,0.0,,1012.5,,,82.94,2020-08-01
2020-08-01 22:00:00,27.8,23.8,79.0,0.0,,170.0,14.8,,1012.6,,,82.04,2020-08-01
2020-08-01 23:00:00,26.7,22.8,79.0,0.0,,180.0,13.0,,1012.7,,,80.06,2020-08-01
2020-08-02 00:00:00,25.6,22.9,85.0,0.0,,170.0,14.8,,1012.4,,,78.08,2020-08-02
2020-08-02 01:00:00,24.4,22.8,91.0,0.0,,200.0,9.4,,1012.5,,5.692307692307692,75.92,2020-08-02
2020-08-02 02:00:00,23.9,22.9,94.0,0.0,,200.0,5.4,,1012.3,,5.461538461538462,75.02,2020-08-02
2020-08-02 03:00:00,23.9,22.9,94.0,0.0,,0.0,0.0,,1012.0,,5.230769230769231,75.02,2020-08-02
2020-08-02 04:00:00,23.9,22.9,94.0,0.0,,0.0,0.0,,1012.1,,5.0,75.02,2020-08-02
2020-08-02 05:00:00,22.8,21.8,94.0,0.0,,0.0,0.0,,1012.0,,5.0,73.04,2020-08-02
2020-08-02 06:00:00,23.3,22.3,94.0,0.0,,220.0,5.4,,1012.2,,5.0,73.94,2020-08-02
2020-08-02 07:00:00,23.3,22.8,97.0,0.0,,200.0,9.4,,1012.7,,5.0,73.94,2020-08-02
2020-08-02 08:00:00,24.4,23.4,94.0,0.0,,200.0,11.2,,1013.4,,5.0,75.92,2020-08-02
2020-08-02 09:00:00,25.6,23.3,87.0,0.0,,200.0,13.0,,1013.8,,9.0,78.08,2020-08-02
2020-08-02 10:00:00,28.3,22.8,72.0,0.0,,220.0,11.2,,1014.0,,13.0,82.94,2020-08-02
2020-08-02 11:00:00,29.4,21.6,63.0,0.0,,220.0,14.8,,1014.0,,17.0,84.91999999999999,2020-08-02
2020-08-02 12:00:00,29.4,22.1,65.0,0.0,,190.0,20.5,,1014.1,,21.0,84.91999999999999,2020-08-02
2020-08-02 13:00:00,31.1,22.1,59.0,0.0,,170.0,16.6,,1013.7,,25.0,87.98,2020-08-02
2020-08-02 14:00:00,27.2,20.5,67.0,0.0,,280.0,13.0,,1014.3,,23.714285714285715,80.96,2020-08-02
2020-08-02 15:00:00,29.4,21.6,63.0,0.0,,256.6666666666667,7.6,,1013.6,,22.428571428571427,84.91999999999999,2020-08-02
2020-08-02 16:00:00,30.0,22.2,63.0,0.0,,233.33333333333334,5.4,,1013.4,,21.142857142857142,86.0,2020-08-02
2020-08-02 17:00:00,30.0,21.1,59.0,0.0,,210.0,7.6,,1013.0,,,86.0,2020-08-02
2020-08-02 18:00:00,28.3,20.6,63.0,0.0,,210.0,11.2,,1013.8,,,82.94,2020-08-02
2020-08-02 19:00:00,27.2,21.7,72.0,0.0,,210.0,11.2,,1014.0,,,80.96,2020-08-02
2020-08-02 20:00:00,26.7,21.7,74.0,0.0,,200.0,11.2,,1013.9,,,80.06,2020-08-02
2020-08-02 21:00:00,25.0,22.3,85.0,0.0,,0.0,0.0,,1014.4,,,77.0,2020-08-02
2020-08-02 22:00:00,24.4,21.7,85.0,0.0,,210.0,5.4,,1014.7,,,75.92,2020-08-02
2020-08-02 23:00:00,23.9,21.8,88.0,0.0,,250.0,5.4,,1015.2,,,75.02,2020-08-02
2020-08-03 00:00:00,23.3,21.7,91.0,0.0,,0.0,0.0,,1015.2,,10.857142857142856,73.94,2020-08-03
2020-08-03 01:00:00,23.3,21.7,91.0,0.0,,0.0,0.0,,1015.8,,9.57142857142857,73.94,2020-08-03
2020-08-03 02:00:00,22.8,21.1,90.0,0.3,,200.0,9.4,,1016.4,,8.285714285714285,73.04,2020-08-03
2020-08-03 03:00:00,22.2,21.2,94.0,0.0,,210.0,9.4,,1016.3,,7.0,71.96,2020-08-03
2020-08-03 04:00:00,22.8,21.1,90.0,0.16666666666666666,,0.0,0.0,,1015.9,,7.0,73.04,2020-08-03
2020-08-03 05:00:00,22.8,21.1,90.0,0.3333333333333333,,150.0,5.4,,1016.4,,7.0,73.04,2020-08-03
2020-08-03 06:00:00,22.8,21.1,90.0,0.5,,0.0,0.0,,1017.0,,6.0,73.04,2020-08-03
2020-08-03 07:00:00,22.8,21.1,90.0,0.25,,0.0,0.0,,1017.1,,5.0,73.04,2020-08-03
2020-08-03 08:00:00,22.8,21.8,94.0,0.0,,0.0,0.0,,1017.6,,5.0,73.04,2020-08-03
2020-08-03 09:00:00,23.9,21.0,84.0,0.0,,0.0,0.0,,1017.5,,8.5,75.02,2020-08-03
2020-08-03 10:00:00,25.6,21.7,79.0,0.0,,140.0,13.0,,1017.3,,12.0,78.08,2020-08-03
2020-08-03 11:00:00,26.1,22.2,79.0,0.0,,160.0,9.4,,1018.0,,15.5,78.98,2020-08-03
2020-08-03 12:00:00,27.2,22.2,74.0,0.0,,200.0,7.6,,1017.9,,19.0,80.96,2020-08-03
2020-08-03 13:00:00,28.3,21.8,68.0,0.0,,200.0,5.4,,1017.0,,22.5,82.94,2020-08-03
2020-08-03 14:00:00,28.9,21.7,65.0,0.0,,220.0,5.4,,1016.7,,26.0,84.02,2020-08-03
2020-08-03 15:00:00,21.7,20.7,94.0,2.5,,200.0,22.3,,1017.3,,8.0,71.06,2020-08-03
2020-08-03 16:00:00,21.7,20.0,90.0,10.9,,270.0,9.4,,1017.9,,7.0,71.06,2020-08-03
2020-08-03 17:00:00,22.2,19.9,87.0,0.8,,0.0,0.0,,1017.3,,7.0,71.96,2020-08-03
2020-08-03 18:00:00,22.2,20.7,91.0,0.7285714285714286,,170.0,5.4,,1016.7,,7.0,71.96,2020-08-03
2020-08-03 19:00:00,22.2,20.7,91.0,0.6571428571428573,,90.0,7.6,,1015.4,,7.0,71.96,2020-08-03
2020-08-03 20:00:00,22.2,19.9,87.0,0.5857142857142857,,0.0,0.0,,1015.9,,7.0,71.96,2020-08-03
2020-08-03 21:00:00,21.7,20.0,90.0,0.5142857142857143,,40.0,7.6,,1016.1,,7.0,71.06,2020-08-03
2020-08-03 22:00:00,22.2,19.9,87.0,0.44285714285714295,,30.0,9.4,,1015.9,,7.0,71.96,2020-08-03
2020-08-03 23:00:00,21.7,20.7,94.0,0.3714285714285715,,20.0,11.2,,1015.5,,7.0,71.06,2020-08-03
2020-08-04 00:00:00,21.7,20.0,90.0,0.3,,50.0,11.2,,1014.8,,7.0,71.06,2020-08-04
2020-08-04 01:00:00,21.7,20.0,90.0,0.3,,40.0,9.4,,1013.9,,7.0,71.06,2020-08-04
2020-08-04 02:00:00,21.1,19.9,93.0,1.2999999999999998,,50.0,7.6,,1012.55,,7.0,69.98,2020-08-04
2020-08-04 03:00:00,21.1,19.4,90.0,2.3,,10.0,13.0,,1011.2,,7.0,69.98,2020-08-04
2020-08-04 04:00:00,21.1,19.4,90.0,1.5,,10.0,14.8,,1010.2,,7.0,69.98,2020-08-04
2020-08-04 05:00:00,21.1,19.4,90.0,1.3,,10.0,14.8,,1008.5,,7.0,69.98,2020-08-04
2020-08-04 06:00:00,21.1,19.4,90.0,1.0,,5.0,7.6,,1008.3,,7.0,69.98,2020-08-04
2020-08-04 07:00:00,21.1,19.4,90.0,0.5,,0.0,0.0,,1009.2,,7.0,69.98,2020-08-04
2020-08-04 08:00:00,21.7,19.4,87.0,0.0,,0.0,0.0,,1009.7,,7.0,71.06,2020-08-04
2020-08-04 09:00:00,23.3,20.1,82.0,0.0,,250.0,9.4,,1010.9,,,73.94,2020-08-04
2020-08-04 10:00:00,25.6,19.5,69.0,0.0,,250.0,13.0,,1011.3,,,78.08,2020-08-04
2020-08-04 11:00:00,27.2,20.1,65.0,0.0,,250.0,11.2,,1011.8,,,80.96,2020-08-04
2020-08-04 12:00:00,28.9,20.6,61.0,0.0,,220.0,11.2,,1011.8,,,84.02,2020-08-04
2020-08-04 13:00:00,29.4,19.4,55.0,0.0,,220.0,13.0,,1012.0,,,84.91999999999999,2020-08-04
2020-08-04 14:00:00,30.0,19.4,53.0,0.0,,200.0,16.6,,1012.1,,,86.0,2020-08-04
2020-08-04 15:00:00,30.6,19.0,50.0,0.0,,210.0,13.0,,1012.3,,,87.08000000000001,2020-08-04
2020-08-04 16:00:00,30.6,18.3,48.0,0.0,,210.0,11.2,,1012.0,,,87.08000000000001,2020-08-04
2020-08-04 17:00:00,31.1,19.5,50.0,0.0,,210.0,13.0,,1011.9,,,87.98,2020-08-04
2020-08-04 18:00:00,30.6,19.3,51.0,0.0,,200.0,14.8,,1012.0,,,87.08000000000001,2020-08-04
2020-08-04 19:00:00,28.3,20.6,63.0,0.0,,180.0,11.2,,1012.4,,,82.94,2020-08-04
2020-08-04 20:00:00,26.7,20.5,69.0,0.0,,190.0,5.4,,1013.2,,,80.06,2020-08-04
2020-08-04 21:00:00,25.6,20.6,74.0,0.0,,220.0,5.4,,1014.1,,,78.08,2020-08-04
2020-08-04 22:00:00,24.4,20.5,79.0,0.0,,210.0,5.4,,1014.7,,,75.92,2020-08-04
2020-08-04 23:00:00,23.9,21.0,84.0,0.0,,220.0,5.4,,1014.9,,,75.02,2020-08-04
2020-08-05 00:00:00,22.2,20.7,91.0,0.0,,230.0,5.4,,1015.2,,,71.96,2020-08-05
2020-08-05 01:00:00,21.7,20.7,94.0,0.0,,200.0,5.4,,1015.5,,,71.06,2020-08-05
2020-08-05 02:00:00,22.2,20.7,91.0,0.0,,0.0,0.0,,1015.6,,,71.96,2020-08-05
2020-08-05 03:00:00,22.2,19.9,87.0,0.0,,220.0,5.4,,1015.2,,,71.96,2020-08-05
2020-08-05 04:00:00,21.7,20.0,90.0,0.0,,0.0,0.0,,1015.1,,,71.06,2020-08-05
2020-08-05 05:00:00,22.2,19.0,82.0,0.0,,0.0,0.0,,1015.0,,,71.96,2020-08-05
2020-08-05 06:00:00,19.4,17.9,91.0,0.0,,0.0,0.0,,1015.6,,,66.92,2020-08-05
2020-08-05 07:00:00,20.0,18.8,93.0,0.0,,0.0,0.0,,1016.7,,,68.0,2020-08-05
2020-08-05 08:00:00,21.7,19.4,87.0,0.0,,0.0,0.0,,1017.2,,,71.06,2020-08-05
2020-08-05 09:00:00,23.9,19.4,76.0,0.0,,0.0,0.0,,1017.7,,,75.02,2020-08-05
2020-08-05 10:00:00,26.1,19.0,65.0,0.0,,10.0,7.6,,1017.9,,,78.98,2020-08-05
2020-08-05 11:00:00,27.8,18.2,56.0,0.0,,90.0,11.2,,1018.5,,,82.04,2020-08-05
2020-08-05 12:00:00,28.9,19.5,57.0,0.0,,45.0,5.4,,1018.4,,,84.02,2020-08-05
2020-08-05 13:00:00,30.0,18.8,51.0,0.0,,0.0,0.0,,1018.1,,,86.0,2020-08-05
2020-08-05 14:00:00,29.4,18.8,53.0,0.0,,140.0,11.2,,1017.7,,,84.91999999999999,2020-08-05
2020-08-05 15:00:00,30.6,19.0,50.0,0.0,,200.0,7.6,,1017.0,,,87.08000000000001,2020-08-05
2020-08-05 16:00:00,31.1,19.5,50.0,0.0,,110.0,7.6,,1016.8,,,87.98,2020-08-05
2020-08-05 17:00:00,31.1,20.1,52.0,0.0,,110.0,9.4,,1016.3,,,87.98,2020-08-05
2020-08-05 18:00:00,30.6,19.9,53.0,0.0,,170.0,9.4,,1016.0,,,87.08000000000001,2020-08-05
2020-08-05 19:00:00,28.9,20.6,61.0,0.0,,170.0,5.4,,1015.7,,,84.02,2020-08-05
2020-08-05 20:00:00,27.8,21.8,70.0,0.0,,160.0,5.4,,1016.3,,7.0,82.04,2020-08-05
2020-08-05 21:00:00,25.0,21.7,82.0,0.0,,210.0,5.4,,1016.7,,7.0,77.0,2020-08-05
2020-08-05 22:00:00,25.6,20.6,74.0,0.0,,130.0,5.4,,1017.1,,7.0,78.08,2020-08-05
2020-08-05 23:00:00,23.9,20.6,82.0,0.0,,200.0,7.6,,1017.0,,7.0,75.02,2020-08-05
2020-08-06 00:00:00,23.3,20.6,85.0,0.75,,210.0,5.4,,1017.9,,7.0,73.94,2020-08-06
2020-08-06 01:00:00,22.2,20.7,91.0,1.5,,0.0,0.0,,1017.2,,7.0,71.96,2020-08-06
2020-08-06 02:00:00,22.2,20.7,91.0,0.9,,210.0,5.4,,1017.6,,7.0,71.96,2020-08-06
2020-08-06 03:00:00,22.2,21.2,94.0,0.3,,0.0,0.0,,1017.3,,7.0,71.96,2020-08-06
2020-08-06 04:00:00,22.2,20.7,91.0,0.15,,0.0,0.0,,1017.3,,6.0,71.96,2020-08-06
2020-08-06 05:00:00,21.7,20.0,90.0,0.0,,0.0,0.0,,1017.1,,5.0,71.06,2020-08-06
2020-08-06 06:00:00,21.1,19.9,93.0,0.0,,0.0,0.0,,1017.6,,7.0,69.98,2020-08-06
2020-08-06 07:00:00,22.2,21.2,94.0,0.0,,50.0,9.4,,1017.7,,5.0,71.96,2020-08-06
2020-08-06 08:00:00,22.2,21.2,94.0,0.0,,70.0,7.6,,1018.1,,6.818181818181818,71.96,2020-08-06
2020-08-06 09:00:00,23.3,21.2,88.0,0.0,,0.0,0.0,,1018.6,,8.636363636363637,73.94,2020-08-06
2020-08-06 10:00:00,24.4,21.1,82.0,0.0,,0.0,0.0,,1018.3,,10.454545454545453,75.92,2020-08-06
2020-08-06 11:00:00,26.7,21.0,71.0,0.0,,0.0,0.0,,1018.5,,,80.06,2020-08-06
2020-08-06 12:00:00,27.8,20.6,65.0,0.0,,180.0,9.4,,1018.1,,,82.04,2020-08-06
2020-08-06 13:00:00,28.9,20.6,61.0,0.0,,200.0,7.6,,1017.7,,,84.02,2020-08-06
2020-08-06 14:00:00,29.4,20.6,59.0,0.0,,230.0,5.4,,1017.4,,,84.91999999999999,2020-08-06
2020-08-06 15:00:00,30.0,21.7,61.0,0.0,,210.0,7.6,,1016.5,,19.545454545454547,86.0,2020-08-06
2020-08-06 16:00:00,29.4,21.6,63.0,0.0,,210.0,13.0,,1015.8,,21.363636363636363,84.91999999999999,2020-08-06
2020-08-06 17:00:00,29.4,21.1,61.0,0.0,,260.0,5.4,,1016.1,,23.18181818181818,84.91999999999999,2020-08-06
2020-08-06 18:00:00,30.0,21.7,61.0,0.0,,0.0,0.0,,1016.0,,25.0,86.0,2020-08-06
2020-08-06 19:00:00,27.8,21.1,67.0,0.0,,340.0,5.4,,1015.9,,25.0,82.04,2020-08-06
2020-08-06 20:00:00,26.7,21.7,74.0,0.0,,340.0,5.4,,1016.1,,25.0,80.06,2020-08-06
2020-08-06 21:00:00,23.9,20.0,79.0,0.0,,80.0,13.0,,1017.1,,26.0,75.02,2020-08-06
2020-08-06 22:00:00,21.7,18.3,81.0,46.7,,20.0,9.4,,1018.2,,9.0,71.06,2020-08-06
2020-08-06 23:00:00,20.6,19.4,93.0,1.2,,40.0,11.2,,1019.5,,7.0,69.08,2020-08-06
2020-08-07 00:00:00,21.1,19.4,90.0,1.8,,110.0,9.4,,1019.4,,6.6,69.98,2020-08-07
2020-08-07 01:00:00,21.1,19.4,90.0,0.9,,0.0,0.0,,1018.7,,6.2,69.98,2020-08-07
2020-08-07 02:00:00,20.6,19.4,93.0,0.0,,320.0,5.4,,1018.3,,5.8,69.08,2020-08-07
2020-08-07 03:00:00,21.1,19.9,93.0,0.0,,0.0,0.0,,1018.0,,5.4,69.98,2020-08-07
2020-08-07 04:00:00,21.1,19.4,90.0,0.0,,310.0,5.4,,1017.7,,5.0,69.98,2020-08-07
2020-08-07 05:00:00,21.1,19.9,93.0,0.0,,0.0,0.0,,1017.3,,5.0,69.98,2020-08-07
2020-08-07 06:00:00,21.1,19.4,90.0,0.0,,200.0,7.6,,1017.6,,5.0,69.98,2020-08-07
2020-08-07 07:00:00,20.6,19.4,93.0,0.0,,220.0,5.4,,1018.4,,5.0,69.08,2020-08-07
2020-08-07 08:00:00,21.1,19.4,90.0,0.0,,0.0,0.0,,1018.6,,5.0,69.98,2020-08-07
2020-08-07 09:00:00,21.7,19.4,87.0,0.0,,0.0,0.0,,1019.1,,5.0,71.06,2020-08-07
2020-08-07 10:00:00,23.3,20.1,82.0,0.0,,0.0,0.0,,1019.4,,5.0,73.94,2020-08-07
2020-08-07 11:00:00,24.4,20.1,77.0,0.0,,180.0,7.6,,1019.6,,5.0,75.92,2020-08-07
2020-08-07 12:00:00,25.6,20.6,74.0,0.0,,180.0,9.4,,1019.7,,5.0,78.08,2020-08-07
2020-08-07 13:00:00,27.2,20.5,67.0,0.0,,240.0,5.4,,1019.6,,,80.96,2020-08-07
2020-08-07 14:00:00,27.8,20.6,65.0,0.0,,180.0,7.6,,1019.1,,,82.04,2020-08-07
2020-08-07 15:00:00,27.8,20.6,65.0,0.0,,0.0,0.0,,1018.4,,,82.04,2020-08-07
2020-08-07 16:00:00,29.4,21.6,63.0,0.0,,0.0,0.0,,1018.0,,,84.91999999999999,2020-08-07
2020-08-07 17:00:00,28.9,21.7,65.0,0.0,,220.0,5.4,,1017.2,,5.0,84.02,2020-08-07
2020-08-07 18:00:00,28.3,22.3,70.0,0.0,,180.0,7.6,,1017.3,,5.0,82.94,2020-08-07
2020-08-07 19:00:00,28.3,21.8,68.0,0.0,,160.0,9.4,,1018.0,,5.0,82.94,2020-08-07
2020-08-07 20:00:00,25.0,22.9,88.0,0.0,,0.0,0.0,,1018.2,,5.0,77.0,2020-08-07
2020-08-07 21:00:00,23.3,21.7,91.0,0.0,,0.0,0.0,,1018.5,,11.666666666666668,73.94,2020-08-07
2020-08-07 22:00:00,23.3,21.7,91.0,0.0,,280.0,5.4,,1019.2,,18.333333333333336,73.94,2020-08-07
2020-08-07 23:00:00,23.3,21.7,91.0,0.0,,20.0,16.6,,1019.9,,25.0,73.94,2020-08-07
2020-08-08 00:00:00,23.3,19.5,79.0,0.0,,310.0,11.2,,1019.7,,7.0,73.94,2020-08-08
2020-08-08 01:00:00,22.8,18.3,76.0,0.0,,0.0,0.0,,1019.9,,6.933333333333334,73.04,2020-08-08
2020-08-08 02:00:00,20.6,18.9,90.0,0.0,,340.0,5.4,,1019.1,,6.866666666666666,69.08,2020-08-08
2020-08-08 03:00:00,20.0,18.3,90.0,0.0,,0.0,0.0,,1018.7,,6.8,68.0,2020-08-08
2020-08-08 04:00:00,20.0,18.3,90.0,0.0,,0.0,0.0,,1019.0,,,68.0,2020-08-08
2020-08-08 05:00:00,20.0,18.3,90.0,0.0,,0.0,0.0,,1019.2,,,68.0,2020-08-08
2020-08-08 06:00:00,20.6,18.9,90.0,0.0,,10.0,9.4,,1019.6,,,69.08,2020-08-08
2020-08-08 07:00:00,20.6,18.9,90.0,0.0,,360.0,7.6,,1020.2,,,69.08,2020-08-08
2020-08-08 08:00:00,22.8,20.0,84.0,0.0,,20.0,5.4,,1020.7,,,73.04,2020-08-08
2020-08-08 09:00:00,23.9,20.6,82.0,0.0,,40.0,9.4,,1021.4,,,75.02,2020-08-08
2020-08-08 10:00:00,25.6,21.1,76.0,0.0,,32.0,5.4,,1021.3,,,78.08,2020-08-08
2020-08-08 11:00:00,26.7,21.7,74.0,0.0,,24.0,9.4,,1021.5,,,80.06,2020-08-08
2020-08-08 12:00:00,27.2,21.0,69.0,0.0,,16.0,5.4,,1021.4,,,80.96,2020-08-08
2020-08-08 13:00:00,28.9,21.7,65.0,0.0,,8.0,5.4,,1020.8,,,84.02,2020-08-08
2020-08-08 14:00:00,29.4,21.1,61.0,0.0,,0.0,0.0,,1020.5,,,84.91999999999999,2020-08-08
2020-08-08 15:00:00,29.4,21.1,61.0,0.0,,0.0,0.0,,1020.0,,,84.91999999999999,2020-08-08
2020-08-08 16:00:00,30.0,21.1,59.0,0.0,,110.0,5.4,,1019.7,,,86.0,2020-08-08
2020-08-08 17:00:00,31.1,21.0,55.0,0.0,,110.0,5.4,,1019.2,,,87.98,2020-08-08
2020-08-08 18:00:00,30.0,20.6,57.0,0.0,,0.0,0.0,,1018.6,,,86.0,2020-08-08
2020-08-08 19:00:00,30.0,21.1,59.0,0.0,,120.0,5.4,,1018.7,,,86.0,2020-08-08
2020-08-08 20:00:00,27.8,21.8,70.0,0.0,,120.0,7.6,,1019.5,,,82.04,2020-08-08
2020-08-08 21:00:00,26.1,21.8,77.0,0.0,,80.0,7.6,,1020.2,,,78.98,2020-08-08
2020-08-08 22:00:00,25.6,21.7,79.0,0.0,,100.0,5.4,,1020.4,,,78.08,2020-08-08
2020-08-08 23:00:00,25.0,21.7,82.0,0.0,,0.0,0.0,,1020.8,,,77.0,2020-08-08
2020-08-09 00:00:00,23.9,21.8,88.0,0.0,,0.0,0.0,,1021.1,,,75.02,2020-08-09
2020-08-09 01:00:00,23.3,21.7,91.0,0.0,,200.0,5.4,,1021.3,,,73.94,2020-08-09
2020-08-09 02:00:00,23.3,21.7,91.0,0.0,,0.0,0.0,,1020.8,,,73.94,2020-08-09
2020-08-09 03:00:00,23.3,21.7,91.0,0.0,,0.0,0.0,,1020.2,,5.2,73.94,2020-08-09
2020-08-09 04:00:00,22.8,21.1,90.0,0.0,,0.0,0.0,,1020.3,,5.133333333333333,73.04,2020-08-09
2020-08-09 05:00:00,21.7,20.7,94.0,0.0,,0.0,0.0,,1019.9,,5.066666666666666,71.06,2020-08-09
2020-08-09 06:00:00,21.7,20.0,90.0,0.0,,0.0,0.0,,1020.5,,5.0,71.06,2020-08-09
2020-08-09 07:00:00,22.2,21.2,94.0,0.0,,0.0,0.0,,1021.0,,5.0,71.96,2020-08-09
2020-08-09 08:00:00,23.3,21.7,91.0,0.0,,0.0,0.0,,1021.2,,5.0,73.94,2020-08-09
2020-08-09 09:00:00,24.4,21.7,85.0,0.0,,0.0,0.0,,1021.3,,5.0,75.92,2020-08-09
2020-08-09 10:00:00,27.8,22.3,72.0,0.0,,0.0,0.0,,1021.0,,5.0,82.04,2020-08-09
2020-08-09 11:00:00,28.9,21.7,65.0,0.0,,0.0,0.0,,1021.2,,5.0,84.02,2020-08-09
2020-08-09 12:00:00,30.0,22.2,63.0,0.0,,230.0,5.4,,1021.1,,5.0,86.0,2020-08-09
2020-08-09 13:00:00,30.0,21.7,61.0,0.0,,115.0,7.6,,1020.3,,,86.0,2020-08-09
2020-08-09 14:00:00,31.1,20.7,54.0,0.0,,0.0,0.0,,1019.8,,,87.98,2020-08-09
2020-08-09 15:00:00,31.1,20.7,54.0,0.0,,0.0,0.0,,1018.9,,,87.98,2020-08-09
2020-08-09 16:00:00,32.8,19.3,45.0,0.0,,190.0,9.4,,1018.4,,,91.03999999999999,2020-08-09
2020-08-09 17:00:00,32.2,18.4,44.0,0.0,,220.0,9.4,,1018.1,,,89.96000000000001,2020-08-09
2020-08-09 18:00:00,32.2,18.8,45.0,0.0,,0.0,0.0,,1018.0,,,89.96000000000001,2020-08-09
2020-08-09 19:00:00,30.6,19.9,53.0,0.0,,210.0,5.4,,1017.9,,,87.08000000000001,2020-08-09
2020-08-09 20:00:00,26.7,21.7,74.0,0.0,,0.0,0.0,,1018.2,,,80.06,2020-08-09
2020-08-09 21:00:00,24.4,21.7,85.0,0.0,,0.0,0.0,,1018.6,,,75.92,2020-08-09
2020-08-09 22:00:00,26.1,23.4,85.0,0.0,,110.0,5.4,,1019.3,,,78.98,2020-08-09
2020-08-09 23:00:00,24.4,22.8,91.0,0.0,,0.0,0.0,,1019.1,,,75.92,2020-08-09
2020-08-10 00:00:00,24.4,22.3,88.0,0.0,,0.0,0.0,,1018.8,,5.0,75.92,2020-08-10
2020-08-10 01:00:00,23.3,21.7,91.0,0.0,,0.0,0.0,,1018.7,,5.0,73.94,2020-08-10
2020-08-10 02:00:00,22.8,21.1,90.0,0.0,,0.0,0.0,,1018.7,,5.0,73.04,2020-08-10
2020-08-10 03:00:00,22.2,20.7,91.0,0.0,,0.0,0.0,,1018.6,,5.0,71.96,2020-08-10
2020-08-10 04:00:00,21.7,20.7,94.0,0.0,,0.0,0.0,,1018.4000000000001,,5.0,71.06,2020-08-10
2020-08-10 05:00:00,21.1,19.9,93.0,0.0,,0.0,0.0,,1018.2,,5.0,69.98,2020-08-10
2020-08-10 06:00:00,21.1,19.9,93.0,0.0,,0.0,0.0,,1018.2,,5.0,69.98,2020-08-10
2020-08-10 07:00:00,20.6,19.4,93.0,0.0,,0.0,0.0,,1018.3,,5.285714285714286,69.08,2020-08-10
2020-08-10 08:00:00,23.3,21.7,91.0,0.0,,0.0,0.0,,1018.5,,5.571428571428571,73.94,2020-08-10
2020-08-10 09:00:00,26.1,22.2,79.0,0.0,,0.0,5.4,,1018.3,,5.857142857142857,78.98,2020-08-10
2020-08-10 10:00:00,28.9,22.9,70.0,0.0,,0.0,5.4,,1018.3,,6.142857142857142,84.02,2020-08-10
2020-08-10 11:00:00,30.6,22.2,61.0,0.0,,0.0,0.0,,1018.2,,6.428571428571429,87.08000000000001,2020-08-10
2020-08-10 12:00:00,31.1,20.1,52.0,0.0,,140.0,5.4,,1018.3,,6.714285714285714,87.98,2020-08-10
2020-08-10 13:00:00,28.3,19.0,57.0,0.0,,140.0,22.3,,1018.1,,7.0,82.94,2020-08-10
2020-08-10 14:00:00,28.3,20.1,61.0,0.0,,220.0,11.2,,1017.9,,6.875,82.94,2020-08-10
2020-08-10 15:00:00,30.6,19.3,51.0,0.0,,0.0,0.0,,1016.7,,6.75,87.08000000000001,2020-08-10
2020-08-10 16:00:00,32.8,19.3,45.0,0.0,,0.0,0.0,,1015.9,,6.625,91.03999999999999,2020-08-10
2020-08-10 17:00:00,32.2,19.5,47.0,0.0,,0.0,0.0,,1015.2,,,89.96000000000001,2020-08-10
2020-08-10 18:00:00,31.7,20.6,52.0,0.0,,140.0,7.6,,1015.2,,,89.06,2020-08-10
2020-08-10 19:00:00,30.0,22.2,63.0,0.0,,0.0,0.0,,1015.0,,,86.0,2020-08-10
2020-08-10 20:00:00,28.3,22.3,70.0,0.0,,120.0,5.4,,1014.9,,,82.94,2020-08-10
2020-08-10 21:00:00,25.0,22.3,85.0,0.0,,0.0,0.0,,1014.9,,,77.0,2020-08-10
2020-08-10 22:00:00,23.9,22.2,90.0,0.0,,0.0,0.0,,1014.9,,,75.02,2020-08-10
2020-08-10 23:00:00,23.9,22.2,90.0,0.0,,0.0,0.0,,1015.3,,,75.02,2020-08-10
2020-08-11 00:00:00,23.3,22.3,94.0,0.0,,0.0,0.0,,1015.6,,,73.94,2020-08-11
2020-08-11 01:00:00,23.3,21.7,91.0,0.0,,0.0,0.0,,1015.7,,,73.94,2020-08-11
2020-08-11 02:00:00,22.8,21.8,94.0,0.0,,190.0,5.4,,1015.5,,5.375,73.04,2020-08-11
2020-08-11 03:00:00,22.8,21.1,90.0,0.0,,0.0,0.0,,1014.7,,5.25,73.04,2020-08-11
2020-08-11 04:00:00,22.8,21.1,90.0,0.0,,210.0,5.4,,1014.4,,5.125,73.04,2020-08-11
2020-08-11 05:00:00,22.2,21.2,94.0,0.0,,0.0,0.0,,1014.1,,5.0,71.96,2020-08-11
2020-08-11 06:00:00,21.7,20.7,94.0,0.0,,0.0,0.0,,1014.2,,5.0,71.06,2020-08-11
2020-08-11 07:00:00,21.1,19.9,93.0,0.0,,0.0,0.0,,1014.3,,5.166666666666667,69.98,2020-08-11
2020-08-11 08:00:00,24.4,21.7,85.0,0.0,,0.0,0.0,,1014.9,,5.333333333333333,75.92,2020-08-11
2020-08-11 09:00:00,25.6,22.3,82.0,0.0,,0.0,0.0,,1015.2,,5.5,78.08,2020-08-11
2020-08-11 10:00:00,27.8,22.3,72.0,0.0,,180.0,5.4,,1015.6,,,82.04,2020-08-11
2020-08-11 11:00:00,28.9,21.7,65.0,0.0,,180.0,9.4,,1015.9,,,84.02,2020-08-11
2020-08-11 12:00:00,30.6,21.7,59.0,0.0,,0.0,0.0,,1015.4,,,87.08000000000001,2020-08-11
2020-08-11 13:00:00,30.6,21.7,59.0,0.0,,180.0,9.4,,1015.2,,,87.08000000000001,2020-08-11
2020-08-11 14:00:00,31.7,21.8,56.0,0.0,,180.0,9.4,,1014.5,,,89.06,2020-08-11
2020-08-11 15:00:00,32.8,20.7,49.0,0.0,,200.0,9.4,,1014.0,,6.5,91.03999999999999,2020-08-11
2020-08-11 16:00:00,32.8,20.7,49.0,0.0,,200.0,14.8,,1013.6,,6.666666666666666,91.03999999999999,2020-08-11
2020-08-11 17:00:00,32.8,21.0,50.0,0.0,,230.0,9.4,,1013.5,,6.833333333333333,91.03999999999999,2020-08-11
2020-08-11 18:00:00,32.8,21.0,50.0,0.0,,180.0,9.4,,1013.2,,7.0,91.03999999999999,2020-08-11
2020-08-11 19:00:00,31.1,22.7,61.0,1.0,,130.0,5.4,,1013.4,,7.0,87.98,2020-08-11
2020-08-11 20:00:00,26.1,24.3,90.0,2.0,,0.0,0.0,,1014.1,,5.0,78.98,2020-08-11
2020-08-11 21:00:00,25.6,23.8,90.0,1.0,,0.0,0.0,,1014.5,,5.0,78.08,2020-08-11
2020-08-11 22:00:00,25.0,24.0,94.0,0.0,,0.0,0.0,,1014.9,,5.0,77.0,2020-08-11
2020-08-11 23:00:00,24.4,23.4,94.0,0.0,,0.0,0.0,,1015.2,,5.0,75.92,2020-08-11
2020-08-12 00:00:00,25.0,23.2,90.0,0.0,,0.0,0.0,,1015.1,,5.0,77.0,2020-08-12
2020-08-12 01:00:00,24.4,23.4,94.0,0.0,,0.0,0.0,,1015.4,,5.0,75.92,2020-08-12
2020-08-12 02:00:00,24.4,23.4,94.0,0.0,,0.0,0.0,,1015.4,,5.0,75.92,2020-08-12
2020-08-12 03:00:00,24.4,23.4,94.0,0.0,,0.0,0.0,,1015.0,,5.0,75.92,2020-08-12
2020-08-12 04:00:00,23.9,22.9,94.0,0.0,,0.0,0.0,,1015.2,,5.0,75.02,2020-08-12
2020-08-12 05:00:00,23.9,22.9,94.0,0.0,,10.0,9.4,,1015.4,,5.0,75.02,2020-08-12
2020-08-12 06:00:00,22.8,20.5,87.0,0.0,,10.0,7.6,,1015.9,,5.2,73.04,2020-08-12
2020-08-12 07:00:00,22.2,20.7,91.0,0.0,,0.0,0.0,,1016.4,,5.4,71.96,2020-08-12
2020-08-12 08:00:00,24.4,21.1,82.0,0.0,,20.0,9.4,,1016.8,,5.6,75.92,2020-08-12
2020-08-12 09:00:00,26.1,21.1,74.0,0.0,,10.0,9.4,,1017.5,,,78.98,2020-08-12
2020-08-12 10:00:00,27.8,21.1,67.0,0.0,,60.0,9.4,,1017.4,,,82.04,2020-08-12
2020-08-12 11:00:00,27.8,21.8,70.0,0.0,,100.0,7.6,,1017.7,,,82.04,2020-08-12
2020-08-12 12:00:00,28.9,21.7,65.0,0.0,,0.0,0.0,,1017.6,,6.4,84.02,2020-08-12
2020-08-12 13:00:00,30.0,22.2,63.0,0.0,,10.0,5.4,,1017.0,,6.6,86.0,2020-08-12
2020-08-12 14:00:00,30.0,22.7,65.0,0.0,,10.0,7.6,,1016.4,,6.8,86.0,2020-08-12
2020-08-12 15:00:00,32.2,23.2,59.0,0.0,,180.0,7.6,,1015.3,,7.0,89.96000000000001,2020-08-12
2020-08-12 16:00:00,27.2,21.7,72.0,8.65,,180.0,16.6,,1015.6,,7.0,80.96,2020-08-12
2020-08-12 17:00:00,24.4,22.8,91.0,17.3,,0.0,0.0,,1015.9,,7.0,75.92,2020-08-12
2020-08-12 18:00:00,26.1,23.4,85.0,8.65,,0.0,0.0,,1015.6,,6.6,78.98,2020-08-12
2020-08-12 19:00:00,26.1,23.4,85.0,0.0,,0.0,0.0,,1016.2,,6.2,78.98,2020-08-12
2020-08-12 20:00:00,25.6,23.3,87.0,0.0,,0.0,0.0,,1016.6,,5.8,78.08,2020-08-12
2020-08-12 21:00:00,25.0,22.9,88.0,0.0,,70.0,7.6,,1016.8,,5.4,77.0,2020-08-12
2020-08-12 22:00:00,24.4,21.7,85.0,0.0,,0.0,0.0,,1017.6,,5.0,75.92,2020-08-12
2020-08-12 23:00:00,23.3,21.7,91.0,0.0,,0.0,0.0,,1016.9,,11.666666666666668,73.94,2020-08-12
2020-08-13 00:00:00,23.3,21.7,91.0,0.0,,360.0,5.4,,1017.0,,18.333333333333336,73.94,2020-08-13
2020-08-13 01:00:00,23.9,22.2,90.0,0.0,,10.0,9.4,,1017.1,,25.0,75.02,2020-08-13
2020-08-13 02:00:00,23.9,22.2,90.0,0.8,,150.0,9.4,,1017.4,,26.0,75.02,2020-08-13
2020-08-13 03:00:00,22.8,21.8,94.0,6.9,,0.0,0.0,,1017.3,,7.0,73.04,2020-08-13
2020-08-13 04:00:00,22.8,21.8,94.0,2.3,,340.0,5.4,,1017.0,,7.0,73.04,2020-08-13
2020-08-13 05:00:00,22.8,21.1,90.0,0.3,,10.0,7.6,,1017.0,,6.0,73.04,2020-08-13
2020-08-13 06:00:00,22.8,21.8,94.0,0.0,,30.0,5.4,,1017.3,,5.0,73.04,2020-08-13
2020-08-13 07:00:00,23.3,21.7,91.0,0.0,,30.0,11.2,,1017.6,,5.222222222222222,73.94,2020-08-13
2020-08-13 08:00:00,23.3,21.7,91.0,0.0,,50.0,11.2,,1018.1,,5.444444444444445,73.94,2020-08-13
2020-08-13 09:00:00,23.9,21.8,88.0,0.0,,60.0,9.4,,1018.1,,5.666666666666667,75.02,2020-08-13
2020-08-13 10:00:00,23.9,21.8,88.0,0.0,,40.0,14.8,,1018.1,,,75.02,2020-08-13
2020-08-13 11:00:00,25.6,22.3,82.0,0.0,,50.0,14.8,,1018.0,,,78.08,2020-08-13
2020-08-13 12:00:00,26.7,22.1,76.0,0.0,,30.0,13.0,,1017.9,,6.333333333333333,80.06,2020-08-13
2020-08-13 13:00:00,25.6,22.3,82.0,0.0,,70.0,11.2,,1017.7,,6.555555555555555,78.08,2020-08-13
2020-08-13 14:00:00,28.3,22.3,70.0,0.0,,90.0,14.8,,1016.5,,6.777777777777778,82.94,2020-08-13
2020-08-13 15:00:00,28.3,21.8,68.0,0.0,,320.0,7.6,,1015.8,,7.0,82.94,2020-08-13
2020-08-13 16:00:00,26.1,22.8,82.0,0.25,,320.0,7.6,,1015.8,,25.0,78.98,2020-08-13
2020-08-13 17:00:00,24.4,22.8,91.0,0.5,,300.0,5.4,,1015.4,,7.0,75.92,2020-08-13
2020-08-13 18:00:00,25.0,23.2,90.0,1.0,,10.0,9.4,,1015.4,,7.0,77.0,2020-08-13
2020-08-13 19:00:00,25.6,22.9,85.0,0.5,,50.0,13.0,,1015.4,,7.0588235294117645,78.08,2020-08-13
2020-08-13 20:00:00,25.0,22.9,88.0,0.0,,90.0,5.4,,1015.9,,7.117647058823529,77.0,2020-08-13
2020-08-13 21:00:00,24.4,22.8,91.0,0.0,,360.0,5.4,,1016.1,,7.176470588235294,75.92,2020-08-13
2020-08-13 22:00:00,24.4,22.3,88.0,0.0,,30.0,5.4,,1016.6,,,75.92,2020-08-13
2020-08-13 23:00:00,23.9,22.2,90.0,0.0,,40.0,7.6,,1016.7,,,75.02,2020-08-13
2020-08-14 00:00:00,23.9,21.8,88.0,0.0,,40.0,7.6,,1016.2,,,75.02,2020-08-14
2020-08-14 01:00:00,23.9,21.8,88.0,0.0,,20.0,9.4,,1015.9,,,75.02,2020-08-14
2020-08-14 02:00:00,23.3,21.7,91.0,0.0,,360.0,5.4,,1015.7,,,73.94,2020-08-14
2020-08-14 03:00:00,23.3,21.7,91.0,0.0,,20.0,11.2,,1015.3,,,73.94,2020-08-14
2020-08-14 04:00:00,22.8,21.1,90.0,0.0,,330.0,5.4,,1015.4,,,73.04,2020-08-14
2020-08-14 05:00:00,22.8,21.1,90.0,0.0,,0.0,0.0,,1015.1,,,73.04,2020-08-14
2020-08-14 06:00:00,22.8,21.1,90.0,0.0,,350.0,5.4,,1014.7,,,73.04,2020-08-14
2020-08-14 07:00:00,22.8,21.1,90.0,0.0,,0.0,0.0,,1015.4,,,73.04,2020-08-14
2020-08-14 08:00:00,23.3,21.2,88.0,0.0,,10.0,9.4,,1015.6,,7.823529411764706,73.94,2020-08-14
2020-08-14 09:00:00,24.4,21.7,85.0,0.0,,30.0,11.2,,1015.8,,7.882352941176471,75.92,2020-08-14
2020-08-14 10:00:00,25.0,21.7,82.0,0.0,,20.0,13.0,,1015.8,,7.9411764705882355,77.0,2020-08-14
2020-08-14 11:00:00,26.1,21.1,74.0,0.0,,30.0,13.0,,1016.0,,8.0,78.98,2020-08-14
2020-08-14 12:00:00,25.6,22.3,82.0,1.0,,70.0,5.4,,1015.7,,7.857142857142857,78.08,2020-08-14
2020-08-14 13:00:00,26.1,22.2,79.0,0.5,,90.0,5.4,,1015.3,,7.714285714285714,78.98,2020-08-14
2020-08-14 14:00:00,27.8,21.1,67.0,0.0,,110.0,7.6,,1014.7,,7.571428571428571,82.04,2020-08-14
2020-08-14 15:00:00,27.2,21.7,72.0,0.0,,40.0,11.2,,1014.1,,7.428571428571429,80.96,2020-08-14
2020-08-14 16:00:00,28.9,22.2,67.0,0.0,,200.0,11.2,,1013.6,,7.285714285714286,84.02,2020-08-14
2020-08-14 17:00:00,28.3,21.1,65.0,0.0,,360.0,7.6,,1013.6,,7.142857142857143,82.94,2020-08-14
2020-08-14 18:00:00,25.6,21.7,79.0,0.0,,140.0,11.2,,1013.9,,7.0,78.08,2020-08-14
2020-08-14 19:00:00,23.3,21.7,91.0,0.8,,340.0,5.4,,1014.1,,7.0,73.94,2020-08-14
2020-08-14 20:00:00,23.9,21.8,88.0,0.6000000000000001,,330.0,5.4,,1014.4,,7.0,75.02,2020-08-14
2020-08-14 21:00:00,23.3,21.7,91.0,0.4,,360.0,5.4,,1014.7,,7.0,73.94,2020-08-14
2020-08-14 22:00:00,23.3,21.7,91.0,0.19999999999999996,,10.0,9.4,,1014.7,,7.0,73.94,2020-08-14
2020-08-14 23:00:00,23.3,21.2,88.0,0.0,,50.0,11.2,,1014.8,,7.0,73.94,2020-08-14
2020-08-15 00:00:00,22.8,21.1,90.0,0.0,,50.0,13.0,,1015.0,,7.0,73.04,2020-08-15
2020-08-15 01:00:00,22.8,21.1,90.0,0.0,,40.0,9.4,,1014.6,,7.0,73.04,2020-08-15
2020-08-15 02:00:00,22.8,21.1,90.0,0.0,,20.0,9.4,,1014.0,,7.0,73.04,2020-08-15
2020-08-15 03:00:00,22.8,21.1,90.0,0.5,,30.0,7.6,,1013.5,,7.0,73.04,2020-08-15
2020-08-15 04:00:00,22.8,21.1,90.0,0.4,,20.0,9.4,,1013.3,,7.0,73.04,2020-08-15
2020-08-15 05:00:00,22.2,21.2,94.0,0.3,,20.0,11.2,,1013.2,,7.0,71.96,2020-08-15
2020-08-15 06:00:00,21.1,19.4,90.0,0.3,,30.0,13.0,,1013.4,,7.0,69.98,2020-08-15
2020-08-15 07:00:00,20.6,18.9,90.0,1.5,,10.0,11.2,,1013.9,,7.0,69.08,2020-08-15
2020-08-15 08:00:00,20.0,18.3,90.0,0.8,,30.0,13.0,,1014.2,,5.0,68.0,2020-08-15
2020-08-15 09:00:00,20.0,18.3,90.0,0.65,,10.0,9.4,,1014.3,,7.0,68.0,2020-08-15
2020-08-15 10:00:00,19.4,17.9,91.0,0.5,,30.0,18.4,,1014.3,,7.0,66.92,2020-08-15
2020-08-15 11:00:00,19.4,17.9,91.0,0.5,,20.0,16.6,,1014.3,,7.0,66.92,2020-08-15
2020-08-15 12:00:00,20.0,17.8,87.0,0.4,,20.0,16.6,,1014.5,,7.0,68.0,2020-08-15
2020-08-15 13:00:00,20.0,18.3,90.0,0.3,,20.0,18.4,,1014.0,,7.0,68.0,2020-08-15
2020-08-15 14:00:00,20.0,17.8,87.0,0.5,,20.0,20.5,,1013.7,,5.0,68.0,2020-08-15
2020-08-15 15:00:00,20.0,18.3,90.0,0.25,,30.0,16.6,,1013.1,,5.4,68.0,2020-08-15
2020-08-15 16:00:00,20.0,17.8,87.0,0.0,,30.0,22.3,,1012.9,,5.8,68.0,2020-08-15
2020-08-15 17:00:00,19.4,17.2,87.0,0.0,,20.0,22.3,,1012.9,,6.2,66.92,2020-08-15
2020-08-15 18:00:00,18.9,16.7,87.0,0.0,,30.0,20.5,,1013.2,,6.6,66.02,2020-08-15
2020-08-15 19:00:00,18.9,16.7,87.0,0.0,,10.0,14.8,,1013.1,,7.0,66.02,2020-08-15
2020-08-15 20:00:00,18.3,16.6,90.0,0.3,,10.0,14.8,,1013.3,,7.0,64.94,2020-08-15
2020-08-15 21:00:00,17.8,16.1,90.0,5.1,,10.0,18.4,,1013.4,,7.0,64.04,2020-08-15
2020-08-15 22:00:00,17.2,16.1,93.0,2.3,,20.0,16.6,,1013.8,,7.0,62.959999999999994,2020-08-15
2020-08-15 23:00:00,17.2,16.1,93.0,0.5,,10.0,14.8,,1013.4,,7.0,62.959999999999994,2020-08-15
2020-08-16 00:00:00,17.8,16.1,90.0,0.4,,20.0,14.8,,1013.2,,7.0,64.04,2020-08-16
2020-08-16 01:00:00,17.8,16.1,90.0,0.3,,20.0,13.0,,1013.2,,7.0,64.04,2020-08-16
2020-08-16 02:00:00,17.8,16.7,93.0,0.3,,15.0,5.4,,1013.3,,7.0,64.04,2020-08-16
2020-08-16 03:00:00,18.3,16.6,90.0,1.5,,10.0,13.0,,1012.8,,7.0,64.94,2020-08-16
2020-08-16 04:00:00,17.8,16.7,93.0,0.3,,360.0,7.6,,1012.8,,6.909090909090909,64.04,2020-08-16
2020-08-16 05:00:00,17.8,16.7,93.0,0.3,,10.0,9.4,,1012.7,,6.818181818181818,64.04,2020-08-16
2020-08-16 06:00:00,17.8,16.7,93.0,0.5,,10.0,11.2,,1013.0,,6.7272727272727275,64.04,2020-08-16
2020-08-16 07:00:00,17.8,16.7,93.0,0.0,,10.0,9.4,,1013.1,,,64.04,2020-08-16
2020-08-16 08:00:00,18.3,17.1,93.0,0.0,,360.0,9.4,,1013.4,,,64.94,2020-08-16
2020-08-16 09:00:00,18.9,17.2,90.0,0.0,,360.0,5.4,,1014.0,,,66.02,2020-08-16
2020-08-16 10:00:00,20.0,17.2,84.0,0.0,,20.0,9.4,,1014.3,,,68.0,2020-08-16
2020-08-16 11:00:00,21.1,17.1,78.0,0.0,,20.0,16.6,,1014.5,,,69.98,2020-08-16
2020-08-16 12:00:00,22.2,17.1,73.0,0.0,,10.0,16.6,,1014.5,,,71.96,2020-08-16
2020-08-16 13:00:00,23.3,17.7,71.0,0.0,,10.0,14.8,,1014.4,,,73.94,2020-08-16
2020-08-16 14:00:00,24.4,17.9,67.0,0.0,,20.0,11.2,,1014.1,,,75.92,2020-08-16
2020-08-16 15:00:00,24.4,18.3,69.0,0.0,,20.0,11.2,,1013.9,,,75.92,2020-08-16
2020-08-16 16:00:00,24.4,18.3,69.0,0.0,,30.0,9.4,,1014.0,,,75.92,2020-08-16
2020-08-16 17:00:00,24.4,17.9,67.0,0.0,,30.0,7.6,,1013.8,,,75.92,2020-08-16
2020-08-16 18:00:00,25.0,18.9,69.0,0.0,,0.0,0.0,,1013.5,,,77.0,2020-08-16
2020-08-16 19:00:00,23.9,20.0,79.0,0.0,,0.0,0.0,,1013.4,,,75.02,2020-08-16
2020-08-16 20:00:00,21.7,18.9,84.0,0.0,,0.0,0.0,,1013.9,,,71.06,2020-08-16
2020-08-16 21:00:00,21.7,19.4,87.0,0.0,,170.0,5.4,,1013.9,,,71.06,2020-08-16
2020-08-16 22:00:00,20.0,18.3,90.0,0.0,,0.0,0.0,,1014.4,,5.2727272727272725,68.0,2020-08-16
2020-08-16 23:00:00,20.0,18.8,93.0,0.0,,0.0,0.0,,1014.5,,5.181818181818182,68.0,2020-08-16
2020-08-17 00:00:00,20.6,19.4,93.0,0.0,,0.0,0.0,,1014.7,,5.090909090909091,69.08,2020-08-17
2020-08-17 01:00:00,20.0,18.8,93.0,0.0,,0.0,0.0,,1014.9,,5.0,68.0,2020-08-17
2020-08-17 02:00:00,19.4,18.2,93.0,0.0,,180.0,5.4,,1014.8,,5.0,66.92,2020-08-17
2020-08-17 03:00:00,19.4,18.2,93.0,0.0,,0.0,0.0,,1015.0,,5.0,66.92,2020-08-17
2020-08-17 04:00:00,19.4,18.2,93.0,0.0,,0.0,0.0,,1014.7,,5.0,66.92,2020-08-17
2020-08-17 05:00:00,18.9,17.7,93.0,0.0,,0.0,0.0,,1014.5,,5.0,66.02,2020-08-17
2020-08-17 06:00:00,18.3,17.1,93.0,0.0,,0.0,0.0,,1014.9333333333333,,5.0,64.94,2020-08-17
2020-08-17 07:00:00,18.9,18.2,96.0,0.0,,0.0,0.0,,1015.3666666666667,,5.0,66.02,2020-08-17
2020-08-17 08:00:00,19.4,18.9,97.0,0.0,,0.0,0.0,,1015.8,,5.0,66.92,2020-08-17
2020-08-17 09:00:00,21.1,19.9,93.0,0.0,,210.0,7.6,,1015.4,,5.466666666666667,69.98,2020-08-17
2020-08-17 10:00:00,22.8,19.4,81.0,0.0,,210.0,11.2,,1015.6,,5.933333333333334,73.04,2020-08-17
2020-08-17 11:00:00,25.6,20.0,71.0,0.0,,255.0,9.4,,1015.2,,6.4,78.08,2020-08-17
2020-08-17 12:00:00,27.2,20.1,65.0,0.0,,300.0,7.6,,1014.7,,,80.96,2020-08-17
2020-08-17 13:00:00,28.3,19.5,59.0,0.0,,300.0,7.6,,1014.4,,,82.94,2020-08-17
2020-08-17 14:00:00,30.0,19.4,53.0,0.0,,310.0,13.0,,1013.8,,,86.0,2020-08-17
2020-08-17 15:00:00,30.0,17.8,48.0,0.0,,290.0,11.2,,1013.2,,,86.0,2020-08-17
2020-08-17 16:00:00,30.6,17.7,46.0,0.0,,245.0,7.6,,1012.2,,,87.08000000000001,2020-08-17
2020-08-17 17:00:00,30.6,17.3,45.0,0.0,,200.0,7.6,,1011.8,,,87.08000000000001,2020-08-17
2020-08-17 18:00:00,30.0,17.8,48.0,0.0,,200.0,9.4,,1011.9,,,86.0,2020-08-17
2020-08-17 19:00:00,26.7,20.1,67.0,0.0,,240.0,7.6,,1011.9,,,80.06,2020-08-17
2020-08-17 20:00:00,24.4,19.5,74.0,0.0,,320.0,5.4,,1012.3,,,75.92,2020-08-17
2020-08-17 21:00:00,22.2,18.4,79.0,0.0,,0.0,0.0,,1012.8,,,71.96,2020-08-17
2020-08-17 22:00:00,21.1,17.9,82.0,0.0,,0.0,0.0,,1013.6,,,69.98,2020-08-17
2020-08-17 23:00:00,20.6,18.4,87.0,0.0,,280.0,5.4,,1013.9,,,69.08,2020-08-17
2020-08-18 00:00:00,21.7,15.5,68.0,0.0,,300.0,5.4,,1013.8,,,71.06,2020-08-18
2020-08-18 01:00:00,18.9,16.1,84.0,0.0,,0.0,0.0,,1013.7,,,66.02,2020-08-18
2020-08-18 02:00:00,17.8,16.1,90.0,0.0,,0.0,0.0,,1013.5,,,64.04,2020-08-18
2020-08-18 03:00:00,17.8,15.6,87.0,0.0,,0.0,0.0,,1013.1,,,64.04,2020-08-18
2020-08-18 04:00:00,17.2,15.5,90.0,0.0,,0.0,0.0,,1012.8,,,62.959999999999994,2020-08-18
2020-08-18 05:00:00,16.7,15.6,93.0,0.0,,0.0,0.0,,1012.8,,,62.059999999999995,2020-08-18
2020-08-18 06:00:00,16.1,15.0,93.0,0.0,,0.0,0.0,,1012.8,,,60.980000000000004,2020-08-18
2020-08-18 07:00:00,16.1,14.5,90.0,0.0,,0.0,0.0,,1013.6,,,60.980000000000004,2020-08-18
2020-08-18 08:00:00,20.6,17.2,81.0,0.0,,0.0,0.0,,1013.8,,,69.08,2020-08-18
2020-08-18 09:00:00,22.2,17.8,76.0,0.0,,0.0,0.0,,1014.2,,,71.96,2020-08-18
2020-08-18 10:00:00,26.1,17.2,58.0,0.0,,0.0,0.0,,1014.3,,,78.98,2020-08-18
2020-08-18 11:00:00,26.7,17.8,58.0,0.0,,230.0,7.6,,1014.5,,,80.06,2020-08-18
2020-08-18 12:00:00,28.9,17.8,51.0,0.0,,0.0,0.0,,1014.2,,,84.02,2020-08-18
2020-08-18 13:00:00,28.9,17.1,49.0,0.0,,95.0,7.6,,1014.0,,,84.02,2020-08-18
2020-08-18 14:00:00,30.0,17.1,46.0,0.0,,190.0,9.4,,1013.7,,,86.0,2020-08-18
2020-08-18 15:00:00,29.4,17.2,48.0,0.0,,190.0,9.4,,1013.0,,,84.91999999999999,2020-08-18
2020-08-18 16:00:00,27.8,18.2,56.0,0.0,,0.0,0.0,,1012.3,,,82.04,2020-08-18
2020-08-18 17:00:00,30.0,18.4,50.0,0.0,,230.0,9.4,,1011.6,,,86.0,2020-08-18
2020-08-18 18:00:00,27.8,17.9,55.0,0.0,,230.0,7.6,,1011.7,,,82.04,2020-08-18
2020-08-18 19:00:00,27.2,21.0,69.0,0.0,,0.0,0.0,,1011.8,,,80.96,2020-08-18
2020-08-18 20:00:00,25.0,20.0,74.0,0.0,,310.0,5.4,,1012.2,,,77.0,2020-08-18
2020-08-18 21:00:00,22.8,20.0,84.0,0.0,,0.0,0.0,,1012.8,,,73.04,2020-08-18
2020-08-18 22:00:00,22.8,19.4,81.0,0.0,,0.0,0.0,,1012.8,,,73.04,2020-08-18
2020-08-18 23:00:00,22.8,20.0,84.0,0.0,,320.0,5.4,,1013.0,,,73.04,2020-08-18
2020-08-19 00:00:00,21.7,19.4,87.0,0.0,,0.0,0.0,,1013.0,,,71.06,2020-08-19
2020-08-19 01:00:00,21.1,19.4,90.0,0.0,,0.0,0.0,,1012.7,,,69.98,2020-08-19
2020-08-19 02:00:00,21.1,19.4,90.0,0.0,,0.0,7.6,,1012.5,,24.6,69.98,2020-08-19
2020-08-19 03:00:00,20.6,18.9,90.0,0.0,,0.0,0.0,,1012.1,,25.066666666666666,69.08,2020-08-19
2020-08-19 04:00:00,20.6,18.4,87.0,0.0,,350.0,5.4,,1012.0,,25.533333333333335,69.08,2020-08-19
2020-08-19 05:00:00,20.6,18.4,87.0,8.65,,10.0,13.0,,1011.9,,26.0,69.08,2020-08-19
2020-08-19 06:00:00,19.4,18.2,93.0,17.3,,0.0,0.0,,1012.5,,9.0,66.92,2020-08-19
2020-08-19 07:00:00,20.0,18.3,90.0,8.1,,50.0,9.4,,1012.9,,5.0,68.0,2020-08-19
2020-08-19 08:00:00,20.0,18.8,93.0,5.4,,360.0,7.6,,1013.3,,5.0,68.0,2020-08-19
2020-08-19 09:00:00,21.1,19.4,90.0,2.7,,350.0,9.4,,1013.7,,5.333333333333333,69.98,2020-08-19
2020-08-19 10:00:00,22.2,19.0,82.0,0.0,,20.0,9.4,,1014.0,,5.666666666666667,71.96,2020-08-19
2020-08-19 11:00:00,22.8,19.4,81.0,0.0,,10.0,11.2,,1014.5,,6.0,73.04,2020-08-19
2020-08-19 12:00:00,25.0,19.4,71.0,0.0,,25.0,7.6,,1014.3,,,77.0,2020-08-19
2020-08-19 13:00:00,26.1,19.5,67.0,0.0,,40.0,9.4,,1013.8,,,78.98,2020-08-19
2020-08-19 14:00:00,27.8,18.8,58.0,0.0,,40.0,9.4,,1013.6,,7.0,82.04,2020-08-19
2020-08-19 15:00:00,27.2,19.0,61.0,0.0,,60.0,11.2,,1013.1,,7.333333333333333,80.96,2020-08-19
2020-08-19 16:00:00,28.3,19.0,57.0,0.0,,90.0,9.4,,1012.6,,7.666666666666666,82.94,2020-08-19
2020-08-19 17:00:00,28.3,19.0,57.0,0.0,,80.0,9.4,,1012.2,,8.0,82.94,2020-08-19
2020-08-19 18:00:00,22.8,20.0,84.0,1.3,,300.0,7.6,,1013.3,,7.0,73.04,2020-08-19
2020-08-19 19:00:00,23.9,21.0,84.0,1.5,,280.0,5.4,,1013.1,,6.0,75.02,2020-08-19
2020-08-19 20:00:00,23.3,20.6,85.0,0.0,,350.0,5.4,,1013.7,,5.0,73.94,2020-08-19
2020-08-19 21:00:00,21.1,19.9,93.0,0.0,,0.0,0.0,,1014.6,,5.0,69.98,2020-08-19
2020-08-19 22:00:00,21.1,19.4,90.0,0.0,,0.0,0.0,,1015.1,,5.0,69.98,2020-08-19
2020-08-19 23:00:00,20.6,19.4,93.0,0.0,,0.0,0.0,,1015.9,,5.0,69.08,2020-08-19
2020-08-20 00:00:00,20.6,18.9,90.0,0.0,,330.0,5.4,,1016.1,,5.0,69.08,2020-08-20
2020-08-20 01:00:00,20.0,18.8,93.0,0.0,,0.0,0.0,,1016.3,,5.0,68.0,2020-08-20
2020-08-20 02:00:00,20.6,18.9,90.0,0.0,,0.0,0.0,,1015.9,,5.0,69.08,2020-08-20
2020-08-20 03:00:00,18.9,18.2,96.0,0.0,,0.0,0.0,,1015.7,,5.0,66.02,2020-08-20
2020-08-20 04:00:00,18.3,17.1,93.0,0.0,,0.0,0.0,,1015.75,,5.0,64.94,2020-08-20
2020-08-20 05:00:00,18.3,17.1,93.0,0.0,,0.0,0.0,,1015.8,,5.0,64.94,2020-08-20
2020-08-20 06:00:00,18.3,17.1,93.0,0.0,,0.0,0.0,,1016.6,,5.0,64.94,2020-08-20
2020-08-20 07:00:00,18.9,17.7,93.0,0.0,,350.0,7.6,,1016.8,,5.0,66.02,2020-08-20
2020-08-20 08:00:00,21.1,18.3,84.0,0.0,,10.0,5.4,,1017.4,,5.0,69.98,2020-08-20
2020-08-20 09:00:00,22.2,17.8,76.0,0.0,,20.0,14.8,,1017.7,,5.0,71.96,2020-08-20
2020-08-20 10:00:00,23.9,17.9,69.0,0.0,,40.0,14.8,,1017.8,,,75.02,2020-08-20
2020-08-20 11:00:00,25.6,18.3,64.0,0.0,,40.0,11.2,,1018.2,,,78.08,2020-08-20
2020-08-20 12:00:00,26.1,16.6,56.0,0.0,,110.0,11.2,,1018.0,,,78.98,2020-08-20
2020-08-20 13:00:00,26.1,17.2,58.0,0.0,,80.0,11.2,,1017.8,,,78.98,2020-08-20
2020-08-20 14:00:00,27.2,17.1,54.0,0.0,,140.0,11.2,,1017.2,,,80.96,2020-08-20
2020-08-20 15:00:00,27.8,17.9,55.0,0.0,,40.0,13.0,,1016.4,,,82.04,2020-08-20
2020-08-20 16:00:00,26.7,17.2,56.0,0.0,,60.0,9.4,,1015.7,,,80.06,2020-08-20
2020-08-20 17:00:00,28.3,17.8,53.0,0.0,,120.0,9.4,,1014.9,,,82.94,2020-08-20
2020-08-20 18:00:00,27.2,17.9,57.0,0.0,,40.0,11.2,,1014.6,,,80.96,2020-08-20
2020-08-20 19:00:00,26.1,17.7,60.0,0.0,,60.0,7.6,,1014.9,,,78.98,2020-08-20
2020-08-20 20:00:00,25.0,18.2,66.0,0.0,,0.0,0.0,,1015.0,,,77.0,2020-08-20
2020-08-20 21:00:00,22.8,19.0,79.0,0.0,,0.0,0.0,,1015.8,,,73.04,2020-08-20
2020-08-20 22:00:00,21.1,18.9,87.0,0.0,,0.0,0.0,,1016.3,,,69.98,2020-08-20
2020-08-20 23:00:00,20.6,18.9,90.0,0.0,,0.0,0.0,,1016.4,,,69.08,2020-08-20
2020-08-21 00:00:00,20.6,18.9,90.0,0.0,,0.0,0.0,,1016.5,,,69.08,2020-08-21
2020-08-21 01:00:00,20.6,18.9,90.0,0.0,,0.0,0.0,,1016.5,,5.0,69.08,2020-08-21
2020-08-21 02:00:00,20.0,18.8,93.0,0.0,,0.0,0.0,,1016.0,,5.0,68.0,2020-08-21
2020-08-21 03:00:00,21.7,20.0,90.0,0.0,,0.0,0.0,,1015.9,,5.0,71.06,2020-08-21
2020-08-21 04:00:00,21.7,20.0,90.0,0.0,,0.0,0.0,,1015.7,,5.0,71.06,2020-08-21
2020-08-21 05:00:00,21.7,20.0,90.0,0.0,,0.0,0.0,,1015.6,,5.0,71.06,2020-08-21
2020-08-21 06:00:00,21.7,20.7,94.0,0.0,,0.0,0.0,,1015.7,,7.0,71.06,2020-08-21
2020-08-21 07:00:00,21.7,20.0,90.0,0.0,,30.0,5.4,,1016.1,,5.0,71.06,2020-08-21
2020-08-21 08:00:00,21.7,20.0,90.0,0.0,,120.0,5.4,,1016.3,,5.0,71.06,2020-08-21
2020-08-21 09:00:00,22.2,19.9,87.0,0.0,,0.0,0.0,,1016.5,,7.0,71.96,2020-08-21
2020-08-21 10:00:00,22.2,19.9,87.0,0.16666666666666666,,0.0,0.0,,1016.7,,7.0,71.96,2020-08-21
2020-08-21 11:00:00,23.3,20.6,85.0,0.3333333333333333,,0.0,0.0,,1017.1,,7.0,73.94,2020-08-21
2020-08-21 12:00:00,23.3,21.2,88.0,0.5,,0.0,0.0,,1016.9,,7.0,73.94,2020-08-21
2020-08-21 13:00:00,24.4,21.1,82.0,0.3,,20.0,5.4,,1016.2,,7.0,75.92,2020-08-21
2020-08-21 14:00:00,25.0,20.7,77.0,0.22499999999999998,,160.0,7.6,,1015.6,,7.0,77.0,2020-08-21
2020-08-21 15:00:00,24.4,21.1,82.0,0.15,,190.0,11.2,,1015.0,,7.0,75.92,2020-08-21
2020-08-21 16:00:00,25.0,20.7,77.0,0.07500000000000001,,95.0,5.4,,1014.2,,7.0,77.0,2020-08-21
2020-08-21 17:00:00,25.6,20.0,71.0,0.0,,0.0,0.0,,1014.0,,7.0,78.08,2020-08-21
2020-08-21 18:00:00,25.6,20.0,71.0,0.0,,130.0,5.4,,1013.9,,7.0,78.08,2020-08-21
2020-08-21 19:00:00,24.4,20.5,79.0,0.0,,0.0,0.0,,1013.9,,,75.92,2020-08-21
2020-08-21 20:00:00,23.3,20.6,85.0,0.0,,0.0,0.0,,1014.1,,,73.94,2020-08-21
2020-08-21 21:00:00,22.2,20.7,91.0,0.0,,0.0,0.0,,1014.5,,,71.96,2020-08-21
2020-08-21 22:00:00,22.2,20.7,91.0,0.0,,0.0,0.0,,1014.8,,7.0,71.96,2020-08-21
2020-08-21 23:00:00,21.7,20.0,90.0,0.0,,0.0,0.0,,1014.7,,7.0,71.06,2020-08-21
2020-08-22 00:00:00,21.7,20.0,90.0,0.0,,0.0,0.0,,1014.7,,7.0,71.06,2020-08-22
2020-08-22 01:00:00,22.2,20.7,91.0,0.0,,0.0,0.0,,1014.2,,7.0,71.96,2020-08-22
2020-08-22 02:00:00,21.7,20.7,94.0,0.0,,90.0,5.4,,1014.1,,6.5,71.06,2020-08-22
2020-08-22 03:00:00,21.7,20.0,90.0,0.0,,30.0,5.4,,1013.9,,6.0,71.06,2020-08-22
2020-08-22 04:00:00,21.7,20.0,90.0,0.0,,0.0,0.0,,1014.2,,5.5,71.06,2020-08-22
2020-08-22 05:00:00,21.7,20.0,90.0,0.0,,0.0,0.0,,1013.6,,5.0,71.06,2020-08-22
2020-08-22 06:00:00,21.7,20.0,90.0,0.0,,0.0,0.0,,1014.1,,5.117647058823529,71.06,2020-08-22
2020-08-22 07:00:00,21.7,20.0,90.0,0.0,,0.0,0.0,,1014.6,,5.235294117647059,71.06,2020-08-22
2020-08-22 08:00:00,22.2,19.9,87.0,0.0,,0.0,0.0,,1015.3,,5.352941176470588,71.96,2020-08-22
2020-08-22 09:00:00,22.2,20.7,91.0,0.0,,0.0,0.0,,1015.3,,,71.96,2020-08-22
2020-08-22 10:00:00,23.3,20.6,85.0,0.0,,0.0,0.0,,1015.5,,,73.94,2020-08-22
2020-08-22 11:00:00,23.9,20.6,82.0,0.0,,120.0,5.4,,1015.6,,,75.02,2020-08-22
2020-08-22 12:00:00,25.0,20.7,77.0,0.0,,160.0,9.4,,1015.6,,,77.0,2020-08-22
2020-08-22 13:00:00,26.1,20.7,72.0,0.0,,200.0,11.2,,1015.4,,,78.98,2020-08-22
2020-08-22 14:00:00,26.7,20.5,69.0,0.0,,180.0,11.2,,1015.4,,,80.06,2020-08-22
2020-08-22 15:00:00,28.3,21.1,65.0,0.0,,170.0,11.2,,1015.0,,,82.94,2020-08-22
2020-08-22 16:00:00,28.9,21.2,63.0,0.0,,160.0,13.0,,1014.8,,,84.02,2020-08-22
2020-08-22 17:00:00,27.8,21.1,67.0,0.0,,160.0,13.0,,1014.8,,,82.04,2020-08-22
2020-08-22 18:00:00,27.2,21.0,69.0,0.0,,170.0,14.8,,1014.8,,,80.96,2020-08-22
2020-08-22 19:00:00,26.1,21.8,77.0,0.0,,160.0,11.2,,1014.7,,6.647058823529411,78.98,2020-08-22
2020-08-22 20:00:00,25.0,21.7,82.0,0.0,,190.0,5.4,,1015.5,,6.764705882352941,77.0,2020-08-22
2020-08-22 21:00:00,23.9,21.8,88.0,0.0,,200.0,5.4,,1016.1,,6.882352941176471,75.02,2020-08-22
2020-08-22 22:00:00,23.9,21.8,88.0,0.0,,0.0,0.0,,1016.7,,7.0,75.02,2020-08-22
2020-08-22 23:00:00,22.8,19.4,81.0,0.0,,10.0,11.2,,1017.5,,6.666666666666667,73.04,2020-08-22
2020-08-23 00:00:00,22.2,18.4,79.0,0.0,,20.0,9.4,,1017.4,,6.333333333333333,71.96,2020-08-23
2020-08-23 01:00:00,20.6,18.4,87.0,0.0,,0.0,0.0,,1017.0,,6.0,69.08,2020-08-23
2020-08-23 02:00:00,20.6,18.9,90.0,0.0,,220.0,9.4,,1016.6,,5.666666666666667,69.08,2020-08-23
2020-08-23 03:00:00,20.6,18.4,87.0,0.0,,0.0,0.0,,1016.8,,5.333333333333334,69.08,2020-08-23
2020-08-23 04:00:00,19.4,17.9,91.0,0.0,,0.0,0.0,,1017.0,,5.0,66.92,2020-08-23
2020-08-23 05:00:00,20.6,19.4,93.0,0.0,,0.0,0.0,,1017.1,,5.0,69.08,2020-08-23
2020-08-23 06:00:00,20.6,19.4,93.0,0.0,,220.0,5.4,,1017.5,,5.0,69.08,2020-08-23
2020-08-23 07:00:00,20.0,18.8,93.0,0.0,,200.0,5.4,,1018.2,,5.0,68.0,2020-08-23
2020-08-23 08:00:00,20.6,19.9,96.0,0.0,,200.0,5.4,,1018.8,,5.0,69.08,2020-08-23
2020-08-23 09:00:00,21.7,20.7,94.0,0.0,,210.0,7.6,,1018.8,,5.6,71.06,2020-08-23
2020-08-23 10:00:00,23.9,20.0,79.0,0.0,,250.0,5.4,,1019.0,,6.2,75.02,2020-08-23
2020-08-23 11:00:00,26.7,20.5,69.0,0.0,,0.0,0.0,,1019.3,,6.8,80.06,2020-08-23
2020-08-23 12:00:00,28.3,20.6,63.0,0.0,,110.0,9.4,,1019.0,,,82.94,2020-08-23
2020-08-23 13:00:00,28.9,20.1,59.0,0.0,,220.0,9.4,,1018.9,,,84.02,2020-08-23
2020-08-23 14:00:00,30.0,21.1,59.0,0.0,,220.0,13.0,,1018.4,,,86.0,2020-08-23
2020-08-23 15:00:00,30.6,20.5,55.0,0.0,,180.0,16.6,,1017.9,,,87.08000000000001,2020-08-23
2020-08-23 16:00:00,30.6,21.1,57.0,0.0,,210.0,14.8,,1017.5,,,87.08000000000001,2020-08-23
2020-08-23 17:00:00,29.4,20.6,59.0,0.0,,220.0,16.6,,1017.8,,,84.91999999999999,2020-08-23
2020-08-23 18:00:00,28.3,21.1,65.0,0.0,,200.0,14.8,,1018.1,,,82.94,2020-08-23
2020-08-23 19:00:00,28.3,22.3,70.0,0.0,,180.0,7.6,,1017.9,,,82.94,2020-08-23
2020-08-23 20:00:00,26.1,21.8,77.0,0.0,,210.0,7.6,,1018.2,,,78.98,2020-08-23
2020-08-23 21:00:00,25.0,21.1,79.0,0.0,,0.0,0.0,,1018.4,,,77.0,2020-08-23
2020-08-23 22:00:00,24.4,21.1,82.0,0.0,,220.0,5.4,,1019.1,,,75.92,2020-08-23
2020-08-23 23:00:00,23.9,21.0,84.0,0.0,,200.0,7.6,,1019.0,,,75.02,2020-08-23
2020-08-24 00:00:00,23.3,21.2,88.0,0.0,,190.0,5.4,,1019.2,,,73.94,2020-08-24
2020-08-24 01:00:00,22.8,20.5,87.0,0.0,,0.0,0.0,,1019.1,,,73.04,2020-08-24
2020-08-24 02:00:00,22.8,20.5,87.0,0.0,,200.0,7.6,,1018.9,,,73.04,2020-08-24
2020-08-24 03:00:00,22.2,20.7,91.0,0.0,,200.0,5.4,,1018.7,,,71.96,2020-08-24
2020-08-24 04:00:00,22.2,20.7,91.0,0.0,,200.0,9.4,,1018.6,,,71.96,2020-08-24
2020-08-24 05:00:00,21.7,20.7,94.0,0.0,,200.0,9.4,,1018.8,,,71.06,2020-08-24
2020-08-24 06:00:00,21.7,20.7,94.0,0.0,,210.0,9.4,,1018.9,,,71.06,2020-08-24
2020-08-24 07:00:00,21.7,20.7,94.0,0.0,,190.0,5.4,,1019.3,,,71.06,2020-08-24
2020-08-24 08:00:00,22.2,21.2,94.0,0.0,,230.0,9.4,,1020.0,,,71.96,2020-08-24
2020-08-24 09:00:00,23.9,21.0,84.0,0.0,,230.0,9.4,,1020.2,,,75.02,2020-08-24
2020-08-24 10:00:00,26.7,21.0,71.0,0.0,,230.0,9.4,,1020.3,,,80.06,2020-08-24
2020-08-24 11:00:00,27.2,21.0,69.0,0.0,,230.0,11.2,,1020.3,,,80.96,2020-08-24
2020-08-24 12:00:00,28.3,21.8,68.0,0.0,,230.0,13.0,,1020.1,,,82.94,2020-08-24
2020-08-24 13:00:00,28.9,21.7,65.0,0.0,,210.0,11.2,,1019.7,,,84.02,2020-08-24
2020-08-24 14:00:00,29.4,21.6,63.0,0.0,,210.0,14.8,,1019.1,,,84.91999999999999,2020-08-24
2020-08-24 15:00:00,29.4,21.6,63.0,0.0,,200.0,13.0,,1017.8,,,84.91999999999999,2020-08-24
2020-08-24 16:00:00,31.1,21.6,57.0,0.0,,190.0,7.6,,1017.1,,24.2,87.98,2020-08-24
2020-08-24 17:00:00,30.6,22.8,63.0,0.0,,170.0,18.4,,1017.2,,24.8,87.08000000000001,2020-08-24
2020-08-24 18:00:00,30.0,22.2,63.0,0.0,,200.0,11.2,,1017.2,,25.4,86.0,2020-08-24
2020-08-24 19:00:00,28.3,22.3,70.0,0.0,,200.0,14.8,,1016.9,,26.0,82.94,2020-08-24
2020-08-24 20:00:00,21.1,18.9,87.0,6.3,,350.0,22.3,,1017.8,,25.0,69.98,2020-08-24
2020-08-24 21:00:00,22.2,20.7,91.0,15.5,,170.0,7.6,,1018.7,,7.0,71.96,2020-08-24
2020-08-24 22:00:00,22.8,20.5,87.0,7.75,,250.0,5.4,,1018.6,,6.75,73.04,2020-08-24
2020-08-24 23:00:00,22.2,19.9,87.0,0.0,,0.0,0.0,,1018.4,,6.5,71.96,2020-08-24
2020-08-25 00:00:00,21.1,19.9,93.0,0.0,,190.0,7.6,,1018.1,,6.25,69.98,2020-08-25
2020-08-25 01:00:00,22.2,20.7,91.0,0.0,,230.0,5.4,,1018.0,,,71.96,2020-08-25
2020-08-25 02:00:00,21.1,19.4,90.0,0.0,,0.0,0.0,,1017.6,,5.75,69.98,2020-08-25
2020-08-25 03:00:00,20.6,19.4,93.0,0.0,,160.0,5.4,,1017.3,,5.5,69.08,2020-08-25
2020-08-25 04:00:00,20.6,19.4,93.0,0.0,,220.0,5.4,,1017.2,,5.25,69.08,2020-08-25
2020-08-25 05:00:00,21.1,19.4,90.0,0.0,,0.0,0.0,,1016.9,,5.0,69.98,2020-08-25
2020-08-25 06:00:00,20.0,18.8,93.0,0.0,,200.0,5.4,,1016.7,,5.0,68.0,2020-08-25
2020-08-25 07:00:00,20.0,19.3,96.0,0.0,,230.0,7.6,,1017.2,,5.0,68.0,2020-08-25
2020-08-25 08:00:00,22.2,19.9,87.0,0.0,,240.0,7.6,,1017.6,,5.0,71.96,2020-08-25
2020-08-25 09:00:00,23.9,21.0,84.0,0.0,,160.0,11.2,,1017.6,,5.0,75.02,2020-08-25
2020-08-25 10:00:00,27.2,21.0,69.0,0.0,,260.0,9.4,,1017.5,,,80.96,2020-08-25
2020-08-25 11:00:00,28.9,20.6,61.0,0.0,,280.0,11.2,,1017.3,,,84.02,2020-08-25
2020-08-25 12:00:00,30.6,20.5,55.0,0.0,,280.0,13.0,,1016.9,,,87.08000000000001,2020-08-25
2020-08-25 13:00:00,31.1,20.7,54.0,0.0,,270.0,9.4,,1016.5,,,87.98,2020-08-25
2020-08-25 14:00:00,31.7,20.6,52.0,0.0,,270.0,13.0,,1016.1,,,89.06,2020-08-25
2020-08-25 15:00:00,32.2,20.5,50.0,0.0,,255.0,9.4,,1015.4,,,89.96000000000001,2020-08-25
2020-08-25 16:00:00,32.2,20.1,49.0,0.0,,240.0,13.0,,1014.7,,,89.96000000000001,2020-08-25
2020-08-25 17:00:00,32.2,20.5,50.0,0.0,,220.0,11.2,,1014.1,,,89.96000000000001,2020-08-25
2020-08-25 18:00:00,31.7,21.3,54.0,0.0,,240.0,9.4,,1014.0,,,89.06,2020-08-25
2020-08-25 19:00:00,30.0,21.1,59.0,0.0,,240.0,5.4,,1014.0,,,86.0,2020-08-25
2020-08-25 20:00:00,28.3,21.1,65.0,0.0,,260.0,7.6,,1014.9,,,82.94,2020-08-25
2020-08-25 21:00:00,27.2,20.5,67.0,0.0,,240.0,5.4,,1015.4,,,80.96,2020-08-25
2020-08-25 22:00:00,27.2,20.5,67.0,0.0,,220.0,5.4,,1015.6,,,80.96,2020-08-25
2020-08-25 23:00:00,26.7,18.8,62.0,0.0,,330.0,13.0,,1015.6,,,80.06,2020-08-25
2020-08-26 00:00:00,25.0,17.7,64.0,0.0,,310.0,7.6,,1015.3,,,77.0,2020-08-26
2020-08-26 01:00:00,22.2,19.0,82.0,0.0,,0.0,0.0,,1015.5,,,71.96,2020-08-26
2020-08-26 02:00:00,21.7,18.9,84.0,0.0,,0.0,0.0,,1015.7,,,71.06,2020-08-26
2020-08-26 03:00:00,20.6,18.4,87.0,0.0,,0.0,0.0,,1015.9,,,69.08,2020-08-26
2020-08-26 04:00:00,20.0,18.3,90.0,0.0,,0.0,0.0,,1016.3,,,68.0,2020-08-26
2020-08-26 05:00:00,19.4,17.9,91.0,0.0,,340.0,5.4,,1016.7,,,66.92,2020-08-26
2020-08-26 06:00:00,22.2,17.8,76.0,0.0,,310.0,9.4,,1016.8,,,71.96,2020-08-26
2020-08-26 07:00:00,20.0,17.8,87.0,0.0,,0.0,0.0,,1017.8,,,68.0,2020-08-26
2020-08-26 08:00:00,22.2,19.4,84.0,0.0,,0.0,0.0,,1018.3,,,71.96,2020-08-26
2020-08-26 09:00:00,25.6,19.0,67.0,0.0,,360.0,7.6,,1018.6,,,78.08,2020-08-26
2020-08-26 10:00:00,26.7,18.8,62.0,0.0,,180.0,5.4,,1018.9,,,80.06,2020-08-26
2020-08-26 11:00:00,27.8,18.8,58.0,0.0,,0.0,0.0,,1019.2,,,82.04,2020-08-26
2020-08-26 12:00:00,28.3,19.0,57.0,0.0,,150.0,7.6,,1018.9,,,82.94,2020-08-26
2020-08-26 13:00:00,29.4,18.2,51.0,0.0,,180.0,9.4,,1018.6,,,84.91999999999999,2020-08-26
2020-08-26 14:00:00,30.6,17.3,45.0,0.0,,0.0,0.0,,1018.1,,,87.08000000000001,2020-08-26
2020-08-26 15:00:00,30.6,18.3,48.0,0.0,,200.0,5.4,,1017.5,,,87.08000000000001,2020-08-26
2020-08-26 16:00:00,30.6,19.3,51.0,0.0,,200.0,11.2,,1016.7,,,87.08000000000001,2020-08-26
2020-08-26 17:00:00,30.6,19.3,51.0,0.0,,200.0,11.2,,1016.4,,,87.08000000000001,2020-08-26
2020-08-26 18:00:00,30.0,20.6,57.0,0.0,,200.0,11.2,,1016.2,,,86.0,2020-08-26
2020-08-26 19:00:00,28.3,21.8,68.0,0.0,,230.0,5.4,,1015.9,,,82.94,2020-08-26
2020-08-26 20:00:00,26.7,22.1,76.0,0.0,,0.0,0.0,,1015.9,,,80.06,2020-08-26
2020-08-26 21:00:00,25.6,21.1,76.0,0.0,,0.0,0.0,,1016.0,,,78.08,2020-08-26
2020-08-26 22:00:00,25.6,21.1,76.0,0.0,,230.0,5.4,,1016.7,,,78.08,2020-08-26
2020-08-26 23:00:00,23.3,21.7,91.0,0.0,,0.0,0.0,,1016.7,,5.0,73.94,2020-08-26
2020-08-27 00:00:00,23.3,21.2,88.0,0.0,,220.0,5.4,,1016.5,,5.0,73.94,2020-08-27
2020-08-27 01:00:00,22.8,21.1,90.0,0.0,,0.0,0.0,,1016.3,,5.0,73.04,2020-08-27
2020-08-27 02:00:00,22.2,21.2,94.0,0.0,,210.0,7.6,,1015.9,,5.0,71.96,2020-08-27
2020-08-27 03:00:00,22.2,21.2,94.0,0.0,,210.0,5.4,,1015.5,,6.428571428571429,71.96,2020-08-27
2020-08-27 04:00:00,22.2,20.7,91.0,0.0,,210.0,7.6,,1015.2,,7.857142857142858,71.96,2020-08-27
2020-08-27 05:00:00,23.3,21.2,88.0,0.0,,240.0,9.4,,1015.0,,9.285714285714285,73.94,2020-08-27
2020-08-27 06:00:00,22.8,20.5,87.0,0.0,,220.0,5.4,,1015.5,,,73.04,2020-08-27
2020-08-27 07:00:00,21.7,20.0,90.0,0.0,,210.0,5.4,,1016.1,,,71.06,2020-08-27
2020-08-27 08:00:00,23.9,20.6,82.0,0.0,,210.0,5.4,,1016.1,,,75.02,2020-08-27
2020-08-27 09:00:00,26.1,21.1,74.0,0.0,,210.0,9.4,,1016.2,,,78.98,2020-08-27
2020-08-27 10:00:00,28.3,21.8,68.0,0.0,,270.0,5.4,,1016.4,,,82.94,2020-08-27
2020-08-27 11:00:00,30.0,21.7,61.0,0.0,,270.0,14.8,,1016.2,,,86.0,2020-08-27
2020-08-27 12:00:00,31.1,21.6,57.0,0.0,,220.0,5.4,,1015.7,,,87.98,2020-08-27
2020-08-27 13:00:00,32.2,22.9,58.0,0.0,,220.0,13.0,,1015.4,,20.714285714285715,89.96000000000001,2020-08-27
2020-08-27 14:00:00,32.2,21.7,54.0,0.0,,220.0,18.4,,1014.3,,22.142857142857142,89.96000000000001,2020-08-27
2020-08-27 15:00:00,32.8,22.3,54.0,0.0,,220.0,14.8,,1013.6,,23.571428571428573,91.03999999999999,2020-08-27
2020-08-27 16:00:00,32.8,22.3,54.0,0.0,,110.0,7.6,,1013.3,,25.0,91.03999999999999,2020-08-27
2020-08-27 17:00:00,30.0,22.7,65.0,0.0,,0.0,0.0,,1013.3,,25.0,86.0,2020-08-27
2020-08-27 18:00:00,31.1,22.7,61.0,0.0,,0.0,5.4,,1013.0,,25.0,87.98,2020-08-27
2020-08-27 19:00:00,30.0,22.2,63.0,0.0,,0.0,0.0,,1013.1,,25.0,86.0,2020-08-27
2020-08-27 20:00:00,27.2,17.1,54.0,0.0,,310.0,14.8,,1014.1,,,80.96,2020-08-27
2020-08-27 21:00:00,26.1,19.0,65.0,0.15,,206.66666666666669,5.4,,1014.3,,,78.98,2020-08-27
2020-08-27 22:00:00,25.0,20.7,77.0,0.3,,103.33333333333334,5.4,,1015.0,,,77.0,2020-08-27
2020-08-27 23:00:00,24.4,21.1,82.0,0.0,,0.0,0.0,,1015.3,,,75.92,2020-08-27
2020-08-28 00:00:00,24.4,20.5,79.0,0.0,,210.0,5.4,,1015.4,,,75.92,2020-08-28
2020-08-28 01:00:00,23.3,21.2,88.0,0.0,,220.0,7.6,,1014.5,,,73.94,2020-08-28
2020-08-28 02:00:00,23.3,20.6,85.0,0.0,,230.0,5.4,,1014.2,,,73.94,2020-08-28
2020-08-28 03:00:00,23.9,20.6,82.0,0.0,,0.0,0.0,,1014.2,,,75.02,2020-08-28
2020-08-28 04:00:00,23.9,20.6,82.0,0.0,,230.0,7.6,,1013.8,,,75.02,2020-08-28
2020-08-28 05:00:00,24.4,20.5,79.0,0.0,,0.0,0.0,,1013.9,,,75.92,2020-08-28
2020-08-28 06:00:00,23.3,20.6,85.0,0.0,,230.0,7.6,,1014.0,,,73.94,2020-08-28
2020-08-28 07:00:00,23.3,20.6,85.0,0.0,,220.0,5.4,,1014.3,,,73.94,2020-08-28
2020-08-28 08:00:00,24.4,21.1,82.0,0.0,,0.0,0.0,,1014.4,,,75.92,2020-08-28
2020-08-28 09:00:00,26.7,21.7,74.0,0.0,,0.0,0.0,,1014.6,,,80.06,2020-08-28
2020-08-28 10:00:00,28.3,22.3,70.0,0.0,,200.0,7.6,,1014.7,,,82.94,2020-08-28
2020-08-28 11:00:00,30.6,22.2,61.0,0.0,,220.0,11.2,,1014.9,,,87.08000000000001,2020-08-28
2020-08-28 12:00:00,30.6,22.8,63.0,0.0,,200.0,13.0,,1014.4,,,87.08000000000001,2020-08-28
2020-08-28 13:00:00,30.6,22.2,61.0,0.0,,210.0,9.4,,1013.9,,,87.08000000000001,2020-08-28
2020-08-28 14:00:00,31.1,22.7,61.0,0.0,,0.0,0.0,,1013.1,,,87.98,2020-08-28
2020-08-28 15:00:00,32.8,22.9,56.0,0.0,,210.0,11.2,,1012.1,,,91.03999999999999,2020-08-28
2020-08-28 16:00:00,32.8,22.3,54.0,0.0,,160.0,11.2,,1011.2,,,91.03999999999999,2020-08-28
2020-08-28 17:00:00,32.8,22.9,56.0,0.0,,200.0,9.4,,1010.9,,,91.03999999999999,2020-08-28
2020-08-28 18:00:00,31.1,24.5,68.0,0.0,,180.0,9.4,,1010.7,,,87.98,2020-08-28
2020-08-28 19:00:00,29.4,24.5,75.0,0.0,,190.0,9.4,,1010.0,,25.0,84.91999999999999,2020-08-28
2020-08-28 20:00:00,27.8,23.8,79.0,0.0,,190.0,7.6,,1010.7,,25.0,82.04,2020-08-28
2020-08-28 21:00:00,27.8,23.4,77.0,0.0,,210.0,7.6,,1010.8,,25.0,82.04,2020-08-28
2020-08-28 22:00:00,27.2,23.2,79.0,0.0,,0.0,0.0,,1010.9,,25.0,80.96,2020-08-28
2020-08-28 23:00:00,26.1,23.4,85.0,0.0,,200.0,13.0,,1010.2,,22.0,78.98,2020-08-28
2020-08-29 00:00:00,26.1,22.2,79.0,0.0,,200.0,13.0,,1010.0,,19.0,78.98,2020-08-29
2020-08-29 01:00:00,25.6,21.7,79.0,0.0,,200.0,11.2,,1009.4,,16.0,78.08,2020-08-29
2020-08-29 02:00:00,25.0,22.3,85.0,0.0,,200.0,9.4,,1008.3,,13.0,77.0,2020-08-29
2020-08-29 03:00:00,24.4,22.3,88.0,0.0,,200.0,9.4,,1007.4,,10.0,75.92,2020-08-29
2020-08-29 04:00:00,24.4,22.3,88.0,0.0,,200.0,13.0,,1006.9,,7.0,75.92,2020-08-29
2020-08-29 05:00:00,24.4,22.3,88.0,0.15,,210.0,9.4,,1006.6,,7.0,75.92,2020-08-29
2020-08-29 06:00:00,24.4,22.3,88.0,0.3,,210.0,7.6,,1006.5,,7.0,75.92,2020-08-29
2020-08-29 07:00:00,23.9,22.9,94.0,0.35,,200.0,9.4,,1006.5,,7.0,75.02,2020-08-29
2020-08-29 08:00:00,24.4,23.4,94.0,0.4,,190.0,13.0,,1006.2,,7.0,75.92,2020-08-29
2020-08-29 09:00:00,25.0,23.2,90.0,0.45,,200.0,16.6,,1005.8,,7.0,77.0,2020-08-29
2020-08-29 10:00:00,24.4,22.8,91.0,0.5,,200.0,22.3,,1005.3,,7.0,75.92,2020-08-29
2020-08-29 11:00:00,24.4,22.3,88.0,0.375,,200.0,20.5,,1005.0,,7.0,75.92,2020-08-29
2020-08-29 12:00:00,25.6,22.3,82.0,0.25,,220.0,14.8,,1004.7,,7.0,78.08,2020-08-29
2020-08-29 13:00:00,26.1,22.2,79.0,0.125,,220.0,13.0,,1004.3,,7.0,78.98,2020-08-29
2020-08-29 14:00:00,28.3,23.2,74.0,0.0,,260.0,11.2,,1003.9,,,82.94,2020-08-29
2020-08-29 15:00:00,30.6,21.7,59.0,0.0,,260.0,13.0,,1003.2,,,87.08000000000001,2020-08-29
2020-08-29 16:00:00,31.1,20.7,54.0,0.0,,260.0,16.6,,1002.9,,,87.98,2020-08-29
2020-08-29 17:00:00,31.7,20.6,52.0,0.0,,270.0,14.8,,1003.1,,,89.06,2020-08-29
2020-08-29 18:00:00,31.1,20.1,52.0,0.0,,240.0,7.6,,1003.4,,,87.98,2020-08-29
2020-08-29 19:00:00,30.0,20.0,55.0,0.0,,240.0,7.6,,1003.6,,,86.0,2020-08-29
2020-08-29 20:00:00,26.1,20.0,69.0,0.0,,200.0,7.6,,1004.2,,,78.98,2020-08-29
2020-08-29 21:00:00,25.6,19.5,69.0,0.0,,210.0,7.6,,1004.9,,,78.08,2020-08-29
2020-08-29 22:00:00,23.3,19.5,79.0,0.0,,260.0,5.4,,1006.0,,,73.94,2020-08-29
2020-08-29 23:00:00,25.0,17.2,62.0,0.0,,245.0,7.6,,1006.7,,,77.0,2020-08-29
2020-08-30 00:00:00,22.2,18.4,79.0,0.0,,230.0,5.4,,1007.4,,,71.96,2020-08-30
2020-08-30 01:00:00,23.3,18.4,74.0,0.0,,172.5,5.4,,1007.4,,,73.94,2020-08-30
2020-08-30 02:00:00,23.9,18.3,71.0,0.0,,115.0,5.4,,1007.3,,,75.02,2020-08-30
2020-08-30 03:00:00,21.7,17.9,79.0,0.0,,57.5,5.4,,1007.4,,,71.06,2020-08-30
2020-08-30 04:00:00,20.0,17.8,87.0,0.0,,0.0,0.0,,1007.3,,,68.0,2020-08-30
2020-08-30 05:00:00,18.9,17.2,90.0,0.0,,0.0,0.0,,1007.5,,,66.02,2020-08-30
2020-08-30 06:00:00,17.8,16.7,93.0,0.0,,0.0,0.0,,1008.2,,,64.04,2020-08-30
2020-08-30 07:00:00,18.9,17.2,90.0,0.0,,0.0,0.0,,1009.2,,,66.02,2020-08-30
2020-08-30 08:00:00,21.7,18.3,81.0,0.0,,0.0,0.0,,1009.8,,,71.06,2020-08-30
2020-08-30 09:00:00,23.9,18.3,71.0,0.0,,0.0,0.0,,1010.6,,,75.02,2020-08-30
2020-08-30 10:00:00,23.9,19.0,74.0,0.0,,0.0,0.0,,1011.0,,,75.02,2020-08-30
2020-08-30 11:00:00,24.4,18.3,69.0,0.0,,200.0,7.6,,1011.7,,,75.92,2020-08-30
2020-08-30 12:00:00,26.7,16.6,54.0,0.0,,100.0,7.6,,1011.8,,,80.06,2020-08-30
2020-08-30 13:00:00,26.7,16.6,54.0,0.0,,0.0,0.0,,1011.5,,,80.06,2020-08-30
2020-08-30 14:00:00,27.2,16.8,53.0,0.0,,0.0,0.0,,1011.3,,,80.96,2020-08-30
2020-08-30 15:00:00,27.8,16.7,51.0,0.0,,0.0,0.0,,1010.9,,,82.04,2020-08-30
2020-08-30 16:00:00,28.9,15.1,43.0,0.0,,0.0,0.0,,1010.5,,,84.02,2020-08-30
2020-08-30 17:00:00,28.9,15.1,43.0,0.0,,0.0,0.0,,1010.2,,,84.02,2020-08-30
2020-08-30 18:00:00,28.3,16.2,48.0,0.0,,200.0,9.4,,1010.6,,,82.94,2020-08-30
2020-08-30 19:00:00,26.7,17.2,56.0,0.0,,0.0,0.0,,1010.7,,,80.06,2020-08-30
2020-08-30 20:00:00,21.7,17.9,79.0,0.0,,0.0,0.0,,1011.2,,,71.06,2020-08-30
2020-08-30 21:00:00,20.6,17.2,81.0,0.0,,0.0,0.0,,1011.9,,,69.08,2020-08-30
2020-08-30 22:00:00,20.0,17.2,84.0,0.0,,0.0,0.0,,1012.7,,,68.0,2020-08-30
2020-08-30 23:00:00,19.4,17.2,87.0,0.0,,0.0,0.0,,1013.0,,,66.92,2020-08-30
2020-08-31 00:00:00,19.4,16.6,84.0,0.0,,0.0,0.0,,1013.5,,,66.92,2020-08-31
2020-08-31 01:00:00,19.4,17.2,87.0,0.0,,10.0,5.4,,1013.3,,,66.92,2020-08-31
2020-08-31 02:00:00,20.6,17.8,84.0,0.0,,350.0,5.4,,1013.3,,,69.08,2020-08-31
2020-08-31 03:00:00,20.6,17.2,81.0,0.0,,0.0,0.0,,1013.3,,7.0,69.08,2020-08-31
2020-08-31 04:00:00,20.6,16.6,78.0,0.0,,20.0,9.4,,1013.2,,7.0,69.08,2020-08-31
2020-08-31 05:00:00,20.6,16.6,78.0,0.0,,20.0,7.6,,1013.2,,7.0,69.08,2020-08-31
2020-08-31 06:00:00,20.6,17.2,81.0,0.43333333333333335,,10.0,9.4,,1014.0,,7.0,69.08,2020-08-31
2020-08-31 07:00:00,20.0,17.2,84.0,0.8666666666666667,,20.0,11.2,,1014.2,,7.0,68.0,2020-08-31
2020-08-31 08:00:00,19.4,17.9,91.0,1.3,,10.0,9.4,,1014.9,,7.0,66.92,2020-08-31
2020-08-31 09:00:00,19.4,18.2,93.0,2.5,,360.0,16.6,,1015.3,,7.0,66.92,2020-08-31
2020-08-31 10:00:00,20.0,18.3,90.0,6.9,,20.0,13.0,,1015.5,,7.0,68.0,2020-08-31
2020-08-31 11:00:00,20.0,18.3,90.0,1.0,,60.0,11.2,,1015.1,,9.0,68.0,2020-08-31
2020-08-31 12:00:00,19.4,18.2,93.0,0.5,,20.0,14.8,,1014.95,,9.0,66.92,2020-08-31
2020-08-31 13:00:00,18.9,17.7,93.0,12.7,,20.0,7.6,,1014.8,,8.0,66.02,2020-08-31
2020-08-31 14:00:00,18.9,17.7,93.0,1.2,,20.0,20.5,,1014.7,,8.0,66.02,2020-08-31
2020-08-31 15:00:00,18.9,17.7,93.0,14.7,,10.0,14.8,,1014.6,,7.0,66.02,2020-08-31
2020-08-31 16:00:00,19.4,18.2,93.0,3.3,,20.0,13.0,,1014.4,,7.0,66.92,2020-08-31
2020-08-31 17:00:00,20.0,18.3,90.0,0.5,,20.0,14.8,,1014.1,,7.0,68.0,2020-08-31
2020-08-31 18:00:00,20.6,18.9,90.0,0.5,,20.0,16.6,,1014.0,,7.0,69.08,2020-08-31
2020-08-31 19:00:00,20.6,18.9,90.0,0.5,,30.0,14.8,,1014.6,,7.0,69.08,2020-08-31
2020-08-31 20:00:00,20.6,18.9,90.0,0.5,,40.0,14.8,,1014.9,,7.0,69.08,2020-08-31
2020-08-31 21:00:00,20.6,18.9,90.0,0.5,,10.0,9.4,,1015.7,,6.5,69.08,2020-08-31
2020-08-31 22:00:00,20.6,19.4,93.0,0.8,,10.0,9.4,,1016.2,,6.0,69.08,2020-08-31
2020-08-31 23:00:00,20.6,18.9,90.0,0.55,,20.0,14.8,,1016.4,,5.5,69.08,2020-08-31
2020-09-01 00:00:00,20.6,18.9,90.0,0.3,,30.0,11.2,,1016.3,,5.0,69.08,2020-09-01
2020-09-01 01:00:00,20.0,18.8,93.0,0.0,,20.0,13.0,,1016.3,,5.0,68.0,2020-09-01
2020-09-01 02:00:00,20.0,18.8,93.0,0.0,,30.0,9.4,,1016.3,,5.0,68.0,2020-09-01
2020-09-01 03:00:00,19.4,18.2,93.0,0.0,,20.0,14.8,,1016.1,,5.0,66.92,2020-09-01
2020-09-01 04:00:00,19.4,18.2,93.0,0.0,,20.0,11.2,,1016.0,,5.0,66.92,2020-09-01
2020-09-01 05:00:00,19.4,18.2,93.0,0.0,,20.0,13.0,,1015.7,,5.0,66.92,2020-09-01
2020-09-01 06:00:00,19.4,18.2,93.0,0.0,,30.0,9.4,,1016.1,,5.0,66.92,2020-09-01
2020-09-01 07:00:00,18.9,18.2,96.0,0.0,,30.0,9.4,,1016.8,,5.0,66.02,2020-09-01
2020-09-01 08:00:00,19.4,18.2,93.0,0.0,,30.0,9.4,,1016.9,,5.0,66.92,2020-09-01
2020-09-01 09:00:00,19.4,18.2,93.0,0.0,,20.0,13.0,,1017.2,,5.0,66.92,2020-09-01
2020-09-01 10:00:00,20.0,18.8,93.0,0.0,,20.0,7.6,,1017.6,,5.0,68.0,2020-09-01
2020-09-01 11:00:00,20.0,18.8,93.0,0.0,,40.0,9.4,,1018.0,,5.0,68.0,2020-09-01
2020-09-01 12:00:00,21.1,18.9,87.0,0.0,,10.0,7.6,,1018.1,,5.285714285714286,69.98,2020-09-01
2020-09-01 13:00:00,22.2,19.4,84.0,0.0,,0.0,0.0,,1017.7,,5.571428571428571,71.96,2020-09-01
2020-09-01 14:00:00,22.8,20.0,84.0,0.0,,0.0,0.0,,1017.3,,5.857142857142857,73.04,2020-09-01
2020-09-01 15:00:00,25.0,21.1,79.0,0.0,,0.0,0.0,,1016.6,,6.142857142857142,77.0,2020-09-01
2020-09-01 16:00:00,26.1,21.1,74.0,0.0,,200.0,5.4,,1015.9,,6.428571428571429,78.98,2020-09-01
2020-09-01 17:00:00,25.6,21.1,76.0,0.0,,0.0,0.0,,1016.0,,6.714285714285714,78.08,2020-09-01
2020-09-01 18:00:00,24.4,21.7,85.0,0.0,,0.0,0.0,,1016.2,,7.0,75.92,2020-09-01
2020-09-01 19:00:00,23.9,21.8,88.0,0.0,,0.0,0.0,,1016.1,,6.833333333333333,75.02,2020-09-01
2020-09-01 20:00:00,23.9,21.8,88.0,0.0,,0.0,0.0,,1016.2,,6.666666666666667,75.02,2020-09-01
2020-09-01 21:00:00,23.9,21.8,88.0,0.0,,0.0,0.0,,1016.7,,6.5,75.02,2020-09-01
2020-09-01 22:00:00,23.3,21.7,91.0,0.0,,0.0,0.0,,1016.9,,,73.94,2020-09-01
2020-09-01 23:00:00,22.8,21.8,94.0,0.0,,0.0,0.0,,1016.6,,,73.04,2020-09-01
2020-09-02 00:00:00,22.8,21.8,94.0,0.0,,0.0,0.0,,1016.9,,,73.04,2020-09-02
2020-09-02 01:00:00,22.8,21.1,90.0,0.0,,0.0,0.0,,1016.3,,,73.04,2020-09-02
2020-09-02 02:00:00,22.8,21.8,94.0,0.0,,0.0,0.0,,1016.0,,,73.04,2020-09-02
2020-09-02 03:00:00,22.8,21.8,94.0,0.0,,0.0,0.0,,1015.1,,5.5,73.04,2020-09-02
2020-09-02 04:00:00,22.8,21.1,90.0,0.0,,0.0,0.0,,1014.7,,5.333333333333334,73.04,2020-09-02
2020-09-02 05:00:00,22.8,21.1,90.0,0.0,,0.0,0.0,,1014.6,,5.166666666666667,73.04,2020-09-02
2020-09-02 06:00:00,22.8,21.8,94.0,0.0,,180.0,5.4,,1014.4,,5.0,73.04,2020-09-02
2020-09-02 07:00:00,22.2,21.2,94.0,0.0,,0.0,0.0,,1014.2,,5.0,71.96,2020-09-02
2020-09-02 08:00:00,22.8,21.8,94.0,0.0,,0.0,0.0,,1014.5,,5.0,73.04,2020-09-02
2020-09-02 09:00:00,23.9,21.8,88.0,0.0,,230.0,5.4,,1014.7,,7.333333333333334,75.02,2020-09-02
2020-09-02 10:00:00,26.1,22.8,82.0,0.0,,210.0,9.4,,1014.7,,9.666666666666668,78.98,2020-09-02
2020-09-02 11:00:00,27.8,22.7,74.0,0.0,,210.0,11.2,,1014.3,,12.0,82.04,2020-09-02
2020-09-02 12:00:00,28.3,22.8,72.0,0.0,,200.0,9.4,,1013.6,,,82.94,2020-09-02
2020-09-02 13:00:00,29.4,23.4,70.0,0.0,,210.0,13.0,,1013.0,,,84.91999999999999,2020-09-02
2020-09-02 14:00:00,31.1,24.0,66.0,0.0,,220.0,9.4,,1012.3,,19.0,87.98,2020-09-02
2020-09-02 15:00:00,31.7,23.8,63.0,0.0,,210.0,13.0,,1011.7,,21.333333333333336,89.06,2020-09-02
2020-09-02 16:00:00,31.7,23.8,63.0,0.0,,180.0,16.6,,1010.6,,23.666666666666668,89.06,2020-09-02
2020-09-02 17:00:00,31.7,24.3,65.0,0.0,,180.0,25.9,,1009.7,,26.0,89.06,2020-09-02
2020-09-02 18:00:00,25.0,22.9,88.0,15.0,,220.0,5.4,,1011.0,,25.5,77.0,2020-09-02
2020-09-02 19:00:00,26.1,24.0,88.0,0.0,,180.0,14.8,,1011.4,,25.0,78.98,2020-09-02
2020-09-02 20:00:00,25.6,23.8,90.0,0.0,,150.0,5.4,,1011.8,,21.666666666666668,78.08,2020-09-02
2020-09-02 21:00:00,25.0,23.2,90.0,0.0,,220.0,5.4,,1012.1,,18.333333333333332,77.0,2020-09-02
2020-09-02 22:00:00,23.9,22.9,94.0,0.0,,220.0,7.6,,1012.5,,15.0,75.02,2020-09-02
2020-09-02 23:00:00,24.4,22.8,91.0,0.0,,250.0,7.6,,1012.3,,11.666666666666666,75.92,2020-09-02
2020-09-03 00:00:00,23.9,22.2,90.0,0.0,,230.0,5.4,,1012.3,,8.333333333333332,75.02,2020-09-03
2020-09-03 01:00:00,23.3,22.3,94.0,0.0,,180.0,5.4,,1012.5,,5.0,73.94,2020-09-03
2020-09-03 02:00:00,23.3,22.3,94.0,0.0,,200.0,5.4,,1012.5,,5.0,73.94,2020-09-03
2020-09-03 03:00:00,22.2,21.7,97.0,0.0,,0.0,0.0,,1012.3,,5.0,71.96,2020-09-03
2020-09-03 04:00:00,22.2,21.2,94.0,0.0,,0.0,0.0,,1012.2,,5.0,71.96,2020-09-03
2020-09-03 05:00:00,21.7,20.7,94.0,0.0,,0.0,0.0,,1012.1,,5.0,71.06,2020-09-03
2020-09-03 06:00:00,21.7,21.0,96.0,0.0,,0.0,0.0,,1012.4,,5.0,71.06,2020-09-03
2020-09-03 07:00:00,21.7,20.7,94.0,0.0,,0.0,0.0,,1012.6,,5.0,71.06,2020-09-03
2020-09-03 08:00:00,23.3,22.3,94.0,0.0,,0.0,0.0,,1012.6,,5.0,73.94,2020-09-03
2020-09-03 09:00:00,25.6,23.3,87.0,0.0,,0.0,0.0,,1012.5,,5.0,78.08,2020-09-03
2020-09-03 10:00:00,27.8,23.4,77.0,0.0,,210.0,9.4,,1012.6,,,82.04,2020-09-03
2020-09-03 11:00:00,29.4,22.9,68.0,0.0,,220.0,14.8,,1012.4,,,84.91999999999999,2020-09-03
2020-09-03 12:00:00,30.0,22.7,65.0,0.0,,200.0,14.8,,1012.2,,,86.0,2020-09-03
2020-09-03 13:00:00,31.1,22.7,61.0,0.0,,230.0,16.6,,1011.5,,,87.98,2020-09-03
2020-09-03 14:00:00,32.2,22.9,58.0,0.0,,220.0,16.6,,1011.0,,,89.96000000000001,2020-09-03
2020-09-03 15:00:00,32.8,22.9,56.0,0.0,,230.0,13.0,,1009.9,,,91.03999999999999,2020-09-03
2020-09-03 16:00:00,33.3,22.1,52.0,0.0,,210.0,14.8,,1009.2,,,91.94,2020-09-03
2020-09-03 17:00:00,32.8,22.9,56.0,0.0,,200.0,20.5,,1008.7,,,91.03999999999999,2020-09-03
2020-09-03 18:00:00,31.1,23.2,63.0,0.0,,200.0,16.6,,1008.7,,,87.98,2020-09-03
2020-09-03 19:00:00,29.4,23.4,70.0,0.0,,240.0,5.4,,1009.3,,,84.91999999999999,2020-09-03
2020-09-03 20:00:00,28.3,23.2,74.0,0.0,,210.0,5.4,,1009.1,,,82.94,2020-09-03
2020-09-03 21:00:00,27.2,22.2,74.0,0.0,,200.0,11.2,,1009.5,,,80.96,2020-09-03
2020-09-03 22:00:00,27.2,20.5,67.0,0.0,,207.5,5.4,,1010.7,,,80.96,2020-09-03
2020-09-03 23:00:00,26.7,20.5,69.0,0.0,,215.0,5.4,,1011.1,,,80.06,2020-09-03
2020-09-04 00:00:00,25.6,20.6,74.0,0.0,,222.5,5.4,,1011.6,,,78.08,2020-09-04
2020-09-04 01:00:00,24.4,20.5,79.0,0.0,,230.0,5.4,,1012.0,,,75.92,2020-09-04
2020-09-04 02:00:00,23.9,20.6,82.0,0.0,,240.0,7.6,,1012.2,,,75.02,2020-09-04
2020-09-04 03:00:00,23.3,20.6,85.0,0.0,,260.0,9.4,,1012.4,,,73.94,2020-09-04
2020-09-04 04:00:00,23.3,20.1,82.0,0.0,,240.0,5.4,,1012.8,,,73.94,2020-09-04
2020-09-04 05:00:00,22.8,20.0,84.0,0.0,,250.0,7.6,,1013.3,,,73.04,2020-09-04
2020-09-04 06:00:00,22.8,20.0,84.0,0.0,,240.0,9.4,,1014.0,,,73.04,2020-09-04
2020-09-04 07:00:00,21.7,19.4,87.0,0.0,,250.0,7.6,,1014.6,,,71.06,2020-09-04
2020-09-04 08:00:00,23.9,19.4,76.0,0.0,,260.0,7.6,,1015.1,,,75.02,2020-09-04
2020-09-04 09:00:00,25.6,20.0,71.0,0.0,,260.0,9.4,,1015.5,,,78.08,2020-09-04
2020-09-04 10:00:00,27.2,19.3,62.0,0.0,,260.0,9.4,,1015.9,,,80.96,2020-09-04
2020-09-04 11:00:00,28.9,20.1,59.0,0.0,,252.0,11.2,,1016.0,,,84.02,2020-09-04
2020-09-04 12:00:00,29.4,19.4,55.0,0.0,,244.0,11.2,,1016.1,,,84.91999999999999,2020-09-04
2020-09-04 13:00:00,30.0,19.4,53.0,0.0,,236.0,7.6,,1015.7,,,86.0,2020-09-04
2020-09-04 14:00:00,30.6,19.3,51.0,0.0,,228.0,9.4,,1015.5,,,87.08000000000001,2020-09-04
2020-09-04 15:00:00,31.1,19.5,50.0,0.0,,220.0,11.2,,1015.1,,,87.98,2020-09-04
2020-09-04 16:00:00,31.1,20.1,52.0,0.0,,220.0,11.2,,1014.7,,,87.98,2020-09-04
2020-09-04 17:00:00,31.1,21.0,55.0,0.0,,210.0,11.2,,1014.7,,,87.98,2020-09-04
2020-09-04 18:00:00,30.6,21.1,57.0,0.0,,230.0,7.6,,1014.4,,,87.08000000000001,2020-09-04
2020-09-04 19:00:00,28.3,19.5,59.0,0.0,,300.0,9.4,,1015.2,,,82.94,2020-09-04
2020-09-04 20:00:00,26.7,18.8,62.0,0.0,,310.0,5.4,,1016.1,,,80.06,2020-09-04
2020-09-04 21:00:00,25.6,19.5,69.0,0.0,,310.0,5.4,,1016.8,,,78.08,2020-09-04
2020-09-04 22:00:00,22.8,20.0,84.0,0.0,,0.0,0.0,,1017.9,,,73.04,2020-09-04
2020-09-04 23:00:00,23.9,18.3,71.0,0.0,,330.0,7.6,,1018.5,,,75.02,2020-09-04
2020-09-05 00:00:00,23.3,17.3,69.0,0.0,,340.0,5.4,,1018.9,,,73.94,2020-09-05
2020-09-05 01:00:00,22.8,16.1,66.0,0.0,,350.0,5.4,,1019.7,,,73.04,2020-09-05
2020-09-05 02:00:00,21.1,16.7,76.0,0.0,,0.0,0.0,,1020.3,,,69.98,2020-09-05
2020-09-05 03:00:00,20.6,16.0,75.0,0.0,,3.3333333333333335,5.4,,1020.8,,,69.08,2020-09-05
2020-09-05 04:00:00,20.0,15.6,76.0,0.0,,6.666666666666667,5.4,,1021.1,,,68.0,2020-09-05
2020-09-05 05:00:00,19.4,14.4,73.0,0.0,,10.0,5.4,,1021.6,,,66.92,2020-09-05
2020-09-05 06:00:00,17.8,14.5,81.0,0.0,,20.0,5.4,,1022.3,,,64.04,2020-09-05
2020-09-05 07:00:00,16.7,14.3,86.0,0.0,,0.0,0.0,,1023.3,,,62.059999999999995,2020-09-05
2020-09-05 08:00:00,18.9,15.0,78.0,0.0,,4.0,5.4,,1024.2,,,66.02,2020-09-05
2020-09-05 09:00:00,21.7,15.1,66.0,0.0,,8.0,5.4,,1024.3,,,71.06,2020-09-05
2020-09-05 10:00:00,22.8,13.3,55.0,0.0,,12.0,7.6,,1025.0,,,73.04,2020-09-05
2020-09-05 11:00:00,23.9,12.2,48.0,0.0,,16.0,5.4,,1025.2,,,75.02,2020-09-05
2020-09-05 12:00:00,24.4,9.9,40.0,0.0,,20.0,7.6,,1025.0,,,75.92,2020-09-05
2020-09-05 13:00:00,25.6,11.7,42.0,0.0,,20.0,13.0,,1024.5,,,78.08,2020-09-05
2020-09-05 14:00:00,25.0,10.5,40.0,0.0,,100.0,7.6,,1024.2,,,77.0,2020-09-05
2020-09-05 15:00:00,25.6,11.0,40.0,0.0,,60.0,5.4,,1023.8,,,78.08,2020-09-05
2020-09-05 16:00:00,25.6,11.7,42.0,0.0,,60.0,11.2,,1023.3,,,78.08,2020-09-05
2020-09-05 17:00:00,26.7,11.6,39.0,0.0,,0.0,0.0,,1023.0,,,80.06,2020-09-05
2020-09-05 18:00:00,25.6,11.7,42.0,0.0,,0.0,0.0,,1023.2,,,78.08,2020-09-05
2020-09-05 19:00:00,24.4,13.3,50.0,0.0,,130.0,5.4,,1023.3,,,75.92,2020-09-05
2020-09-05 20:00:00,18.9,14.4,75.0,0.0,,0.0,0.0,,1023.5,,,66.02,2020-09-05
2020-09-05 21:00:00,17.2,14.5,84.0,0.0,,0.0,0.0,,1024.0,,,62.959999999999994,2020-09-05
2020-09-05 22:00:00,16.7,14.3,86.0,0.0,,0.0,0.0,,1024.2,,,62.059999999999995,2020-09-05
2020-09-05 23:00:00,15.6,14.0,90.0,0.0,,0.0,0.0,,1024.4,,,60.08,2020-09-05
2020-09-06 00:00:00,15.6,14.0,90.0,0.0,,0.0,0.0,,1024.3,,,60.08,2020-09-06
2020-09-06 01:00:00,15.0,13.4,90.0,0.0,,0.0,0.0,,1023.9,,,59.0,2020-09-06
2020-09-06 02:00:00,14.4,13.3,93.0,0.0,,0.0,0.0,,1023.6,,5.0,57.92,2020-09-06
2020-09-06 03:00:00,14.4,12.8,90.0,0.0,,0.0,0.0,,1023.2,,5.0,57.92,2020-09-06
2020-09-06 04:00:00,13.9,12.8,93.0,0.0,,0.0,0.0,,1022.8,,5.0,57.02,2020-09-06
2020-09-06 05:00:00,13.9,12.8,93.0,0.0,,0.0,0.0,,1022.7,,5.0,57.02,2020-09-06
2020-09-06 06:00:00,12.8,11.7,93.0,0.0,,0.0,0.0,,1022.7,,5.0,55.04,2020-09-06
2020-09-06 07:00:00,12.8,11.0,89.0,0.0,,0.0,0.0,,1022.9,,5.0,55.04,2020-09-06
2020-09-06 08:00:00,14.4,13.3,93.0,0.0,,0.0,0.0,,1022.9,,5.0,57.92,2020-09-06
2020-09-06 09:00:00,18.3,15.0,81.0,0.0,,0.0,0.0,,1022.6,,5.0,64.94,2020-09-06
2020-09-06 10:00:00,21.7,15.5,68.0,0.0,,0.0,0.0,,1023.3,,5.0,71.06,2020-09-06
2020-09-06 11:00:00,23.9,14.0,54.0,0.0,,0.0,7.6,,1024.1,,,75.02,2020-09-06
2020-09-06 12:00:00,26.1,14.6,49.0,0.0,,0.0,0.0,,1023.7,,,78.98,2020-09-06
2020-09-06 13:00:00,26.7,13.4,44.0,0.0,,130.0,9.4,,1022.8,,,80.06,2020-09-06
2020-09-06 14:00:00,27.2,12.8,41.0,0.0,,140.0,7.6,,1022.3,,,80.96,2020-09-06
2020-09-06 15:00:00,27.8,13.0,40.0,0.0,,0.0,0.0,,1021.9,,,82.04,2020-09-06
2020-09-06 16:00:00,28.3,13.4,40.0,0.0,,60.0,7.6,,1021.4,,,82.94,2020-09-06
2020-09-06 17:00:00,27.8,14.1,43.0,0.0,,120.0,5.4,,1021.2,,,82.04,2020-09-06
2020-09-06 18:00:00,26.7,13.8,45.0,0.0,,120.0,5.4,,1020.6,,,80.06,2020-09-06
2020-09-06 19:00:00,25.0,16.2,58.0,0.0,,0.0,0.0,,1020.5,,,77.0,2020-09-06
2020-09-06 20:00:00,19.4,16.1,81.0,0.0,,0.0,0.0,,1020.7,,,66.92,2020-09-06
2020-09-06 21:00:00,18.3,16.1,87.0,0.0,,0.0,0.0,,1020.9,,,64.94,2020-09-06
2020-09-06 22:00:00,17.8,15.6,87.0,0.0,,0.0,0.0,,1020.8,,,64.04,2020-09-06
2020-09-06 23:00:00,17.8,15.1,84.0,0.0,,0.0,0.0,,1020.5,,,64.04,2020-09-06
2020-09-07 00:00:00,16.7,14.3,86.0,0.0,,0.0,0.0,,1020.7,,,62.059999999999995,2020-09-07
2020-09-07 01:00:00,16.7,15.1,90.0,0.0,,0.0,0.0,,1020.3,,,62.059999999999995,2020-09-07
2020-09-07 02:00:00,16.1,14.5,90.0,0.0,,0.0,0.0,,1019.8,,,60.980000000000004,2020-09-07
2020-09-07 03:00:00,15.6,14.5,93.0,0.0,,0.0,0.0,,1018.9,,,60.08,2020-09-07
2020-09-07 04:00:00,15.0,13.9,93.0,0.0,,0.0,0.0,,1018.4,,,59.0,2020-09-07
2020-09-07 05:00:00,15.0,13.9,93.0,0.0,,0.0,0.0,,1018.3,,,59.0,2020-09-07
2020-09-07 06:00:00,14.4,13.3,93.0,0.0,,0.0,0.0,,1018.8,,,57.92,2020-09-07
2020-09-07 07:00:00,14.4,13.3,93.0,0.0,,0.0,0.0,,1018.6,,,57.92,2020-09-07
2020-09-07 08:00:00,16.1,14.5,90.0,0.0,,0.0,0.0,,1019.4,,,60.980000000000004,2020-09-07
2020-09-07 09:00:00,20.0,16.0,78.0,0.0,,0.0,0.0,,1019.7,,,68.0,2020-09-07
2020-09-07 10:00:00,21.7,15.5,68.0,0.0,,0.0,0.0,,1019.4,,,71.06,2020-09-07
2020-09-07 11:00:00,23.9,16.2,62.0,0.0,,170.0,7.6,,1019.4,,,75.02,2020-09-07
2020-09-07 12:00:00,25.6,15.6,54.0,0.0,,0.0,0.0,,1018.9,,,78.08,2020-09-07
2020-09-07 13:00:00,26.7,14.5,47.0,0.0,,140.0,5.4,,1018.5,,,80.06,2020-09-07
2020-09-07 14:00:00,27.8,15.5,47.0,0.0,,90.0,5.4,,1017.5,,,82.04,2020-09-07
2020-09-07 15:00:00,28.3,16.2,48.0,0.0,,90.0,5.4,,1016.8,,,82.94,2020-09-07
2020-09-07 16:00:00,28.3,15.6,46.0,0.0,,200.0,9.4,,1016.4,,,82.94,2020-09-07
2020-09-07 17:00:00,27.8,15.1,46.0,0.0,,190.0,7.6,,1016.1,,,82.04,2020-09-07
2020-09-07 18:00:00,27.2,15.6,49.0,0.0,,130.0,9.4,,1015.6,,,80.96,2020-09-07
2020-09-07 19:00:00,23.9,17.9,69.0,0.0,,0.0,0.0,,1016.1,,,75.02,2020-09-07
2020-09-07 20:00:00,20.6,16.6,78.0,0.0,,0.0,0.0,,1016.4,,,69.08,2020-09-07
2020-09-07 21:00:00,19.4,17.2,87.0,0.0,,0.0,0.0,,1018.0,,,66.92,2020-09-07
2020-09-07 22:00:00,18.9,16.7,87.0,0.0,,0.0,0.0,,1018.8,,5.0,66.02,2020-09-07
2020-09-07 23:00:00,17.8,16.1,90.0,0.0,,0.0,0.0,,1018.6,,5.0,64.04,2020-09-07
2020-09-08 00:00:00,17.8,15.6,87.0,0.0,,0.0,0.0,,1018.6,,5.0,64.04,2020-09-08
2020-09-08 01:00:00,17.2,15.5,90.0,0.0,,0.0,0.0,,1018.2,,5.0,62.959999999999994,2020-09-08
2020-09-08 02:00:00,16.1,15.0,93.0,0.0,,330.0,5.4,,1017.85,,5.0,60.980000000000004,2020-09-08
2020-09-08 03:00:00,17.8,16.1,90.0,0.0,,330.0,7.6,,1017.5,,5.0,64.04,2020-09-08
2020-09-08 04:00:00,16.7,15.1,90.0,0.0,,0.0,0.0,,1017.6,,5.0,62.059999999999995,2020-09-08
2020-09-08 05:00:00,16.1,15.0,93.0,0.0,,0.0,0.0,,1018.0,,5.0,60.980000000000004,2020-09-08
2020-09-08 06:00:00,15.0,13.9,93.0,0.0,,0.0,0.0,,1018.3,,5.0,59.0,2020-09-08
2020-09-08 07:00:00,14.4,13.9,97.0,0.0,,0.0,0.0,,1018.9,,5.0,57.92,2020-09-08
2020-09-08 08:00:00,16.7,15.6,93.0,0.0,,0.0,0.0,,1019.4,,5.057142857142857,62.059999999999995,2020-09-08
2020-09-08 09:00:00,20.0,17.2,84.0,0.0,,50.0,5.4,,1019.8,,5.114285714285714,68.0,2020-09-08
2020-09-08 10:00:00,23.3,16.8,67.0,0.0,,0.0,0.0,,1020.2,,5.171428571428572,73.94,2020-09-08
2020-09-08 11:00:00,25.6,15.6,54.0,0.0,,0.0,0.0,,1020.7,,,78.08,2020-09-08
2020-09-08 12:00:00,26.7,16.6,54.0,0.0,,100.0,9.4,,1020.8,,,80.06,2020-09-08
2020-09-08 13:00:00,27.2,16.8,53.0,0.0,,90.0,9.4,,1020.5,,,80.96,2020-09-08
2020-09-08 14:00:00,28.3,16.6,49.0,0.0,,45.0,9.4,,1020.4,,,82.94,2020-09-08
2020-09-08 15:00:00,28.3,16.6,49.0,0.0,,0.0,0.0,,1019.8,,,82.94,2020-09-08
2020-09-08 16:00:00,28.3,17.2,51.0,0.0,,50.0,11.2,,1019.7,,,82.94,2020-09-08
2020-09-08 17:00:00,27.8,18.2,56.0,0.0,,50.0,14.8,,1019.7,,,82.04,2020-09-08
2020-09-08 18:00:00,27.2,18.2,58.0,0.0,,110.0,9.4,,1019.6,,,80.96,2020-09-08
2020-09-08 19:00:00,25.6,18.3,64.0,0.0,,50.0,7.6,,1019.8,,,78.08,2020-09-08
2020-09-08 20:00:00,23.3,18.8,76.0,0.0,,0.0,0.0,,1020.1,,,73.94,2020-09-08
2020-09-08 21:00:00,23.3,18.8,76.0,0.0,,360.0,5.4,,1020.6,,,73.94,2020-09-08
2020-09-08 22:00:00,23.3,18.8,76.0,0.0,,360.0,9.4,,1020.4,,,73.94,2020-09-08
2020-09-08 23:00:00,22.8,19.0,79.0,0.0,,10.0,9.4,,1020.5,,,73.04,2020-09-08
2020-09-09 00:00:00,22.8,18.3,76.0,0.0,,10.0,7.6,,1020.7,,,73.04,2020-09-09
2020-09-09 01:00:00,22.8,18.3,76.0,0.0,,10.0,9.4,,1020.8,,,73.04,2020-09-09
2020-09-09 02:00:00,22.8,19.0,79.0,0.0,,40.0,5.4,,1021.2,,,73.04,2020-09-09
2020-09-09 03:00:00,22.8,19.4,81.0,0.0,,30.0,7.6,,1021.3,,,73.04,2020-09-09
2020-09-09 04:00:00,22.2,19.4,84.0,0.0,,360.0,5.4,,1021.2,,,71.96,2020-09-09
2020-09-09 05:00:00,22.2,19.9,87.0,0.0,,30.0,9.4,,1021.3,,,71.96,2020-09-09
2020-09-09 06:00:00,21.7,20.0,90.0,0.0,,360.0,9.4,,1021.3,,,71.06,2020-09-09
2020-09-09 07:00:00,21.7,20.0,90.0,0.0,,10.0,11.2,,1021.3,,,71.06,2020-09-09
2020-09-09 08:00:00,22.8,20.0,84.0,0.0,,20.0,11.2,,1022.1,,,73.04,2020-09-09
2020-09-09 09:00:00,22.8,20.0,84.0,0.0,,40.0,16.6,,1022.8,,,73.04,2020-09-09
2020-09-09 10:00:00,23.3,20.6,85.0,0.0,,40.0,14.8,,1023.6,,,73.94,2020-09-09
2020-09-09 11:00:00,23.9,20.0,79.0,0.0,,20.0,20.5,,1023.6,,,75.02,2020-09-09
2020-09-09 12:00:00,25.0,18.9,69.0,0.0,,30.0,16.6,,1023.6,,,77.0,2020-09-09
2020-09-09 13:00:00,25.0,19.4,71.0,0.0,,40.0,22.3,,1023.4,,,77.0,2020-09-09
2020-09-09 14:00:00,23.9,20.6,82.0,0.0,,50.0,13.0,,1023.1,,,75.02,2020-09-09
2020-09-09 15:00:00,23.9,20.6,82.0,0.0,,40.0,14.8,,1022.8,,6.828571428571428,75.02,2020-09-09
2020-09-09 16:00:00,24.4,20.1,77.0,0.0,,20.0,16.6,,1022.0,,6.885714285714286,75.92,2020-09-09
2020-09-09 17:00:00,25.0,20.7,77.0,0.0,,30.0,18.4,,1022.0,,6.942857142857143,77.0,2020-09-09
2020-09-09 18:00:00,25.0,21.1,79.0,0.0,,20.0,11.2,,1022.3,,7.0,77.0,2020-09-09
2020-09-09 19:00:00,23.3,21.7,91.0,0.9,,40.0,13.0,,1022.4,,7.0,73.94,2020-09-09
2020-09-09 20:00:00,23.3,21.7,91.0,1.8,,30.0,9.4,,1022.6,,7.0,73.94,2020-09-09
2020-09-09 21:00:00,23.3,21.7,91.0,1.5333333333333334,,30.0,11.2,,1023.4,,7.0,73.94,2020-09-09
2020-09-09 22:00:00,23.3,21.7,91.0,1.2666666666666666,,20.0,13.0,,1023.4,,7.0,73.94,2020-09-09
2020-09-09 23:00:00,22.8,21.8,94.0,1.0,,30.0,11.2,,1023.3,,7.0,73.04,2020-09-09
2020-09-10 00:00:00,22.8,21.8,94.0,0.3,,10.0,13.0,,1023.2,,7.0,73.04,2020-09-10
2020-09-10 01:00:00,22.8,21.1,90.0,0.0,,20.0,9.4,,1023.1,,7.0,73.04,2020-09-10
2020-09-10 02:00:00,22.8,21.1,90.0,0.0,,30.0,11.2,,1023.0,,7.0,73.04,2020-09-10
2020-09-10 03:00:00,22.8,21.8,94.0,0.0,,30.0,7.6,,1022.7,,,73.04,2020-09-10
2020-09-10 04:00:00,22.8,21.1,90.0,0.0,,360.0,7.6,,1021.9,,,73.04,2020-09-10
2020-09-10 05:00:00,22.8,21.8,94.0,0.0,,185.0,7.6,,1022.3,,,73.04,2020-09-10
2020-09-10 06:00:00,22.8,21.8,94.0,0.0,,10.0,7.6,,1022.4,,,73.04,2020-09-10
2020-09-10 07:00:00,22.8,21.1,90.0,0.0,,360.0,5.4,,1022.4,,,73.04,2020-09-10
2020-09-10 08:00:00,23.3,21.7,91.0,0.0,,10.0,7.6,,1022.6,,,73.94,2020-09-10
2020-09-10 09:00:00,23.3,21.7,91.0,0.0,,350.0,5.4,,1022.7,,7.0,73.94,2020-09-10
2020-09-10 10:00:00,24.4,21.7,85.0,0.0,,10.0,7.6,,1022.9,,7.0,75.92,2020-09-10
2020-09-10 11:00:00,25.6,22.3,82.0,0.0,,0.0,0.0,,1023.1,,7.0,78.08,2020-09-10
2020-09-10 12:00:00,26.7,22.8,79.0,0.0,,40.0,9.4,,1022.6,,7.0,80.06,2020-09-10
2020-09-10 13:00:00,28.3,22.8,72.0,0.0,,20.0,9.4,,1022.1,,6.8,82.94,2020-09-10
2020-09-10 14:00:00,26.7,21.7,74.0,0.0,,50.0,9.4,,1021.8,,6.6,80.06,2020-09-10
2020-09-10 15:00:00,28.9,22.2,67.0,0.0,,70.0,9.4,,1021.0,,6.4,84.02,2020-09-10
2020-09-10 16:00:00,30.6,21.7,59.0,0.0,,60.0,7.6,,1020.4,,,87.08000000000001,2020-09-10
2020-09-10 17:00:00,28.3,22.3,70.0,0.0,,0.0,0.0,,1020.2,,,82.94,2020-09-10
2020-09-10 18:00:00,27.8,22.3,72.0,0.0,,120.0,5.4,,1020.0,,,82.04,2020-09-10
2020-09-10 19:00:00,27.2,23.2,79.0,0.0,,0.0,0.0,,1020.1,,5.6,80.96,2020-09-10
2020-09-10 20:00:00,24.4,22.8,91.0,0.0,,0.0,0.0,,1020.4,,5.4,75.92,2020-09-10
2020-09-10 21:00:00,23.3,22.3,94.0,0.0,,290.0,5.4,,1020.5,,5.2,73.94,2020-09-10
2020-09-10 22:00:00,22.8,21.8,94.0,0.0,,0.0,0.0,,1020.8,,5.0,73.04,2020-09-10
2020-09-10 23:00:00,22.8,21.8,94.0,0.0,,0.0,0.0,,1020.9,,5.0,73.04,2020-09-10
2020-09-11 00:00:00,23.3,22.3,94.0,0.0,,0.0,0.0,,1020.6,,5.0,73.94,2020-09-11
2020-09-11 01:00:00,22.8,21.8,94.0,0.0,,0.0,0.0,,1020.2,,5.0,73.04,2020-09-11
2020-09-11 02:00:00,23.3,22.3,94.0,0.0,,0.0,0.0,,1020.0,,5.0,73.94,2020-09-11
2020-09-11 03:00:00,22.2,21.2,94.0,0.0,,0.0,0.0,,1019.7,,5.0,71.96,2020-09-11
2020-09-11 04:00:00,22.8,21.8,94.0,0.0,,0.0,0.0,,1019.7,,5.0,73.04,2020-09-11
2020-09-11 05:00:00,22.2,21.2,94.0,0.0,,0.0,0.0,,1019.8,,5.0,71.96,2020-09-11
2020-09-11 06:00:00,22.8,21.1,90.0,0.0,,0.0,0.0,,1019.9,,5.0,73.04,2020-09-11
2020-09-11 07:00:00,22.2,21.2,94.0,0.0,,0.0,0.0,,1020.1,,5.0,71.96,2020-09-11
2020-09-11 08:00:00,23.3,21.7,91.0,0.0,,0.0,0.0,,1020.8,,5.0,73.94,2020-09-11
2020-09-11 09:00:00,25.0,22.3,85.0,0.0,,10.0,5.4,,1020.8,,5.0,77.0,2020-09-11
2020-09-11 10:00:00,25.0,21.7,82.0,0.0,,20.0,9.4,,1021.2,,,77.0,2020-09-11
2020-09-11 11:00:00,28.3,22.3,70.0,0.0,,30.0,13.0,,1021.1,,,82.94,2020-09-11
2020-09-11 12:00:00,28.9,21.7,65.0,0.0,,50.0,9.4,,1021.1,,,84.02,2020-09-11
2020-09-11 13:00:00,29.4,21.6,63.0,0.0,,50.0,14.8,,1020.7,,,84.91999999999999,2020-09-11
2020-09-11 14:00:00,28.3,21.1,65.0,0.0,,40.0,16.6,,1020.6,,,82.94,2020-09-11
2020-09-11 15:00:00,29.4,21.6,63.0,0.0,,60.0,18.4,,1019.7,,,84.91999999999999,2020-09-11
2020-09-11 16:00:00,28.3,20.1,61.0,0.0,,50.0,18.4,,1019.1,,,82.94,2020-09-11
2020-09-11 17:00:00,28.3,20.6,63.0,0.0,,40.0,18.4,,1018.7,,,82.94,2020-09-11
2020-09-11 18:00:00,27.8,21.1,67.0,0.0,,60.0,16.6,,1019.0,,,82.04,2020-09-11
2020-09-11 19:00:00,26.7,20.5,69.0,0.0,,50.0,13.0,,1019.6,,,80.06,2020-09-11
2020-09-11 20:00:00,25.0,20.0,74.0,0.0,,40.0,9.4,,1020.1,,,77.0,2020-09-11
2020-09-11 21:00:00,24.4,20.5,79.0,0.0,,60.0,11.2,,1020.7,,,75.92,2020-09-11
2020-09-11 22:00:00,23.9,20.6,82.0,0.0,,70.0,11.2,,1021.5,,,75.02,2020-09-11
2020-09-11 23:00:00,23.3,20.6,85.0,0.0,,60.0,13.0,,1021.4,,5.0,73.94,2020-09-11
2020-09-12 00:00:00,22.8,20.0,84.0,0.0,,50.0,14.8,,1021.4,,5.0,73.04,2020-09-12
2020-09-12 01:00:00,22.8,20.0,84.0,0.0,,60.0,14.8,,1021.1,,5.0,73.04,2020-09-12
2020-09-12 02:00:00,22.8,20.0,84.0,0.0,,50.0,14.8,,1021.2,,5.0,73.04,2020-09-12
2020-09-12 03:00:00,21.7,20.7,94.0,0.0,,50.0,9.4,,1020.9,,7.0,71.06,2020-09-12
2020-09-12 04:00:00,21.7,20.7,94.0,0.0,,40.0,13.0,,1020.6,,6.5,71.06,2020-09-12
2020-09-12 05:00:00,21.7,20.0,90.0,0.0,,50.0,11.2,,1020.8,,6.0,71.06,2020-09-12
2020-09-12 06:00:00,21.7,20.0,90.0,0.0,,50.0,11.2,,1020.9,,5.5,71.06,2020-09-12
2020-09-12 07:00:00,21.7,20.0,90.0,0.0,,50.0,11.2,,1021.2,,5.0,71.06,2020-09-12
2020-09-12 08:00:00,21.7,20.0,90.0,0.0,,50.0,11.2,,1021.4,,5.0,71.06,2020-09-12
2020-09-12 09:00:00,21.7,20.0,90.0,0.0,,60.0,13.0,,1021.8,,5.5,71.06,2020-09-12
2020-09-12 10:00:00,22.2,19.9,87.0,0.0,,70.0,9.4,,1022.1,,6.0,71.96,2020-09-12
2020-09-12 11:00:00,22.8,20.0,84.0,0.0,,80.0,7.6,,1022.4,,6.5,73.04,2020-09-12
2020-09-12 12:00:00,23.3,19.5,79.0,0.0,,100.0,7.6,,1022.4,,7.0,73.94,2020-09-12
2020-09-12 13:00:00,23.3,20.1,82.0,0.0,,80.0,5.4,,1022.1,,7.0,73.94,2020-09-12
2020-09-12 14:00:00,25.0,20.0,74.0,0.0,,80.0,9.4,,1021.7,,7.0,77.0,2020-09-12
2020-09-12 15:00:00,22.8,19.4,81.0,0.0,,130.0,14.8,,1021.2,,6.976190476190476,73.04,2020-09-12
2020-09-12 16:00:00,23.3,20.1,82.0,0.0,,120.0,5.4,,1020.8,,6.9523809523809526,73.94,2020-09-12
2020-09-12 17:00:00,23.3,19.5,79.0,0.0,,80.0,11.2,,1020.6,,6.928571428571429,73.94,2020-09-12
2020-09-12 18:00:00,22.8,19.4,81.0,0.0,,60.0,11.2,,1020.3,,,73.04,2020-09-12
2020-09-12 19:00:00,22.2,19.4,84.0,0.0,,50.0,11.2,,1020.5,,,71.96,2020-09-12
2020-09-12 20:00:00,22.2,18.4,79.0,0.0,,70.0,11.2,,1021.0,,,71.96,2020-09-12
2020-09-12 21:00:00,21.7,19.4,87.0,0.0,,50.0,7.6,,1021.5,,,71.06,2020-09-12
2020-09-12 22:00:00,21.1,18.9,87.0,0.0,,60.0,11.2,,1021.7,,,69.98,2020-09-12
2020-09-12 23:00:00,21.1,18.9,87.0,0.0,,50.0,14.8,,1021.8,,,69.98,2020-09-12
2020-09-13 00:00:00,20.6,18.4,87.0,0.0,,70.0,9.4,,1021.7,,,69.08,2020-09-13
2020-09-13 01:00:00,20.6,17.2,81.0,0.0,,90.0,7.6,,1021.6,,,69.08,2020-09-13
2020-09-13 02:00:00,20.0,15.6,76.0,0.0,,120.0,5.4,,1021.5,,,68.0,2020-09-13
2020-09-13 03:00:00,19.4,16.1,81.0,0.0,,0.0,0.0,,1021.3,,,66.92,2020-09-13
2020-09-13 04:00:00,18.9,16.1,84.0,0.0,,20.0,5.4,,1020.9,,,66.02,2020-09-13
2020-09-13 05:00:00,17.2,15.5,90.0,0.0,,0.0,0.0,,1020.7,,,62.959999999999994,2020-09-13
2020-09-13 06:00:00,16.7,15.6,93.0,0.0,,0.0,0.0,,1020.5,,,62.059999999999995,2020-09-13
2020-09-13 07:00:00,16.7,15.1,90.0,0.0,,0.0,0.0,,1020.5,,,62.059999999999995,2020-09-13
2020-09-13 08:00:00,18.3,16.1,87.0,0.0,,0.0,0.0,,1020.6,,,64.94,2020-09-13
2020-09-13 09:00:00,20.0,16.6,81.0,0.0,,130.0,5.4,,1020.6,,,68.0,2020-09-13
2020-09-13 10:00:00,21.7,16.2,71.0,0.0,,0.0,0.0,,1020.7,,,71.06,2020-09-13
2020-09-13 11:00:00,23.9,16.2,62.0,0.0,,0.0,5.4,,1020.9,,,75.02,2020-09-13
2020-09-13 12:00:00,23.9,16.7,64.0,0.0,,0.0,0.0,,1020.3,,,75.02,2020-09-13
2020-09-13 13:00:00,25.6,17.3,60.0,0.0,,260.0,5.4,,1019.5,,,78.08,2020-09-13
2020-09-13 14:00:00,26.7,17.8,58.0,0.0,,225.0,5.4,,1018.8,,,80.06,2020-09-13
2020-09-13 15:00:00,27.8,18.2,56.0,0.0,,190.0,7.6,,1017.9,,,82.04,2020-09-13
2020-09-13 16:00:00,27.8,18.2,56.0,0.0,,190.0,5.4,,1017.2,,,82.04,2020-09-13
2020-09-13 17:00:00,28.3,19.0,57.0,0.0,,0.0,0.0,,1017.0,,,82.94,2020-09-13
2020-09-13 18:00:00,27.2,19.0,61.0,0.0,,180.0,7.6,,1017.0,,,80.96,2020-09-13
2020-09-13 19:00:00,26.1,20.0,69.0,0.0,,0.0,0.0,,1017.3,,,78.98,2020-09-13
2020-09-13 20:00:00,22.8,20.0,84.0,0.0,,0.0,0.0,,1017.6,,,73.04,2020-09-13
2020-09-13 21:00:00,21.7,20.0,90.0,0.0,,260.0,5.4,,1018.3,,,71.06,2020-09-13
2020-09-13 22:00:00,21.1,19.4,90.0,0.0,,0.0,0.0,,1018.3,,,69.98,2020-09-13
2020-09-13 23:00:00,20.6,19.4,93.0,0.0,,0.0,0.0,,1018.2,,,69.08,2020-09-13
2020-09-14 00:00:00,20.6,19.4,93.0,0.0,,0.0,0.0,,1018.4,,,69.08,2020-09-14
2020-09-14 01:00:00,20.6,18.9,90.0,0.0,,0.0,0.0,,1018.2,,,69.08,2020-09-14
2020-09-14 02:00:00,20.0,18.8,93.0,0.0,,0.0,0.0,,1018.0,,,68.0,2020-09-14
2020-09-14 03:00:00,19.4,18.2,93.0,0.0,,0.0,0.0,,1017.9,,,66.92,2020-09-14
2020-09-14 04:00:00,20.0,18.8,93.0,0.0,,0.0,0.0,,1018.1,,,68.0,2020-09-14
2020-09-14 05:00:00,20.6,19.4,93.0,0.0,,0.0,0.0,,1018.3,,,69.08,2020-09-14
2020-09-14 06:00:00,21.7,20.0,90.0,0.0,,350.0,7.6,,1018.8,,,71.06,2020-09-14
2020-09-14 07:00:00,22.2,19.9,87.0,0.0,,360.0,7.6,,1019.5,,,71.96,2020-09-14
2020-09-14 08:00:00,22.2,19.9,87.0,0.0,,20.0,7.6,,1020.3,,,71.96,2020-09-14
2020-09-14 09:00:00,22.8,20.0,84.0,0.0,,20.0,7.6,,1020.7,,,73.04,2020-09-14
2020-09-14 10:00:00,23.9,20.0,79.0,0.0,,30.0,5.4,,1021.0,,,75.02,2020-09-14
2020-09-14 11:00:00,25.0,18.9,69.0,0.0,,30.0,13.0,,1021.3,,,77.0,2020-09-14
2020-09-14 12:00:00,26.1,19.0,65.0,0.0,,50.0,16.6,,1021.2,,,78.98,2020-09-14
2020-09-14 13:00:00,26.7,18.3,60.0,0.0,,30.0,14.8,,1021.4,,,80.06,2020-09-14
2020-09-14 14:00:00,26.7,18.3,60.0,0.0,,40.0,13.0,,1021.1,,,80.06,2020-09-14
2020-09-14 15:00:00,27.2,18.2,58.0,0.0,,0.0,0.0,,1021.0,,,80.96,2020-09-14
2020-09-14 16:00:00,26.1,17.7,60.0,0.0,,20.0,9.4,,1020.6,,,78.98,2020-09-14
2020-09-14 17:00:00,26.1,17.2,58.0,0.0,,50.0,16.6,,1020.6,,,78.98,2020-09-14
2020-09-14 18:00:00,25.0,15.6,56.0,0.0,,50.0,11.2,,1021.0,,,77.0,2020-09-14
2020-09-14 19:00:00,22.8,15.6,64.0,0.0,,50.0,5.4,,1021.5,,,73.04,2020-09-14
2020-09-14 20:00:00,19.4,16.1,81.0,0.0,,0.0,0.0,,1021.7,,,66.92,2020-09-14
2020-09-14 21:00:00,18.9,16.1,84.0,0.0,,0.0,0.0,,1022.4,,,66.02,2020-09-14
2020-09-14 22:00:00,19.4,16.1,81.0,0.0,,40.0,7.6,,1023.1,,,66.92,2020-09-14
2020-09-14 23:00:00,18.3,16.1,87.0,0.0,,0.0,0.0,,1023.4,,,64.94,2020-09-14
2020-09-15 00:00:00,18.3,15.5,84.0,0.0,,360.0,7.6,,1023.6,,,64.94,2020-09-15
2020-09-15 01:00:00,18.3,15.0,81.0,0.0,,10.0,11.2,,1023.9,,,64.94,2020-09-15
2020-09-15 02:00:00,17.8,12.3,70.0,0.0,,20.0,14.8,,1024.0,,,64.04,2020-09-15
2020-09-15 03:00:00,17.8,12.3,70.0,0.0,,60.0,9.4,,1024.4,,,64.04,2020-09-15
2020-09-15 04:00:00,17.8,10.7,63.0,0.0,,40.0,16.6,,1024.5,,,64.04,2020-09-15
2020-09-15 05:00:00,16.1,12.3,78.0,0.0,,350.0,9.4,,1024.9,,,60.980000000000004,2020-09-15
2020-09-15 06:00:00,14.4,12.3,87.0,0.0,,0.0,0.0,,1025.5,,,57.92,2020-09-15
2020-09-15 07:00:00,15.6,10.6,72.0,0.0,,40.0,18.4,,1026.2,,,60.08,2020-09-15
2020-09-15 08:00:00,15.0,8.9,67.0,0.0,,40.0,20.5,,1026.8,,,59.0,2020-09-15
2020-09-15 09:00:00,15.0,8.2,64.0,0.0,,50.0,20.5,,1027.0,,,59.0,2020-09-15
2020-09-15 10:00:00,16.1,7.8,58.0,0.0,,40.0,24.1,,1027.2,,,60.980000000000004,2020-09-15
2020-09-15 11:00:00,17.2,8.3,56.0,0.0,,50.0,14.8,,1027.6,,,62.959999999999994,2020-09-15
2020-09-15 12:00:00,18.9,9.4,54.0,0.0,,30.0,11.2,,1027.0,,,66.02,2020-09-15
2020-09-15 13:00:00,18.9,9.4,54.0,0.0,,70.0,9.4,,1026.4,,,66.02,2020-09-15
2020-09-15 14:00:00,20.0,10.1,53.0,0.0,,80.0,7.6,,1025.9,,,68.0,2020-09-15
2020-09-15 15:00:00,20.6,11.2,55.0,0.0,,70.0,5.4,,1025.1,,,69.08,2020-09-15
2020-09-15 16:00:00,20.0,10.7,55.0,0.0,,70.0,7.6,,1024.6,,,68.0,2020-09-15
2020-09-15 17:00:00,20.0,11.2,57.0,0.0,,70.0,7.6,,1024.3,,,68.0,2020-09-15
2020-09-15 18:00:00,18.9,11.2,61.0,0.0,,70.0,9.4,,1024.5,,,66.02,2020-09-15
2020-09-15 19:00:00,16.7,11.2,70.0,0.0,,60.0,5.4,,1024.6,,,62.059999999999995,2020-09-15
2020-09-15 20:00:00,15.0,10.6,75.0,0.0,,90.0,7.6,,1025.1,,,59.0,2020-09-15
2020-09-15 21:00:00,12.2,9.9,86.0,0.0,,0.0,0.0,,1025.4,,,53.96,2020-09-15
2020-09-15 22:00:00,11.1,8.8,86.0,0.0,,320.0,5.4,,1025.9,,,51.98,2020-09-15
2020-09-15 23:00:00,9.4,8.3,93.0,0.0,,0.0,0.0,,1025.9,,5.071428571428571,48.92,2020-09-15
2020-09-16 00:00:00,10.6,9.4,92.0,0.0,,0.0,0.0,,1025.5,,5.0476190476190474,51.08,2020-09-16
2020-09-16 01:00:00,9.4,8.3,93.0,0.0,,0.0,0.0,,1025.3,,5.023809523809524,48.92,2020-09-16
2020-09-16 02:00:00,10.0,8.3,89.0,0.0,,0.0,0.0,,1025.0,,5.0,50.0,2020-09-16
2020-09-16 03:00:00,8.9,7.2,89.0,0.0,,0.0,0.0,,1024.5,,5.074074074074074,48.02,2020-09-16
2020-09-16 04:00:00,10.6,9.4,92.0,0.0,,0.0,0.0,,1023.9,,5.148148148148148,51.08,2020-09-16
2020-09-16 05:00:00,11.1,10.0,93.0,0.0,,0.0,0.0,,1023.6,,5.222222222222222,51.98,2020-09-16
2020-09-16 06:00:00,11.7,9.9,89.0,0.0,,0.0,0.0,,1023.7,,,53.06,2020-09-16
2020-09-16 07:00:00,11.1,9.4,89.0,0.0,,0.0,0.0,,1023.8,,,51.98,2020-09-16
2020-09-16 08:00:00,11.1,10.0,93.0,0.0,,0.0,0.0,,1024.2,,,51.98,2020-09-16
2020-09-16 09:00:00,13.9,11.1,83.0,0.0,,360.0,7.6,,1024.0,,,57.02,2020-09-16
2020-09-16 10:00:00,16.7,12.2,75.0,0.0,,20.0,5.4,,1024.4,,,62.059999999999995,2020-09-16
2020-09-16 11:00:00,17.8,11.8,68.0,0.0,,0.0,0.0,,1024.2,,,64.04,2020-09-16
2020-09-16 12:00:00,19.4,12.9,66.0,0.0,,0.0,0.0,,1023.8,,,66.92,2020-09-16
2020-09-16 13:00:00,20.0,12.3,61.0,0.0,,180.0,9.4,,1023.1,,,68.0,2020-09-16
2020-09-16 14:00:00,20.6,12.8,61.0,0.0,,0.0,0.0,,1022.7,,,69.08,2020-09-16
2020-09-16 15:00:00,21.1,12.8,59.0,0.0,,0.0,0.0,,1021.9,,,69.98,2020-09-16
2020-09-16 16:00:00,21.7,12.8,57.0,0.0,,160.0,9.4,,1021.2,,,71.06,2020-09-16
2020-09-16 17:00:00,21.7,12.8,57.0,0.0,,210.0,5.4,,1020.7,,,71.06,2020-09-16
2020-09-16 18:00:00,21.1,14.5,66.0,0.0,,0.0,0.0,,1020.5,,,69.98,2020-09-16
2020-09-16 19:00:00,18.3,15.5,84.0,0.0,,0.0,0.0,,1020.7,,,64.94,2020-09-16
2020-09-16 20:00:00,16.1,13.9,87.0,0.0,,0.0,0.0,,1020.5,,,60.980000000000004,2020-09-16
2020-09-16 21:00:00,15.6,14.0,90.0,0.0,,0.0,0.0,,1020.9,,,60.08,2020-09-16
2020-09-16 22:00:00,15.0,13.4,90.0,0.0,,0.0,0.0,,1020.9,,,59.0,2020-09-16
2020-09-16 23:00:00,16.7,14.3,86.0,0.0,,0.0,0.0,,1020.4,,,62.059999999999995,2020-09-16
2020-09-17 00:00:00,17.2,15.0,87.0,0.0,,10.0,5.4,,1020.4,,,62.959999999999994,2020-09-17
2020-09-17 01:00:00,17.2,14.5,84.0,0.0,,350.0,5.4,,1019.6,,,62.959999999999994,2020-09-17
2020-09-17 02:00:00,17.2,14.5,84.0,0.0,,0.0,0.0,,1018.7,,6.777777777777778,62.959999999999994,2020-09-17
2020-09-17 03:00:00,17.2,14.5,84.0,0.0,,0.0,0.0,,1018.0,,6.851851851851851,62.959999999999994,2020-09-17
2020-09-17 04:00:00,17.8,14.5,81.0,0.0,,350.0,5.4,,1017.3,,6.925925925925926,64.04,2020-09-17
2020-09-17 05:00:00,17.8,14.5,81.0,0.0,,0.0,0.0,,1017.1,,7.0,64.04,2020-09-17
2020-09-17 06:00:00,16.7,15.1,90.0,0.6,,350.0,5.4,,1017.0,,7.0,62.059999999999995,2020-09-17
2020-09-17 07:00:00,16.7,15.1,90.0,1.2,,20.0,7.6,,1017.2,,7.0,62.059999999999995,2020-09-17
2020-09-17 08:00:00,16.7,15.6,93.0,1.8,,20.0,7.6,,1017.4,,7.0,62.059999999999995,2020-09-17
2020-09-17 09:00:00,17.2,15.5,90.0,2.3,,360.0,7.6,,1017.3,,8.0,62.959999999999994,2020-09-17
2020-09-17 10:00:00,17.2,16.1,93.0,2.8,,10.0,9.4,,1017.2,,8.0,62.959999999999994,2020-09-17
2020-09-17 11:00:00,17.2,16.1,93.0,4.8,,20.0,9.4,,1017.3,,8.0,62.959999999999994,2020-09-17
2020-09-17 12:00:00,17.8,16.7,93.0,4.1,,30.0,13.0,,1016.8,,7.0,64.04,2020-09-17
2020-09-17 13:00:00,18.3,17.1,93.0,5.75,,10.0,11.2,,1016.2,,9.0,64.94,2020-09-17
2020-09-17 14:00:00,18.3,17.1,93.0,7.4,,20.0,7.6,,1015.6,,9.0,64.94,2020-09-17
2020-09-17 15:00:00,18.3,17.1,93.0,10.9,,20.0,9.4,,1014.5,,9.0,64.94,2020-09-17
2020-09-17 16:00:00,18.3,17.8,97.0,14.7,,10.0,13.0,,1013.7,,8.0,64.94,2020-09-17
2020-09-17 17:00:00,18.9,17.7,93.0,16.5,,20.0,16.6,,1013.1,,8.0,66.02,2020-09-17
2020-09-17 18:00:00,18.9,17.7,93.0,5.8,,30.0,13.0,,1012.9,,9.0,66.02,2020-09-17
2020-09-17 19:00:00,18.9,17.7,93.0,5.1,,40.0,9.4,,1013.2,,7.0,66.02,2020-09-17
2020-09-17 20:00:00,18.9,17.7,93.0,5.8,,30.0,14.8,,1013.0,,7.0,66.02,2020-09-17
2020-09-17 21:00:00,18.9,17.7,93.0,0.5,,40.0,16.6,,1013.0,,6.333333333333333,66.02,2020-09-17
2020-09-17 22:00:00,18.9,17.7,93.0,0.3,,20.0,16.6,,1012.4,,5.666666666666667,66.02,2020-09-17
2020-09-17 23:00:00,18.9,17.7,93.0,0.0,,20.0,14.8,,1012.2,,5.0,66.02,2020-09-17
2020-09-18 00:00:00,18.9,17.7,93.0,0.0,,20.0,14.8,,1012.0,,5.0,66.02,2020-09-18
2020-09-18 01:00:00,18.9,17.7,93.0,0.0,,10.0,16.6,,1011.8,,5.4,66.02,2020-09-18
2020-09-18 02:00:00,18.9,17.7,93.0,0.0,,10.0,18.4,,1011.3,,5.8,66.02,2020-09-18
2020-09-18 03:00:00,18.9,17.7,93.0,0.0,,10.0,13.0,,1010.9,,6.2,66.02,2020-09-18
2020-09-18 04:00:00,18.9,17.7,93.0,0.0,,20.0,13.0,,1011.1,,6.6,66.02,2020-09-18
2020-09-18 05:00:00,18.9,17.7,93.0,0.0,,20.0,14.8,,1011.1,,7.0,66.02,2020-09-18
2020-09-18 06:00:00,18.9,17.7,93.0,0.0,,10.0,9.4,,1011.5,,7.0,66.02,2020-09-18
2020-09-18 07:00:00,18.3,17.1,93.0,0.0,,20.0,9.4,,1011.9,,7.0,64.94,2020-09-18
2020-09-18 08:00:00,18.9,16.7,87.0,0.0,,10.0,14.8,,1012.6,,7.0,66.02,2020-09-18
2020-09-18 09:00:00,19.4,16.6,84.0,0.0,,20.0,7.6,,1013.3,,,66.92,2020-09-18
2020-09-18 10:00:00,21.7,17.3,76.0,0.0,,20.0,11.2,,1014.0,,,71.06,2020-09-18
2020-09-18 11:00:00,22.2,16.0,68.0,0.0,,20.0,14.8,,1014.5,,,71.96,2020-09-18
2020-09-18 12:00:00,22.8,14.4,59.0,0.0,,30.0,20.5,,1014.7,,,73.04,2020-09-18
2020-09-18 13:00:00,23.9,15.1,58.0,0.0,,30.0,14.8,,1014.4,,,75.02,2020-09-18
2020-09-18 14:00:00,24.4,15.1,56.0,0.0,,40.0,20.5,,1014.3,,,75.92,2020-09-18
2020-09-18 15:00:00,25.0,15.0,54.0,0.0,,50.0,18.4,,1014.1,,,77.0,2020-09-18
2020-09-18 16:00:00,24.4,15.1,56.0,0.0,,40.0,14.8,,1014.3,,,75.92,2020-09-18
2020-09-18 17:00:00,22.8,14.9,61.0,0.0,,50.0,14.8,,1014.8,,,73.04,2020-09-18
2020-09-18 18:00:00,22.2,14.3,61.0,0.0,,40.0,11.2,,1015.3,,,71.96,2020-09-18
2020-09-18 19:00:00,21.1,14.5,66.0,0.0,,30.0,11.2,,1016.2,,,69.98,2020-09-18
2020-09-18 20:00:00,20.0,13.9,68.0,0.0,,30.0,11.2,,1017.0,,,68.0,2020-09-18
2020-09-18 21:00:00,20.0,13.9,68.0,0.0,,360.0,9.4,,1018.3,,,68.0,2020-09-18
2020-09-18 22:00:00,19.4,12.2,63.0,0.0,,30.0,11.2,,1018.9,,,66.92,2020-09-18
2020-09-18 23:00:00,18.9,9.4,54.0,0.0,,30.0,20.5,,1019.8,,,66.02,2020-09-18
2020-09-19 00:00:00,17.8,8.9,56.0,0.0,,10.0,13.0,,1020.3,,,64.04,2020-09-19
2020-09-19 01:00:00,17.2,8.3,56.0,0.0,,10.0,13.0,,1020.8,,,62.959999999999994,2020-09-19
2020-09-19 02:00:00,16.7,8.4,58.0,0.0,,30.0,14.8,,1021.3,,,62.059999999999995,2020-09-19
2020-09-19 03:00:00,15.6,8.3,62.0,0.0,,30.0,13.0,,1021.5,,,60.08,2020-09-19
2020-09-19 04:00:00,14.4,8.3,67.0,0.0,,50.0,20.5,,1021.8,,,57.92,2020-09-19
2020-09-19 05:00:00,13.9,5.0,55.0,0.0,,40.0,18.4,,1022.7,,,57.02,2020-09-19
2020-09-19 06:00:00,12.2,3.4,55.0,0.0,,50.0,27.7,,1023.4,,,53.96,2020-09-19
2020-09-19 07:00:00,11.1,3.4,59.0,0.0,,40.0,18.4,,1024.4,,,51.98,2020-09-19
2020-09-19 08:00:00,11.1,1.1,50.0,0.0,,40.0,24.1,,1025.3,,,51.98,2020-09-19
2020-09-19 09:00:00,11.7,3.2,56.0,0.0,,20.0,18.4,,1026.0,,,53.06,2020-09-19
2020-09-19 10:00:00,12.2,1.2,47.0,0.0,,40.0,25.9,,1027.0,,,53.96,2020-09-19
2020-09-19 11:00:00,12.8,1.2,45.0,0.0,,20.0,25.9,,1027.7,,,55.04,2020-09-19
2020-09-19 12:00:00,13.9,1.8,44.0,0.0,,50.0,20.5,,1027.4,,,57.02,2020-09-19
2020-09-19 13:00:00,15.0,2.2,42.0,0.0,,40.0,20.5,,1027.0,,,59.0,2020-09-19
2020-09-19 14:00:00,15.6,2.7,42.0,0.0,,30.0,14.8,,1026.6,,,60.08,2020-09-19
2020-09-19 15:00:00,16.1,2.8,41.0,0.0,,50.0,11.2,,1026.1,,,60.980000000000004,2020-09-19
2020-09-19 16:00:00,16.7,4.4,44.0,0.0,,60.0,11.2,,1025.9,,,62.059999999999995,2020-09-19
2020-09-19 17:00:00,15.6,4.3,47.0,0.0,,60.0,7.6,,1025.9,,,60.08,2020-09-19
2020-09-19 18:00:00,15.0,5.5,53.0,0.0,,70.0,5.4,,1025.8,,,59.0,2020-09-19
2020-09-19 19:00:00,13.3,6.6,64.0,0.0,,0.0,0.0,,1026.0,,,55.94,2020-09-19
2020-09-19 20:00:00,10.6,8.4,86.0,0.0,,0.0,0.0,,1026.4,,,51.08,2020-09-19
2020-09-19 21:00:00,10.0,7.2,83.0,0.0,,0.0,0.0,,1026.9,,,50.0,2020-09-19
2020-09-19 22:00:00,9.4,6.7,83.0,0.0,,350.0,5.4,,1027.3,,,48.92,2020-09-19
2020-09-19 23:00:00,9.4,7.2,86.0,0.0,,360.0,5.4,,1027.9,,,48.92,2020-09-19
2020-09-20 00:00:00,7.2,5.7,90.0,0.0,,0.0,0.0,,1028.2,,,44.96,2020-09-20
2020-09-20 01:00:00,7.2,5.7,90.0,0.0,,340.0,5.4,,1028.3,,,44.96,2020-09-20
2020-09-20 02:00:00,8.3,6.1,86.0,0.0,,350.0,5.4,,1028.4,,,46.94,2020-09-20
2020-09-20 03:00:00,7.2,5.7,90.0,0.0,,330.0,5.4,,1028.8,,,44.96,2020-09-20
2020-09-20 04:00:00,7.2,5.7,90.0,0.0,,0.0,0.0,,1028.5,,,44.96,2020-09-20
2020-09-20 05:00:00,6.7,5.0,89.0,0.0,,0.0,0.0,,1028.7,,,44.06,2020-09-20
2020-09-20 06:00:00,7.2,4.3,82.0,0.0,,350.0,5.4,,1029.1,,,44.96,2020-09-20
2020-09-20 07:00:00,6.7,4.4,85.0,0.0,,360.0,7.6,,1029.3,,,44.06,2020-09-20
2020-09-20 08:00:00,8.3,4.3,76.0,0.0,,10.0,11.2,,1030.0,,,46.94,2020-09-20
2020-09-20 09:00:00,11.1,5.6,69.0,0.0,,10.0,9.4,,1030.2,,,51.98,2020-09-20
2020-09-20 10:00:00,13.9,5.5,57.0,0.0,,30.0,14.8,,1030.8,,,57.02,2020-09-20
2020-09-20 11:00:00,15.6,4.3,47.0,0.0,,40.0,20.5,,1031.2,,,60.08,2020-09-20
2020-09-20 12:00:00,17.2,3.8,41.0,0.0,,70.0,18.4,,1031.3,,,62.959999999999994,2020-09-20
2020-09-20 13:00:00,18.3,4.5,40.0,0.0,,30.0,24.1,,1031.3,,,64.94,2020-09-20
2020-09-20 14:00:00,18.9,3.9,37.0,0.0,,40.0,18.4,,1030.6,,,66.02,2020-09-20
2020-09-20 15:00:00,19.4,4.3,37.0,0.0,,60.0,20.5,,1030.3,,,66.92,2020-09-20
2020-09-20 16:00:00,18.9,3.9,37.0,0.0,,50.0,18.4,,1030.1,,,66.02,2020-09-20
2020-09-20 17:00:00,18.9,3.5,36.0,0.0,,60.0,18.4,,1030.3,,,66.02,2020-09-20
2020-09-20 18:00:00,17.8,4.4,41.0,0.0,,60.0,11.2,,1030.2,,,64.04,2020-09-20
2020-09-20 19:00:00,16.1,4.5,46.0,0.0,,50.0,11.2,,1030.7,,,60.980000000000004,2020-09-20
2020-09-20 20:00:00,11.1,6.6,74.0,0.0,,0.0,0.0,,1031.2,,,51.98,2020-09-20
2020-09-20 21:00:00,10.6,6.7,77.0,0.0,,0.0,0.0,,1031.6,,,51.08,2020-09-20
2020-09-20 22:00:00,9.4,6.7,83.0,0.0,,0.0,0.0,,1031.8,,,48.92,2020-09-20
2020-09-20 23:00:00,8.9,6.2,83.0,0.0,,0.0,0.0,,1032.1,,,48.02,2020-09-20
2020-09-21 00:00:00,9.4,6.1,80.0,0.0,,20.0,11.2,,1032.2,,,48.92,2020-09-21
2020-09-21 01:00:00,10.0,5.6,74.0,0.0,,360.0,7.6,,1032.3,,,50.0,2020-09-21
2020-09-21 02:00:00,9.4,5.6,77.0,0.0,,330.0,5.4,,1032.5,,,48.92,2020-09-21
2020-09-21 03:00:00,7.8,5.6,86.0,0.0,,0.0,0.0,,1032.6,,,46.04,2020-09-21
2020-09-21 04:00:00,8.3,5.6,83.0,0.0,,20.0,11.2,,1032.1,,,46.94,2020-09-21
2020-09-21 05:00:00,7.8,5.6,86.0,0.0,,330.0,9.4,,1032.4,,,46.04,2020-09-21
2020-09-21 06:00:00,8.3,5.1,80.0,0.0,,360.0,7.6,,1032.4,,,46.94,2020-09-21
2020-09-21 07:00:00,7.8,5.1,83.0,0.0,,350.0,5.4,,1032.8,,,46.04,2020-09-21
2020-09-21 08:00:00,9.4,5.0,74.0,0.0,,10.0,5.4,,1033.3,,,48.92,2020-09-21
2020-09-21 09:00:00,11.7,5.1,64.0,0.0,,20.0,14.8,,1033.6,,,53.06,2020-09-21
2020-09-21 10:00:00,13.9,5.0,55.0,0.0,,40.0,16.6,,1034.1,,,57.02,2020-09-21
2020-09-21 11:00:00,15.6,4.9,49.0,0.0,,40.0,18.4,,1034.4,,,60.08,2020-09-21
2020-09-21 12:00:00,17.2,6.1,48.0,0.0,,50.0,16.6,,1033.8,,,62.959999999999994,2020-09-21
2020-09-21 13:00:00,17.2,6.1,48.0,0.0,,60.0,13.0,,1033.0,,,62.959999999999994,2020-09-21
2020-09-21 14:00:00,18.3,6.2,45.0,0.0,,40.0,18.4,,1032.4,,,64.94,2020-09-21
2020-09-21 15:00:00,18.9,6.0,43.0,0.0,,360.0,13.0,,1031.4,,,66.02,2020-09-21
2020-09-21 16:00:00,18.9,6.0,43.0,0.0,,40.0,16.6,,1030.7,,,66.02,2020-09-21
2020-09-21 17:00:00,18.3,6.2,45.0,0.0,,90.0,14.8,,1030.2,,,64.94,2020-09-21
2020-09-21 18:00:00,17.8,5.7,45.0,0.0,,60.0,13.0,,1029.9,,,64.04,2020-09-21
2020-09-21 19:00:00,15.6,6.6,55.0,0.0,,50.0,9.4,,1030.0,,,60.08,2020-09-21
2020-09-21 20:00:00,11.1,7.2,77.0,0.0,,290.0,5.4,,1029.7,,,51.98,2020-09-21
2020-09-21 21:00:00,10.0,6.7,80.0,0.0,,0.0,0.0,,1029.7,,,50.0,2020-09-21
2020-09-21 22:00:00,8.9,6.7,86.0,0.0,,0.0,0.0,,1029.6,,,48.02,2020-09-21
2020-09-21 23:00:00,7.8,0.0,58.0,0.0,,0.0,0.0,,1029.2,,,46.04,2020-09-21
2020-09-22 00:00:00,7.2,0.0,59.5,0.0,,0.0,0.0,,1028.8,,,44.96,2020-09-22
2020-09-22 01:00:00,7.2,0.0,61.0,0.0,,0.0,0.0,,1028.5,,,44.96,2020-09-22
2020-09-22 02:00:00,6.7,0.0,62.5,0.0,,0.0,0.0,,1028.0,,,44.06,2020-09-22
2020-09-22 03:00:00,6.1,0.0,64.0,0.0,,0.0,0.0,,1027.3,,,42.980000000000004,2020-09-22
2020-09-22 04:00:00,6.1,0.0,65.5,0.0,,0.0,0.0,,1026.7,,,42.980000000000004,2020-09-22
2020-09-22 05:00:00,5.6,0.0,67.0,0.0,,0.0,0.0,,1026.3,,,42.08,2020-09-22
2020-09-22 06:00:00,4.4,2.5,80.0,0.0,,0.0,0.0,,1026.3,,,39.92,2020-09-22
2020-09-22 07:00:00,3.9,5.0,93.0,0.0,,0.0,0.0,,1026.2,,,39.02,2020-09-22
2020-09-22 08:00:00,6.1,5.1,93.0,0.0,,0.0,0.0,,1026.4,,,42.980000000000004,2020-09-22
2020-09-22 09:00:00,10.6,8.9,89.0,0.0,,200.0,5.4,,1025.9,,,51.08,2020-09-22
2020-09-22 10:00:00,13.3,8.4,72.0,0.0,,100.0,5.4,,1025.9,,,55.94,2020-09-22
2020-09-22 11:00:00,15.6,7.1,57.0,0.0,,0.0,0.0,,1025.4,,,60.08,2020-09-22
2020-09-22 12:00:00,18.3,7.1,48.0,0.0,,80.0,5.4,,1024.5,,,64.94,2020-09-22
2020-09-22 13:00:00,19.4,6.8,44.0,0.0,,0.0,0.0,,1023.3,,,66.92,2020-09-22
2020-09-22 14:00:00,21.1,7.3,41.0,0.0,,0.0,0.0,,1022.2,,,69.98,2020-09-22
2020-09-22 15:00:00,21.1,6.6,39.0,0.0,,0.0,0.0,,1021.2,,,69.98,2020-09-22
2020-09-22 16:00:00,22.2,6.8,37.0,0.0,,0.0,0.0,,1020.1,,,71.96,2020-09-22
2020-09-22 17:00:00,21.7,7.9,41.0,0.0,,220.0,5.4,,1019.4,,,71.06,2020-09-22
2020-09-22 18:00:00,20.6,8.3,45.0,0.0,,220.0,9.4,,1018.9,,,69.08,2020-09-22
2020-09-22 19:00:00,16.1,10.6,70.0,0.0,,230.0,5.4,,1018.7,,,60.980000000000004,2020-09-22
2020-09-22 20:00:00,14.4,10.0,75.0,0.0,,210.0,7.6,,1018.4,,,57.92,2020-09-22
2020-09-22 21:00:00,13.9,9.9,77.0,0.0,,230.0,5.4,,1018.5,,,57.02,2020-09-22
2020-09-22 22:00:00,11.7,8.9,83.0,0.0,,190.0,5.4,,1018.4,,,53.06,2020-09-22
2020-09-22 23:00:00,11.7,9.4,86.0,0.0,,0.0,0.0,,1018.1,,,53.06,2020-09-22
2020-09-23 00:00:00,8.9,7.8,93.0,0.0,,0.0,0.0,,1018.2,,,48.02,2020-09-23
2020-09-23 01:00:00,8.9,7.8,93.0,0.0,,280.0,5.4,,1017.6,,,48.02,2020-09-23
2020-09-23 02:00:00,9.4,7.8,90.0,0.0,,0.0,0.0,,1017.5,,,48.92,2020-09-23
2020-09-23 03:00:00,10.6,8.9,89.0,0.0,,0.0,0.0,,1017.2,,,51.08,2020-09-23
2020-09-23 04:00:00,10.6,8.9,89.0,0.0,,0.0,0.0,,1017.1,,,51.08,2020-09-23
2020-09-23 05:00:00,11.1,8.8,86.0,0.0,,0.0,0.0,,1017.0,,,51.98,2020-09-23
2020-09-23 06:00:00,9.4,8.3,93.0,0.0,,0.0,0.0,,1017.5,,,48.92,2020-09-23
2020-09-23 07:00:00,10.0,8.3,89.0,0.0,,0.0,0.0,,1018.1,,,50.0,2020-09-23
2020-09-23 08:00:00,10.6,9.4,92.0,0.0,,0.0,0.0,,1018.5,,,51.08,2020-09-23
2020-09-23 09:00:00,15.6,11.2,75.0,0.0,,0.0,0.0,,1018.6,,,60.08,2020-09-23
2020-09-23 10:00:00,18.9,9.9,56.0,0.0,,20.0,7.6,,1019.0,,,66.02,2020-09-23
2020-09-23 11:00:00,21.1,10.0,49.0,0.0,,0.0,0.0,,1018.9,,,69.98,2020-09-23
2020-09-23 12:00:00,23.3,9.3,41.0,0.0,,0.0,7.6,,1018.7,,,73.94,2020-09-23
2020-09-23 13:00:00,23.3,10.0,43.0,0.0,,0.0,0.0,,1018.2,,,73.94,2020-09-23
2020-09-23 14:00:00,23.9,9.1,39.0,0.0,,0.0,0.0,,1017.5,,,75.02,2020-09-23
2020-09-23 15:00:00,22.8,9.6,43.0,0.0,,210.0,9.4,,1016.7,,,73.04,2020-09-23
2020-09-23 16:00:00,23.3,11.7,48.0,0.0,,0.0,0.0,,1016.2,,,73.94,2020-09-23
2020-09-23 17:00:00,23.3,11.0,46.0,0.0,,0.0,0.0,,1016.3,,,73.94,2020-09-23
2020-09-23 18:00:00,21.1,12.8,59.0,0.0,,240.0,5.4,,1016.4,,,69.98,2020-09-23
2020-09-23 19:00:00,17.8,13.9,78.0,0.0,,0.0,0.0,,1016.7,,,64.04,2020-09-23
2020-09-23 20:00:00,15.6,13.3,86.0,0.0,,0.0,0.0,,1016.6,,,60.08,2020-09-23
2020-09-23 21:00:00,15.6,12.7,83.0,0.0,,230.0,5.4,,1017.2,,,60.08,2020-09-23
2020-09-23 22:00:00,15.0,13.4,90.0,0.0,,0.0,0.0,,1016.9,,,59.0,2020-09-23
2020-09-23 23:00:00,13.9,12.8,93.0,0.0,,0.0,0.0,,1016.7,,,57.02,2020-09-23
2020-09-24 00:00:00,14.4,12.8,90.0,0.0,,0.0,0.0,,1016.3,,,57.92,2020-09-24
2020-09-24 01:00:00,14.4,12.8,90.0,0.0,,0.0,0.0,,1016.0,,,57.92,2020-09-24
2020-09-24 02:00:00,13.9,12.8,93.0,0.0,,0.0,0.0,,1015.8,,,57.02,2020-09-24
2020-09-24 03:00:00,15.0,13.4,90.0,0.0,,0.0,0.0,,1015.6,,,59.0,2020-09-24
2020-09-24 04:00:00,16.7,12.2,75.0,0.0,,10.0,5.4,,1015.5,,,62.059999999999995,2020-09-24
2020-09-24 05:00:00,16.7,12.2,75.0,0.0,,20.0,13.0,,1015.4,,,62.059999999999995,2020-09-24
2020-09-24 06:00:00,15.0,12.9,87.0,0.0,,0.0,0.0,,1016.3,,,59.0,2020-09-24
2020-09-24 07:00:00,14.4,13.3,93.0,0.0,,0.0,0.0,,1016.2,,7.0,57.92,2020-09-24
2020-09-24 08:00:00,15.0,13.4,90.0,0.0,,0.0,0.0,,1017.2,,7.0,59.0,2020-09-24
2020-09-24 09:00:00,16.7,14.0,84.0,0.0,,0.0,0.0,,1017.7,,7.0,62.059999999999995,2020-09-24
2020-09-24 10:00:00,17.8,14.5,81.0,0.0,,20.0,7.6,,1017.5,,7.0,64.04,2020-09-24
2020-09-24 11:00:00,18.9,14.0,73.0,0.0,,200.0,5.4,,1017.8,,7.0,66.02,2020-09-24
2020-09-24 12:00:00,19.4,15.1,76.0,0.0,,200.0,9.4,,1017.9,,7.0,66.92,2020-09-24
2020-09-24 13:00:00,20.0,15.0,73.0,0.0,,230.0,5.4,,1018.1,,7.0,68.0,2020-09-24
2020-09-24 14:00:00,20.6,14.9,70.0,0.0,,0.0,0.0,,1017.2,,,69.08,2020-09-24
2020-09-24 15:00:00,20.0,15.6,76.0,0.0,,190.0,5.4,,1017.0,,,68.0,2020-09-24
2020-09-24 16:00:00,20.6,15.6,73.0,0.0,,0.0,0.0,,1016.8,,,69.08,2020-09-24
2020-09-24 17:00:00,20.0,16.0,78.0,0.0,,0.0,0.0,,1016.7,,,68.0,2020-09-24
2020-09-24 18:00:00,20.0,16.0,78.0,0.0,,220.0,7.6,,1017.0,,,68.0,2020-09-24
2020-09-24 19:00:00,18.3,14.0,76.0,0.0,,220.0,5.4,,1017.7,,,64.94,2020-09-24
2020-09-24 20:00:00,17.2,12.1,72.0,0.0,,190.0,7.6,,1017.8,,,62.959999999999994,2020-09-24
2020-09-24 21:00:00,16.1,12.8,81.0,0.0,,220.0,5.4,,1018.4,,,60.980000000000004,2020-09-24
2020-09-24 22:00:00,15.6,12.7,83.0,0.0,,200.0,5.4,,1018.2,,,60.08,2020-09-24
2020-09-24 23:00:00,15.6,12.7,83.0,0.0,,0.0,0.0,,1018.4,,7.0,60.08,2020-09-24
2020-09-25 00:00:00,15.6,12.7,83.0,0.0,,0.0,0.0,,1018.1,,7.0,60.08,2020-09-25
2020-09-25 01:00:00,14.4,12.8,90.0,0.0,,190.0,5.4,,1017.8,,7.0,57.92,2020-09-25
2020-09-25 02:00:00,15.0,13.4,90.0,0.0,,200.0,7.6,,1018.2,,7.0,59.0,2020-09-25
2020-09-25 03:00:00,15.0,13.4,90.0,0.3,,0.0,0.0,,1018.6,,7.0,59.0,2020-09-25
2020-09-25 04:00:00,15.0,13.4,90.0,0.3,,200.0,5.4,,1018.0,,7.0,59.0,2020-09-25
2020-09-25 05:00:00,14.4,13.3,93.0,0.3,,210.0,11.2,,1018.4,,7.0,57.92,2020-09-25
2020-09-25 06:00:00,15.0,13.9,93.0,0.8,,0.0,0.0,,1018.5,,7.0,59.0,2020-09-25
2020-09-25 07:00:00,15.0,13.9,93.0,0.3,,0.0,0.0,,1018.8,,7.0,59.0,2020-09-25
2020-09-25 08:00:00,15.0,13.9,93.0,0.8,,220.0,9.4,,1019.6,,8.0,59.0,2020-09-25
2020-09-25 09:00:00,15.0,14.4,96.0,1.8,,0.0,0.0,,1020.0,,7.0,59.0,2020-09-25
2020-09-25 10:00:00,16.1,14.5,90.0,1.8,,0.0,0.0,,1020.5,,7.0,60.980000000000004,2020-09-25
2020-09-25 11:00:00,16.7,15.1,90.0,1.3,,0.0,0.0,,1019.7,,7.0,62.059999999999995,2020-09-25
2020-09-25 12:00:00,16.7,15.1,90.0,0.3,,200.0,5.4,,1020.6,,7.0,62.059999999999995,2020-09-25
2020-09-25 13:00:00,17.2,15.0,87.0,0.5,,0.0,0.0,,1019.7,,7.0,62.959999999999994,2020-09-25
2020-09-25 14:00:00,17.8,16.1,90.0,0.4,,20.0,9.4,,1018.8,,7.0,64.04,2020-09-25
2020-09-25 15:00:00,17.2,15.5,90.0,0.3,,50.0,9.4,,1018.1,,7.0,62.959999999999994,2020-09-25
2020-09-25 16:00:00,16.7,15.6,93.0,2.5,,50.0,13.0,,1017.7,,9.0,62.059999999999995,2020-09-25
2020-09-25 17:00:00,16.7,15.6,93.0,3.0,,10.0,7.6,,1017.8,,8.0,62.059999999999995,2020-09-25
2020-09-25 18:00:00,16.1,15.0,93.0,5.3,,120.0,11.2,,1017.8,,7.0,60.980000000000004,2020-09-25
2020-09-25 19:00:00,16.7,15.1,90.0,1.8,,350.0,9.4,,1017.5,,9.0,62.059999999999995,2020-09-25
2020-09-25 20:00:00,16.7,15.1,90.0,13.7,,300.0,9.4,,1017.5,,7.0,62.059999999999995,2020-09-25
2020-09-25 21:00:00,16.1,15.0,93.0,0.5,,350.0,7.6,,1018.2,,7.0,60.980000000000004,2020-09-25
2020-09-25 22:00:00,16.1,15.0,93.0,2.5,,20.0,7.6,,1017.8,,7.5,60.980000000000004,2020-09-25
2020-09-25 23:00:00,16.1,15.0,93.0,0.3,,10.0,9.4,,1018.0,,8.0,60.980000000000004,2020-09-25
2020-09-26 00:00:00,16.1,15.0,93.0,2.3,,20.0,13.0,,1017.7,,7.5,60.980000000000004,2020-09-26
2020-09-26 01:00:00,16.1,15.0,93.0,0.5,,20.0,9.4,,1017.4,,7.0,60.980000000000004,2020-09-26
2020-09-26 02:00:00,16.1,15.0,93.0,2.0,,10.0,7.6,,1017.0,,7.0,60.980000000000004,2020-09-26
2020-09-26 03:00:00,16.1,15.0,93.0,0.3,,20.0,11.2,,1016.6,,6.888888888888889,60.980000000000004,2020-09-26
2020-09-26 04:00:00,16.1,15.0,93.0,0.3,,360.0,7.6,,1016.2,,6.777777777777778,60.980000000000004,2020-09-26
2020-09-26 05:00:00,16.1,15.0,93.0,0.0,,20.0,5.4,,1016.0,,6.666666666666667,60.980000000000004,2020-09-26
2020-09-26 06:00:00,16.1,15.0,93.0,0.0,,0.0,0.0,,1016.3,,,60.980000000000004,2020-09-26
2020-09-26 07:00:00,16.7,15.1,90.0,0.0,,360.0,7.6,,1017.0,,,62.059999999999995,2020-09-26
2020-09-26 08:00:00,16.7,15.1,90.0,0.0,,10.0,5.4,,1017.6,,,62.059999999999995,2020-09-26
2020-09-26 09:00:00,17.2,15.5,90.0,0.0,,50.0,9.4,,1017.8,,,62.959999999999994,2020-09-26
2020-09-26 10:00:00,18.3,16.1,87.0,0.0,,20.0,7.6,,1017.8,,,64.94,2020-09-26
2020-09-26 11:00:00,19.4,16.1,81.0,0.0,,30.0,5.4,,1017.8,,,66.92,2020-09-26
2020-09-26 12:00:00,22.2,16.7,71.0,0.0,,0.0,0.0,,1017.3,,,71.96,2020-09-26
2020-09-26 13:00:00,22.8,16.8,69.0,0.0,,320.0,5.4,,1017.0,,,73.04,2020-09-26
2020-09-26 14:00:00,22.2,16.0,68.0,0.0,,0.0,0.0,,1016.4,,,71.96,2020-09-26
2020-09-26 15:00:00,22.2,16.7,71.0,0.0,,250.0,5.4,,1015.9,,,71.96,2020-09-26
2020-09-26 16:00:00,22.8,16.8,69.0,0.0,,0.0,0.0,,1015.5,,,73.04,2020-09-26
2020-09-26 17:00:00,22.8,16.8,69.0,0.0,,0.0,0.0,,1015.3,,5.333333333333334,73.04,2020-09-26
2020-09-26 18:00:00,22.8,16.8,69.0,0.0,,0.0,0.0,,1015.4,,5.222222222222222,73.04,2020-09-26
2020-09-26 19:00:00,20.6,18.4,87.0,0.0,,0.0,0.0,,1015.6,,5.111111111111111,69.08,2020-09-26
2020-09-26 20:00:00,17.8,16.7,93.0,0.0,,0.0,0.0,,1016.1,,5.0,64.04,2020-09-26
2020-09-26 21:00:00,17.2,16.1,93.0,0.0,,0.0,0.0,,1016.3,,5.0,62.959999999999994,2020-09-26
2020-09-26 22:00:00,15.6,14.5,93.0,0.0,,0.0,0.0,,1016.4,,5.0,60.08,2020-09-26
2020-09-26 23:00:00,15.6,14.5,93.0,0.0,,0.0,0.0,,1016.3,,5.0,60.08,2020-09-26
2020-09-27 00:00:00,15.6,14.5,93.0,0.0,,0.0,0.0,,1016.2,,5.0,60.08,2020-09-27
2020-09-27 01:00:00,14.4,13.3,93.0,0.0,,0.0,0.0,,1016.1,,5.0,57.92,2020-09-27
2020-09-27 02:00:00,13.9,12.8,93.0,0.0,,0.0,0.0,,1016.1,,5.0,57.02,2020-09-27
2020-09-27 03:00:00,13.3,12.2,93.0,0.0,,0.0,0.0,,1015.5,,5.0,55.94,2020-09-27
2020-09-27 04:00:00,13.3,12.2,93.0,0.0,,0.0,0.0,,1014.9,,5.0,55.94,2020-09-27
2020-09-27 05:00:00,12.8,12.2,96.0,0.0,,0.0,0.0,,1015.0,,5.0,55.04,2020-09-27
2020-09-27 06:00:00,13.3,12.2,93.0,0.0,,0.0,0.0,,1015.3,,5.0,55.94,2020-09-27
2020-09-27 07:00:00,12.8,12.2,96.0,0.0,,0.0,0.0,,1015.6,,5.0,55.04,2020-09-27
2020-09-27 08:00:00,13.9,12.8,93.0,0.0,,0.0,0.0,,1016.1,,5.0,57.02,2020-09-27
2020-09-27 09:00:00,17.2,15.5,90.0,0.0,,0.0,0.0,,1016.3,,5.0,62.959999999999994,2020-09-27
2020-09-27 10:00:00,19.4,17.9,91.0,0.0,,200.0,5.4,,1016.5,,,66.92,2020-09-27
2020-09-27 11:00:00,22.2,17.8,76.0,0.0,,210.0,7.6,,1016.4,,,71.96,2020-09-27
2020-09-27 12:00:00,23.3,17.3,69.0,0.0,,210.0,5.4,,1015.7,,,73.94,2020-09-27
2020-09-27 13:00:00,25.0,17.2,62.0,0.0,,160.0,7.6,,1014.7,,,77.0,2020-09-27
2020-09-27 14:00:00,25.0,17.7,64.0,0.0,,200.0,11.2,,1014.4,,,77.0,2020-09-27
2020-09-27 15:00:00,24.4,16.6,62.0,0.0,,180.0,13.0,,1013.4,,,75.92,2020-09-27
2020-09-27 16:00:00,25.6,16.7,58.0,0.0,,190.0,13.0,,1013.0,,,78.08,2020-09-27
2020-09-27 17:00:00,23.9,17.9,69.0,0.0,,190.0,11.2,,1012.7,,,75.02,2020-09-27
2020-09-27 18:00:00,23.3,17.7,71.0,0.0,,200.0,11.2,,1013.1,,,73.94,2020-09-27
2020-09-27 19:00:00,21.1,18.3,84.0,0.0,,0.0,0.0,,1012.9,,,69.98,2020-09-27
2020-09-27 20:00:00,20.0,17.8,87.0,0.0,,230.0,7.6,,1013.1,,,68.0,2020-09-27
2020-09-27 21:00:00,19.4,17.9,91.0,0.0,,0.0,0.0,,1013.1,,,66.92,2020-09-27
2020-09-27 22:00:00,19.4,17.9,91.0,0.0,,0.0,0.0,,1013.3,,,66.92,2020-09-27
2020-09-27 23:00:00,19.4,17.9,91.0,0.0,,210.0,7.6,,1013.4,,5.0,66.92,2020-09-27
2020-09-28 00:00:00,18.9,17.2,90.0,0.0,,200.0,5.4,,1013.4,,5.0,66.02,2020-09-28
2020-09-28 01:00:00,18.9,17.2,90.0,0.0,,210.0,5.4,,1012.9,,5.0,66.02,2020-09-28
2020-09-28 02:00:00,18.3,16.6,90.0,0.0,,200.0,7.6,,1012.7,,5.0,64.94,2020-09-28
2020-09-28 03:00:00,16.7,15.6,93.0,0.0,,200.0,7.6,,1012.6,,5.0,62.059999999999995,2020-09-28
2020-09-28 04:00:00,16.1,15.6,97.0,0.0,,200.0,7.6,,1012.1,,5.0,60.980000000000004,2020-09-28
2020-09-28 05:00:00,16.7,15.6,93.0,0.0,,180.0,5.4,,1011.9,,5.0,62.059999999999995,2020-09-28
2020-09-28 06:00:00,17.2,16.7,97.0,0.0,,200.0,5.4,,1012.4,,5.0,62.959999999999994,2020-09-28
2020-09-28 07:00:00,17.8,16.7,93.0,0.0,,200.0,9.4,,1012.9,,7.0,64.04,2020-09-28
2020-09-28 08:00:00,17.8,17.2,96.0,0.15,,200.0,5.4,,1013.1,,7.0,64.04,2020-09-28
2020-09-28 09:00:00,18.3,17.8,97.0,0.3,,0.0,0.0,,1013.1,,5.0,64.94,2020-09-28
2020-09-28 10:00:00,20.0,18.8,93.0,0.0,,200.0,14.8,,1013.3,,5.066666666666666,68.0,2020-09-28
2020-09-28 11:00:00,21.7,19.4,87.0,0.0,,220.0,13.0,,1013.1,,5.133333333333334,71.06,2020-09-28
2020-09-28 12:00:00,24.4,18.8,71.0,0.0,,240.0,9.4,,1012.7,,5.2,75.92,2020-09-28
2020-09-28 13:00:00,25.6,19.0,67.0,0.0,,210.0,18.4,,1012.4,,,78.08,2020-09-28
2020-09-28 14:00:00,24.4,18.3,69.0,0.0,,180.0,14.8,,1011.8,,,75.92,2020-09-28
2020-09-28 15:00:00,26.1,18.3,62.0,0.0,,200.0,14.8,,1011.1,,,78.98,2020-09-28
2020-09-28 16:00:00,26.7,17.8,58.0,0.0,,190.0,25.9,,1010.8,,,80.06,2020-09-28
2020-09-28 17:00:00,26.7,17.8,58.0,0.0,,200.0,16.6,,1010.7,,,80.06,2020-09-28
2020-09-28 18:00:00,25.6,18.3,64.0,0.0,,190.0,18.4,,1010.3,,,78.08,2020-09-28
2020-09-28 19:00:00,23.3,18.4,74.0,0.0,,170.0,14.8,,1010.4,,,73.94,2020-09-28
2020-09-28 20:00:00,22.2,19.0,82.0,0.0,,180.0,11.2,,1010.6,,,71.96,2020-09-28
2020-09-28 21:00:00,21.7,19.4,87.0,0.0,,180.0,14.8,,1011.0,,,71.06,2020-09-28
2020-09-28 22:00:00,21.1,19.4,90.0,0.0,,200.0,14.8,,1011.3,,,69.98,2020-09-28
2020-09-28 23:00:00,20.6,19.4,93.0,0.0,,190.0,16.6,,1011.5,,,69.08,2020-09-28
2020-09-29 00:00:00,20.6,18.9,90.0,0.0,,190.0,16.6,,1011.3,,,69.08,2020-09-29
2020-09-29 01:00:00,21.1,18.9,87.0,0.0,,190.0,18.4,,1010.9,,,69.98,2020-09-29
2020-09-29 02:00:00,20.0,18.3,90.0,0.0,,190.0,14.8,,1010.6,,,68.0,2020-09-29
2020-09-29 03:00:00,20.6,18.9,90.0,0.0,,190.0,13.0,,1010.3,,,69.08,2020-09-29
2020-09-29 04:00:00,20.6,18.9,90.0,0.0,,0.0,0.0,,1010.1,,,69.08,2020-09-29
2020-09-29 05:00:00,20.6,18.9,90.0,0.0,,170.0,5.4,,1009.8,,,69.08,2020-09-29
2020-09-29 06:00:00,20.6,18.9,90.0,0.0,,170.0,9.4,,1009.7,,,69.08,2020-09-29
2020-09-29 07:00:00,20.6,18.9,90.0,0.0,,160.0,11.2,,1010.0,,,69.08,2020-09-29
2020-09-29 08:00:00,20.6,18.9,90.0,0.0,,160.0,16.6,,1009.9,,,69.08,2020-09-29
2020-09-29 09:00:00,22.2,19.0,82.0,0.0,,190.0,11.2,,1010.0,,,71.96,2020-09-29
2020-09-29 10:00:00,21.7,18.9,84.0,0.0,,180.0,16.6,,1010.0,,,71.06,2020-09-29
2020-09-29 11:00:00,22.2,19.4,84.0,0.0,,190.0,14.8,,1009.8,,,71.96,2020-09-29
2020-09-29 12:00:00,23.3,19.5,79.0,0.0,,170.0,16.6,,1009.2,,6.8,73.94,2020-09-29
2020-09-29 13:00:00,23.3,19.5,79.0,0.0,,160.0,13.0,,1008.5,,6.866666666666667,73.94,2020-09-29
2020-09-29 14:00:00,25.6,19.5,69.0,0.0,,190.0,13.0,,1007.1,,6.933333333333334,78.08,2020-09-29
2020-09-29 15:00:00,25.0,19.4,71.0,0.15,,170.0,9.4,,1005.8,,7.0,77.0,2020-09-29
2020-09-29 16:00:00,20.0,17.8,87.0,0.3,,280.0,9.4,,1005.3,,9.0,68.0,2020-09-29
2020-09-29 17:00:00,18.3,16.6,90.0,2.5,,360.0,7.6,,1006.3,,7.0,64.94,2020-09-29
2020-09-29 18:00:00,17.2,15.0,87.0,2.0,,360.0,5.4,,1006.4,,7.0,62.959999999999994,2020-09-29
2020-09-29 19:00:00,16.7,15.6,93.0,2.3,,360.0,5.4,,1006.9,,7.0,62.059999999999995,2020-09-29
2020-09-29 20:00:00,16.1,14.5,90.0,5.8,,360.0,9.4,,1007.1,,7.0,60.980000000000004,2020-09-29
2020-09-29 21:00:00,15.0,12.9,87.0,1.3,,20.0,11.2,,1007.3,,7.0,59.0,2020-09-29
2020-09-29 22:00:00,14.4,12.8,90.0,1.5,,20.0,7.6,,1007.0,,7.0,57.92,2020-09-29
2020-09-29 23:00:00,14.4,13.3,93.0,1.3,,30.0,7.6,,1005.9,,7.0,57.92,2020-09-29
2020-09-30 00:00:00,14.4,12.8,90.0,0.5,,270.0,7.6,,1006.2,,7.0,57.92,2020-09-30
2020-09-30 01:00:00,13.9,12.8,93.0,0.0,,250.0,9.4,,1007.0,,7.0,57.02,2020-09-30
2020-09-30 02:00:00,13.3,11.7,90.0,0.0,,230.0,9.4,,1007.5,,7.0,55.94,2020-09-30
2020-09-30 03:00:00,12.8,11.0,89.0,0.0,,235.0,5.4,,1008.1,,,55.04,2020-09-30
2020-09-30 04:00:00,12.2,10.6,90.0,0.0,,240.0,7.6,,1008.6,,,53.96,2020-09-30
2020-09-30 05:00:00,11.7,9.9,89.0,0.0,,240.0,7.6,,1009.3,,,53.06,2020-09-30
2020-09-30 06:00:00,11.1,9.4,89.0,0.0,,0.0,0.0,,1010.4,,,51.98,2020-09-30
2020-09-30 07:00:00,9.4,8.3,93.0,0.0,,200.0,7.6,,1011.1,,,48.92,2020-09-30
2020-09-30 08:00:00,11.7,7.8,77.0,0.0,,250.0,5.4,,1011.9,,,53.06,2020-09-30
2020-09-30 09:00:00,13.9,8.9,72.0,0.0,,250.0,7.6,,1012.7,,,57.02,2020-09-30
2020-09-30 10:00:00,16.1,9.5,65.0,0.0,,260.0,9.4,,1013.3,,,60.980000000000004,2020-09-30
2020-09-30 11:00:00,16.7,7.9,56.0,0.0,,250.0,13.0,,1013.8,,,62.059999999999995,2020-09-30
2020-09-30 12:00:00,17.8,7.2,50.0,0.0,,240.0,14.8,,1013.7,,,64.04,2020-09-30
2020-09-30 13:00:00,19.4,7.8,47.0,0.0,,220.0,16.6,,1013.6,,,66.92,2020-09-30
2020-09-30 14:00:00,20.0,7.7,45.0,0.0,,216.66666666666666,11.2,,1013.1,,,68.0,2020-09-30
2020-09-30 15:00:00,20.6,8.3,45.0,0.0,,213.33333333333334,11.2,,1012.9,,,69.08,2020-09-30
2020-09-30 16:00:00,21.1,7.7,42.0,0.0,,210.0,11.2,,1012.3,,,69.98,2020-09-30
2020-09-30 17:00:00,21.1,9.0,46.0,0.0,,210.0,11.2,,1012.0,,,69.98,2020-09-30
2020-09-30 18:00:00,20.6,10.1,51.0,0.0,,210.0,5.4,,1012.3,,,69.08,2020-09-30
2020-09-30 19:00:00,15.6,11.8,78.0,0.0,,0.0,0.0,,1012.9,,,60.08,2020-09-30
2020-09-30 20:00:00,14.4,11.2,81.0,0.0,,200.0,5.4,,1013.3,,,57.92,2020-09-30
2020-09-30 21:00:00,13.9,10.7,81.0,0.0,,180.0,5.4,,1013.3,,,57.02,2020-09-30
2020-09-30 22:00:00,15.0,10.6,75.0,0.0,,200.0,14.8,,1013.5,,,59.0,2020-09-30
2020-09-30 23:00:00,14.4,10.6,78.0,0.0,,210.0,5.4,,1014.2,,,57.92,2020-09-30
2020-10-01 00:00:00,13.9,10.7,81.0,0.0,,0.0,0.0,,1014.2,,,57.02,2020-10-01
2020-10-01 01:00:00,12.2,10.6,90.0,0.0,,200.0,5.4,,1014.1,,,53.96,2020-10-01
2020-10-01 02:00:00,11.7,9.9,89.0,0.0,,0.0,0.0,,1014.2,,,53.06,2020-10-01
2020-10-01 03:00:00,11.1,10.0,93.0,0.0,,200.0,7.6,,1014.1,,,51.98,2020-10-01
2020-10-01 04:00:00,10.6,9.4,92.0,0.0,,190.0,7.6,,1013.9,,,51.08,2020-10-01
2020-10-01 05:00:00,10.6,9.4,92.0,0.0,,200.0,9.4,,1013.8,,,51.08,2020-10-01
2020-10-01 06:00:00,11.1,10.0,93.0,0.0,,220.0,7.6,,1014.1,,,51.98,2020-10-01
2020-10-01 07:00:00,11.1,10.0,93.0,0.0,,220.0,7.6,,1014.7,,,51.98,2020-10-01
2020-10-01 08:00:00,11.7,10.6,93.0,0.0,,210.0,9.4,,1014.9,,,53.06,2020-10-01
2020-10-01 09:00:00,14.4,12.3,87.0,0.0,,180.0,7.6,,1015.1,,,57.92,2020-10-01
2020-10-01 10:00:00,18.3,11.6,65.0,0.0,,250.0,9.4,,1015.3,,,64.94,2020-10-01
2020-10-01 11:00:00,21.1,12.3,57.0,0.0,,240.0,5.4,,1014.9,,,69.98,2020-10-01
2020-10-01 12:00:00,22.2,12.2,53.0,0.0,,240.0,14.8,,1014.8,,,71.96,2020-10-01
2020-10-01 13:00:00,23.3,12.3,50.0,0.0,,270.0,9.4,,1014.3,,,73.94,2020-10-01
2020-10-01 14:00:00,25.0,13.2,48.0,0.0,,180.0,5.4,,1013.6,,7.0,77.0,2020-10-01
2020-10-01 15:00:00,25.6,13.5,47.0,0.0,,90.0,9.4,,1012.9,,7.0,78.08,2020-10-01
2020-10-01 16:00:00,23.3,13.2,53.0,0.0,,0.0,0.0,,1012.6,,7.0,73.94,2020-10-01
2020-10-01 17:00:00,21.7,12.8,57.0,0.0,,10.0,11.2,,1012.1,,7.0,71.06,2020-10-01
2020-10-01 18:00:00,19.4,13.3,68.0,0.8333333333333334,,10.0,9.4,,1013.0,,7.0,66.92,2020-10-01
2020-10-01 19:00:00,18.3,14.0,76.0,1.6666666666666667,,10.0,7.6,,1013.1,,7.0,64.94,2020-10-01
2020-10-01 20:00:00,16.7,15.1,90.0,2.5,,50.0,5.4,,1013.4,,7.0,62.059999999999995,2020-10-01
2020-10-01 21:00:00,16.1,14.5,90.0,2.3,,0.0,0.0,,1014.2,,7.0,60.980000000000004,2020-10-01
2020-10-01 22:00:00,16.1,15.0,93.0,0.3,,0.0,0.0,,1014.9,,7.0,60.980000000000004,2020-10-01
2020-10-01 23:00:00,15.6,14.5,93.0,0.5,,90.0,5.4,,1015.3,,7.0,60.08,2020-10-01
2020-10-02 00:00:00,15.6,14.5,93.0,0.8,,0.0,0.0,,1015.4,,7.0,60.08,2020-10-02
2020-10-02 01:00:00,15.6,14.0,90.0,0.5,,0.0,0.0,,1015.7,,7.0,60.08,2020-10-02
2020-10-02 02:00:00,15.0,13.9,93.0,0.3,,0.0,0.0,,1015.7,,7.0,59.0,2020-10-02
2020-10-02 03:00:00,15.0,13.9,93.0,0.3,,0.0,0.0,,1015.7,,5.0,59.0,2020-10-02
2020-10-02 04:00:00,14.4,13.3,93.0,0.3,,40.0,9.4,,1014.5,,7.0,57.92,2020-10-02
2020-10-02 05:00:00,14.4,12.8,90.0,0.2,,0.0,0.0,,1015.0,,6.959183673469388,57.92,2020-10-02
2020-10-02 06:00:00,13.9,12.8,93.0,0.1,,0.0,0.0,,1015.9,,6.918367346938775,57.02,2020-10-02
2020-10-02 07:00:00,12.2,9.9,86.0,0.0,,0.0,0.0,,1016.4,,6.877551020408164,53.96,2020-10-02
2020-10-02 08:00:00,11.7,10.6,93.0,0.0,,0.0,0.0,,1017.1,,,53.06,2020-10-02
2020-10-02 09:00:00,15.0,10.0,72.0,0.0,,0.0,0.0,,1017.6,,,59.0,2020-10-02
2020-10-02 10:00:00,16.7,6.8,52.0,0.0,,180.0,5.4,,1017.9,,,62.059999999999995,2020-10-02
2020-10-02 11:00:00,16.7,5.0,46.0,0.0,,360.0,9.4,,1018.0,,,62.059999999999995,2020-10-02
2020-10-02 12:00:00,17.8,5.1,43.0,0.0,,360.0,14.8,,1018.0,,,64.04,2020-10-02
2020-10-02 13:00:00,18.3,5.5,43.0,0.0,,20.0,9.4,,1018.0,,,64.94,2020-10-02
2020-10-02 14:00:00,20.0,6.0,40.0,0.0,,20.0,13.0,,1017.5,,,68.0,2020-10-02
2020-10-02 15:00:00,20.0,6.0,40.0,0.0,,20.0,14.8,,1017.2,,,68.0,2020-10-02
2020-10-02 16:00:00,20.6,5.8,38.0,0.0,,20.0,13.0,,1017.0,,,69.08,2020-10-02
2020-10-02 17:00:00,20.0,5.6,39.0,0.0,,0.0,0.0,,1017.3,,,68.0,2020-10-02
2020-10-02 18:00:00,15.6,9.5,67.0,0.0,,0.0,0.0,,1017.7,,,60.08,2020-10-02
2020-10-02 19:00:00,13.9,9.3,74.0,0.0,,0.0,0.0,,1018.2,,,57.02,2020-10-02
2020-10-02 20:00:00,11.1,8.3,83.0,0.0,,0.0,0.0,,1018.6,,,51.98,2020-10-02
2020-10-02 21:00:00,11.7,9.4,86.0,0.0,,0.0,0.0,,1019.4,,,53.06,2020-10-02
2020-10-02 22:00:00,10.0,8.3,89.0,0.0,,0.0,0.0,,1020.2,,,50.0,2020-10-02
2020-10-02 23:00:00,8.9,7.2,89.0,0.0,,0.0,0.0,,1020.7,,,48.02,2020-10-02
2020-10-03 00:00:00,11.1,5.6,69.0,0.0,,360.0,5.4,,1020.8,,,51.98,2020-10-03
2020-10-03 01:00:00,10.0,5.6,74.0,0.0,,350.0,5.4,,1021.0,,,50.0,2020-10-03
2020-10-03 02:00:00,10.6,5.6,71.0,0.0,,0.0,0.0,,1021.5,,,51.08,2020-10-03
2020-10-03 03:00:00,8.9,6.2,83.0,0.0,,330.0,5.4,,1022.0,,,48.02,2020-10-03
2020-10-03 04:00:00,8.9,6.2,83.0,0.0,,0.0,0.0,,1021.9,,,48.02,2020-10-03
2020-10-03 05:00:00,7.8,6.1,89.0,0.0,,0.0,0.0,,1022.1,,,46.04,2020-10-03
2020-10-03 06:00:00,7.2,5.7,90.0,0.0,,0.0,0.0,,1022.4,,,44.96,2020-10-03
2020-10-03 07:00:00,6.7,5.6,93.0,0.0,,0.0,0.0,,1023.4,,,44.06,2020-10-03
2020-10-03 08:00:00,7.8,6.7,93.0,0.0,,0.0,0.0,,1024.1,,,46.04,2020-10-03
2020-10-03 09:00:00,12.2,7.9,75.0,0.0,,0.0,0.0,,1024.5,,,53.96,2020-10-03
2020-10-03 10:00:00,14.4,6.0,57.0,0.0,,40.0,7.6,,1024.9,,,57.92,2020-10-03
2020-10-03 11:00:00,15.0,5.5,53.0,0.0,,90.0,13.0,,1025.2,,,59.0,2020-10-03
2020-10-03 12:00:00,16.7,6.2,50.0,0.0,,100.0,14.8,,1024.6,,,62.059999999999995,2020-10-03
2020-10-03 13:00:00,17.8,6.0,46.0,0.0,,40.0,9.4,,1024.4,,,64.04,2020-10-03
2020-10-03 14:00:00,18.3,6.2,45.0,0.0,,0.0,0.0,,1023.7,,,64.94,2020-10-03
2020-10-03 15:00:00,17.8,6.6,48.0,0.0,,0.0,0.0,,1023.4,,,64.04,2020-10-03
2020-10-03 16:00:00,17.2,7.8,54.0,0.0,,0.0,0.0,,1023.0,,,62.959999999999994,2020-10-03
2020-10-03 17:00:00,18.9,6.0,43.0,0.0,,100.0,7.6,,1022.9,,,66.02,2020-10-03
2020-10-03 18:00:00,18.3,6.2,45.0,0.0,,0.0,0.0,,1023.1,,,64.94,2020-10-03
2020-10-03 19:00:00,12.8,8.9,77.0,0.0,,0.0,0.0,,1023.3,,,55.04,2020-10-03
2020-10-03 20:00:00,10.0,8.3,89.0,0.0,,0.0,0.0,,1023.5,,,50.0,2020-10-03
2020-10-03 21:00:00,10.0,8.3,89.0,0.0,,0.0,0.0,,1023.8,,,50.0,2020-10-03
2020-10-03 22:00:00,9.4,7.8,90.0,0.0,,0.0,0.0,,1023.9,,,48.92,2020-10-03
2020-10-03 23:00:00,8.3,6.8,90.0,0.0,,0.0,0.0,,1024.4,,,46.94,2020-10-03
2020-10-04 00:00:00,10.0,8.3,89.0,0.0,,170.0,5.4,,1024.4,,,50.0,2020-10-04
2020-10-04 01:00:00,10.0,7.8,86.0,0.0,,340.0,5.4,,1024.5,,,50.0,2020-10-04
2020-10-04 02:00:00,8.3,6.8,90.0,0.0,,0.0,0.0,,1024.0,,5.122448979591837,46.94,2020-10-04
2020-10-04 03:00:00,9.4,7.2,86.0,0.0,,350.0,7.6,,1024.0,,5.081632653061225,48.92,2020-10-04
2020-10-04 04:00:00,7.8,6.7,93.0,0.0,,0.0,0.0,,1023.8,,5.040816326530612,46.04,2020-10-04
2020-10-04 05:00:00,7.2,6.1,93.0,0.0,,0.0,0.0,,1023.5,,5.0,44.96,2020-10-04
2020-10-04 06:00:00,6.7,5.6,93.0,0.0,,0.0,0.0,,1023.7,,5.0,44.06,2020-10-04
2020-10-04 07:00:00,6.7,5.6,93.0,0.0,,0.0,0.0,,1024.0,,5.0,44.06,2020-10-04
2020-10-04 08:00:00,7.8,6.7,93.0,0.0,,0.0,0.0,,1024.3,,5.0,46.04,2020-10-04
2020-10-04 09:00:00,11.1,7.8,80.0,0.0,,30.0,9.4,,1024.1,,,51.98,2020-10-04
2020-10-04 10:00:00,13.9,9.3,74.0,0.0,,0.0,0.0,,1023.9,,,57.02,2020-10-04
2020-10-04 11:00:00,16.1,8.3,60.0,0.0,,20.0,5.4,,1023.7,,,60.980000000000004,2020-10-04
2020-10-04 12:00:00,17.8,8.4,54.0,0.0,,0.0,0.0,,1023.2,,,64.04,2020-10-04
2020-10-04 13:00:00,18.3,8.3,52.0,0.0,,0.0,0.0,,1022.2,,,64.94,2020-10-04
2020-10-04 14:00:00,20.6,9.5,49.0,0.0,,0.0,0.0,,1021.1,,,69.08,2020-10-04
2020-10-04 15:00:00,20.0,9.0,49.0,0.0,,0.0,5.4,,1019.8,,,68.0,2020-10-04
2020-10-04 16:00:00,20.6,8.3,45.0,0.0,,0.0,0.0,,1019.4,,,69.08,2020-10-04
2020-10-04 17:00:00,20.0,9.6,51.0,0.0,,130.0,7.6,,1019.0,,,68.0,2020-10-04
2020-10-04 18:00:00,18.9,9.9,56.0,0.0,,140.0,5.4,,1019.0,,,66.02,2020-10-04
2020-10-04 19:00:00,14.4,11.2,81.0,0.0,,0.0,0.0,,1019.4,,,57.92,2020-10-04
2020-10-04 20:00:00,13.3,11.2,87.0,0.0,,0.0,0.0,,1019.5,,,55.94,2020-10-04
2020-10-04 21:00:00,13.3,11.7,90.0,0.0,,0.0,0.0,,1019.7,,,55.94,2020-10-04
2020-10-04 22:00:00,12.8,11.0,89.0,0.0,,0.0,0.0,,1019.9,,,55.04,2020-10-04
2020-10-04 23:00:00,12.2,10.6,90.0,0.0,,0.0,0.0,,1019.9,,5.0,53.96,2020-10-04
2020-10-05 00:00:00,11.1,9.4,89.0,0.0,,0.0,0.0,,1019.8,,5.0,51.98,2020-10-05
2020-10-05 01:00:00,10.0,8.9,93.0,0.0,,0.0,0.0,,1019.4,,5.0,50.0,2020-10-05
2020-10-05 02:00:00,10.0,8.9,93.0,0.0,,0.0,0.0,,1019.5,,5.0,50.0,2020-10-05
2020-10-05 03:00:00,9.4,8.3,93.0,0.0,,0.0,0.0,,1019.3,,5.0,48.92,2020-10-05
2020-10-05 04:00:00,10.0,8.3,89.0,0.0,,0.0,0.0,,1019.5,,5.0,50.0,2020-10-05
2020-10-05 05:00:00,8.9,7.8,93.0,0.0,,0.0,0.0,,1020.1,,5.0,48.02,2020-10-05
2020-10-05 06:00:00,8.3,7.2,93.0,0.0,,0.0,0.0,,1020.7,,5.0,46.94,2020-10-05
2020-10-05 07:00:00,7.8,6.1,89.0,0.0,,140.0,5.4,,1021.4,,5.0,46.04,2020-10-05
2020-10-05 08:00:00,9.4,8.3,93.0,0.0,,80.0,5.4,,1021.9,,5.0,48.92,2020-10-05
2020-10-05 09:00:00,12.2,10.6,90.0,0.0,,170.0,7.6,,1022.6,,5.0,53.96,2020-10-05
2020-10-05 10:00:00,16.1,7.3,56.0,0.0,,330.0,9.4,,1023.2,,5.0,60.980000000000004,2020-10-05
2020-10-05 11:00:00,17.2,6.1,48.0,0.0,,330.0,16.6,,1023.4,,5.0,62.959999999999994,2020-10-05
2020-10-05 12:00:00,18.9,6.7,45.0,0.0,,30.0,11.2,,1023.3,,,66.02,2020-10-05
2020-10-05 13:00:00,18.9,6.7,45.0,0.0,,10.0,13.0,,1023.2,,,66.02,2020-10-05
2020-10-05 14:00:00,19.4,5.5,40.0,0.0,,10.0,9.4,,1022.3,,,66.92,2020-10-05
2020-10-05 15:00:00,20.0,5.6,39.0,0.0,,10.0,9.4,,1021.6,,,68.0,2020-10-05
2020-10-05 16:00:00,20.0,5.6,39.0,0.0,,50.0,9.4,,1021.4,,,68.0,2020-10-05
2020-10-05 17:00:00,20.6,5.8,38.0,0.0,,25.0,7.6,,1021.3,,,69.08,2020-10-05
2020-10-05 18:00:00,20.0,7.4,44.0,0.0,,0.0,0.0,,1021.4,,,68.0,2020-10-05
2020-10-05 19:00:00,12.8,8.3,74.0,0.0,,0.0,0.0,,1022.2,,,55.04,2020-10-05
2020-10-05 20:00:00,11.1,8.3,83.0,0.0,,0.0,0.0,,1022.6,,,51.98,2020-10-05
2020-10-05 21:00:00,10.0,8.3,89.0,0.0,,0.0,0.0,,1022.8,,5.0,50.0,2020-10-05
2020-10-05 22:00:00,9.4,7.8,90.0,0.0,,0.0,0.0,,1023.0,,5.0,48.92,2020-10-05
2020-10-05 23:00:00,9.4,7.8,90.0,0.0,,350.0,5.4,,1023.0,,5.0,48.92,2020-10-05
2020-10-06 00:00:00,10.0,7.8,86.0,0.0,,0.0,0.0,,1023.2,,5.0,50.0,2020-10-06
2020-10-06 01:00:00,8.9,7.2,89.0,0.0,,0.0,0.0,,1022.8,,5.0,48.02,2020-10-06
2020-10-06 02:00:00,8.3,7.2,93.0,0.0,,0.0,0.0,,1022.7,,5.0,46.94,2020-10-06
2020-10-06 03:00:00,8.3,7.2,93.0,0.0,,0.0,0.0,,1022.3,,5.0,46.94,2020-10-06
2020-10-06 04:00:00,8.9,7.2,89.0,0.0,,0.0,0.0,,1022.0,,5.0,48.02,2020-10-06
2020-10-06 05:00:00,7.8,6.7,93.0,0.0,,0.0,0.0,,1022.0,,5.0,46.04,2020-10-06
2020-10-06 06:00:00,7.2,6.1,93.0,0.0,,0.0,0.0,,1022.0,,5.0,44.96,2020-10-06
2020-10-06 07:00:00,6.1,5.1,93.0,0.0,,0.0,0.0,,1022.45,,5.0,42.980000000000004,2020-10-06
2020-10-06 08:00:00,7.2,6.1,93.0,0.0,,0.0,0.0,,1022.9,,5.021505376344086,44.96,2020-10-06
2020-10-06 09:00:00,10.6,8.9,89.0,0.0,,0.0,0.0,,1022.8,,5.043010752688172,51.08,2020-10-06
2020-10-06 10:00:00,14.4,9.4,72.0,0.0,,200.0,5.4,,1022.6,,5.064516129032258,57.92,2020-10-06
2020-10-06 11:00:00,17.2,8.3,56.0,0.0,,210.0,14.8,,1022.0,,,62.959999999999994,2020-10-06
2020-10-06 12:00:00,20.0,11.2,57.0,0.0,,260.0,13.0,,1021.2,,,68.0,2020-10-06
2020-10-06 13:00:00,21.7,11.7,53.0,0.0,,200.0,16.6,,1020.3,,,71.06,2020-10-06
2020-10-06 14:00:00,23.3,11.0,46.0,0.0,,220.0,14.8,,1019.0,,,73.94,2020-10-06
2020-10-06 15:00:00,23.9,11.2,45.0,0.0,,205.0,7.0,,1018.3,,,75.02,2020-10-06
2020-10-06 16:00:00,23.9,11.2,45.0,0.0,,190.0,7.6,,1017.5,,,75.02,2020-10-06
2020-10-06 17:00:00,23.3,12.3,50.0,0.0,,190.0,16.6,,1017.1,,,73.94,2020-10-06
2020-10-06 18:00:00,22.2,13.3,57.0,0.0,,200.0,9.4,,1016.8,,,71.96,2020-10-06
2020-10-06 19:00:00,18.3,14.0,76.0,0.0,,200.0,5.4,,1017.2,,,64.94,2020-10-06
2020-10-06 20:00:00,16.1,13.9,87.0,0.0,,0.0,0.0,,1017.5,,,60.980000000000004,2020-10-06
2020-10-06 21:00:00,15.0,13.4,90.0,0.0,,0.0,0.0,,1017.4,,,59.0,2020-10-06
2020-10-06 22:00:00,15.6,13.3,86.0,0.0,,230.0,5.4,,1017.5,,,60.08,2020-10-06
2020-10-06 23:00:00,13.3,12.2,93.0,0.0,,0.0,0.0,,1017.5,,,55.94,2020-10-06
2020-10-07 00:00:00,14.4,12.8,90.0,0.0,,0.0,0.0,,1016.9,,,57.92,2020-10-07
2020-10-07 01:00:00,13.3,11.7,90.0,0.0,,210.0,7.6,,1016.2,,,55.94,2020-10-07
2020-10-07 02:00:00,15.0,12.9,87.0,0.0,,240.0,7.6,,1015.6,,,59.0,2020-10-07
2020-10-07 03:00:00,15.6,13.3,86.0,0.0,,240.0,11.2,,1015.2,,,60.08,2020-10-07
2020-10-07 04:00:00,14.4,12.8,90.0,0.0,,220.0,7.6,,1014.9,,,57.92,2020-10-07
2020-10-07 05:00:00,13.3,12.2,93.0,0.0,,230.0,5.4,,1015.0,,,55.94,2020-10-07
2020-10-07 06:00:00,13.3,11.7,90.0,0.0,,230.0,7.6,,1014.9,,,55.94,2020-10-07
2020-10-07 07:00:00,12.2,11.1,93.0,0.0,,210.0,7.6,,1015.1,,,53.96,2020-10-07
2020-10-07 08:00:00,12.8,11.0,89.0,0.0,,200.0,9.4,,1015.4,,,55.04,2020-10-07
2020-10-07 09:00:00,16.7,13.2,80.0,0.0,,235.0,5.4,,1015.4,,,62.059999999999995,2020-10-07
2020-10-07 10:00:00,20.6,13.3,63.0,0.0,,270.0,9.4,,1015.2,,,69.08,2020-10-07
2020-10-07 11:00:00,22.8,12.7,53.0,0.0,,270.0,14.8,,1014.8,,,73.04,2020-10-07
2020-10-07 12:00:00,24.4,11.7,45.0,0.0,,250.0,18.4,,1014.3,,,75.92,2020-10-07
2020-10-07 13:00:00,25.0,11.6,43.0,0.0,,240.0,20.5,,1013.6,,,77.0,2020-10-07
2020-10-07 14:00:00,26.1,11.8,41.0,0.0,,230.0,18.4,,1012.3,,,78.98,2020-10-07
2020-10-07 15:00:00,27.2,11.2,37.0,0.0,,240.0,14.8,,1011.2,,,80.96,2020-10-07
2020-10-07 16:00:00,27.8,11.8,37.0,0.0,,230.0,14.8,,1010.8,,,82.04,2020-10-07
2020-10-07 17:00:00,27.2,11.2,37.0,0.0,,230.0,13.0,,1010.4,,,80.96,2020-10-07
2020-10-07 18:00:00,26.1,11.1,39.0,0.0,,230.0,11.2,,1010.6,,,78.98,2020-10-07
2020-10-07 19:00:00,23.9,11.2,45.0,0.0,,240.0,7.6,,1011.3,,,75.02,2020-10-07
2020-10-07 20:00:00,21.1,10.6,51.0,0.0,,210.0,5.4,,1011.8,,,69.98,2020-10-07
2020-10-07 21:00:00,20.6,11.2,55.0,0.0,,200.0,7.6,,1012.0,,,69.08,2020-10-07
2020-10-07 22:00:00,18.9,11.2,61.0,0.0,,220.0,5.4,,1012.8,,,66.02,2020-10-07
2020-10-07 23:00:00,20.0,11.2,57.0,0.0,,260.0,7.6,,1013.1,,,68.0,2020-10-07
2020-10-08 00:00:00,16.1,11.7,75.0,0.0,,180.0,7.6,,1013.3,,,60.980000000000004,2020-10-08
2020-10-08 01:00:00,14.4,11.7,84.0,0.0,,190.0,5.4,,1013.6,,,57.92,2020-10-08
2020-10-08 02:00:00,14.4,12.3,87.0,0.0,,0.0,0.0,,1013.8,,,57.92,2020-10-08
2020-10-08 03:00:00,15.6,12.7,83.0,0.0,,200.0,11.2,,1014.4,,,60.08,2020-10-08
2020-10-08 04:00:00,13.3,11.7,90.0,0.0,,0.0,0.0,,1014.9,,,55.94,2020-10-08
2020-10-08 05:00:00,17.8,12.9,73.0,0.0,,240.0,9.4,,1015.2,,,64.04,2020-10-08
2020-10-08 06:00:00,17.8,12.9,73.0,0.0,,250.0,7.6,,1015.8,,,64.04,2020-10-08
2020-10-08 07:00:00,13.3,11.7,90.0,0.0,,0.0,0.0,,1016.6,,,55.94,2020-10-08
2020-10-08 08:00:00,13.3,11.7,90.0,0.0,,0.0,0.0,,1017.7,,,55.94,2020-10-08
2020-10-08 09:00:00,18.3,14.0,76.0,0.0,,0.0,0.0,,1018.4,,,64.94,2020-10-08
2020-10-08 10:00:00,22.2,12.2,53.0,0.0,,340.0,7.6,,1018.6,,,71.96,2020-10-08
2020-10-08 11:00:00,23.9,9.1,39.0,0.0,,0.0,0.0,,1018.5,,,75.02,2020-10-08
2020-10-08 12:00:00,24.4,8.8,37.0,0.0,,330.0,5.4,,1018.7,,,75.92,2020-10-08
2020-10-08 13:00:00,25.0,7.6,33.0,0.0,,330.0,11.2,,1018.5,,,77.0,2020-10-08
2020-10-08 14:00:00,26.1,6.2,28.0,0.0,,310.0,13.0,,1017.6,,,78.98,2020-10-08
2020-10-08 15:00:00,26.7,6.7,28.0,0.0,,290.0,5.4,,1017.2,,,80.06,2020-10-08
2020-10-08 16:00:00,27.2,6.6,27.0,0.0,,270.0,18.0,,1016.7,,,80.96,2020-10-08
2020-10-08 17:00:00,26.7,6.2,27.0,0.0,,270.0,13.0,,1016.7,,,80.06,2020-10-08
2020-10-08 18:00:00,23.3,7.4,36.0,0.0,,0.0,0.0,,1017.5,,,73.94,2020-10-08
2020-10-08 19:00:00,16.1,9.5,65.0,0.0,,0.0,0.0,,1018.7,,,60.980000000000004,2020-10-08
2020-10-08 20:00:00,15.0,8.2,64.0,0.0,,320.0,9.4,,1019.6,,,59.0,2020-10-08
2020-10-08 21:00:00,13.9,8.9,72.0,0.0,,0.0,0.0,,1020.5,,,57.02,2020-10-08
2020-10-08 22:00:00,13.3,9.9,80.0,0.0,,10.0,5.4,,1021.3,,,55.94,2020-10-08
2020-10-08 23:00:00,15.6,9.5,67.0,0.0,,20.0,7.6,,1022.1,,,60.08,2020-10-08
2020-10-09 00:00:00,15.0,8.2,64.0,0.0,,20.0,7.6,,1022.5,,,59.0,2020-10-09
2020-10-09 01:00:00,12.2,8.9,80.0,0.0,,0.0,0.0,,1022.9,,,53.96,2020-10-09
2020-10-09 02:00:00,12.8,8.3,74.0,0.0,,330.0,7.6,,1023.4,,,55.04,2020-10-09
2020-10-09 03:00:00,11.7,8.4,80.0,0.0,,0.0,0.0,,1023.4,,,53.06,2020-10-09
2020-10-09 04:00:00,10.0,7.8,86.0,0.0,,330.0,5.4,,1023.1,,,50.0,2020-10-09
2020-10-09 05:00:00,9.4,7.2,86.0,0.0,,0.0,0.0,,1023.7,,,48.92,2020-10-09
2020-10-09 06:00:00,8.3,6.8,90.0,0.0,,0.0,0.0,,1024.0,,,46.94,2020-10-09
2020-10-09 07:00:00,8.3,6.8,90.0,0.0,,0.0,0.0,,1024.8,,,46.94,2020-10-09
2020-10-09 08:00:00,8.3,7.2,93.0,0.0,,0.0,0.0,,1025.3,,,46.94,2020-10-09
2020-10-09 09:00:00,12.8,10.0,83.0,0.0,,0.0,0.0,,1025.6,,,55.04,2020-10-09
2020-10-09 10:00:00,16.7,9.4,62.0,0.0,,0.0,0.0,,1025.8,,,62.059999999999995,2020-10-09
2020-10-09 11:00:00,18.3,6.8,47.0,0.0,,210.0,5.4,,1025.7,,,64.94,2020-10-09
2020-10-09 12:00:00,19.4,6.8,44.0,0.0,,230.0,11.2,,1025.6,,,66.92,2020-10-09
2020-10-09 13:00:00,20.6,7.2,42.0,0.0,,180.0,9.4,,1024.8,,,69.08,2020-10-09
2020-10-09 14:00:00,21.1,6.6,39.0,0.0,,180.0,13.0,,1024.0,,,69.98,2020-10-09
2020-10-09 15:00:00,20.0,8.3,47.0,0.0,,190.0,7.6,,1023.3,,,68.0,2020-10-09
2020-10-09 16:00:00,20.0,7.7,45.0,0.0,,210.0,11.2,,1022.8,,,68.0,2020-10-09
2020-10-09 17:00:00,19.4,9.0,51.0,0.0,,190.0,9.4,,1022.8,,,66.92,2020-10-09
2020-10-09 18:00:00,18.3,11.6,65.0,0.0,,210.0,5.4,,1022.6,,,64.94,2020-10-09
2020-10-09 19:00:00,15.0,11.8,81.0,0.0,,0.0,0.0,,1022.6,,,59.0,2020-10-09
2020-10-09 20:00:00,13.9,11.8,87.0,0.0,,0.0,0.0,,1022.8,,,57.02,2020-10-09
2020-10-09 21:00:00,14.4,12.3,87.0,0.0,,0.0,0.0,,1022.7,,,57.92,2020-10-09
2020-10-09 22:00:00,14.4,12.3,87.0,0.0,,0.0,0.0,,1022.4,,,57.92,2020-10-09
2020-10-09 23:00:00,15.0,12.9,87.0,0.0,,0.0,0.0,,1022.0,,,59.0,2020-10-09
2020-10-10 00:00:00,15.0,12.1,83.0,0.0,,0.0,0.0,,1021.8,,,59.0,2020-10-10
2020-10-10 01:00:00,15.0,12.9,87.0,0.0,,0.0,0.0,,1021.0,,6.935483870967742,59.0,2020-10-10
2020-10-10 02:00:00,15.0,12.9,87.0,0.0,,0.0,0.0,,1020.7,,6.956989247311828,59.0,2020-10-10
2020-10-10 03:00:00,15.0,12.9,87.0,0.2,,0.0,0.0,,1020.8,,6.978494623655914,59.0,2020-10-10
2020-10-10 04:00:00,15.0,12.9,87.0,0.4,,210.0,5.4,,1020.5,,7.0,59.0,2020-10-10
2020-10-10 05:00:00,15.0,13.4,90.0,0.6000000000000001,,0.0,0.0,,1020.2,,8.0,59.0,2020-10-10
2020-10-10 06:00:00,15.0,13.4,90.0,0.8,,0.0,0.0,,1020.4,,7.0,59.0,2020-10-10
2020-10-10 07:00:00,15.0,13.9,93.0,1.0,,190.0,7.6,,1020.7,,7.0,59.0,2020-10-10
2020-10-10 08:00:00,15.0,13.4,90.0,0.5,,200.0,5.4,,1020.8,,7.0,59.0,2020-10-10
2020-10-10 09:00:00,15.6,14.0,90.0,0.5,,0.0,0.0,,1020.7,,7.0,60.08,2020-10-10
2020-10-10 10:00:00,16.1,14.5,90.0,0.5,,190.0,9.4,,1020.6,,7.0,60.980000000000004,2020-10-10
2020-10-10 11:00:00,16.7,15.6,93.0,0.3,,210.0,7.6,,1020.3,,5.0,62.059999999999995,2020-10-10
2020-10-10 12:00:00,17.8,16.1,90.0,0.3,,200.0,9.4,,1019.9,,7.0,64.04,2020-10-10
2020-10-10 13:00:00,18.3,16.6,90.0,0.5333333333333333,,210.0,7.6,,1019.8,,7.0,64.94,2020-10-10
2020-10-10 14:00:00,18.3,16.6,90.0,0.7666666666666666,,230.0,7.6,,1019.1,,8.0,64.94,2020-10-10
2020-10-10 15:00:00,18.3,17.1,93.0,1.0,,220.0,5.4,,1019.0,,7.0,64.94,2020-10-10
2020-10-10 16:00:00,18.9,17.2,90.0,0.8,,0.0,0.0,,1018.6,,7.0,66.02,2020-10-10
2020-10-10 17:00:00,18.3,17.1,93.0,1.8,,200.0,5.4,,1018.3,,7.0,64.94,2020-10-10
2020-10-10 18:00:00,18.3,17.1,93.0,0.8,,200.0,7.6,,1018.4,,7.0,64.94,2020-10-10
2020-10-10 19:00:00,18.3,17.1,93.0,0.3,,0.0,0.0,,1017.9,,7.0,64.94,2020-10-10
2020-10-10 20:00:00,17.8,16.7,93.0,0.5,,210.0,5.4,,1017.7,,7.0,64.04,2020-10-10
2020-10-10 21:00:00,17.8,16.7,93.0,0.3,,0.0,0.0,,1017.7,,7.0,64.04,2020-10-10
2020-10-10 22:00:00,18.3,17.1,93.0,0.5,,180.0,11.2,,1018.3,,7.0,64.94,2020-10-10
2020-10-10 23:00:00,18.3,17.1,93.0,0.3,,0.0,0.0,,1018.1,,7.0,64.94,2020-10-10
2020-10-11 00:00:00,18.3,17.1,93.0,0.5,,220.0,7.6,,1018.0,,7.0,64.94,2020-10-11
2020-10-11 01:00:00,18.3,17.1,93.0,0.4,,170.0,7.6,,1017.6,,7.0,64.94,2020-10-11
2020-10-11 02:00:00,18.3,17.1,93.0,0.3,,0.0,0.0,,1017.2,,7.0,64.94,2020-10-11
2020-10-11 03:00:00,18.3,17.1,93.0,0.55,,0.0,0.0,,1016.8,,7.0,64.94,2020-10-11
2020-10-11 04:00:00,18.3,17.1,93.0,0.8,,0.0,0.0,,1016.4,,7.0,64.94,2020-10-11
2020-10-11 05:00:00,18.3,17.1,93.0,1.3,,220.0,5.4,,1016.3,,7.0,64.94,2020-10-11
2020-10-11 06:00:00,18.3,17.1,93.0,2.3,,0.0,0.0,,1016.2,,7.0,64.94,2020-10-11
2020-10-11 07:00:00,17.8,16.7,93.0,0.8,,0.0,0.0,,1016.3,,5.0,64.04,2020-10-11
2020-10-11 08:00:00,17.8,16.7,93.0,0.8,,0.0,0.0,,1016.3,,7.0,64.04,2020-10-11
2020-10-11 09:00:00,18.3,17.1,93.0,1.175,,10.0,7.6,,1016.5,,5.0,64.94,2020-10-11
2020-10-11 10:00:00,20.0,17.8,87.0,1.5499999999999998,,30.0,7.6,,1016.7,,6.5,68.0,2020-10-11
2020-10-11 11:00:00,19.4,17.2,87.0,1.9249999999999998,,60.0,7.6,,1016.5,,8.0,66.92,2020-10-11
2020-10-11 12:00:00,18.9,17.7,93.0,2.3,,60.0,7.6,,1016.0,,7.0,66.02,2020-10-11
2020-10-11 13:00:00,19.4,17.9,91.0,0.8,,50.0,9.4,,1015.8,,7.0,66.92,2020-10-11
2020-10-11 14:00:00,18.3,16.6,90.0,2.3,,130.0,20.5,,1015.3,,8.0,64.94,2020-10-11
2020-10-11 15:00:00,17.8,16.1,90.0,1.3,,100.0,9.4,,1014.8,,9.0,64.04,2020-10-11
2020-10-11 16:00:00,17.2,16.1,93.0,0.5,,50.0,16.6,,1014.3,,7.0,62.959999999999994,2020-10-11
2020-10-11 17:00:00,17.8,16.1,90.0,2.5,,20.0,18.4,,1013.8,,7.0,64.04,2020-10-11
2020-10-11 18:00:00,17.8,16.7,93.0,1.3,,30.0,13.0,,1013.9,,7.0,64.04,2020-10-11
2020-10-11 19:00:00,18.3,16.6,90.0,1.3,,50.0,14.8,,1013.8,,7.0,64.94,2020-10-11
2020-10-11 20:00:00,18.3,17.1,93.0,1.3,,40.0,13.0,,1013.9,,7.0,64.94,2020-10-11
2020-10-11 21:00:00,18.3,17.1,93.0,0.5,,40.0,13.0,,1013.6,,7.0,64.94,2020-10-11
2020-10-11 22:00:00,18.3,17.1,93.0,1.3,,60.0,11.2,,1013.7,,7.0,64.94,2020-10-11
2020-10-11 23:00:00,18.3,17.1,93.0,0.8,,20.0,9.4,,1013.6,,7.0,64.94,2020-10-11
2020-10-12 00:00:00,18.3,17.1,93.0,1.0,,20.0,11.2,,1013.2,,7.0,64.94,2020-10-12
2020-10-12 01:00:00,18.3,17.1,93.0,1.3,,20.0,14.8,,1012.8,,7.0,64.94,2020-10-12
2020-10-12 02:00:00,18.3,17.1,93.0,0.5,,20.0,13.0,,1012.6,,7.0,64.94,2020-10-12
2020-10-12 03:00:00,18.3,17.1,93.0,0.5,,20.0,14.8,,1012.2,,7.0,64.94,2020-10-12
2020-10-12 04:00:00,18.3,17.1,93.0,0.3,,30.0,14.8,,1011.5,,5.0,64.94,2020-10-12
2020-10-12 05:00:00,18.3,17.1,93.0,0.3,,20.0,14.8,,1011.5,,5.0,64.94,2020-10-12
2020-10-12 06:00:00,18.3,16.6,90.0,0.5,,30.0,13.0,,1011.6,,5.0,64.94,2020-10-12
2020-10-12 07:00:00,18.3,16.6,90.0,0.0,,20.0,14.8,,1012.0,,5.0,64.94,2020-10-12
2020-10-12 08:00:00,18.3,16.6,90.0,0.0,,30.0,14.8,,1012.3,,5.0,64.94,2020-10-12
2020-10-12 09:00:00,18.3,16.6,90.0,0.0,,30.0,14.8,,1012.7,,5.0,64.94,2020-10-12
2020-10-12 10:00:00,18.9,17.2,90.0,0.0,,30.0,18.4,,1013.0,,5.0,66.02,2020-10-12
2020-10-12 11:00:00,18.9,17.2,90.0,0.0,,30.0,14.8,,1012.8,,6.0,66.02,2020-10-12
2020-10-12 12:00:00,19.4,17.2,87.0,0.0,,50.0,13.0,,1013.1,,7.0,66.92,2020-10-12
2020-10-12 13:00:00,18.9,17.2,90.0,0.15,,20.0,14.8,,1013.1,,6.875,66.02,2020-10-12
2020-10-12 14:00:00,19.4,17.2,87.0,0.3,,30.0,9.4,,1012.4,,6.75,66.92,2020-10-12
2020-10-12 15:00:00,19.4,16.6,84.0,0.0,,40.0,14.8,,1011.8,,6.625,66.92,2020-10-12
2020-10-12 16:00:00,19.4,16.1,81.0,0.0,,30.0,14.8,,1012.2,,,66.92,2020-10-12
2020-10-12 17:00:00,19.4,16.1,81.0,0.0,,30.0,13.0,,1012.0,,,66.92,2020-10-12
2020-10-12 18:00:00,18.3,15.5,84.0,0.0,,40.0,20.5,,1012.2,,,64.94,2020-10-12
2020-10-12 19:00:00,17.8,15.1,84.0,0.0,,50.0,13.0,,1012.8,,,64.04,2020-10-12
2020-10-12 20:00:00,16.7,14.3,86.0,0.0,,40.0,13.0,,1013.3,,,62.059999999999995,2020-10-12
2020-10-12 21:00:00,16.7,14.3,86.0,0.0,,50.0,14.8,,1013.6,,,62.059999999999995,2020-10-12
2020-10-12 22:00:00,16.1,13.9,87.0,0.0,,40.0,16.6,,1013.6,,,60.980000000000004,2020-10-12
2020-10-12 23:00:00,15.0,13.4,90.0,0.0,,40.0,14.8,,1013.8,,,59.0,2020-10-12
2020-10-13 00:00:00,15.0,12.9,87.0,0.0,,360.0,5.4,,1014.1,,,59.0,2020-10-13
2020-10-13 01:00:00,15.0,13.4,90.0,0.0,,80.0,7.6,,1014.0,,5.375,59.0,2020-10-13
2020-10-13 02:00:00,15.0,13.4,90.0,0.0,,0.0,0.0,,1013.6,,5.25,59.0,2020-10-13
2020-10-13 03:00:00,15.0,13.4,90.0,0.0,,0.0,0.0,,1013.1,,5.125,59.0,2020-10-13
2020-10-13 04:00:00,15.0,13.9,93.0,0.0,,270.0,5.4,,1013.3,,5.0,59.0,2020-10-13
2020-10-13 05:00:00,14.4,13.9,97.0,0.0,,210.0,5.4,,1012.8,,5.0,57.92,2020-10-13
2020-10-13 06:00:00,14.4,13.9,97.0,0.0,,180.0,5.4,,1012.9,,5.0,57.92,2020-10-13
2020-10-13 07:00:00,14.4,13.9,97.0,0.0,,210.0,7.6,,1013.4,,5.0,57.92,2020-10-13
2020-10-13 08:00:00,15.0,13.9,93.0,0.0,,0.0,0.0,,1013.5,,5.0,59.0,2020-10-13
2020-10-13 09:00:00,15.6,14.5,93.0,0.0,,260.0,5.4,,1014.05,,5.0,60.08,2020-10-13
2020-10-13 10:00:00,16.7,15.1,90.0,0.0,,262.0,7.6,,1014.6,,5.0,62.059999999999995,2020-10-13
2020-10-13 11:00:00,21.1,16.1,73.0,0.0,,264.0,7.6,,1014.7,,5.0,69.98,2020-10-13
2020-10-13 12:00:00,23.3,15.6,62.0,0.0,,266.0,11.2,,1014.4,,5.0,73.94,2020-10-13
2020-10-13 13:00:00,23.9,14.3,55.0,0.0,,268.0,9.4,,1013.9,,,75.02,2020-10-13
2020-10-13 14:00:00,25.0,13.9,50.0,0.0,,270.0,11.2,,1013.4,,,77.0,2020-10-13
2020-10-13 15:00:00,24.4,12.4,47.0,0.0,,270.0,14.8,,1013.3,,,75.92,2020-10-13
2020-10-13 16:00:00,23.9,11.2,45.0,0.0,,260.0,9.4,,1013.7,,,75.02,2020-10-13
2020-10-13 17:00:00,23.3,10.0,43.0,0.0,,260.0,7.6,,1013.7,,,73.94,2020-10-13
2020-10-13 18:00:00,21.7,9.9,47.0,0.0,,300.0,5.4,,1013.9,,,71.06,2020-10-13
2020-10-13 19:00:00,17.8,10.7,63.0,0.0,,300.0,7.6,,1014.4,,,64.04,2020-10-13
2020-10-13 20:00:00,17.2,8.9,58.0,0.0,,300.0,7.6,,1015.4,,,62.959999999999994,2020-10-13
2020-10-13 21:00:00,13.3,9.9,80.0,0.0,,330.0,5.4,,1016.0,,,55.94,2020-10-13
2020-10-13 22:00:00,15.0,6.0,55.0,0.0,,320.0,7.6,,1016.0,,,59.0,2020-10-13
2020-10-13 23:00:00,11.7,7.2,74.0,0.0,,0.0,0.0,,1016.3,,,53.06,2020-10-13
2020-10-14 00:00:00,13.9,5.0,55.0,0.0,,0.0,0.0,,1016.3,,,57.02,2020-10-14
2020-10-14 01:00:00,10.6,5.6,71.0,0.0,,310.0,5.4,,1017.0,,,51.08,2020-10-14
2020-10-14 02:00:00,8.3,6.1,86.0,0.0,,0.0,0.0,,1017.5,,,46.94,2020-10-14
2020-10-14 03:00:00,6.7,5.0,89.0,0.0,,0.0,0.0,,1017.8,,,44.06,2020-10-14
2020-10-14 04:00:00,6.1,5.1,93.0,0.0,,0.0,0.0,,1017.9,,,42.980000000000004,2020-10-14
2020-10-14 05:00:00,6.7,5.0,89.0,0.0,,0.0,0.0,,1017.9,,,44.06,2020-10-14
2020-10-14 06:00:00,5.6,3.9,89.0,0.0,,0.0,0.0,,1018.6,,,42.08,2020-10-14
2020-10-14 07:00:00,6.1,5.1,93.0,0.0,,0.0,0.0,,1019.1,,,42.980000000000004,2020-10-14
2020-10-14 08:00:00,7.2,5.7,90.0,0.0,,0.0,0.0,,1019.5,,,44.96,2020-10-14
2020-10-14 09:00:00,13.3,9.4,77.0,0.0,,0.0,0.0,,1019.8,,,55.94,2020-10-14
2020-10-14 10:00:00,17.8,7.2,50.0,0.0,,0.0,0.0,,1019.8,,,64.04,2020-10-14
2020-10-14 11:00:00,18.9,5.7,42.0,0.0,,0.0,5.4,,1020.1,,,66.02,2020-10-14
2020-10-14 12:00:00,20.6,5.8,38.0,0.0,,0.0,0.0,,1019.7,,,69.08,2020-10-14
2020-10-14 13:00:00,22.8,5.7,33.0,0.0,,0.0,0.0,,1019.0,,,73.04,2020-10-14
2020-10-14 14:00:00,23.9,5.7,31.0,0.0,,0.0,0.0,,1018.3,,,75.02,2020-10-14
2020-10-14 15:00:00,23.9,8.3,37.0,0.0,,0.0,0.0,,1017.3,,,75.02,2020-10-14
2020-10-14 16:00:00,23.9,7.1,34.0,0.0,,190.0,13.0,,1017.3,,,75.02,2020-10-14
2020-10-14 17:00:00,23.3,7.8,37.0,0.0,,200.0,14.8,,1017.1,,,73.94,2020-10-14
2020-10-14 18:00:00,20.6,9.5,49.0,0.0,,190.0,7.6,,1017.2,,,69.08,2020-10-14
2020-10-14 19:00:00,16.1,10.6,70.0,0.0,,210.0,5.4,,1017.5,,,60.980000000000004,2020-10-14
2020-10-14 20:00:00,14.4,9.4,72.0,0.0,,220.0,5.4,,1017.8,,,57.92,2020-10-14
2020-10-14 21:00:00,12.8,9.4,80.0,0.0,,0.0,0.0,,1017.6,,,55.04,2020-10-14
2020-10-14 22:00:00,12.2,9.4,83.0,0.0,,0.0,0.0,,1017.9,,,53.96,2020-10-14
2020-10-14 23:00:00,10.6,8.9,89.0,0.0,,0.0,0.0,,1018.1,,,51.08,2020-10-14
2020-10-15 00:00:00,11.1,8.3,83.0,0.0,,0.0,0.0,,1017.6,,,51.98,2020-10-15
2020-10-15 01:00:00,10.6,8.4,86.0,0.0,,0.0,0.0,,1017.2,,,51.08,2020-10-15
2020-10-15 02:00:00,9.4,7.8,90.0,0.0,,0.0,0.0,,1017.3,,,48.92,2020-10-15
2020-10-15 03:00:00,10.6,8.4,86.0,0.0,,200.0,7.6,,1016.9,,5.0,51.08,2020-10-15
2020-10-15 04:00:00,10.6,8.9,89.0,0.0,,200.0,7.6,,1016.5,,5.0,51.08,2020-10-15
2020-10-15 05:00:00,9.4,8.3,93.0,0.0,,0.0,0.0,,1016.7,,5.0,48.92,2020-10-15
2020-10-15 06:00:00,10.0,8.3,89.0,0.0,,0.0,0.0,,1016.7,,5.0,50.0,2020-10-15
2020-10-15 07:00:00,8.9,7.8,93.0,0.0,,0.0,0.0,,1017.1,,5.0,48.02,2020-10-15
2020-10-15 08:00:00,11.1,10.0,93.0,0.0,,200.0,9.4,,1017.3,,5.0,51.98,2020-10-15
2020-10-15 09:00:00,13.3,12.2,93.0,0.0,,200.0,16.6,,1017.5,,5.066666666666666,55.94,2020-10-15
2020-10-15 10:00:00,17.2,13.9,81.0,0.0,,210.0,13.0,,1017.7,,5.133333333333334,62.959999999999994,2020-10-15
2020-10-15 11:00:00,20.0,14.4,70.0,0.0,,190.0,20.5,,1017.1,,5.2,68.0,2020-10-15
2020-10-15 12:00:00,22.2,15.1,64.0,0.0,,200.0,22.3,,1016.6,,,71.96,2020-10-15
2020-10-15 13:00:00,23.3,15.6,62.0,0.0,,200.0,20.5,,1015.8,,,73.94,2020-10-15
2020-10-15 14:00:00,23.3,16.1,64.0,0.0,,190.0,13.0,,1014.8,,,73.94,2020-10-15
2020-10-15 15:00:00,23.9,16.2,62.0,0.0,,190.0,24.1,,1014.0,,,75.02,2020-10-15
2020-10-15 16:00:00,23.3,16.1,64.0,0.0,,200.0,16.6,,1013.9,,,73.94,2020-10-15
2020-10-15 17:00:00,22.8,16.1,66.0,0.0,,210.0,18.4,,1013.9,,,73.04,2020-10-15
2020-10-15 18:00:00,22.2,17.1,73.0,0.0,,200.0,14.8,,1013.9,,,71.96,2020-10-15
2020-10-15 19:00:00,20.6,17.2,81.0,0.0,,230.0,5.4,,1014.1,,,69.08,2020-10-15
2020-10-15 20:00:00,18.9,16.7,87.0,0.0,,190.0,5.4,,1014.5,,,66.02,2020-10-15
2020-10-15 21:00:00,17.8,16.1,90.0,0.0,,0.0,0.0,,1014.8,,,64.04,2020-10-15
2020-10-15 22:00:00,19.4,17.2,87.0,0.0,,190.0,5.4,,1015.1,,,66.92,2020-10-15
2020-10-15 23:00:00,19.4,17.2,87.0,0.0,,210.0,7.6,,1014.9,,,66.92,2020-10-15
2020-10-16 00:00:00,19.4,17.2,87.0,0.0,,180.0,7.6,,1014.8,,,66.92,2020-10-16
2020-10-16 01:00:00,19.4,17.2,87.0,0.0,,170.0,14.8,,1014.4,,,66.92,2020-10-16
2020-10-16 02:00:00,18.3,17.1,93.0,0.0,,210.0,7.6,,1014.5,,,64.94,2020-10-16
2020-10-16 03:00:00,18.9,17.2,90.0,0.0,,0.0,0.0,,1014.3,,,66.02,2020-10-16
2020-10-16 04:00:00,18.9,17.2,90.0,0.0,,0.0,0.0,,1014.2,,,66.02,2020-10-16
2020-10-16 05:00:00,18.3,11.6,65.0,0.0,,360.0,13.0,,1015.1,,,64.94,2020-10-16
2020-10-16 06:00:00,16.7,9.4,62.0,0.0,,350.0,7.6,,1016.0,,,62.059999999999995,2020-10-16
2020-10-16 07:00:00,16.1,8.3,60.0,0.0,,350.0,9.4,,1017.0,,,60.980000000000004,2020-10-16
2020-10-16 08:00:00,15.6,7.9,60.0,0.0,,10.0,7.6,,1017.7,,,60.08,2020-10-16
2020-10-16 09:00:00,15.6,6.6,55.0,0.0,,10.0,9.4,,1018.3,,,60.08,2020-10-16
2020-10-16 10:00:00,16.1,6.2,52.0,0.0,,10.0,11.2,,1019.1,,,60.980000000000004,2020-10-16
2020-10-16 11:00:00,16.7,6.2,50.0,0.0,,10.0,14.8,,1019.2,,6.8,62.059999999999995,2020-10-16
2020-10-16 12:00:00,18.9,6.7,45.0,0.0,,15.0,11.2,,1019.0,,6.866666666666667,66.02,2020-10-16
2020-10-16 13:00:00,20.0,7.4,44.0,0.0,,20.0,9.4,,1018.9,,6.933333333333334,68.0,2020-10-16
2020-10-16 14:00:00,19.4,6.8,44.0,0.0,,20.0,11.2,,1018.3,,7.0,66.92,2020-10-16
2020-10-16 15:00:00,16.1,6.2,52.0,0.0,,320.0,13.0,,1018.1,,6.833333333333333,60.980000000000004,2020-10-16
2020-10-16 16:00:00,14.4,6.0,57.0,0.0,,10.0,11.2,,1018.4,,6.666666666666667,57.92,2020-10-16
2020-10-16 17:00:00,13.9,6.0,59.0,0.0,,30.0,7.6,,1018.6,,6.5,57.02,2020-10-16
2020-10-16 18:00:00,13.9,6.7,62.0,0.0,,30.0,5.4,,1019.5,,,57.02,2020-10-16
2020-10-16 19:00:00,12.2,7.9,75.0,0.0,,50.0,9.4,,1020.3,,,53.96,2020-10-16
2020-10-16 20:00:00,11.7,8.9,83.0,0.0,,0.0,0.0,,1020.6,,,53.06,2020-10-16
2020-10-16 21:00:00,11.7,8.9,83.0,0.0,,0.0,0.0,,1021.6,,,53.06,2020-10-16
2020-10-16 22:00:00,11.1,8.8,86.0,0.0,,0.0,0.0,,1022.4,,,51.98,2020-10-16
2020-10-16 23:00:00,11.1,9.4,89.0,0.0,,0.0,0.0,,1022.8,,5.5,51.98,2020-10-16
2020-10-17 00:00:00,10.0,8.3,89.0,0.0,,0.0,0.0,,1023.5,,5.333333333333334,50.0,2020-10-17
2020-10-17 01:00:00,7.8,6.7,93.0,0.0,,0.0,0.0,,1023.4,,5.166666666666667,46.04,2020-10-17
2020-10-17 02:00:00,7.2,6.1,93.0,0.0,,0.0,0.0,,1023.3,,5.0,44.96,2020-10-17
2020-10-17 03:00:00,6.1,4.4,89.0,0.0,,0.0,0.0,,1023.6,,5.0,42.980000000000004,2020-10-17
2020-10-17 04:00:00,5.0,4.0,93.0,0.0,,0.0,0.0,,1023.8,,5.0,41.0,2020-10-17
2020-10-17 05:00:00,4.4,4.0,97.0,0.0,,0.0,0.0,,1024.6,,5.0,39.92,2020-10-17
2020-10-17 06:00:00,6.1,5.1,93.0,0.0,,150.0,5.4,,1025.5,,5.0,42.980000000000004,2020-10-17
2020-10-17 07:00:00,6.7,6.1,96.0,0.0,,0.0,0.0,,1026.7,,5.0,44.06,2020-10-17
2020-10-17 08:00:00,5.0,4.0,93.0,0.0,,0.0,0.0,,1027.7,,5.0,41.0,2020-10-17
2020-10-17 09:00:00,7.8,6.1,89.0,0.0,,320.0,7.6,,1028.1,,5.0,46.04,2020-10-17
2020-10-17 10:00:00,11.7,4.4,61.0,0.0,,360.0,5.4,,1028.7,,5.0,53.06,2020-10-17
2020-10-17 11:00:00,14.4,1.6,42.0,0.0,,360.0,14.8,,1028.2,,5.0,57.92,2020-10-17
2020-10-17 12:00:00,15.0,-1.2,33.0,0.0,,30.0,13.0,,1028.5,,,59.0,2020-10-17
2020-10-17 13:00:00,16.1,-0.6,32.0,0.0,,0.0,0.0,,1027.8,,,60.980000000000004,2020-10-17
2020-10-17 14:00:00,17.2,-1.0,29.0,0.0,,150.0,9.4,,1027.4,,,62.959999999999994,2020-10-17
2020-10-17 15:00:00,17.8,-0.5,29.0,0.0,,0.0,0.0,,1026.9,,,64.04,2020-10-17
2020-10-17 16:00:00,17.2,-0.5,30.0,0.0,,140.0,5.4,,1027.3,,,62.959999999999994,2020-10-17
2020-10-17 17:00:00,16.7,0.8,34.0,0.0,,140.0,9.4,,1027.4,,,62.059999999999995,2020-10-17
2020-10-17 18:00:00,14.4,2.9,46.0,0.0,,130.0,9.4,,1027.6,,,57.92,2020-10-17
2020-10-17 19:00:00,10.6,4.5,66.0,0.0,,0.0,0.0,,1027.9,,,51.08,2020-10-17
2020-10-17 20:00:00,8.3,4.3,76.0,0.0,,0.0,0.0,,1028.3,,,46.94,2020-10-17
2020-10-17 21:00:00,7.2,4.0,80.0,0.0,,0.0,0.0,,1028.3,,,44.96,2020-10-17
2020-10-17 22:00:00,7.2,3.3,76.0,0.0,,0.0,0.0,,1028.6,,,44.96,2020-10-17
2020-10-17 23:00:00,7.2,4.3,82.0,0.0,,160.0,5.4,,1028.9,,,44.96,2020-10-17
2020-10-18 00:00:00,6.7,4.4,85.0,0.0,,0.0,0.0,,1029.2,,,44.06,2020-10-18
2020-10-18 01:00:00,5.6,4.4,92.0,0.0,,0.0,0.0,,1029.0,,,42.08,2020-10-18
2020-10-18 02:00:00,6.1,4.4,89.0,0.0,,0.0,0.0,,1029.2,,,42.980000000000004,2020-10-18
2020-10-18 03:00:00,5.6,4.4,92.0,0.0,,300.0,5.4,,1029.2,,,42.08,2020-10-18
2020-10-18 04:00:00,5.0,4.0,93.0,0.0,,0.0,0.0,,1029.1,,,41.0,2020-10-18
2020-10-18 05:00:00,3.9,2.9,93.0,0.0,,0.0,0.0,,1028.8,,,39.02,2020-10-18
2020-10-18 06:00:00,3.3,2.3,93.0,0.0,,0.0,0.0,,1029.1,,,37.94,2020-10-18
2020-10-18 07:00:00,3.3,2.3,93.0,0.0,,0.0,0.0,,1029.6,,,37.94,2020-10-18
2020-10-18 08:00:00,5.6,3.3,85.0,0.0,,0.0,0.0,,1030.0,,,42.08,2020-10-18
2020-10-18 09:00:00,8.3,5.6,83.0,0.0,,40.0,5.4,,1030.4,,,46.94,2020-10-18
2020-10-18 10:00:00,11.7,6.2,69.0,0.0,,20.0,5.4,,1030.6,,,53.06,2020-10-18
2020-10-18 11:00:00,13.9,5.0,55.0,0.0,,0.0,0.0,,1030.1,,,57.02,2020-10-18
2020-10-18 12:00:00,15.0,3.8,47.0,0.0,,0.0,5.4,,1029.9,,,59.0,2020-10-18
2020-10-18 13:00:00,16.1,3.2,42.0,0.0,,0.0,0.0,,1029.2,,,60.980000000000004,2020-10-18
2020-10-18 14:00:00,17.2,4.5,43.0,0.0,,150.0,9.4,,1027.9,,,62.959999999999994,2020-10-18
2020-10-18 15:00:00,17.8,3.3,38.0,0.0,,130.0,5.4,,1026.9,,,64.04,2020-10-18
2020-10-18 16:00:00,17.8,4.0,40.0,0.0,,86.66666666666666,5.4,,1026.4,,,64.04,2020-10-18
2020-10-18 17:00:00,17.8,5.7,45.0,0.0,,43.33333333333333,5.4,,1026.3,,,64.04,2020-10-18
2020-10-18 18:00:00,16.1,7.8,58.0,0.0,,0.0,0.0,,1026.5,,,60.980000000000004,2020-10-18
2020-10-18 19:00:00,11.7,7.2,74.0,0.0,,0.0,0.0,,1026.9,,,53.06,2020-10-18
2020-10-18 20:00:00,10.0,7.2,83.0,0.0,,0.0,0.0,,1027.3,,,50.0,2020-10-18
2020-10-18 21:00:00,9.4,7.2,86.0,0.0,,0.0,0.0,,1026.9,,,48.92,2020-10-18
2020-10-18 22:00:00,8.9,7.2,89.0,0.0,,0.0,0.0,,1027.2,,,48.02,2020-10-18
2020-10-18 23:00:00,8.3,6.8,90.0,0.0,,0.0,0.0,,1027.4,,,46.94,2020-10-18
2020-10-19 00:00:00,8.3,6.8,90.0,0.0,,0.0,0.0,,1026.9,,,46.94,2020-10-19
2020-10-19 01:00:00,8.9,6.7,86.0,0.0,,0.0,0.0,,1026.6,,,48.02,2020-10-19
2020-10-19 02:00:00,8.3,6.1,86.0,0.0,,0.0,0.0,,1026.6,,,46.94,2020-10-19
2020-10-19 03:00:00,8.3,6.1,86.0,0.0,,0.0,0.0,,1026.0,,,46.94,2020-10-19
2020-10-19 04:00:00,7.8,6.1,89.0,0.0,,0.0,0.0,,1025.7,,,46.04,2020-10-19
2020-10-19 05:00:00,7.2,5.7,90.0,0.0,,0.0,0.0,,1025.6,,,44.96,2020-10-19
2020-10-19 06:00:00,7.2,6.1,93.0,0.0,,0.0,0.0,,1025.7,,,44.96,2020-10-19
2020-10-19 07:00:00,7.2,6.1,93.0,0.0,,0.0,0.0,,1026.0,,,44.96,2020-10-19
2020-10-19 08:00:00,7.2,5.7,90.0,0.0,,0.0,0.0,,1026.1,,,44.96,2020-10-19
2020-10-19 09:00:00,11.1,8.3,83.0,0.0,,0.0,0.0,,1026.4,,,51.98,2020-10-19
2020-10-19 10:00:00,15.6,8.8,64.0,0.0,,0.0,0.0,,1026.3,,,60.08,2020-10-19
2020-10-19 11:00:00,17.2,10.6,65.0,0.0,,0.0,0.0,,1026.2,,,62.959999999999994,2020-10-19
2020-10-19 12:00:00,18.9,11.7,63.0,0.0,,0.0,0.0,,1025.8,,,66.02,2020-10-19
2020-10-19 13:00:00,20.6,11.8,57.0,0.0,,200.0,11.2,,1025.3,,,69.08,2020-10-19
2020-10-19 14:00:00,21.1,11.7,55.0,0.0,,170.0,7.6,,1024.4,,,69.98,2020-10-19
2020-10-19 15:00:00,22.2,11.6,51.0,0.0,,200.0,9.4,,1023.7,,,71.96,2020-10-19
2020-10-19 16:00:00,22.2,11.0,49.0,0.0,,0.0,0.0,,1023.4,,,71.96,2020-10-19
2020-10-19 17:00:00,21.7,11.7,53.0,0.0,,190.0,7.6,,1023.6,,,71.06,2020-10-19
2020-10-19 18:00:00,19.4,13.3,68.0,0.0,,130.0,11.2,,1024.0,,,66.92,2020-10-19
2020-10-19 19:00:00,17.2,13.3,78.0,0.0,,140.0,7.6,,1024.4,,,62.959999999999994,2020-10-19
2020-10-19 20:00:00,15.0,12.9,87.0,0.0,,0.0,0.0,,1024.5,,5.0,59.0,2020-10-19
2020-10-19 21:00:00,13.9,12.8,93.0,0.0,,0.0,0.0,,1023.7,,5.0,57.02,2020-10-19
2020-10-19 22:00:00,13.9,12.3,90.0,0.0,,0.0,0.0,,1023.2,,5.0,57.02,2020-10-19
2020-10-19 23:00:00,12.8,11.7,93.0,0.0,,0.0,0.0,,1024.2,,5.0,55.04,2020-10-19
2020-10-20 00:00:00,12.8,11.7,93.0,0.0,,0.0,0.0,,1024.1,,5.0,55.04,2020-10-20
2020-10-20 01:00:00,11.7,11.1,96.0,0.0,,0.0,0.0,,1023.7,,5.0,53.06,2020-10-20
2020-10-20 02:00:00,10.6,10.0,96.0,0.0,,0.0,0.0,,1023.4,,5.0,51.08,2020-10-20
2020-10-20 03:00:00,10.0,9.4,96.0,0.0,,0.0,0.0,,1023.3,,5.0,50.0,2020-10-20
2020-10-20 04:00:00,10.0,8.9,93.0,0.0,,0.0,0.0,,1023.4,,5.0,50.0,2020-10-20
2020-10-20 05:00:00,9.4,8.9,97.0,0.0,,0.0,0.0,,1023.4,,5.0,48.92,2020-10-20
2020-10-20 06:00:00,8.9,7.8,93.0,0.0,,0.0,0.0,,1023.6,,5.0,48.02,2020-10-20
2020-10-20 07:00:00,8.3,7.9,97.0,0.0,,190.0,5.4,,1023.5,,5.0,46.94,2020-10-20
2020-10-20 08:00:00,7.8,6.7,93.0,0.0,,0.0,0.0,,1023.8,,5.0,46.04,2020-10-20
2020-10-20 09:00:00,12.2,11.1,93.0,0.0,,160.0,7.6,,1024.1999999999998,,5.0,53.96,2020-10-20
2020-10-20 10:00:00,15.0,13.4,90.0,0.0,,0.0,0.0,,1024.6,,5.0,59.0,2020-10-20
2020-10-20 11:00:00,20.0,13.9,68.0,0.0,,210.0,7.6,,1024.7,,5.0,68.0,2020-10-20
2020-10-20 12:00:00,21.7,13.3,59.0,0.0,,210.0,13.0,,1024.4,,5.0,71.06,2020-10-20
2020-10-20 13:00:00,23.3,12.3,50.0,0.0,,210.0,9.4,,1023.7,,,73.94,2020-10-20
2020-10-20 14:00:00,25.0,12.2,45.0,0.0,,210.0,9.4,,1022.9,,,77.0,2020-10-20
2020-10-20 15:00:00,25.0,12.9,47.0,0.0,,210.0,9.4,,1022.4,,,77.0,2020-10-20
2020-10-20 16:00:00,25.6,12.8,45.0,0.0,,180.0,13.0,,1022.3,,,78.08,2020-10-20
2020-10-20 17:00:00,25.0,13.2,48.0,0.0,,170.0,14.8,,1022.0,,,77.0,2020-10-20
2020-10-20 18:00:00,22.2,13.3,57.0,0.0,,180.0,7.6,,1022.6,,,71.96,2020-10-20
2020-10-20 19:00:00,17.2,13.9,81.0,0.0,,0.0,0.0,,1023.1,,,62.959999999999994,2020-10-20
2020-10-20 20:00:00,16.1,13.4,84.0,0.0,,0.0,0.0,,1023.6,,,60.980000000000004,2020-10-20
2020-10-20 21:00:00,15.0,13.4,90.0,0.0,,0.0,0.0,,1023.6,,,59.0,2020-10-20
2020-10-20 22:00:00,14.4,12.8,90.0,0.0,,0.0,0.0,,1023.6,,5.0,57.92,2020-10-20
2020-10-20 23:00:00,13.9,12.3,90.0,0.0,,0.0,0.0,,1023.9,,5.0,57.02,2020-10-20
2020-10-21 00:00:00,13.3,12.2,93.0,0.0,,0.0,0.0,,1023.7,,5.0,55.94,2020-10-21
2020-10-21 01:00:00,12.8,11.7,93.0,0.0,,0.0,0.0,,1023.3,,5.0,55.04,2020-10-21
2020-10-21 02:00:00,12.8,11.7,93.0,0.0,,0.0,0.0,,1023.0,,5.0,55.04,2020-10-21
2020-10-21 03:00:00,13.9,12.3,90.0,0.0,,0.0,0.0,,1023.1,,5.0,57.02,2020-10-21
2020-10-21 04:00:00,14.4,13.3,93.0,0.0,,0.0,0.0,,1023.0,,5.0,57.92,2020-10-21
2020-10-21 05:00:00,14.4,13.3,93.0,0.0,,0.0,0.0,,1023.3,,5.0,57.92,2020-10-21
2020-10-21 06:00:00,13.3,12.2,93.0,0.0,,0.0,0.0,,1024.0,,5.0,55.94,2020-10-21
2020-10-21 07:00:00,13.3,11.7,90.0,0.0,,0.0,0.0,,1024.7,,5.0,55.94,2020-10-21
2020-10-21 08:00:00,13.9,12.8,93.0,0.0,,0.0,0.0,,1024.9,,5.0,57.02,2020-10-21
2020-10-21 09:00:00,17.8,16.1,90.0,0.0,,200.0,7.6,,1025.5,,5.0,64.04,2020-10-21
2020-10-21 10:00:00,20.0,15.0,73.0,0.0,,190.0,9.4,,1025.8,,5.0,68.0,2020-10-21
2020-10-21 11:00:00,23.3,15.1,60.0,0.0,,220.0,7.6,,1025.4,,,73.94,2020-10-21
2020-10-21 12:00:00,25.0,16.7,60.0,0.0,,210.0,11.2,,1025.2,,,77.0,2020-10-21
2020-10-21 13:00:00,26.7,17.2,56.0,0.0,,200.0,7.6,,1024.6,,,80.06,2020-10-21
2020-10-21 14:00:00,27.2,16.8,53.0,0.0,,200.0,14.8,,1023.5,,,80.96,2020-10-21
2020-10-21 15:00:00,27.8,16.1,49.0,0.0,,200.0,9.4,,1022.7,,,82.04,2020-10-21
2020-10-21 16:00:00,28.3,14.5,43.0,0.0,,200.0,11.2,,1022.2,,,82.94,2020-10-21
2020-10-21 17:00:00,27.2,15.6,49.0,0.0,,170.0,9.4,,1022.1,,,80.96,2020-10-21
2020-10-21 18:00:00,25.0,16.7,60.0,0.0,,170.0,13.0,,1022.3,,,77.0,2020-10-21
2020-10-21 19:00:00,21.1,16.7,76.0,0.0,,190.0,5.4,,1023.0,,,69.98,2020-10-21
2020-10-21 20:00:00,18.9,16.7,87.0,0.0,,0.0,0.0,,1023.5,,,66.02,2020-10-21
2020-10-21 21:00:00,18.3,16.6,90.0,0.0,,0.0,0.0,,1023.5,,,64.94,2020-10-21
2020-10-21 22:00:00,17.2,15.5,90.0,0.0,,0.0,0.0,,1023.7,,5.0,62.959999999999994,2020-10-21
2020-10-21 23:00:00,17.2,16.1,93.0,0.0,,0.0,0.0,,1023.7,,5.0,62.959999999999994,2020-10-21
2020-10-22 00:00:00,16.1,15.0,93.0,0.0,,0.0,0.0,,1023.5,,5.0,60.980000000000004,2020-10-22
2020-10-22 01:00:00,15.6,15.0,96.0,0.0,,0.0,0.0,,1023.4,,5.0,60.08,2020-10-22
2020-10-22 02:00:00,15.6,14.5,93.0,0.0,,0.0,0.0,,1023.2,,5.0,60.08,2020-10-22
2020-10-22 03:00:00,14.4,13.9,97.0,0.0,,0.0,0.0,,1023.0,,5.0,57.92,2020-10-22
2020-10-22 04:00:00,14.4,13.3,93.0,0.0,,0.0,0.0,,1022.85,,5.0,57.92,2020-10-22
2020-10-22 05:00:00,14.4,13.3,93.0,0.0,,0.0,0.0,,1022.7,,5.0,57.92,2020-10-22
2020-10-22 06:00:00,13.9,12.8,93.0,0.0,,0.0,0.0,,1023.25,,5.0,57.02,2020-10-22
2020-10-22 07:00:00,12.8,12.2,96.0,0.0,,0.0,0.0,,1023.8,,5.0,55.04,2020-10-22
2020-10-22 08:00:00,13.3,12.2,93.0,0.0,,0.0,0.0,,1024.1,,5.0,55.94,2020-10-22
2020-10-22 09:00:00,15.6,14.5,93.0,0.0,,0.0,0.0,,1024.5,,5.0,60.08,2020-10-22
2020-10-22 10:00:00,18.9,17.7,93.0,0.0,,180.0,5.4,,1024.6,,5.0,66.02,2020-10-22
2020-10-22 11:00:00,22.8,17.3,71.0,0.0,,210.0,9.4,,1024.5,,5.0,73.04,2020-10-22
2020-10-22 12:00:00,25.6,17.3,60.0,0.0,,210.0,11.2,,1024.2,,5.0,78.08,2020-10-22
2020-10-22 13:00:00,25.6,16.2,56.0,0.0,,105.0,9.4,,1023.6,,,78.08,2020-10-22
2020-10-22 14:00:00,25.0,16.7,60.0,0.0,,0.0,0.0,,1022.9,,,77.0,2020-10-22
2020-10-22 15:00:00,27.8,15.1,46.0,0.0,,0.0,0.0,,1022.0,,,82.04,2020-10-22
2020-10-22 16:00:00,26.7,15.1,49.0,0.0,,0.0,0.0,,1021.7,,,80.06,2020-10-22
2020-10-22 17:00:00,26.7,15.1,49.0,0.0,,170.0,7.6,,1021.5,,,80.06,2020-10-22
2020-10-22 18:00:00,23.9,15.1,58.0,0.0,,170.0,9.4,,1021.8,,,75.02,2020-10-22
2020-10-22 19:00:00,21.1,15.6,71.0,0.0,,160.0,5.4,,1022.1,,,69.98,2020-10-22
2020-10-22 20:00:00,17.8,15.1,84.0,0.0,,0.0,0.0,,1022.7,,,64.04,2020-10-22
2020-10-22 21:00:00,17.2,15.0,87.0,0.0,,0.0,0.0,,1022.7,,,62.959999999999994,2020-10-22
2020-10-22 22:00:00,16.7,14.3,86.0,0.0,,210.0,5.4,,1022.8,,5.0,62.059999999999995,2020-10-22
2020-10-22 23:00:00,16.7,15.1,90.0,0.0,,0.0,0.0,,1022.7,,5.0,62.059999999999995,2020-10-22
2020-10-23 00:00:00,15.6,14.0,90.0,0.0,,0.0,0.0,,1022.5,,5.0,60.08,2020-10-23
2020-10-23 01:00:00,15.0,13.9,93.0,0.0,,0.0,0.0,,1022.2,,5.0,59.0,2020-10-23
2020-10-23 02:00:00,13.9,12.8,93.0,0.0,,0.0,0.0,,1021.8333333333334,,5.0,57.02,2020-10-23
2020-10-23 03:00:00,13.9,12.8,93.0,0.0,,0.0,0.0,,1021.4666666666667,,5.0,57.02,2020-10-23
2020-10-23 04:00:00,13.3,12.8,97.0,0.0,,0.0,0.0,,1021.1,,5.0,55.94,2020-10-23
2020-10-23 05:00:00,12.8,12.2,96.0,0.0,,0.0,0.0,,1021.0,,5.0,55.04,2020-10-23
2020-10-23 06:00:00,12.8,11.7,93.0,0.0,,0.0,0.0,,1021.3,,5.0,55.04,2020-10-23
2020-10-23 07:00:00,12.8,12.2,96.0,0.0,,0.0,0.0,,1021.6,,5.0,55.04,2020-10-23
2020-10-23 08:00:00,12.8,12.2,96.0,0.0,,0.0,0.0,,1022.1,,5.0,55.04,2020-10-23
2020-10-23 09:00:00,15.6,14.5,93.0,0.0,,0.0,0.0,,1022.6,,5.0,60.08,2020-10-23
2020-10-23 10:00:00,18.9,16.7,87.0,0.0,,0.0,0.0,,1022.4,,5.0,66.02,2020-10-23
2020-10-23 11:00:00,21.1,17.1,78.0,0.0,,180.0,5.4,,1022.2,,5.0,69.98,2020-10-23
2020-10-23 12:00:00,23.9,16.2,62.0,0.0,,180.0,11.2,,1021.4,,5.0,75.02,2020-10-23
2020-10-23 13:00:00,26.1,16.1,54.0,0.0,,260.0,9.4,,1020.4,,,78.98,2020-10-23
2020-10-23 14:00:00,26.7,16.0,52.0,0.0,,210.0,15.0,,1019.5,,,80.06,2020-10-23
2020-10-23 15:00:00,26.7,15.7,51.0,0.0,,210.0,14.8,,1018.4,,,80.06,2020-10-23
2020-10-23 16:00:00,26.1,14.9,50.0,0.0,,180.0,14.8,,1018.3,,,78.98,2020-10-23
2020-10-23 17:00:00,25.6,15.0,52.0,0.0,,170.0,9.4,,1017.8,,,78.08,2020-10-23
2020-10-23 18:00:00,23.9,16.2,62.0,0.0,,160.0,16.6,,1017.4,,,75.02,2020-10-23
2020-10-23 19:00:00,20.6,16.0,75.0,0.0,,180.0,7.6,,1017.5,,,69.08,2020-10-23
2020-10-23 20:00:00,20.0,16.0,78.0,0.0,,200.0,7.6,,1017.8,,,68.0,2020-10-23
2020-10-23 21:00:00,18.9,16.1,84.0,0.0,,200.0,9.4,,1017.6,,5.0,66.02,2020-10-23
2020-10-23 22:00:00,17.2,15.5,90.0,0.0,,0.0,0.0,,1017.0,,5.0,62.959999999999994,2020-10-23
2020-10-23 23:00:00,16.7,15.6,93.0,0.0,,0.0,0.0,,1017.0,,5.0,62.059999999999995,2020-10-23
2020-10-24 00:00:00,17.2,15.5,90.0,0.0,,200.0,7.6,,1016.8,,5.0,62.959999999999994,2020-10-24
2020-10-24 01:00:00,16.1,15.0,93.0,0.0,,0.0,0.0,,1016.7,,5.0,60.980000000000004,2020-10-24
2020-10-24 02:00:00,16.1,15.0,93.0,0.0,,0.0,0.0,,1016.2,,5.0,60.980000000000004,2020-10-24
2020-10-24 03:00:00,16.1,15.0,93.0,0.0,,0.0,0.0,,1015.7,,5.0,60.980000000000004,2020-10-24
2020-10-24 04:00:00,16.1,15.0,93.0,0.0,,210.0,7.6,,1015.3,,5.0,60.980000000000004,2020-10-24
2020-10-24 05:00:00,15.6,15.0,96.0,0.0,,210.0,5.4,,1015.0,,5.0,60.08,2020-10-24
2020-10-24 06:00:00,15.0,13.9,93.0,0.0,,190.0,5.4,,1015.4,,5.0,59.0,2020-10-24
2020-10-24 07:00:00,15.0,14.4,96.0,0.0,,190.0,7.6,,1015.55,,5.0,59.0,2020-10-24
2020-10-24 08:00:00,16.1,15.0,93.0,0.0,,220.0,9.4,,1015.7,,5.125,60.980000000000004,2020-10-24
2020-10-24 09:00:00,17.2,16.1,93.0,0.0,,190.0,7.6,,1015.9,,5.25,62.959999999999994,2020-10-24
2020-10-24 10:00:00,22.2,16.7,71.0,0.0,,230.0,11.2,,1016.1,,5.375,71.96,2020-10-24
2020-10-24 11:00:00,25.0,16.2,58.0,0.0,,270.0,9.4,,1015.5,,,77.0,2020-10-24
2020-10-24 12:00:00,25.6,15.6,54.0,0.0,,255.0,9.4,,1015.2,,,78.08,2020-10-24
2020-10-24 13:00:00,26.7,15.7,51.0,0.0,,240.0,9.4,,1014.7,,,80.06,2020-10-24
2020-10-24 14:00:00,27.2,14.9,47.0,0.0,,240.0,13.0,,1014.0,,,80.96,2020-10-24
2020-10-24 15:00:00,27.2,14.9,47.0,0.0,,250.0,11.2,,1013.4,,,80.96,2020-10-24
2020-10-24 16:00:00,25.6,15.6,54.0,0.0,,260.0,11.2,,1013.4,,,78.08,2020-10-24
2020-10-24 17:00:00,25.6,15.0,52.0,0.0,,0.0,0.0,,1013.2,,,78.08,2020-10-24
2020-10-24 18:00:00,23.3,16.1,64.0,0.0,,0.0,0.0,,1013.3,,,73.94,2020-10-24
2020-10-24 19:00:00,20.6,16.0,75.0,0.0,,0.0,0.0,,1013.9,,,69.08,2020-10-24
2020-10-24 20:00:00,20.0,16.0,78.0,0.0,,0.0,0.0,,1014.5,,6.625,68.0,2020-10-24
2020-10-24 21:00:00,20.6,16.0,75.0,0.0,,0.0,0.0,,1014.8,,6.75,69.08,2020-10-24
2020-10-24 22:00:00,20.0,16.6,81.0,0.0,,0.0,0.0,,1014.8,,6.875,68.0,2020-10-24
2020-10-24 23:00:00,20.0,16.6,81.0,0.16666666666666666,,50.0,18.4,,1015.4,,7.0,68.0,2020-10-24
2020-10-25 00:00:00,17.8,15.1,84.0,0.3333333333333333,,40.0,16.6,,1016.1,,7.0,64.04,2020-10-25
2020-10-25 01:00:00,16.1,13.4,84.0,0.5,,40.0,14.8,,1016.3,,7.0,60.980000000000004,2020-10-25
2020-10-25 02:00:00,15.0,12.9,87.0,1.0,,50.0,14.8,,1016.7,,8.0,59.0,2020-10-25
2020-10-25 03:00:00,13.3,11.7,90.0,4.6,,50.0,20.5,,1017.0,,8.0,55.94,2020-10-25
2020-10-25 04:00:00,12.2,10.6,90.0,6.6,,40.0,22.3,,1017.2,,7.0,53.96,2020-10-25
2020-10-25 05:00:00,11.1,10.0,93.0,2.5,,30.0,18.4,,1017.3,,8.0,51.98,2020-10-25
2020-10-25 06:00:00,11.1,10.0,93.0,3.0,,30.0,14.8,,1017.9,,9.0,51.98,2020-10-25
2020-10-25 07:00:00,11.1,9.4,89.0,3.3,,30.0,16.6,,1018.2,,7.0,51.98,2020-10-25
2020-10-25 08:00:00,10.6,8.9,89.0,5.3,,20.0,20.5,,1018.8,,7.0,51.08,2020-10-25
2020-10-25 09:00:00,10.6,8.9,89.0,0.5,,30.0,18.4,,1019.8,,7.0,51.08,2020-10-25
2020-10-25 10:00:00,10.0,8.3,89.0,0.45,,30.0,18.4,,1020.6,,7.0,50.0,2020-10-25
2020-10-25 11:00:00,9.4,7.8,90.0,0.4,,50.0,22.3,,1020.8,,7.0,48.92,2020-10-25
2020-10-25 12:00:00,9.4,7.2,86.0,0.35,,50.0,22.3,,1020.8,,7.0,48.92,2020-10-25
2020-10-25 13:00:00,9.4,7.2,86.0,0.3,,30.0,16.6,,1021.0,,6.5,48.92,2020-10-25
2020-10-25 14:00:00,10.0,7.2,83.0,0.0,,40.0,20.5,,1020.2,,6.0,50.0,2020-10-25
2020-10-25 15:00:00,9.4,7.2,86.0,0.0,,30.0,22.3,,1020.0,,5.5,48.92,2020-10-25
2020-10-25 16:00:00,10.0,7.8,86.0,0.0,,30.0,14.8,,1019.7,,5.0,50.0,2020-10-25
2020-10-25 17:00:00,9.4,7.8,90.0,0.0,,20.0,18.4,,1020.1,,7.0,48.92,2020-10-25
2020-10-25 18:00:00,9.4,7.8,90.0,0.15,,40.0,13.0,,1020.0,,6.6,48.92,2020-10-25
2020-10-25 19:00:00,9.4,7.8,90.0,0.3,,30.0,13.0,,1020.5,,6.2,48.92,2020-10-25
2020-10-25 20:00:00,9.4,7.8,90.0,0.0,,30.0,13.0,,1020.7,,5.8,48.92,2020-10-25
2020-10-25 21:00:00,9.4,7.8,90.0,0.0,,20.0,14.8,,1021.4,,5.4,48.92,2020-10-25
2020-10-25 22:00:00,9.4,7.8,90.0,0.0,,30.0,14.8,,1020.3,,5.0,48.92,2020-10-25
2020-10-25 23:00:00,9.4,7.8,90.0,0.0,,30.0,11.2,,1021.7,,5.0,48.92,2020-10-25
2020-10-26 00:00:00,9.4,8.3,93.0,0.5,,20.0,11.2,,1021.8,,5.0,48.92,2020-10-26
2020-10-26 01:00:00,10.0,8.3,89.0,0.3,,30.0,11.2,,1021.4,,5.0,50.0,2020-10-26
2020-10-26 02:00:00,10.0,8.3,89.0,0.0,,0.0,0.0,,1021.2,,5.0,50.0,2020-10-26
2020-10-26 03:00:00,10.0,8.9,93.0,0.0,,0.0,0.0,,1020.8,,5.0,50.0,2020-10-26
2020-10-26 04:00:00,10.6,8.9,89.0,0.0,,0.0,0.0,,1020.5,,5.0,51.08,2020-10-26
2020-10-26 05:00:00,10.6,9.4,92.0,0.0,,0.0,0.0,,1020.1,,5.0,51.08,2020-10-26
2020-10-26 06:00:00,10.6,9.4,92.0,0.0,,0.0,0.0,,1020.5,,5.0,51.08,2020-10-26
2020-10-26 07:00:00,10.6,9.4,92.0,0.0,,360.0,5.4,,1020.9,,5.0,51.08,2020-10-26
2020-10-26 08:00:00,11.1,10.0,93.0,0.0,,0.0,0.0,,1021.0,,5.0,51.98,2020-10-26
2020-10-26 09:00:00,11.7,10.6,93.0,0.0,,0.0,0.0,,1021.4,,5.0,53.06,2020-10-26
2020-10-26 10:00:00,12.2,11.1,93.0,0.0,,0.0,0.0,,1021.7,,5.0,53.96,2020-10-26
2020-10-26 11:00:00,12.8,11.7,93.0,0.0,,0.0,0.0,,1021.6,,5.0,55.04,2020-10-26
2020-10-26 12:00:00,13.9,12.3,90.0,0.0,,0.0,0.0,,1021.5,,5.0,57.02,2020-10-26
2020-10-26 13:00:00,15.6,12.2,80.0,0.0,,190.0,9.4,,1021.1,,,60.08,2020-10-26
2020-10-26 14:00:00,16.7,12.8,78.0,0.0,,0.0,0.0,,1020.0,,,62.059999999999995,2020-10-26
2020-10-26 15:00:00,18.3,13.4,73.0,0.0,,0.0,0.0,,1019.2,,,64.94,2020-10-26
2020-10-26 16:00:00,18.3,13.4,73.0,0.0,,200.0,7.6,,1018.9,,5.0,64.94,2020-10-26
2020-10-26 17:00:00,18.9,14.0,73.0,0.0,,220.0,7.6,,1019.1,,5.0,66.02,2020-10-26
2020-10-26 18:00:00,17.2,13.9,81.0,0.0,,220.0,5.4,,1019.1,,5.0,62.959999999999994,2020-10-26
2020-10-26 19:00:00,15.0,13.4,90.0,0.0,,0.0,0.0,,1019.8,,5.0,59.0,2020-10-26
2020-10-26 20:00:00,13.3,12.2,93.0,0.0,,0.0,0.0,,1019.8,,5.0,55.94,2020-10-26
2020-10-26 21:00:00,13.3,12.2,93.0,0.0,,0.0,0.0,,1019.9,,5.0,55.94,2020-10-26
2020-10-26 22:00:00,11.7,11.1,96.0,0.0,,0.0,0.0,,1020.4,,5.0,53.06,2020-10-26
2020-10-26 23:00:00,11.7,11.1,96.0,0.0,,0.0,0.0,,1020.4,,5.0,53.06,2020-10-26
2020-10-27 00:00:00,12.8,11.7,93.0,0.0,,0.0,0.0,,1020.3,,5.0,55.04,2020-10-27
2020-10-27 01:00:00,12.8,12.2,96.0,0.0,,200.0,7.6,,1020.2,,5.0,55.04,2020-10-27
2020-10-27 02:00:00,11.7,11.1,96.0,0.0,,0.0,0.0,,1020.4,,5.0,53.06,2020-10-27
2020-10-27 03:00:00,11.7,10.6,93.0,0.0,,0.0,0.0,,1020.4,,5.0,53.06,2020-10-27
2020-10-27 04:00:00,11.1,10.0,93.0,0.0,,0.0,0.0,,1020.4,,5.0,51.98,2020-10-27
2020-10-27 05:00:00,11.7,10.6,93.0,0.0,,0.0,0.0,,1020.2,,5.0,53.06,2020-10-27
2020-10-27 06:00:00,11.1,10.0,93.0,0.0,,0.0,0.0,,1020.9,,5.0,51.98,2020-10-27
2020-10-27 07:00:00,11.1,10.0,93.0,0.0,,0.0,0.0,,1021.3,,5.0,51.98,2020-10-27
2020-10-27 08:00:00,11.1,10.0,93.0,0.0,,0.0,0.0,,1021.7,,5.0,51.98,2020-10-27
2020-10-27 09:00:00,14.4,12.8,90.0,0.0,,330.0,5.4,,1022.3,,5.0,57.92,2020-10-27
2020-10-27 10:00:00,15.0,13.4,90.0,0.0,,360.0,7.6,,1023.1,,5.0,59.0,2020-10-27
2020-10-27 11:00:00,16.1,14.5,90.0,0.0,,20.0,7.6,,1023.0,,5.0,60.980000000000004,2020-10-27
2020-10-27 12:00:00,16.7,14.0,84.0,0.0,,20.0,14.8,,1022.9,,5.0,62.059999999999995,2020-10-27
2020-10-27 13:00:00,18.3,14.4,78.0,0.0,,40.0,7.6,,1022.3,,,64.94,2020-10-27
2020-10-27 14:00:00,19.4,14.4,73.0,0.0,,100.0,11.2,,1021.6,,,66.92,2020-10-27
2020-10-27 15:00:00,20.0,14.4,70.0,0.0,,100.0,5.4,,1020.9,,,68.0,2020-10-27
2020-10-27 16:00:00,20.6,14.9,70.0,0.0,,0.0,0.0,,1020.4,,,69.08,2020-10-27
2020-10-27 17:00:00,20.0,15.0,73.0,0.0,,40.0,5.4,,1020.1,,5.0,68.0,2020-10-27
2020-10-27 18:00:00,18.3,15.0,81.0,0.0,,0.0,0.0,,1020.2,,5.0,64.94,2020-10-27
2020-10-27 19:00:00,16.1,14.5,90.0,0.0,,170.0,9.4,,1020.1,,5.0,60.980000000000004,2020-10-27
2020-10-27 20:00:00,14.4,13.9,97.0,0.0,,0.0,0.0,,1021.0,,5.0,57.92,2020-10-27
2020-10-27 21:00:00,12.8,11.7,93.0,0.0,,0.0,0.0,,1020.9,,5.0,55.04,2020-10-27
2020-10-27 22:00:00,14.4,13.9,97.0,0.0,,0.0,0.0,,1021.0,,5.0,57.92,2020-10-27
2020-10-27 23:00:00,15.0,14.4,96.0,0.0,,180.0,7.6,,1021.0,,5.0,59.0,2020-10-27
2020-10-28 00:00:00,15.0,14.4,96.0,0.0,,200.0,7.6,,1020.6,,5.0,59.0,2020-10-28
2020-10-28 01:00:00,15.6,14.5,93.0,0.0,,190.0,5.4,,1020.1,,5.0,60.08,2020-10-28
2020-10-28 02:00:00,15.6,14.5,93.0,0.0,,0.0,0.0,,1019.7,,5.0,60.08,2020-10-28
2020-10-28 03:00:00,15.6,14.5,93.0,0.0,,170.0,5.4,,1019.6,,5.0,60.08,2020-10-28
2020-10-28 04:00:00,15.6,14.5,93.0,0.0,,190.0,7.6,,1019.2,,5.0,60.08,2020-10-28
2020-10-28 05:00:00,15.6,15.0,96.0,0.0,,170.0,7.6,,1018.7,,5.0,60.08,2020-10-28
2020-10-28 06:00:00,15.6,15.0,96.0,0.0,,190.0,7.6,,1019.0,,5.0,60.08,2020-10-28
2020-10-28 07:00:00,15.6,15.0,96.0,0.0,,180.0,7.6,,1018.6,,5.0,60.08,2020-10-28
2020-10-28 08:00:00,15.6,15.0,96.0,0.0,,200.0,11.2,,1018.4,,5.0,60.08,2020-10-28
2020-10-28 09:00:00,16.1,15.0,93.0,0.0,,200.0,9.4,,1018.9,,5.0,60.980000000000004,2020-10-28
2020-10-28 10:00:00,16.7,16.1,96.0,0.0,,200.0,9.4,,1019.4,,5.0,62.059999999999995,2020-10-28
2020-10-28 11:00:00,17.8,16.7,93.0,0.0,,210.0,13.0,,1018.8,,5.0,64.04,2020-10-28
2020-10-28 12:00:00,19.4,17.2,87.0,0.0,,220.0,9.4,,1018.4,,5.153846153846154,66.92,2020-10-28
2020-10-28 13:00:00,20.6,17.8,84.0,0.0,,200.0,5.4,,1018.1,,5.3076923076923075,69.08,2020-10-28
2020-10-28 14:00:00,21.1,17.9,82.0,0.0,,0.0,0.0,,1016.9,,5.461538461538462,69.98,2020-10-28
2020-10-28 15:00:00,22.2,18.4,79.0,0.0,,200.0,13.0,,1016.0,,,71.96,2020-10-28
2020-10-28 16:00:00,22.8,18.3,76.0,0.0,,200.0,7.6,,1015.7,,,73.04,2020-10-28
2020-10-28 17:00:00,22.2,17.1,73.0,0.0,,220.0,9.4,,1015.9,,,71.96,2020-10-28
2020-10-28 18:00:00,21.1,17.1,78.0,0.0,,180.0,7.6,,1015.4,,,69.98,2020-10-28
2020-10-28 19:00:00,20.0,17.2,84.0,0.0,,190.0,7.6,,1015.5,,,68.0,2020-10-28
2020-10-28 20:00:00,19.4,17.2,87.0,0.0,,210.0,5.4,,1015.8,,,66.92,2020-10-28
2020-10-28 21:00:00,19.4,17.9,91.0,0.0,,190.0,9.4,,1015.4,,6.538461538461538,66.92,2020-10-28
2020-10-28 22:00:00,19.4,17.9,91.0,0.0,,190.0,9.4,,1015.0,,6.6923076923076925,66.92,2020-10-28
2020-10-28 23:00:00,19.4,17.9,91.0,0.0,,220.0,5.4,,1014.3,,6.846153846153847,66.92,2020-10-28
2020-10-29 00:00:00,19.4,17.9,91.0,0.0,,190.0,7.6,,1013.6,,7.0,66.92,2020-10-29
2020-10-29 01:00:00,19.4,17.9,91.0,0.5,,180.0,5.4,,1013.2,,8.0,66.92,2020-10-29
2020-10-29 02:00:00,19.4,18.2,93.0,1.0,,180.0,5.4,,1012.3,,8.0,66.92,2020-10-29
2020-10-29 03:00:00,19.4,18.2,93.0,5.6,,160.0,7.6,,1010.9,,7.0,66.92,2020-10-29
2020-10-29 04:00:00,19.4,18.2,93.0,3.05,,190.0,11.2,,1009.9,,7.0,66.92,2020-10-29
2020-10-29 05:00:00,19.4,18.2,93.0,0.5,,200.0,14.8,,1009.1,,7.0,66.92,2020-10-29
2020-10-29 06:00:00,19.4,18.2,93.0,0.5,,200.0,13.0,,1008.1,,7.0,66.92,2020-10-29
2020-10-29 07:00:00,19.4,18.2,93.0,0.5,,180.0,16.6,,1007.0,,7.0,66.92,2020-10-29
2020-10-29 08:00:00,19.4,18.2,93.0,0.8,,180.0,18.4,,1005.6,,7.0,66.92,2020-10-29
2020-10-29 09:00:00,19.4,17.9,91.0,2.3,,170.0,14.8,,1005.1,,8.0,66.92,2020-10-29
2020-10-29 10:00:00,19.4,18.2,93.0,4.8,,140.0,14.8,,1003.2,,9.0,66.92,2020-10-29
2020-10-29 11:00:00,20.0,18.3,90.0,15.2,,70.0,20.5,,997.2,,9.0,68.0,2020-10-29
2020-10-29 12:00:00,20.0,18.8,93.0,13.0,,120.0,11.2,,995.4,,7.0,68.0,2020-10-29
2020-10-29 13:00:00,22.2,20.7,91.0,1.0,,200.0,25.9,,993.8,,7.0,71.96,2020-10-29
2020-10-29 14:00:00,22.2,20.7,91.0,1.5,,300.0,11.2,,995.9,,7.0,71.96,2020-10-29
2020-10-29 15:00:00,23.9,19.0,74.0,0.75,,260.0,11.2,,997.2,,7.0,75.02,2020-10-29
2020-10-29 16:00:00,25.0,19.4,71.0,0.0,,200.0,11.2,,997.2,,7.0,77.0,2020-10-29
2020-10-29 17:00:00,25.6,19.5,69.0,0.0,,210.0,9.4,,997.3,,7.0,78.08,2020-10-29
2020-10-29 18:00:00,24.4,19.5,74.0,0.0,,190.0,7.6,,997.5,,7.0,75.92,2020-10-29
2020-10-29 19:00:00,20.6,18.9,90.0,0.0,,0.0,0.0,,998.1,,7.0,69.08,2020-10-29
2020-10-29 20:00:00,21.7,18.3,81.0,0.0,,0.0,0.0,,998.6,,7.0,71.06,2020-10-29
2020-10-29 21:00:00,22.2,19.9,87.0,0.0,,180.0,18.4,,998.8,,7.0,71.96,2020-10-29
2020-10-29 22:00:00,20.6,18.9,90.0,0.0,,0.0,0.0,,998.5,,7.0,69.08,2020-10-29
2020-10-29 23:00:00,20.0,18.3,90.0,0.0,,330.0,7.6,,998.4,,7.0,68.0,2020-10-29
2020-10-30 00:00:00,20.0,18.8,93.0,4.3,,0.0,0.0,,997.5,,9.0,68.0,2020-10-30
2020-10-30 01:00:00,16.1,15.0,93.0,7.4,,20.0,18.4,,997.9,,8.0,60.980000000000004,2020-10-30
2020-10-30 02:00:00,13.9,12.3,90.0,11.7,,30.0,13.0,,999.6,,8.0,57.02,2020-10-30
2020-10-30 03:00:00,12.2,11.1,93.0,0.5,,20.0,14.8,,1000.6500000000001,,7.0,53.96,2020-10-30
2020-10-30 04:00:00,11.7,10.6,93.0,1.8,,20.0,18.4,,1001.7,,7.019607843137255,53.06,2020-10-30
2020-10-30 05:00:00,12.2,10.6,90.0,0.0,,0.0,0.0,,1002.7,,7.03921568627451,53.96,2020-10-30
2020-10-30 06:00:00,12.2,11.1,93.0,0.0,,0.0,0.0,,1005.1,,7.0588235294117645,53.96,2020-10-30
2020-10-30 07:00:00,12.8,10.7,87.0,0.0,,240.0,5.4,,1007.0,,,55.04,2020-10-30
2020-10-30 08:00:00,11.7,10.6,93.0,0.0,,0.0,0.0,,1008.7,,,53.06,2020-10-30
2020-10-30 09:00:00,13.9,6.7,62.0,0.0,,340.0,13.0,,1010.4,,,57.02,2020-10-30
2020-10-30 10:00:00,15.6,4.9,49.0,0.0,,360.0,7.6,,1012.2,,,60.08,2020-10-30
2020-10-30 11:00:00,16.1,3.8,44.0,0.0,,360.0,16.6,,1013.2,,,60.980000000000004,2020-10-30
2020-10-30 12:00:00,16.7,4.1,43.0,0.0,,345.0,11.2,,1014.3,,,62.059999999999995,2020-10-30
2020-10-30 13:00:00,17.8,4.0,40.0,0.0,,330.0,9.4,,1015.1,,,64.04,2020-10-30
2020-10-30 14:00:00,17.2,4.5,43.0,0.0,,330.0,13.0,,1015.7,,,62.959999999999994,2020-10-30
2020-10-30 15:00:00,16.7,4.1,43.0,0.0,,300.0,13.0,,1016.5,,,62.059999999999995,2020-10-30
2020-10-30 16:00:00,17.2,3.8,41.0,0.0,,280.0,7.6,,1017.3,,,62.959999999999994,2020-10-30
2020-10-30 17:00:00,15.6,2.4,41.0,0.0,,280.0,16.6,,1018.2,,,60.08,2020-10-30
2020-10-30 18:00:00,13.3,2.8,49.0,0.0,,290.0,11.2,,1019.5,,,55.94,2020-10-30
2020-10-30 19:00:00,11.7,1.6,50.0,0.0,,250.0,7.6,,1020.8,,,53.06,2020-10-30
2020-10-30 20:00:00,10.0,1.6,56.0,0.0,,300.0,11.2,,1022.3,,,50.0,2020-10-30
2020-10-30 21:00:00,9.4,1.8,59.0,0.0,,310.0,5.4,,1023.1,,,48.92,2020-10-30
2020-10-30 22:00:00,8.9,0.6,56.0,0.0,,160.0,7.6,,1024.2,,,48.02,2020-10-30
2020-10-30 23:00:00,8.9,0.1,54.0,0.0,,10.0,11.2,,1025.3,,,48.02,2020-10-30
2020-10-31 00:00:00,7.2,-0.1,60.0,0.0,,360.0,7.6,,1025.9,,,44.96,2020-10-31
2020-10-31 01:00:00,7.2,0.6,63.0,0.0,,180.0,5.4,,1026.5,,,44.96,2020-10-31
2020-10-31 02:00:00,6.7,-0.1,62.0,0.0,,0.0,0.0,,1027.2,,,44.06,2020-10-31
2020-10-31 03:00:00,5.0,1.7,79.0,0.0,,0.0,0.0,,1027.9,,,41.0,2020-10-31
2020-10-31 04:00:00,6.7,2.2,73.0,0.0,,0.0,0.0,,1028.2,,,44.06,2020-10-31
2020-10-31 05:00:00,6.7,2.2,73.0,0.0,,0.0,0.0,,1028.6,,,44.06,2020-10-31
2020-10-31 06:00:00,6.1,1.0,70.0,0.0,,70.0,9.4,,1029.5,,,42.980000000000004,2020-10-31
2020-10-31 07:00:00,6.1,1.0,70.0,0.0,,50.0,14.8,,1030.3,,,42.980000000000004,2020-10-31
2020-10-31 08:00:00,5.6,1.1,73.0,0.0,,50.0,13.0,,1031.4,,,42.08,2020-10-31
2020-10-31 09:00:00,6.1,1.0,70.0,0.0,,50.0,5.4,,1032.5,,,42.980000000000004,2020-10-31
2020-10-31 10:00:00,7.2,1.1,65.0,0.0,,60.0,11.2,,1033.4,,,44.96,2020-10-31
2020-10-31 11:00:00,8.3,0.5,58.0,0.0,,70.0,7.6,,1033.8,,,46.94,2020-10-31
2020-10-31 12:00:00,9.4,0.6,54.0,0.0,,90.0,11.2,,1033.6,,,48.92,2020-10-31
2020-10-31 13:00:00,10.6,0.0,48.0,0.0,,80.0,7.6,,1033.0,,,51.08,2020-10-31
2020-10-31 14:00:00,11.1,-0.1,46.0,0.0,,220.0,9.4,,1031.5,,,51.98,2020-10-31
2020-10-31 15:00:00,12.8,2.3,49.0,0.0,,190.0,7.6,,1030.4,,,55.04,2020-10-31
2020-10-31 16:00:00,13.3,3.4,51.0,0.0,,190.0,9.4,,1030.0,,,55.94,2020-10-31
2020-10-31 17:00:00,12.2,3.4,55.0,0.0,,130.0,5.4,,1029.4,,,53.96,2020-10-31
2020-10-31 18:00:00,10.6,3.8,63.0,0.0,,180.0,11.2,,1029.3,,,51.08,2020-10-31
2020-10-31 19:00:00,7.8,3.8,76.0,0.0,,0.0,0.0,,1029.1,,,46.04,2020-10-31
2020-10-31 20:00:00,6.7,4.4,85.0,0.0,,0.0,0.0,,1029.0,,,44.06,2020-10-31
2020-10-31 21:00:00,6.1,3.9,86.0,0.0,,0.0,0.0,,1029.0,,,42.980000000000004,2020-10-31
2020-10-31 22:00:00,5.6,3.9,89.0,0.0,,0.0,0.0,,1028.4,,,42.08,2020-10-31
2020-10-31 23:00:00,5.6,3.9,89.0,0.0,,0.0,0.0,,1028.6,,,42.08,2020-10-31
2020-11-01 00:00:00,6.1,4.4,89.0,0.0,,190.0,7.6,,1027.6,,,42.980000000000004,2020-11-01
2020-11-01 01:00:00,8.3,5.85,84.5,0.0,,185.0,8.5,,1026.4,,,46.94,2020-11-01
2020-11-01 02:00:00,8.3,6.1,86.0,0.0,,230.0,5.4,,1025.6,,,46.94,2020-11-01
2020-11-01 03:00:00,8.3,6.1,86.0,0.0,,0.0,0.0,,1024.6,,7.9411764705882355,46.94,2020-11-01
2020-11-01 04:00:00,8.3,6.1,86.0,0.0,,0.0,0.0,,1023.8,,7.96078431372549,46.94,2020-11-01
2020-11-01 05:00:00,8.9,6.7,86.0,0.0,,0.0,0.0,,1023.1,,7.980392156862745,48.02,2020-11-01
2020-11-01 06:00:00,8.3,6.8,90.0,0.0,,0.0,0.0,,1021.6,,8.0,46.94,2020-11-01
2020-11-01 07:00:00,8.3,6.8,90.0,1.8,,0.0,0.0,,1021.0,,7.0,46.94,2020-11-01
2020-11-01 08:00:00,8.3,7.2,93.0,4.6,,190.0,5.4,,1020.4,,9.0,46.94,2020-11-01
2020-11-01 09:00:00,8.3,7.2,93.0,0.7,,180.0,13.0,,1019.2,,7.0,46.94,2020-11-01
2020-11-01 10:00:00,9.4,8.3,93.0,1.8,,200.0,9.4,,1018.0,,6.987577639751553,48.92,2020-11-01
2020-11-01 11:00:00,10.0,8.9,93.0,0.9,,240.0,7.6,,1016.4,,6.975155279503106,50.0,2020-11-01
2020-11-01 12:00:00,11.7,9.9,89.0,0.0,,210.0,13.0,,1014.5,,6.962732919254658,53.06,2020-11-01
2020-11-01 13:00:00,15.6,11.2,75.0,0.0,,220.0,14.8,,1012.5,,,60.08,2020-11-01
2020-11-01 14:00:00,18.3,11.1,63.0,0.0,,230.0,9.4,,1010.5,,,64.94,2020-11-01
2020-11-01 15:00:00,20.0,9.0,49.0,0.0,,230.0,13.0,,1009.4,,,68.0,2020-11-01
2020-11-01 16:00:00,18.9,7.3,47.0,0.0,,240.0,24.1,,1009.2,,,66.02,2020-11-01
2020-11-01 17:00:00,17.8,1.7,34.0,0.0,,260.0,16.6,,1009.2,,,64.04,2020-11-01
2020-11-01 18:00:00,16.7,-1.0,30.0,0.0,,270.0,14.8,,1010.3,,,62.059999999999995,2020-11-01
2020-11-01 19:00:00,14.4,-5.4,25.0,0.0,,280.0,14.8,,1011.8,,,57.92,2020-11-01
2020-11-01 20:00:00,12.8,-6.3,26.0,0.0,,290.0,14.8,,1013.2,,,55.04,2020-11-01
2020-11-01 21:00:00,11.1,-7.7,26.0,0.0,,290.0,14.8,,1014.3,,,51.98,2020-11-01
2020-11-01 22:00:00,9.4,-6.1,33.0,0.0,,290.0,22.3,,1015.7,,,48.92,2020-11-01
2020-11-01 23:00:00,7.2,-6.2,38.0,0.0,,300.0,25.9,,1017.7,,,44.96,2020-11-01
2020-11-02 00:00:00,5.6,-7.6,38.0,0.0,,300.0,20.5,,1018.1,,,42.08,2020-11-02
2020-11-02 01:00:00,3.9,-8.2,41.0,0.0,,300.0,18.4,,1019.2,,,39.02,2020-11-02
2020-11-02 02:00:00,3.3,-9.0,40.0,0.0,,300.0,24.1,,1019.6,,,37.94,2020-11-02
2020-11-02 03:00:00,2.8,-9.5,40.0,0.0,,300.0,16.6,,1019.4,,,37.04,2020-11-02
2020-11-02 04:00:00,2.8,-9.5,40.0,0.0,,300.0,13.0,,1019.9,,,37.04,2020-11-02
2020-11-02 05:00:00,3.3,-8.4,42.0,0.0,,310.0,13.0,,1020.8,,,37.94,2020-11-02
2020-11-02 06:00:00,2.8,-8.3,44.0,0.0,,310.0,13.0,,1021.1,,,37.04,2020-11-02
2020-11-02 07:00:00,2.8,-8.3,44.0,0.0,,310.0,14.8,,1021.5,,,37.04,2020-11-02
2020-11-02 08:00:00,4.4,-7.1,43.0,0.0,,300.0,11.2,,1022.0,,,39.92,2020-11-02
2020-11-02 09:00:00,6.1,-7.9,36.0,0.0,,270.0,14.8,,1022.8,,,42.980000000000004,2020-11-02
2020-11-02 10:00:00,7.2,-7.3,35.0,0.0,,240.0,14.8,,1023.5,,,44.96,2020-11-02
2020-11-02 11:00:00,8.3,-7.9,31.0,0.0,,280.0,9.4,,1024.0,,,46.94,2020-11-02
2020-11-02 12:00:00,9.4,-8.2,28.0,0.0,,280.0,16.6,,1023.4,,,48.92,2020-11-02
2020-11-02 13:00:00,10.6,-8.6,25.0,0.0,,270.0,16.6,,1022.5,,,51.08,2020-11-02
2020-11-02 14:00:00,10.6,-9.2,24.0,0.0,,270.0,13.0,,1021.7,,,51.08,2020-11-02
2020-11-02 15:00:00,10.6,-9.2,24.0,0.0,,270.0,14.8,,1021.4,,,51.08,2020-11-02
2020-11-02 16:00:00,10.6,-9.7,23.0,0.0,,260.0,11.2,,1021.7,,,51.08,2020-11-02
2020-11-02 17:00:00,8.9,-9.6,26.0,0.0,,250.0,11.2,,1021.7,,,48.02,2020-11-02
2020-11-02 18:00:00,8.3,-10.6,25.0,0.0,,240.0,5.4,,1022.0,,,46.94,2020-11-02
2020-11-02 19:00:00,6.7,-9.3,31.0,0.0,,240.0,14.8,,1022.3,,,44.06,2020-11-02
2020-11-02 20:00:00,7.2,-10.6,27.0,0.0,,280.0,11.2,,1022.0,,,44.96,2020-11-02
2020-11-02 21:00:00,5.6,-9.4,33.0,0.0,,200.0,7.6,,1022.0,,,42.08,2020-11-02
2020-11-02 22:00:00,5.0,-8.9,36.0,0.0,,190.0,18.4,,1022.2,,,41.0,2020-11-02
2020-11-02 23:00:00,5.6,-9.4,33.0,0.0,,270.0,9.4,,1022.2,,,42.08,2020-11-02
2020-11-03 00:00:00,3.3,-7.8,44.0,0.0,,180.0,5.4,,1022.3,,,37.94,2020-11-03
2020-11-03 01:00:00,4.4,-8.4,39.0,0.0,,195.0,5.4,,1022.3,,,39.92,2020-11-03
2020-11-03 02:00:00,5.0,-7.8,39.0,0.0,,210.0,9.4,,1022.0,,,41.0,2020-11-03
2020-11-03 03:00:00,6.7,-8.9,32.0,0.0,,240.0,14.8,,1022.2,,,44.06,2020-11-03
2020-11-03 04:00:00,6.7,-8.9,32.0,0.0,,160.0,5.4,,1021.8,,,44.06,2020-11-03
2020-11-03 05:00:00,5.6,-8.3,36.0,0.0,,80.0,9.4,,1022.3,,,42.08,2020-11-03
2020-11-03 06:00:00,6.7,-10.1,29.0,0.0,,0.0,0.0,,1022.2,,,44.06,2020-11-03
2020-11-03 07:00:00,7.2,-10.1,28.0,0.0,,170.0,7.6,,1021.9,,,44.96,2020-11-03
2020-11-03 08:00:00,8.3,-7.9,31.0,0.0,,170.0,7.6,,1022.5,,,46.94,2020-11-03
2020-11-03 09:00:00,11.7,-6.7,27.0,0.0,,180.0,7.6,,1022.9,,,53.06,2020-11-03
2020-11-03 10:00:00,12.8,-5.8,27.0,0.0,,180.0,11.2,,1023.2,,,55.04,2020-11-03
2020-11-03 11:00:00,15.0,-3.9,27.0,0.0,,350.0,5.4,,1022.9,,,59.0,2020-11-03
2020-11-03 12:00:00,16.7,-2.9,26.0,0.0,,350.0,11.2,,1022.7,,,62.059999999999995,2020-11-03
2020-11-03 13:00:00,17.8,-2.5,25.0,0.0,,280.0,13.0,,1022.0,,,64.04,2020-11-03
2020-11-03 14:00:00,18.3,-2.1,25.0,0.0,,250.0,11.2,,1021.5,,,64.94,2020-11-03
2020-11-03 15:00:00,18.9,-2.1,24.0,0.0,,270.0,9.4,,1021.5,,,66.02,2020-11-03
2020-11-03 16:00:00,18.3,-1.5,26.0,0.0,,290.0,9.4,,1022.2,,,64.94,2020-11-03
2020-11-03 17:00:00,15.6,-1.0,32.0,0.0,,220.0,5.4,,1022.6,,,60.08,2020-11-03
2020-11-03 18:00:00,10.0,1.6,56.0,0.0,,0.0,0.0,,1023.6,,,50.0,2020-11-03
2020-11-03 19:00:00,7.8,2.3,68.0,0.0,,270.0,5.4,,1024.3,,,46.04,2020-11-03
2020-11-03 20:00:00,7.2,1.7,68.0,0.0,,0.0,0.0,,1024.8,,,44.96,2020-11-03
2020-11-03 21:00:00,5.6,1.7,76.0,0.0,,140.0,5.4,,1025.2,,,42.08,2020-11-03
2020-11-03 22:00:00,5.0,1.7,79.0,0.0,,0.0,0.0,,1025.6,,,41.0,2020-11-03
2020-11-03 23:00:00,5.0,1.7,79.0,0.0,,0.0,0.0,,1026.1,,,41.0,2020-11-03
2020-11-04 00:00:00,5.0,1.7,79.0,0.0,,0.0,0.0,,1026.6,,,41.0,2020-11-04
2020-11-04 01:00:00,5.0,1.1,76.0,0.0,,0.0,0.0,,1026.7,,,41.0,2020-11-04
2020-11-04 02:00:00,3.9,1.1,82.0,0.0,,200.0,5.4,,1027.0,,,39.02,2020-11-04
2020-11-04 03:00:00,3.3,1.2,86.0,0.0,,0.0,0.0,,1027.4,,,37.94,2020-11-04
2020-11-04 04:00:00,2.8,0.5,85.0,0.0,,0.0,0.0,,1027.9,,,37.04,2020-11-04
2020-11-04 05:00:00,2.8,0.5,85.0,0.0,,0.0,0.0,,1028.7,,,37.04,2020-11-04
2020-11-04 06:00:00,2.8,0.5,85.0,0.0,,0.0,0.0,,1029.4,,,37.04,2020-11-04
2020-11-04 07:00:00,2.2,0.6,89.0,0.0,,0.0,0.0,,1030.1,,,35.96,2020-11-04
2020-11-04 08:00:00,6.7,3.3,79.0,0.0,,0.0,0.0,,1030.7,,,44.06,2020-11-04
2020-11-04 09:00:00,11.7,4.4,61.0,0.0,,0.0,0.0,,1031.3,,,53.06,2020-11-04
2020-11-04 10:00:00,16.1,3.2,42.0,0.0,,0.0,0.0,,1031.3,,,60.980000000000004,2020-11-04
2020-11-04 11:00:00,18.3,1.7,33.0,0.0,,0.0,0.0,,1031.2,,,64.94,2020-11-04
2020-11-04 12:00:00,19.4,0.9,29.0,0.0,,180.0,7.6,,1030.6,,,66.92,2020-11-04
2020-11-04 13:00:00,20.6,0.9,27.0,0.0,,210.0,13.0,,1030.0,,,69.08,2020-11-04
2020-11-04 14:00:00,20.6,0.9,27.0,0.0,,180.0,16.6,,1029.7,,,69.08,2020-11-04
2020-11-04 15:00:00,20.6,2.4,30.0,0.0,,200.0,11.2,,1029.8,,,69.08,2020-11-04
2020-11-04 16:00:00,20.0,2.8,32.0,0.0,,160.0,13.0,,1030.1,,,68.0,2020-11-04
2020-11-04 17:00:00,16.1,3.2,42.0,0.0,,180.0,5.4,,1030.3,,,60.980000000000004,2020-11-04
2020-11-04 18:00:00,12.8,4.0,55.0,0.0,,0.0,0.0,,1030.6,,,55.04,2020-11-04
2020-11-04 19:00:00,10.6,3.8,63.0,0.0,,0.0,0.0,,1031.2,,,51.08,2020-11-04
2020-11-04 20:00:00,10.0,3.9,66.0,0.0,,0.0,0.0,,1031.2,,,50.0,2020-11-04
2020-11-04 21:00:00,8.9,3.9,71.0,0.0,,0.0,0.0,,1031.0,,,48.02,2020-11-04
2020-11-04 22:00:00,8.3,3.9,74.0,0.0,,0.0,0.0,,1031.1,,,46.94,2020-11-04
2020-11-04 23:00:00,7.8,3.3,73.0,0.0,,270.0,5.4,,1031.1,,,46.04,2020-11-04
2020-11-05 00:00:00,6.7,3.3,79.0,0.0,,0.0,0.0,,1031.0,,,44.06,2020-11-05
2020-11-05 01:00:00,6.1,2.7,79.0,0.0,,0.0,0.0,,1030.6,,,42.980000000000004,2020-11-05
2020-11-05 02:00:00,5.0,2.9,86.0,0.0,,0.0,0.0,,1030.6,,,41.0,2020-11-05
2020-11-05 03:00:00,4.4,2.7,89.0,0.0,,0.0,0.0,,1030.3,,,39.92,2020-11-05
2020-11-05 04:00:00,5.0,2.9,86.0,0.0,,0.0,0.0,,1030.4,,,41.0,2020-11-05
2020-11-05 05:00:00,5.0,2.9,86.0,0.0,,0.0,0.0,,1030.6,,,41.0,2020-11-05
2020-11-05 06:00:00,4.4,2.3,86.0,0.0,,0.0,0.0,,1031.2,,,39.92,2020-11-05
2020-11-05 07:00:00,3.9,1.8,86.0,0.0,,0.0,0.0,,1031.5,,,39.02,2020-11-05
2020-11-05 08:00:00,6.7,4.4,85.0,0.0,,0.0,0.0,,1031.7,,,44.06,2020-11-05
2020-11-05 09:00:00,11.7,6.6,71.0,0.0,,180.0,5.4,,1031.5,,,53.06,2020-11-05
2020-11-05 10:00:00,15.0,5.5,53.0,0.0,,210.0,9.4,,1031.2,,,59.0,2020-11-05
2020-11-05 11:00:00,17.8,4.4,41.0,0.0,,220.0,14.8,,1030.7,,,64.04,2020-11-05
2020-11-05 12:00:00,19.4,4.3,37.0,0.0,,240.0,9.4,,1029.7,,,66.92,2020-11-05
2020-11-05 13:00:00,19.4,5.1,39.0,0.0,,170.0,9.4,,1028.7,,,66.92,2020-11-05
2020-11-05 14:00:00,20.6,2.9,31.0,0.0,,190.0,16.6,,1028.0,,,69.08,2020-11-05
2020-11-05 15:00:00,21.1,4.6,34.0,0.0,,200.0,13.0,,1027.7,,,69.98,2020-11-05
2020-11-05 16:00:00,20.0,3.2,33.0,0.0,,200.0,9.4,,1027.7,,,68.0,2020-11-05
2020-11-05 17:00:00,16.1,3.8,44.0,0.0,,190.0,7.6,,1027.7,,,60.980000000000004,2020-11-05
2020-11-05 18:00:00,12.8,4.5,57.0,0.0,,0.0,0.0,,1028.1,,,55.04,2020-11-05
2020-11-05 19:00:00,10.0,4.4,68.0,0.0,,0.0,0.0,,1028.3,,,50.0,2020-11-05
2020-11-05 20:00:00,8.9,5.1,77.0,0.0,,0.0,0.0,,1028.1,,,48.02,2020-11-05
2020-11-05 21:00:00,9.4,5.0,74.0,0.0,,0.0,0.0,,1028.0,,,48.92,2020-11-05
2020-11-05 22:00:00,8.9,5.1,77.0,0.0,,0.0,0.0,,1027.9,,,48.02,2020-11-05
2020-11-05 23:00:00,7.8,5.1,83.0,0.0,,0.0,0.0,,1027.6,,,46.04,2020-11-05
2020-11-06 00:00:00,7.8,5.1,83.0,0.0,,0.0,0.0,,1027.4,,,46.04,2020-11-06
2020-11-06 01:00:00,8.3,5.6,83.0,0.0,,0.0,0.0,,1027.0,,,46.94,2020-11-06
2020-11-06 02:00:00,7.8,5.1,83.0,0.0,,0.0,0.0,,1026.7,,,46.04,2020-11-06
2020-11-06 03:00:00,7.2,5.0,86.0,0.0,,0.0,0.0,,1026.6,,,44.96,2020-11-06
2020-11-06 04:00:00,7.2,5.0,86.0,0.0,,0.0,0.0,,1026.5,,,44.96,2020-11-06
2020-11-06 05:00:00,6.1,3.9,86.0,0.0,,0.0,0.0,,1026.6,,,42.980000000000004,2020-11-06
2020-11-06 06:00:00,3.9,2.3,89.0,0.0,,0.0,0.0,,1026.9,,,39.02,2020-11-06
2020-11-06 07:00:00,5.0,3.3,89.0,0.0,,0.0,0.0,,1027.2,,,41.0,2020-11-06
2020-11-06 08:00:00,8.3,6.1,86.0,0.0,,0.0,0.0,,1027.5,,,46.94,2020-11-06
2020-11-06 09:00:00,11.7,7.2,74.0,0.0,,160.0,5.4,,1027.8,,,53.06,2020-11-06
2020-11-06 10:00:00,16.1,7.3,56.0,0.0,,190.0,7.6,,1027.3,,,60.980000000000004,2020-11-06
2020-11-06 11:00:00,18.9,6.0,43.0,0.0,,200.0,9.4,,1027.0,,,66.02,2020-11-06
2020-11-06 12:00:00,21.1,5.4,36.0,0.0,,150.0,7.6,,1026.6,,,69.98,2020-11-06
2020-11-06 13:00:00,21.7,6.0,36.0,0.0,,75.0,5.4,,1025.9,,,71.06,2020-11-06
2020-11-06 14:00:00,22.8,5.2,32.0,0.0,,0.0,0.0,,1025.4,,,73.04,2020-11-06
2020-11-06 15:00:00,23.3,4.3,29.0,0.0,,0.0,0.0,,1025.1,,,73.94,2020-11-06
2020-11-06 16:00:00,22.8,5.2,32.0,0.0,,200.0,7.6,,1025.0,,,73.04,2020-11-06
2020-11-06 17:00:00,16.7,6.8,52.0,0.0,,0.0,0.0,,1025.5,,,62.059999999999995,2020-11-06
2020-11-06 18:00:00,13.3,5.7,60.0,0.0,,0.0,0.0,,1026.1,,,55.94,2020-11-06
2020-11-06 19:00:00,11.1,6.0,71.0,0.0,,0.0,0.0,,1026.3,,,51.98,2020-11-06
2020-11-06 20:00:00,10.6,5.6,71.0,0.0,,0.0,0.0,,1026.2,,,51.08,2020-11-06
2020-11-06 21:00:00,10.0,5.6,74.0,0.0,,0.0,0.0,,1026.3,,,50.0,2020-11-06
2020-11-06 22:00:00,7.8,4.4,79.0,0.0,,0.0,0.0,,1026.4,,,46.04,2020-11-06
2020-11-06 23:00:00,8.3,5.6,83.0,0.0,,0.0,0.0,,1026.3,,,46.94,2020-11-06
2020-11-07 00:00:00,7.8,5.6,86.0,0.0,,0.0,0.0,,1026.1,,,46.04,2020-11-07
2020-11-07 01:00:00,6.7,5.0,89.0,0.0,,0.0,0.0,,1026.0,,,44.06,2020-11-07
2020-11-07 02:00:00,6.7,4.4,85.0,0.0,,0.0,0.0,,1025.9,,,44.06,2020-11-07
2020-11-07 03:00:00,7.8,5.1,83.0,0.0,,0.0,0.0,,1025.6,,,46.04,2020-11-07
2020-11-07 04:00:00,5.6,4.4,92.0,0.0,,0.0,0.0,,1025.9,,,42.08,2020-11-07
2020-11-07 05:00:00,6.1,4.4,89.0,0.0,,0.0,0.0,,1026.7,,,42.980000000000004,2020-11-07
2020-11-07 06:00:00,5.6,3.9,89.0,0.0,,0.0,0.0,,1026.8,,,42.08,2020-11-07
2020-11-07 07:00:00,6.1,4.4,89.0,0.0,,0.0,0.0,,1027.6,,,42.980000000000004,2020-11-07
2020-11-07 08:00:00,8.9,6.7,86.0,0.0,,0.0,0.0,,1028.2,,,48.02,2020-11-07
2020-11-07 09:00:00,12.8,8.3,74.0,0.0,,180.0,5.4,,1028.2,,,55.04,2020-11-07
2020-11-07 10:00:00,17.8,8.4,54.0,0.0,,180.0,9.4,,1028.2,,,64.04,2020-11-07
2020-11-07 11:00:00,22.2,10.7,48.0,0.0,,230.0,5.4,,1027.8,,,71.96,2020-11-07
2020-11-07 12:00:00,23.3,11.0,46.0,0.0,,230.0,9.4,,1027.1,,,73.94,2020-11-07
2020-11-07 13:00:00,23.3,10.7,45.0,0.0,,130.0,5.4,,1026.1,,,73.94,2020-11-07
2020-11-07 14:00:00,23.9,11.2,45.0,0.0,,130.0,5.4,,1025.6,,,75.02,2020-11-07
2020-11-07 15:00:00,23.9,11.2,45.0,0.0,,190.0,7.6,,1025.3,,,75.02,2020-11-07
2020-11-07 16:00:00,23.3,11.0,46.0,0.0,,180.0,7.6,,1025.8,,,73.94,2020-11-07
2020-11-07 17:00:00,18.9,11.7,63.0,0.0,,0.0,0.0,,1026.2,,,66.02,2020-11-07
2020-11-07 18:00:00,16.1,11.7,75.0,0.0,,0.0,0.0,,1026.4,,,60.980000000000004,2020-11-07
2020-11-07 19:00:00,13.9,11.1,83.0,0.0,,0.0,0.0,,1026.7,,,57.02,2020-11-07
2020-11-07 20:00:00,13.3,10.7,84.0,0.0,,0.0,0.0,,1026.5,,,55.94,2020-11-07
2020-11-07 21:00:00,11.7,9.9,89.0,0.0,,0.0,0.0,,1026.7,,,53.06,2020-11-07
2020-11-07 22:00:00,11.7,9.9,89.0,0.0,,0.0,0.0,,1026.8,,,53.06,2020-11-07
2020-11-07 23:00:00,10.6,9.4,92.0,0.0,,0.0,0.0,,1026.9,,5.037267080745342,51.08,2020-11-07
2020-11-08 00:00:00,10.0,9.4,96.0,0.0,,0.0,0.0,,1027.0,,5.024844720496894,50.0,2020-11-08
2020-11-08 01:00:00,10.6,10.0,96.0,0.0,,0.0,0.0,,1026.9,,5.012422360248447,51.08,2020-11-08
2020-11-08 02:00:00,10.0,8.9,93.0,0.0,,0.0,0.0,,1026.9,,5.0,50.0,2020-11-08
2020-11-08 03:00:00,9.4,8.9,97.0,0.0,,0.0,0.0,,1027.0,,5.0,48.92,2020-11-08
2020-11-08 04:00:00,9.4,8.9,97.0,0.0,,0.0,0.0,,1027.2,,5.0,48.92,2020-11-08
2020-11-08 05:00:00,8.9,8.3,96.0,0.0,,0.0,0.0,,1027.5,,5.0,48.02,2020-11-08
2020-11-08 06:00:00,8.9,8.3,96.0,0.0,,0.0,0.0,,1028.3,,5.0,48.02,2020-11-08
2020-11-08 07:00:00,8.9,7.8,93.0,0.0,,0.0,0.0,,1028.85,,5.0,48.02,2020-11-08
2020-11-08 08:00:00,12.2,10.6,90.0,0.0,,0.0,0.0,,1029.4,,5.0,53.96,2020-11-08
2020-11-08 09:00:00,16.7,14.0,84.0,0.0,,0.0,0.0,,1029.8,,5.0,62.059999999999995,2020-11-08
2020-11-08 10:00:00,20.6,14.9,70.0,0.0,,160.0,9.4,,1029.6,,5.0,69.08,2020-11-08
2020-11-08 11:00:00,21.7,15.1,66.0,0.0,,250.0,9.4,,1029.9,,,71.06,2020-11-08
2020-11-08 12:00:00,23.9,15.1,58.0,0.0,,190.0,5.4,,1029.1,,,75.02,2020-11-08
2020-11-08 13:00:00,23.3,14.3,57.0,0.0,,90.0,7.6,,1028.4,,,73.94,2020-11-08
2020-11-08 14:00:00,25.0,13.9,50.0,0.0,,210.0,11.2,,1027.6,,,77.0,2020-11-08
2020-11-08 15:00:00,24.4,13.9,52.0,0.0,,240.0,5.4,,1027.6,,,75.92,2020-11-08
2020-11-08 16:00:00,24.4,13.9,52.0,0.0,,0.0,0.0,,1027.8,,,75.92,2020-11-08
2020-11-08 17:00:00,20.6,14.0,66.0,0.0,,0.0,0.0,,1028.1,,,69.08,2020-11-08
2020-11-08 18:00:00,17.2,13.9,81.0,0.0,,0.0,0.0,,1028.2,,,62.959999999999994,2020-11-08
2020-11-08 19:00:00,15.6,13.3,86.0,0.0,,0.0,0.0,,1028.6,,,60.08,2020-11-08
2020-11-08 20:00:00,14.4,12.8,90.0,0.0,,0.0,0.0,,1028.6,,,57.92,2020-11-08
2020-11-08 21:00:00,13.3,12.8,97.0,0.0,,0.0,0.0,,1028.4,,5.0,55.94,2020-11-08
2020-11-08 22:00:00,12.8,12.2,96.0,0.0,,0.0,0.0,,1028.6,,5.0,55.04,2020-11-08
2020-11-08 23:00:00,12.2,11.1,93.0,0.0,,0.0,0.0,,1028.8,,5.0,53.96,2020-11-08
2020-11-09 00:00:00,12.8,11.7,93.0,0.0,,0.0,0.0,,1028.5,,5.0,55.04,2020-11-09
2020-11-09 01:00:00,11.7,10.6,93.0,0.0,,0.0,0.0,,1028.1,,5.0,53.06,2020-11-09
2020-11-09 02:00:00,11.7,10.6,93.0,0.0,,0.0,0.0,,1027.9,,5.0,53.06,2020-11-09
2020-11-09 03:00:00,10.0,9.4,96.0,0.0,,0.0,0.0,,1027.8000000000002,,5.0,50.0,2020-11-09
2020-11-09 04:00:00,11.1,10.0,93.0,0.0,,0.0,0.0,,1027.7,,5.0,51.98,2020-11-09
2020-11-09 05:00:00,10.6,9.4,92.0,0.0,,0.0,0.0,,1027.9,,5.0,51.08,2020-11-09
2020-11-09 06:00:00,10.0,8.9,93.0,0.0,,0.0,0.0,,1028.1,,5.0,50.0,2020-11-09
2020-11-09 07:00:00,10.0,9.4,96.0,0.0,,0.0,0.0,,1028.4499999999998,,5.0,50.0,2020-11-09
2020-11-09 08:00:00,12.8,12.2,96.0,0.0,,0.0,0.0,,1028.8,,5.0,55.04,2020-11-09
2020-11-09 09:00:00,18.3,15.5,84.0,0.0,,0.0,0.0,,1028.7,,5.142857142857143,64.94,2020-11-09
2020-11-09 10:00:00,20.0,15.6,76.0,0.0,,230.0,5.4,,1028.6,,5.285714285714286,68.0,2020-11-09
2020-11-09 11:00:00,22.2,15.1,64.0,0.0,,230.0,9.4,,1028.4,,5.428571428571429,71.96,2020-11-09
2020-11-09 12:00:00,22.8,14.4,59.0,0.0,,0.0,0.0,,1027.4,,,73.04,2020-11-09
2020-11-09 13:00:00,22.2,13.8,59.0,0.0,,210.0,7.6,,1026.7,,,71.96,2020-11-09
2020-11-09 14:00:00,23.3,13.2,53.0,0.0,,0.0,0.0,,1025.9,,,73.94,2020-11-09
2020-11-09 15:00:00,23.3,12.9,52.0,0.0,,170.0,7.6,,1025.4,,,73.94,2020-11-09
2020-11-09 16:00:00,23.3,12.9,52.0,0.0,,160.0,11.2,,1025.3,,,73.94,2020-11-09
2020-11-09 17:00:00,20.0,12.7,63.0,0.0,,160.0,5.4,,1025.1,,,68.0,2020-11-09
2020-11-09 18:00:00,16.1,12.3,78.0,0.0,,0.0,0.0,,1025.2,,,60.980000000000004,2020-11-09
2020-11-09 19:00:00,13.9,11.8,87.0,0.0,,0.0,0.0,,1025.7,,6.571428571428571,57.02,2020-11-09
2020-11-09 20:00:00,16.1,13.4,84.0,0.0,,0.0,0.0,,1025.7,,6.714285714285714,60.980000000000004,2020-11-09
2020-11-09 21:00:00,17.8,13.3,75.0,0.0,,0.0,0.0,,1025.4,,6.857142857142857,64.04,2020-11-09
2020-11-09 22:00:00,17.8,14.5,81.0,0.0,,0.0,0.0,,1025.2,,7.0,64.04,2020-11-09
2020-11-09 23:00:00,17.2,15.0,87.0,0.0,,0.0,0.0,,1024.8,,6.925925925925926,62.959999999999994,2020-11-09
2020-11-10 00:00:00,17.2,15.0,87.0,0.0,,0.0,0.0,,1024.5,,6.851851851851852,62.959999999999994,2020-11-10
2020-11-10 01:00:00,17.2,15.0,87.0,0.0,,0.0,0.0,,1024.2,,6.777777777777778,62.959999999999994,2020-11-10
2020-11-10 02:00:00,17.2,15.0,87.0,0.0,,0.0,0.0,,1023.8,,,62.959999999999994,2020-11-10
2020-11-10 03:00:00,16.7,14.3,86.0,0.0,,0.0,0.0,,1023.7,,,62.059999999999995,2020-11-10
2020-11-10 04:00:00,17.2,14.5,84.0,0.0,,0.0,0.0,,1023.3,,,62.959999999999994,2020-11-10
2020-11-10 05:00:00,16.7,15.1,90.0,0.0,,0.0,0.0,,1023.6,,,62.059999999999995,2020-11-10
2020-11-10 06:00:00,17.2,15.0,87.0,0.0,,0.0,0.0,,1023.7,,,62.959999999999994,2020-11-10
2020-11-10 07:00:00,16.1,14.5,90.0,0.0,,0.0,0.0,,1023.8,,,60.980000000000004,2020-11-10
2020-11-10 08:00:00,17.2,15.5,90.0,0.0,,0.0,0.0,,1024.0,,,62.959999999999994,2020-11-10
2020-11-10 09:00:00,18.9,16.1,84.0,0.0,,170.0,7.6,,1024.0,,,66.02,2020-11-10
2020-11-10 10:00:00,21.1,16.7,76.0,0.0,,200.0,7.6,,1023.7,,,69.98,2020-11-10
2020-11-10 11:00:00,21.7,16.6,73.0,0.0,,200.0,7.6,,1023.4,,,71.06,2020-11-10
2020-11-10 12:00:00,22.8,16.1,66.0,0.0,,190.0,16.6,,1022.5,,,73.04,2020-11-10
2020-11-10 13:00:00,23.3,15.1,60.0,0.0,,180.0,14.8,,1021.2,,,73.94,2020-11-10
2020-11-10 14:00:00,24.4,15.1,56.0,0.0,,220.0,14.8,,1020.3,,,75.92,2020-11-10
2020-11-10 15:00:00,25.0,15.0,54.0,0.0,,180.0,11.2,,1019.9,,,77.0,2020-11-10
2020-11-10 16:00:00,24.4,15.1,56.0,0.0,,160.0,14.8,,1019.8,,,75.92,2020-11-10
2020-11-10 17:00:00,22.2,15.5,66.0,0.0,,150.0,5.4,,1019.7,,,71.96,2020-11-10
2020-11-10 18:00:00,19.4,15.1,76.0,0.0,,0.0,0.0,,1019.7,,,66.92,2020-11-10
2020-11-10 19:00:00,17.8,14.5,81.0,0.0,,0.0,0.0,,1020.1,,,64.04,2020-11-10
2020-11-10 20:00:00,18.3,15.0,81.0,0.0,,0.0,0.0,,1019.9,,,64.94,2020-11-10
2020-11-10 21:00:00,19.4,15.7,79.0,0.0,,180.0,7.6,,1020.0,,,66.92,2020-11-10
2020-11-10 22:00:00,20.6,15.6,73.0,0.0,,150.0,13.0,,1019.7,,5.222222222222222,69.08,2020-11-10
2020-11-10 23:00:00,19.4,16.1,81.0,0.0,,170.0,13.0,,1019.6,,5.148148148148149,66.92,2020-11-10
2020-11-11 00:00:00,19.4,17.2,87.0,0.0,,170.0,13.0,,1019.1,,5.074074074074074,66.92,2020-11-11
2020-11-11 01:00:00,19.4,17.9,91.0,0.0,,180.0,14.8,,1018.7,,5.0,66.92,2020-11-11
2020-11-11 02:00:00,19.4,17.9,91.0,0.3333333333333333,,160.0,14.8,,1018.2,,7.0,66.92,2020-11-11
2020-11-11 03:00:00,19.4,17.9,91.0,0.6666666666666666,,170.0,14.8,,1017.7,,7.0,66.92,2020-11-11
2020-11-11 04:00:00,19.4,18.2,93.0,1.0,,170.0,9.4,,1017.3,,7.0,66.92,2020-11-11
2020-11-11 05:00:00,20.0,18.3,90.0,0.8,,180.0,11.2,,1017.5,,8.0,68.0,2020-11-11
2020-11-11 06:00:00,20.0,18.8,93.0,5.3,,170.0,11.2,,1017.3,,9.0,68.0,2020-11-11
2020-11-11 07:00:00,19.4,18.2,93.0,10.7,,0.0,0.0,,1017.3,,7.0,66.92,2020-11-11
2020-11-11 08:00:00,19.4,18.2,93.0,6.4,,140.0,14.8,,1016.3,,8.0,66.92,2020-11-11
2020-11-11 09:00:00,20.6,18.9,90.0,5.6,,330.0,7.6,,1016.3,,8.0,69.08,2020-11-11
2020-11-11 10:00:00,20.0,18.8,93.0,22.6,,0.0,0.0,,1016.2,,9.0,68.0,2020-11-11
2020-11-11 11:00:00,20.0,18.8,93.0,9.9,,130.0,7.6,,1015.7,,7.0,68.0,2020-11-11
2020-11-11 12:00:00,20.6,19.4,93.0,1.3,,170.0,7.6,,1015.2,,7.0,69.08,2020-11-11
2020-11-11 13:00:00,21.1,19.9,93.0,1.0,,190.0,9.4,,1014.2,,7.0,69.98,2020-11-11
2020-11-11 14:00:00,22.2,21.2,94.0,0.8,,200.0,7.6,,1013.4,,7.0,71.96,2020-11-11
2020-11-11 15:00:00,22.8,21.1,90.0,0.55,,170.0,11.2,,1013.0,,7.0,73.04,2020-11-11
2020-11-11 16:00:00,22.8,21.8,94.0,0.3,,190.0,5.4,,1013.3,,7.0,73.04,2020-11-11
2020-11-11 17:00:00,22.8,21.1,90.0,0.3,,0.0,0.0,,1012.6,,7.0,73.04,2020-11-11
2020-11-11 18:00:00,22.2,21.2,94.0,0.8666666666666667,,0.0,0.0,,1012.6,,5.0,71.96,2020-11-11
2020-11-11 19:00:00,21.1,20.6,97.0,1.4333333333333333,,0.0,0.0,,1012.8,,5.0,69.98,2020-11-11
2020-11-11 20:00:00,21.7,20.7,94.0,2.0,,0.0,0.0,,1013.0,,7.0,71.06,2020-11-11
2020-11-11 21:00:00,21.7,21.0,96.0,3.6,,170.0,13.0,,1012.1,,9.0,71.06,2020-11-11
2020-11-11 22:00:00,21.7,20.0,90.0,3.0,,210.0,18.4,,1013.3,,7.0,71.06,2020-11-11
2020-11-11 23:00:00,20.6,18.9,90.0,7.1,,0.0,0.0,,1012.7,,9.0,69.08,2020-11-11
2020-11-12 00:00:00,20.0,18.8,93.0,4.6,,160.0,9.4,,1012.1,,8.0,68.0,2020-11-12
2020-11-12 01:00:00,20.6,18.9,90.0,0.2,,320.0,7.6,,1011.45,,8.0,69.08,2020-11-12
2020-11-12 02:00:00,20.0,18.8,93.0,4.1,,20.0,13.0,,1010.8,,7.0,68.0,2020-11-12
2020-11-12 03:00:00,20.0,18.8,93.0,0.5,,130.0,7.6,,1011.5,,7.0,68.0,2020-11-12
2020-11-12 04:00:00,19.4,18.2,93.0,0.9,,190.0,7.6,,1011.4,,5.0,66.92,2020-11-12
2020-11-12 05:00:00,20.0,18.8,93.0,1.3,,0.0,0.0,,1012.3,,8.0,68.0,2020-11-12
2020-11-12 06:00:00,19.4,18.2,93.0,4.1,,0.0,0.0,,1012.3,,8.0,66.92,2020-11-12
2020-11-12 07:00:00,19.4,18.2,93.0,4.1,,0.0,0.0,,1013.2,,8.0,66.92,2020-11-12
2020-11-12 08:00:00,19.4,18.2,93.0,5.3,,80.0,5.4,,1013.8,,7.0,66.92,2020-11-12
2020-11-12 09:00:00,19.4,17.9,91.0,3.3,,80.0,11.2,,1012.6,,7.0,66.92,2020-11-12
2020-11-12 10:00:00,19.4,17.9,91.0,1.3,,280.0,7.6,,1014.0,,7.0,66.92,2020-11-12
2020-11-12 11:00:00,18.9,17.7,93.0,1.5,,10.0,5.4,,1014.1,,7.0,66.02,2020-11-12
2020-11-12 12:00:00,18.9,17.2,90.0,0.8,,10.0,7.6,,1012.5,,7.0,66.02,2020-11-12
2020-11-12 13:00:00,18.9,17.2,90.0,0.9,,0.0,0.0,,1013.4,,7.0,66.02,2020-11-12
2020-11-12 14:00:00,16.1,15.0,93.0,1.0,,10.0,18.4,,1012.9,,5.0,60.980000000000004,2020-11-12
2020-11-12 15:00:00,15.0,13.4,90.0,0.3,,20.0,20.5,,1013.3,,5.007936507936508,59.0,2020-11-12
2020-11-12 16:00:00,15.0,12.9,87.0,0.0,,40.0,16.6,,1013.6,,5.015873015873016,59.0,2020-11-12
2020-11-12 17:00:00,14.4,12.3,87.0,0.0,,60.0,11.2,,1014.4,,5.023809523809524,57.92,2020-11-12
2020-11-12 18:00:00,13.9,11.8,87.0,0.0,,40.0,5.4,,1015.5,,,57.02,2020-11-12
2020-11-12 19:00:00,13.3,8.4,72.0,0.0,,30.0,13.0,,1016.3,,,55.94,2020-11-12
2020-11-12 20:00:00,12.8,7.9,72.0,0.0,,30.0,13.0,,1016.6,,,55.04,2020-11-12
2020-11-12 21:00:00,12.2,7.9,75.0,0.0,,30.0,13.0,,1016.6,,,53.96,2020-11-12
2020-11-12 22:00:00,12.2,8.3,77.0,0.0,,40.0,9.4,,1016.8,,,53.96,2020-11-12
2020-11-12 23:00:00,11.7,8.4,80.0,0.0,,30.0,13.0,,1016.8,,,53.06,2020-11-12
2020-11-13 00:00:00,11.7,8.4,80.0,0.0,,50.0,9.4,,1016.8,,,53.06,2020-11-13
2020-11-13 01:00:00,11.1,7.8,80.0,0.0,,50.0,11.2,,1016.3,,,51.98,2020-11-13
2020-11-13 02:00:00,11.1,7.2,77.0,0.0,,10.0,7.6,,1016.8,,,51.98,2020-11-13
2020-11-13 03:00:00,11.1,7.8,80.0,0.0,,60.0,9.4,,1016.6,,,51.98,2020-11-13
2020-11-13 04:00:00,11.1,8.3,83.0,0.0,,0.0,0.0,,1017.0,,,51.98,2020-11-13
2020-11-13 05:00:00,11.1,7.8,80.0,0.0,,80.0,5.4,,1016.4,,,51.98,2020-11-13
2020-11-13 06:00:00,11.1,7.8,80.0,0.0,,0.0,0.0,,1016.7,,,51.98,2020-11-13
2020-11-13 07:00:00,11.1,7.8,80.0,0.0,,0.0,0.0,,1016.7,,,51.98,2020-11-13
2020-11-13 08:00:00,11.1,7.8,80.0,0.0,,160.0,5.4,,1016.6,,,51.98,2020-11-13
2020-11-13 09:00:00,12.2,8.3,77.0,0.0,,190.0,9.4,,1017.0,,,53.96,2020-11-13
2020-11-13 10:00:00,15.6,9.9,69.0,0.0,,220.0,13.0,,1016.5,,,60.08,2020-11-13
2020-11-13 11:00:00,17.2,10.6,65.0,0.0,,200.0,9.4,,1016.2,,,62.959999999999994,2020-11-13
2020-11-13 12:00:00,18.9,9.4,54.0,0.0,,270.0,9.4,,1015.5,,,66.02,2020-11-13
2020-11-13 13:00:00,20.0,7.4,44.0,0.0,,280.0,14.8,,1015.2,,,68.0,2020-11-13
2020-11-13 14:00:00,19.4,4.3,37.0,0.0,,276.6666666666667,5.4,,1014.9,,,66.92,2020-11-13
2020-11-13 15:00:00,20.6,2.9,31.0,0.0,,273.3333333333333,11.2,,1015.2,,,69.08,2020-11-13
2020-11-13 16:00:00,20.0,1.9,30.0,0.0,,270.0,11.2,,1015.2,,,68.0,2020-11-13
2020-11-13 17:00:00,17.2,1.2,34.0,0.0,,270.0,7.6,,1015.8,,,62.959999999999994,2020-11-13
2020-11-13 18:00:00,16.1,1.0,36.0,0.0,,280.0,9.4,,1016.6,,,60.980000000000004,2020-11-13
2020-11-13 19:00:00,15.6,1.0,37.0,0.0,,310.0,11.2,,1017.9,,,60.08,2020-11-13
2020-11-13 20:00:00,12.2,1.8,49.0,0.0,,155.0,5.4,,1019.1,,,53.96,2020-11-13
2020-11-13 21:00:00,12.2,0.0,43.0,0.0,,0.0,0.0,,1019.7,,,53.96,2020-11-13
2020-11-13 22:00:00,7.8,2.9,71.0,0.0,,0.0,0.0,,1020.2,,,46.04,2020-11-13
2020-11-13 23:00:00,8.3,1.7,63.0,0.0,,0.0,0.0,,1020.4,,,46.94,2020-11-13
2020-11-14 00:00:00,5.6,2.8,82.0,0.0,,320.0,7.6,,1020.5,,,42.08,2020-11-14
2020-11-14 01:00:00,6.7,2.8,76.0,0.0,,0.0,0.0,,1020.5,,,44.06,2020-11-14
2020-11-14 02:00:00,10.0,0.6,52.0,0.0,,310.0,9.4,,1020.2,,,50.0,2020-11-14
2020-11-14 03:00:00,6.7,2.2,73.0,0.0,,0.0,0.0,,1020.8,,,44.06,2020-11-14
2020-11-14 04:00:00,5.6,2.2,79.0,0.0,,0.0,0.0,,1021.3,,,42.08,2020-11-14
2020-11-14 05:00:00,4.4,2.3,86.0,0.0,,0.0,0.0,,1021.6,,,39.92,2020-11-14
2020-11-14 06:00:00,2.8,1.2,89.0,0.0,,0.0,0.0,,1022.2,,,37.04,2020-11-14
2020-11-14 07:00:00,2.8,1.2,89.0,0.0,,180.0,5.4,,1022.7,,,37.04,2020-11-14
2020-11-14 08:00:00,5.6,2.8,82.0,0.0,,0.0,0.0,,1023.6,,,42.08,2020-11-14
2020-11-14 09:00:00,9.4,4.0,69.0,0.0,,0.0,0.0,,1023.8,,,48.92,2020-11-14
2020-11-14 10:00:00,12.2,3.9,57.0,0.0,,180.0,7.6,,1024.0,,,53.96,2020-11-14
2020-11-14 11:00:00,13.9,2.8,47.0,0.0,,210.0,9.4,,1023.7,,,57.02,2020-11-14
2020-11-14 12:00:00,15.6,2.7,42.0,0.0,,190.0,14.8,,1023.3,,,60.08,2020-11-14
2020-11-14 13:00:00,15.6,1.0,37.0,0.0,,300.0,7.6,,1022.5,,,60.08,2020-11-14
2020-11-14 14:00:00,16.7,1.2,35.0,0.0,,300.0,5.4,,1021.5,,,62.059999999999995,2020-11-14
2020-11-14 15:00:00,16.7,1.5,36.0,0.0,,160.0,9.4,,1021.5,,,62.059999999999995,2020-11-14
2020-11-14 16:00:00,15.6,1.7,39.0,0.0,,200.0,9.4,,1022.1,,,60.08,2020-11-14
2020-11-14 17:00:00,13.3,4.4,55.0,0.0,,170.0,9.4,,1022.4,,,55.94,2020-11-14
2020-11-14 18:00:00,11.7,4.4,61.0,0.0,,0.0,0.0,,1022.5,,,53.06,2020-11-14
2020-11-14 19:00:00,10.6,4.5,66.0,0.0,,0.0,0.0,,1022.8,,,51.08,2020-11-14
2020-11-14 20:00:00,9.4,4.4,71.0,0.0,,0.0,0.0,,1022.8,,,48.92,2020-11-14
2020-11-14 21:00:00,9.4,4.0,69.0,0.0,,0.0,0.0,,1023.1,,,48.92,2020-11-14
2020-11-14 22:00:00,8.3,3.3,71.0,0.0,,0.0,0.0,,1023.1,,,46.94,2020-11-14
2020-11-14 23:00:00,8.3,3.3,71.0,0.0,,0.0,0.0,,1022.7,,,46.94,2020-11-14
2020-11-15 00:00:00,7.8,4.4,79.0,0.0,,0.0,0.0,,1022.0,,,46.04,2020-11-15
2020-11-15 01:00:00,8.3,6.1,86.0,0.0,,0.0,0.0,,1021.6,,,46.94,2020-11-15
2020-11-15 02:00:00,10.0,7.8,86.0,0.0,,0.0,0.0,,1021.4,,,50.0,2020-11-15
2020-11-15 03:00:00,10.6,6.7,77.0,0.0,,200.0,5.4,,1020.7,,,51.08,2020-11-15
2020-11-15 04:00:00,10.6,7.3,80.0,0.0,,180.0,9.4,,1020.0,,,51.08,2020-11-15
2020-11-15 05:00:00,11.1,7.8,80.0,0.0,,200.0,5.4,,1019.7,,,51.98,2020-11-15
2020-11-15 06:00:00,11.1,8.3,83.0,0.0,,0.0,0.0,,1019.1,,,51.98,2020-11-15
2020-11-15 07:00:00,11.1,8.8,86.0,0.0,,150.0,11.2,,1018.4,,,51.98,2020-11-15
2020-11-15 08:00:00,11.7,9.4,86.0,0.0,,160.0,9.4,,1018.4,,,53.06,2020-11-15
2020-11-15 09:00:00,12.2,9.9,86.0,0.0,,180.0,7.6,,1018.2,,,53.96,2020-11-15
2020-11-15 10:00:00,12.8,10.7,87.0,0.0,,150.0,13.0,,1016.6,,,55.04,2020-11-15
2020-11-15 11:00:00,14.4,11.7,84.0,0.0,,190.0,20.5,,1015.6,,,57.92,2020-11-15
2020-11-15 12:00:00,16.7,13.2,80.0,0.0,,160.0,14.8,,1013.4,,,62.059999999999995,2020-11-15
2020-11-15 13:00:00,18.3,15.0,81.0,0.0,,190.0,25.9,,1011.6,,,64.94,2020-11-15
2020-11-15 14:00:00,20.0,14.4,70.0,0.0,,200.0,24.1,,1010.0,,,68.0,2020-11-15
2020-11-15 15:00:00,20.6,14.0,66.0,0.0,,200.0,25.9,,1009.0,,,69.08,2020-11-15
2020-11-15 16:00:00,20.6,14.0,66.0,0.0,,210.0,24.1,,1009.2,,,69.08,2020-11-15
2020-11-15 17:00:00,20.6,13.3,63.0,0.0,,210.0,22.3,,1009.2,,,69.08,2020-11-15
2020-11-15 18:00:00,20.0,13.2,65.0,0.0,,200.0,22.3,,1009.6,,,68.0,2020-11-15
2020-11-15 19:00:00,19.4,12.9,66.0,0.0,,250.0,16.6,,1011.0,,,66.92,2020-11-15
2020-11-15 20:00:00,17.8,6.6,48.0,0.0,,270.0,13.0,,1012.3,,,64.04,2020-11-15
2020-11-15 21:00:00,16.7,2.3,38.0,0.0,,270.0,16.6,,1013.2,,,62.059999999999995,2020-11-15
2020-11-15 22:00:00,15.0,1.8,41.0,0.0,,280.0,11.2,,1014.4,,,59.0,2020-11-15
2020-11-15 23:00:00,13.9,-0.9,36.0,0.0,,275.0,9.4,,1015.7,,,57.02,2020-11-15
2020-11-16 00:00:00,12.2,-2.1,37.0,0.0,,270.0,13.0,,1016.4,,,53.96,2020-11-16
2020-11-16 01:00:00,11.7,-3.3,35.0,0.0,,280.0,11.2,,1016.8,,,53.06,2020-11-16
2020-11-16 02:00:00,11.1,-3.4,36.0,0.0,,290.0,20.5,,1017.1,,,51.98,2020-11-16
2020-11-16 03:00:00,10.6,-3.9,36.0,0.0,,193.33333333333331,7.6,,1017.3,,,51.08,2020-11-16
2020-11-16 04:00:00,10.0,-4.0,37.0,0.0,,96.66666666666666,9.4,,1017.5,,,50.0,2020-11-16
2020-11-16 05:00:00,8.9,-4.0,40.0,0.0,,0.0,0.0,,1017.9,,,48.02,2020-11-16
2020-11-16 06:00:00,8.9,-4.0,40.0,0.0,,270.0,13.0,,1017.9,,,48.02,2020-11-16
2020-11-16 07:00:00,8.3,-4.5,40.0,0.0,,280.0,11.2,,1018.1,,,46.94,2020-11-16
2020-11-16 08:00:00,9.4,-4.2,38.0,0.0,,250.0,11.2,,1018.5,,,48.92,2020-11-16
2020-11-16 09:00:00,12.2,-4.5,31.0,0.0,,250.0,5.4,,1019.2,,,53.96,2020-11-16
2020-11-16 10:00:00,12.8,-4.4,30.0,0.0,,200.0,7.6,,1019.7,,,55.04,2020-11-16
2020-11-16 11:00:00,13.9,-4.3,28.0,0.0,,270.0,13.0,,1019.7,,,57.02,2020-11-16
2020-11-16 12:00:00,14.4,-4.9,26.0,0.0,,220.0,18.4,,1019.8,,,57.92,2020-11-16
2020-11-16 13:00:00,16.1,-5.6,22.0,0.0,,280.0,13.0,,1019.1,,,60.980000000000004,2020-11-16
2020-11-16 14:00:00,16.1,-5.6,22.0,0.0,,280.0,11.2,,1018.6,,,60.980000000000004,2020-11-16
2020-11-16 15:00:00,16.1,-6.3,21.0,0.0,,250.0,13.0,,1018.5,,,60.980000000000004,2020-11-16
2020-11-16 16:00:00,15.0,-7.8,20.0,0.0,,280.0,16.6,,1018.3,,,59.0,2020-11-16
2020-11-16 17:00:00,13.3,-7.4,23.0,0.0,,250.0,7.6,,1018.5,,,55.94,2020-11-16
2020-11-16 18:00:00,12.2,-7.3,25.0,0.0,,250.0,7.6,,1019.0,,,53.96,2020-11-16
2020-11-16 19:00:00,10.6,-7.6,27.0,0.0,,230.0,5.4,,1019.4,,,51.08,2020-11-16
2020-11-16 20:00:00,10.0,-7.7,28.0,0.0,,240.0,7.6,,1019.7,,,50.0,2020-11-16
2020-11-16 21:00:00,9.4,-7.8,29.0,0.0,,230.0,7.6,,1019.6,,,48.92,2020-11-16
2020-11-16 22:00:00,8.3,-6.7,34.0,0.0,,250.0,5.4,,1019.6,,,46.94,2020-11-16
2020-11-16 23:00:00,7.2,-6.2,38.0,0.0,,240.0,7.6,,1019.9,,,44.96,2020-11-16
2020-11-17 00:00:00,7.2,-6.5,37.0,0.0,,240.0,7.6,,1019.8,,,44.96,2020-11-17
2020-11-17 01:00:00,7.8,-6.0,37.0,0.0,,250.0,7.6,,1019.8,,,46.04,2020-11-17
2020-11-17 02:00:00,4.4,-4.9,51.0,0.0,,210.0,5.4,,1019.3,,,39.92,2020-11-17
2020-11-17 03:00:00,6.1,-5.0,45.0,0.0,,230.0,5.4,,1018.9,,,42.980000000000004,2020-11-17
2020-11-17 04:00:00,5.6,-4.3,49.0,0.0,,220.0,7.6,,1018.5,,,42.08,2020-11-17
2020-11-17 05:00:00,2.2,-3.3,67.0,0.0,,210.0,5.4,,1018.3,,,35.96,2020-11-17
2020-11-17 06:00:00,3.9,-4.3,55.0,0.0,,230.0,5.4,,1017.8,,,39.02,2020-11-17
2020-11-17 07:00:00,6.1,-4.4,47.0,0.0,,270.0,9.4,,1018.2,,,42.980000000000004,2020-11-17
2020-11-17 08:00:00,4.4,-2.2,62.0,0.0,,210.0,7.6,,1018.6,,,39.92,2020-11-17
2020-11-17 09:00:00,10.6,-2.1,41.0,0.0,,280.0,13.0,,1018.5,,,51.08,2020-11-17
2020-11-17 10:00:00,12.2,-3.2,34.0,0.0,,290.0,18.4,,1018.7,,,53.96,2020-11-17
2020-11-17 11:00:00,12.2,-4.5,31.0,0.0,,300.0,27.7,,1019.2,,,53.96,2020-11-17
2020-11-17 12:00:00,12.8,-4.4,30.0,0.0,,310.0,24.1,,1019.6,,,55.04,2020-11-17
2020-11-17 13:00:00,12.2,-4.0,32.0,0.0,,290.0,22.3,,1019.9,,,53.96,2020-11-17
2020-11-17 14:00:00,11.7,-2.9,36.0,0.0,,310.0,22.3,,1020.4,,,53.06,2020-11-17
2020-11-17 15:00:00,11.1,-5.0,32.0,0.0,,310.0,20.5,,1021.2,,,51.98,2020-11-17
2020-11-17 16:00:00,10.0,-5.2,34.0,0.0,,290.0,24.1,,1022.5,,,50.0,2020-11-17
2020-11-17 17:00:00,8.3,-6.7,34.0,0.0,,300.0,22.3,,1023.1,,,46.94,2020-11-17
2020-11-17 18:00:00,7.8,-6.0,37.0,0.0,,300.0,18.4,,1024.2,,,46.04,2020-11-17
2020-11-17 19:00:00,7.2,-6.2,38.0,0.0,,300.0,16.6,,1024.5,,,44.96,2020-11-17
2020-11-17 20:00:00,5.6,-6.0,43.0,0.0,,0.0,0.0,,1026.0,,,42.08,2020-11-17
2020-11-17 21:00:00,5.6,-7.3,39.0,0.0,,0.0,11.2,,1026.0,,,42.08,2020-11-17
2020-11-17 22:00:00,3.9,-6.7,46.0,0.0,,0.0,0.0,,1027.1,,,39.02,2020-11-17
2020-11-17 23:00:00,4.4,-8.4,39.0,0.0,,55.0,7.6,,1028.0,,,39.92,2020-11-17
2020-11-18 00:00:00,3.9,-8.2,41.0,0.0,,110.0,8.5,,1028.6,,,39.02,2020-11-18
2020-11-18 01:00:00,3.9,-8.2,41.0,0.0,,165.0,9.4,,1029.1,,,39.02,2020-11-18
2020-11-18 02:00:00,2.8,-8.3,44.0,0.0,,220.0,5.4,,1029.8,,,37.04,2020-11-18
2020-11-18 03:00:00,0.6,-7.9,53.0,0.0,,0.0,0.0,,1030.8,,,33.08,2020-11-18
2020-11-18 04:00:00,-0.6,-7.2,61.0,0.0,,0.0,0.0,,1030.9,,,30.92,2020-11-18
2020-11-18 05:00:00,-2.8,-6.6,75.0,0.0,,0.0,0.0,,1031.6,,,26.96,2020-11-18
2020-11-18 06:00:00,-0.6,-7.9,58.0,0.0,,250.0,5.4,,1032.4,,,30.92,2020-11-18
2020-11-18 07:00:00,-2.8,-6.6,75.0,0.0,,0.0,0.0,,1033.7,,,26.96,2020-11-18
2020-11-18 08:00:00,1.7,-5.7,58.0,0.0,,260.0,5.4,,1034.4,,,35.06,2020-11-18
2020-11-18 09:00:00,4.4,-6.2,46.0,0.0,,276.6666666666667,9.4,,1035.2,,,39.92,2020-11-18
2020-11-18 10:00:00,5.0,-7.2,41.0,0.0,,293.3333333333333,7.6,,1035.5,,,41.0,2020-11-18
2020-11-18 11:00:00,7.2,-7.6,34.0,0.0,,310.0,11.2,,1035.2,,,44.96,2020-11-18
2020-11-18 12:00:00,7.8,-7.9,32.0,0.0,,326.6666666666667,7.6,,1034.7,,,46.04,2020-11-18
2020-11-18 13:00:00,8.9,-7.3,31.0,0.0,,343.33333333333337,5.4,,1033.5,,,48.02,2020-11-18
2020-11-18 14:00:00,9.4,-7.8,29.0,0.0,,360.0,5.4,,1033.0,,,48.92,2020-11-18
2020-11-18 15:00:00,10.6,-8.1,26.0,0.0,,360.0,7.6,,1032.8,,,51.08,2020-11-18
2020-11-18 16:00:00,10.6,-8.1,26.0,0.0,,0.0,0.0,,1032.8,,,51.08,2020-11-18
2020-11-18 17:00:00,7.2,-7.3,35.0,0.0,,0.0,0.0,,1033.3,,,44.96,2020-11-18
2020-11-18 18:00:00,4.4,-5.7,48.0,0.0,,0.0,0.0,,1034.0,,,39.92,2020-11-18
2020-11-18 19:00:00,2.8,-5.6,54.0,0.0,,0.0,0.0,,1034.8,,,37.04,2020-11-18
2020-11-18 20:00:00,2.2,-5.0,59.0,0.0,,300.0,5.4,,1034.9,,,35.96,2020-11-18
2020-11-18 21:00:00,0.6,-3.9,72.0,0.0,,0.0,0.0,,1035.3,,,33.08,2020-11-18
2020-11-18 22:00:00,0.0,-5.0,69.0,0.0,,0.0,0.0,,1035.6,,,32.0,2020-11-18
2020-11-18 23:00:00,0.6,-5.6,63.0,0.0,,0.0,0.0,,1035.6,,,33.08,2020-11-18
2020-11-19 00:00:00,0.0,-3.9,75.0,0.0,,0.0,0.0,,1036.0,,,32.0,2020-11-19
2020-11-19 01:00:00,-0.6,-4.3,76.0,0.0,,0.0,0.0,,1036.2,,,30.92,2020-11-19
2020-11-19 02:00:00,-1.7,-4.4,82.0,0.0,,0.0,0.0,,1036.3,,,28.94,2020-11-19
2020-11-19 03:00:00,-1.1,-5.0,75.0,0.0,,0.0,0.0,,1036.1,,,30.02,2020-11-19
2020-11-19 04:00:00,-1.7,-5.0,78.0,0.0,,0.0,0.0,,1036.5,,,28.94,2020-11-19
2020-11-19 05:00:00,-1.7,-5.0,78.0,0.0,,0.0,0.0,,1036.7,,,28.94,2020-11-19
2020-11-19 06:00:00,-1.7,-5.0,78.0,0.0,,0.0,0.0,,1036.8,,,28.94,2020-11-19
2020-11-19 07:00:00,-1.7,-5.5,75.0,0.0,,0.0,0.0,,1037.5,,,28.94,2020-11-19
2020-11-19 08:00:00,-0.6,-3.3,82.0,0.0,,180.0,5.4,,1037.7,,,30.92,2020-11-19
2020-11-19 09:00:00,3.3,-2.9,64.0,0.0,,190.0,9.4,,1037.7,,,37.94,2020-11-19
2020-11-19 10:00:00,6.1,-3.3,51.0,0.0,,190.0,16.6,,1037.6,,,42.980000000000004,2020-11-19
2020-11-19 11:00:00,8.9,-3.3,42.0,0.0,,190.0,18.4,,1036.9,,,48.02,2020-11-19
2020-11-19 12:00:00,11.1,-3.8,35.0,0.0,,230.0,16.6,,1035.7,,,51.98,2020-11-19
2020-11-19 13:00:00,12.2,-3.2,34.0,0.0,,190.0,22.3,,1034.6,,,53.96,2020-11-19
2020-11-19 14:00:00,12.8,-3.1,33.0,0.0,,190.0,20.5,,1033.8,,,55.04,2020-11-19
2020-11-19 15:00:00,13.3,-3.5,31.0,0.0,,190.0,13.0,,1033.3,,,55.94,2020-11-19
2020-11-19 16:00:00,12.8,-2.7,34.0,0.0,,190.0,14.8,,1033.2,,,55.04,2020-11-19
2020-11-19 17:00:00,9.4,-2.2,44.0,0.0,,200.0,9.4,,1033.3,,,48.92,2020-11-19
2020-11-19 18:00:00,7.8,-2.3,49.0,0.0,,200.0,5.4,,1033.5,,,46.04,2020-11-19
2020-11-19 19:00:00,6.7,-1.7,55.0,0.0,,200.0,5.4,,1033.5,,,44.06,2020-11-19
2020-11-19 20:00:00,5.0,-1.7,62.0,0.0,,0.0,0.0,,1033.6,,,41.0,2020-11-19
2020-11-19 21:00:00,4.4,-1.6,65.0,0.0,,190.0,5.4,,1033.2,,,39.92,2020-11-19
2020-11-19 22:00:00,4.4,-2.2,62.0,0.0,,210.0,7.6,,1032.8,,,39.92,2020-11-19
2020-11-19 23:00:00,3.9,-2.3,64.0,0.0,,190.0,7.6,,1032.0,,,39.02,2020-11-19
2020-11-20 00:00:00,5.6,-2.3,57.0,0.0,,230.0,7.6,,1031.7,,,42.08,2020-11-20
2020-11-20 01:00:00,2.2,-2.1,73.0,0.0,,190.0,9.4,,1031.2,,,35.96,2020-11-20
2020-11-20 02:00:00,3.3,-2.2,67.0,0.0,,210.0,5.4,,1031.1,,,37.94,2020-11-20
2020-11-20 03:00:00,3.9,-2.3,64.0,0.0,,0.0,0.0,,1031.0,,,39.02,2020-11-20
2020-11-20 04:00:00,1.7,-2.3,75.0,0.0,,190.0,7.6,,1031.2,,,35.06,2020-11-20
2020-11-20 05:00:00,1.7,-2.3,75.0,0.0,,190.0,9.4,,1031.3,,,35.06,2020-11-20
2020-11-20 06:00:00,2.8,-2.1,70.0,0.0,,210.0,9.4,,1031.3,,,37.04,2020-11-20
2020-11-20 07:00:00,2.2,-2.1,73.0,0.0,,210.0,5.4,,1031.7,,,35.96,2020-11-20
2020-11-20 08:00:00,2.8,-1.0,76.0,0.0,,190.0,7.6,,1032.4,,,37.04,2020-11-20
2020-11-20 09:00:00,6.7,-0.1,62.0,0.0,,180.0,13.0,,1032.4,,,44.06,2020-11-20
2020-11-20 10:00:00,10.0,0.6,52.0,0.0,,180.0,11.2,,1032.2,,,50.0,2020-11-20
2020-11-20 11:00:00,13.9,1.2,42.0,0.0,,190.0,13.0,,1031.6,,,57.02,2020-11-20
2020-11-20 12:00:00,16.7,0.8,34.0,0.0,,210.0,14.8,,1030.5,,,62.059999999999995,2020-11-20
2020-11-20 13:00:00,19.4,0.4,28.0,0.0,,210.0,11.2,,1029.2,,,66.92,2020-11-20
2020-11-20 14:00:00,20.0,0.9,28.0,0.0,,190.0,16.6,,1028.4,,,68.0,2020-11-20
2020-11-20 15:00:00,20.0,0.4,27.0,0.0,,200.0,16.6,,1028.0,,,68.0,2020-11-20
2020-11-20 16:00:00,19.4,1.8,31.0,0.0,,190.0,14.8,,1028.1,,,66.92,2020-11-20
2020-11-20 17:00:00,16.1,1.8,38.0,0.0,,200.0,11.2,,1028.5,,,60.980000000000004,2020-11-20
2020-11-20 18:00:00,15.0,1.8,41.0,0.0,,200.0,7.6,,1028.8,,,59.0,2020-11-20
2020-11-20 19:00:00,13.3,1.6,45.0,0.0,,220.0,7.6,,1029.1,,,55.94,2020-11-20
2020-11-20 20:00:00,8.9,1.8,61.0,0.0,,220.0,5.4,,1029.4,,,48.02,2020-11-20
2020-11-20 21:00:00,10.0,1.6,56.0,0.0,,220.0,7.6,,1029.0,,,50.0,2020-11-20
2020-11-20 22:00:00,7.8,1.6,65.0,0.0,,200.0,5.4,,1029.1,,,46.04,2020-11-20
2020-11-20 23:00:00,6.7,1.6,70.0,0.0,,180.0,5.4,,1028.7,,,44.06,2020-11-20
2020-11-21 00:00:00,7.2,2.3,71.0,0.0,,0.0,0.0,,1028.3,,,44.96,2020-11-21
2020-11-21 01:00:00,5.6,1.7,76.0,0.0,,0.0,0.0,,1028.2,,,42.08,2020-11-21
2020-11-21 02:00:00,5.6,1.7,76.0,0.0,,0.0,0.0,,1028.1,,,42.08,2020-11-21
2020-11-21 03:00:00,5.6,2.2,79.0,0.0,,0.0,0.0,,1028.0,,,42.08,2020-11-21
2020-11-21 04:00:00,4.4,1.8,83.0,0.0,,0.0,0.0,,1027.9,,,39.92,2020-11-21
2020-11-21 05:00:00,5.0,1.7,79.0,0.0,,0.0,0.0,,1028.1,,,41.0,2020-11-21
2020-11-21 06:00:00,5.6,2.2,79.0,0.0,,0.0,0.0,,1028.2,,,42.08,2020-11-21
2020-11-21 07:00:00,5.0,2.2,82.0,0.0,,0.0,0.0,,1028.7,,,41.0,2020-11-21
2020-11-21 08:00:00,7.8,5.1,83.0,0.0,,0.0,0.0,,1029.2,,,46.04,2020-11-21
2020-11-21 09:00:00,13.3,6.2,62.0,0.0,,170.0,5.4,,1029.2,,,55.94,2020-11-21
2020-11-21 10:00:00,17.2,7.3,52.0,0.0,,0.0,0.0,,1029.2,,,62.959999999999994,2020-11-21
2020-11-21 11:00:00,21.1,9.0,46.0,0.0,,0.0,7.6,,1028.9,,,69.98,2020-11-21
2020-11-21 12:00:00,21.7,9.6,46.0,0.0,,0.0,7.6,,1028.1,,,71.06,2020-11-21
2020-11-21 13:00:00,22.2,9.4,44.0,0.0,,0.0,0.0,,1027.3,,,71.96,2020-11-21
2020-11-21 14:00:00,22.8,9.9,44.0,0.0,,20.0,5.4,,1026.7,,,73.04,2020-11-21
2020-11-21 15:00:00,21.7,9.6,46.0,0.0,,0.0,0.0,,1026.3,,,71.06,2020-11-21
2020-11-21 16:00:00,22.8,10.6,46.0,0.0,,0.0,0.0,,1026.2,,,73.04,2020-11-21
2020-11-21 17:00:00,20.0,10.7,55.0,0.0,,0.0,0.0,,1026.7,,,68.0,2020-11-21
2020-11-21 18:00:00,17.2,10.1,63.0,0.0,,0.0,0.0,,1026.9,,,62.959999999999994,2020-11-21
2020-11-21 19:00:00,14.4,9.4,72.0,0.0,,0.0,0.0,,1027.5,,,57.92,2020-11-21
2020-11-21 20:00:00,13.9,9.3,74.0,0.0,,0.0,0.0,,1027.4,,,57.02,2020-11-21
2020-11-21 21:00:00,13.3,7.7,69.0,0.0,,0.0,0.0,,1027.2,,,55.94,2020-11-21
2020-11-21 22:00:00,15.6,8.3,62.0,0.0,,130.0,7.6,,1027.2,,,60.08,2020-11-21
2020-11-21 23:00:00,13.9,8.3,69.0,0.0,,20.0,9.4,,1027.2,,,57.02,2020-11-21
2020-11-22 00:00:00,13.9,8.9,72.0,0.0,,20.0,7.6,,1027.0,,,57.02,2020-11-22
2020-11-22 01:00:00,13.3,9.0,75.0,0.0,,40.0,7.6,,1026.8,,,55.94,2020-11-22
2020-11-22 02:00:00,13.9,8.9,72.0,0.0,,20.0,5.4,,1026.6,,,57.02,2020-11-22
2020-11-22 03:00:00,12.2,8.3,77.0,0.0,,20.0,7.6,,1026.5,,,53.96,2020-11-22
2020-11-22 04:00:00,11.7,8.4,80.0,0.0,,30.0,7.6,,1026.2,,,53.06,2020-11-22
2020-11-22 05:00:00,11.7,7.8,77.0,0.0,,40.0,9.4,,1026.4,,,53.06,2020-11-22
2020-11-22 06:00:00,10.6,7.8,83.0,0.0,,50.0,9.4,,1026.3,,,51.08,2020-11-22
2020-11-22 07:00:00,11.7,7.8,77.0,0.0,,50.0,13.0,,1026.3,,,53.06,2020-11-22
2020-11-22 08:00:00,11.7,8.4,80.0,0.0,,40.0,9.4,,1026.7,,,53.06,2020-11-22
2020-11-22 09:00:00,12.8,8.3,74.0,0.0,,50.0,14.8,,1026.6,,,55.04,2020-11-22
2020-11-22 10:00:00,13.9,8.3,69.0,0.0,,60.0,13.0,,1026.2,,,57.02,2020-11-22
2020-11-22 11:00:00,15.6,8.3,62.0,0.0,,100.0,9.4,,1025.4,,,60.08,2020-11-22
2020-11-22 12:00:00,16.1,8.3,60.0,0.0,,100.0,9.4,,1024.0,,,60.980000000000004,2020-11-22
2020-11-22 13:00:00,16.7,8.9,60.0,0.0,,190.0,7.6,,1022.7,,,62.059999999999995,2020-11-22
2020-11-22 14:00:00,16.7,9.4,62.0,0.0,,180.0,11.2,,1021.9,,,62.059999999999995,2020-11-22
2020-11-22 15:00:00,17.2,10.1,63.0,0.0,,150.0,11.2,,1021.0,,,62.959999999999994,2020-11-22
2020-11-22 16:00:00,16.7,10.1,65.0,0.0,,160.0,11.2,,1020.6,,,62.059999999999995,2020-11-22
2020-11-22 17:00:00,16.1,10.6,70.0,0.0,,160.0,7.6,,1020.4,,,60.980000000000004,2020-11-22
2020-11-22 18:00:00,15.6,10.6,72.0,0.0,,160.0,9.4,,1019.9,,,60.08,2020-11-22
2020-11-22 19:00:00,15.0,10.6,75.0,0.0,,200.0,7.6,,1020.0,,,59.0,2020-11-22
2020-11-22 20:00:00,15.0,11.2,78.0,0.0,,170.0,11.2,,1019.1,,,59.0,2020-11-22
2020-11-22 21:00:00,15.0,11.8,81.0,0.0,,180.0,11.2,,1018.9,,,59.0,2020-11-22
2020-11-22 22:00:00,15.0,11.8,81.0,0.0,,170.0,7.6,,1018.0,,,59.0,2020-11-22
2020-11-22 23:00:00,14.4,11.7,84.0,0.0,,190.0,7.6,,1017.3,,6.976190476190476,57.92,2020-11-22
2020-11-23 00:00:00,13.3,11.7,90.0,0.0,,180.0,7.6,,1016.5,,6.984126984126984,55.94,2020-11-23
2020-11-23 01:00:00,13.3,12.2,93.0,0.0,,200.0,9.4,,1015.8,,6.992063492063492,55.94,2020-11-23
2020-11-23 02:00:00,13.9,12.3,90.0,0.0,,210.0,9.4,,1015.5,,7.0,57.02,2020-11-23
2020-11-23 03:00:00,13.9,11.8,87.0,0.15,,240.0,7.6,,1016.1,,7.0,57.02,2020-11-23
2020-11-23 04:00:00,13.3,10.7,84.0,0.3,,240.0,5.4,,1015.4,,7.0,55.94,2020-11-23
2020-11-23 05:00:00,12.8,10.0,83.0,0.15,,260.0,11.2,,1015.7,,7.0,55.04,2020-11-23
2020-11-23 06:00:00,11.1,4.3,63.0,0.0,,300.0,13.0,,1016.9,,7.0,51.98,2020-11-23
2020-11-23 07:00:00,10.0,2.8,61.0,0.0,,310.0,11.2,,1018.2,,,50.0,2020-11-23
2020-11-23 08:00:00,10.0,2.1,58.0,0.0,,310.0,9.4,,1019.2,,,50.0,2020-11-23
2020-11-23 09:00:00,11.7,1.6,50.0,0.0,,0.0,0.0,,1019.8,,,53.06,2020-11-23
2020-11-23 10:00:00,11.7,-1.1,41.0,0.0,,360.0,14.8,,1020.6,,,53.06,2020-11-23
2020-11-23 11:00:00,11.7,-1.1,41.0,0.0,,10.0,14.8,,1021.0,,,53.06,2020-11-23
2020-11-23 12:00:00,12.8,-1.5,37.0,0.0,,10.0,18.4,,1020.9,,,55.04,2020-11-23
2020-11-23 13:00:00,12.8,-3.9,31.0,0.0,,330.0,14.8,,1020.8,,,55.04,2020-11-23
2020-11-23 14:00:00,13.3,-3.5,31.0,0.0,,360.0,11.2,,1020.5,,,55.94,2020-11-23
2020-11-23 15:00:00,12.8,-4.4,30.0,0.0,,360.0,16.6,,1020.9,,,55.04,2020-11-23
2020-11-23 16:00:00,12.2,-3.2,34.0,0.0,,310.0,5.4,,1021.7,,,53.96,2020-11-23
2020-11-23 17:00:00,10.0,-2.7,41.0,0.0,,310.0,9.4,,1022.3,,,50.0,2020-11-23
2020-11-23 18:00:00,7.8,-2.3,49.0,0.0,,0.0,0.0,,1023.3,,,46.04,2020-11-23
2020-11-23 19:00:00,7.8,-3.4,45.0,0.0,,350.0,13.0,,1024.3,,,46.04,2020-11-23
2020-11-23 20:00:00,7.2,-3.4,47.0,0.0,,310.0,11.2,,1024.9,,,44.96,2020-11-23
2020-11-23 21:00:00,7.2,-2.8,49.0,0.0,,310.0,13.0,,1025.1,,,44.96,2020-11-23
2020-11-23 22:00:00,6.1,-2.8,53.0,0.0,,0.0,0.0,,1025.7,,,42.980000000000004,2020-11-23
2020-11-23 23:00:00,4.4,-2.2,62.0,0.0,,0.0,0.0,,1026.5,,,39.92,2020-11-23
2020-11-24 00:00:00,4.4,-1.6,65.0,0.0,,0.0,0.0,,1026.4,,,39.92,2020-11-24
2020-11-24 01:00:00,3.3,-1.1,73.0,0.0,,0.0,0.0,,1026.5,,,37.94,2020-11-24
2020-11-24 02:00:00,3.3,-2.2,67.0,0.0,,0.0,0.0,,1026.6,,,37.94,2020-11-24
2020-11-24 03:00:00,2.2,-1.8,75.0,0.0,,0.0,0.0,,1027.0,,,35.96,2020-11-24
2020-11-24 04:00:00,1.7,-1.7,78.0,0.0,,0.0,0.0,,1026.9,,,35.06,2020-11-24
2020-11-24 05:00:00,1.7,-1.7,78.0,0.0,,0.0,0.0,,1027.1,,,35.06,2020-11-24
2020-11-24 06:00:00,0.0,-2.2,85.0,0.0,,0.0,0.0,,1027.6,,,32.0,2020-11-24
2020-11-24 07:00:00,1.1,-1.6,82.0,0.0,,330.0,5.4,,1028.3,,,33.98,2020-11-24
2020-11-24 08:00:00,2.8,0.0,82.0,0.0,,0.0,0.0,,1029.0,,,37.04,2020-11-24
2020-11-24 09:00:00,7.8,0.0,58.0,0.0,,50.0,5.4,,1029.2,,,46.04,2020-11-24
2020-11-24 10:00:00,8.3,-1.8,49.0,0.0,,140.0,5.4,,1029.9,,,46.94,2020-11-24
2020-11-24 11:00:00,9.4,-1.6,46.0,0.0,,175.0,5.4,,1029.9,,,48.92,2020-11-24
2020-11-24 12:00:00,10.0,-1.7,44.0,0.0,,210.0,11.2,,1029.0,,,50.0,2020-11-24
2020-11-24 13:00:00,10.6,-1.8,42.0,0.0,,210.0,14.8,,1028.4,,,51.08,2020-11-24
2020-11-24 14:00:00,11.1,-1.0,43.0,0.0,,190.0,11.2,,1027.6,,,51.98,2020-11-24
2020-11-24 15:00:00,11.1,-1.7,41.0,0.0,,170.0,7.6,,1027.1,,,51.98,2020-11-24
2020-11-24 16:00:00,10.6,-1.8,42.0,0.0,,170.0,7.6,,1027.2,,,51.08,2020-11-24
2020-11-24 17:00:00,7.8,-0.7,55.0,0.0,,170.0,7.6,,1027.5,,,46.04,2020-11-24
2020-11-24 18:00:00,7.2,-0.5,58.0,0.0,,160.0,5.4,,1027.8,,,44.96,2020-11-24
2020-11-24 19:00:00,5.6,-0.7,64.0,0.0,,0.0,0.0,,1028.2,,,42.08,2020-11-24
2020-11-24 20:00:00,5.6,-1.1,62.0,0.0,,0.0,0.0,,1028.3,,,42.08,2020-11-24
2020-11-24 21:00:00,5.0,-0.6,67.0,0.0,,200.0,5.4,,1028.2,,,41.0,2020-11-24
2020-11-24 22:00:00,5.6,-0.7,64.0,0.0,,190.0,9.4,,1028.0,,,42.08,2020-11-24
2020-11-24 23:00:00,4.4,-0.6,70.0,0.0,,180.0,7.6,,1027.7,,,39.92,2020-11-24
2020-11-25 00:00:00,3.9,-0.5,73.0,0.0,,190.0,5.4,,1027.4,,,39.02,2020-11-25
2020-11-25 01:00:00,3.3,-0.5,76.0,0.0,,142.5,4.050000000000001,,1027.2,,,37.94,2020-11-25
2020-11-25 02:00:00,3.3,-0.5,76.0,0.0,,95.0,2.7,,1026.8,,,37.94,2020-11-25
2020-11-25 03:00:00,2.8,-0.7,78.0,0.0,,47.5,1.3499999999999996,,1026.8,,,37.04,2020-11-25
2020-11-25 04:00:00,3.3,-0.5,76.0,0.0,,0.0,0.0,,1026.9,,,37.94,2020-11-25
2020-11-25 05:00:00,3.3,0.7,83.0,0.0,,90.0,2.7,,1026.7,,,37.94,2020-11-25
2020-11-25 06:00:00,3.3,0.0,79.0,0.0,,180.0,5.4,,1026.9,,,37.94,2020-11-25
2020-11-25 07:00:00,3.3,0.0,79.0,0.0,,180.0,5.4,,1027.3,,,37.94,2020-11-25
2020-11-25 08:00:00,4.4,0.5,76.0,0.0,,220.0,5.4,,1027.2,,,39.92,2020-11-25
2020-11-25 09:00:00,5.6,1.7,76.0,0.0,,180.0,9.4,,1027.5,,,42.08,2020-11-25
2020-11-25 10:00:00,7.2,1.7,68.0,0.0,,200.0,11.2,,1027.2,,,44.96,2020-11-25
2020-11-25 11:00:00,8.9,1.8,61.0,0.0,,200.0,13.0,,1026.5,,,48.02,2020-11-25
2020-11-25 12:00:00,11.1,2.9,57.0,0.0,,190.0,11.2,,1025.2,,,51.98,2020-11-25
2020-11-25 13:00:00,12.8,5.0,59.0,0.0,,180.0,9.4,,1024.0,,,55.04,2020-11-25
2020-11-25 14:00:00,13.3,6.2,62.0,0.0,,180.0,14.8,,1023.3,,,55.94,2020-11-25
2020-11-25 15:00:00,12.2,5.6,64.0,0.0,,180.0,14.8,,1023.1,,,53.96,2020-11-25
2020-11-25 16:00:00,11.7,5.6,66.0,0.0,,170.0,13.0,,1022.6,,,53.06,2020-11-25
2020-11-25 17:00:00,11.1,5.6,69.0,0.0,,0.0,0.0,,1022.5,,,51.98,2020-11-25
2020-11-25 18:00:00,10.6,6.2,74.0,0.0,,0.0,0.0,,1022.5,,,51.08,2020-11-25
2020-11-25 19:00:00,10.6,6.2,74.0,0.0,,0.0,0.0,,1022.6,,,51.08,2020-11-25
2020-11-25 20:00:00,10.6,6.2,74.0,0.0,,0.0,0.0,,1021.2,,7.0,51.08,2020-11-25
2020-11-25 21:00:00,10.0,6.2,77.0,0.0,,0.0,0.0,,1020.9,,7.0,50.0,2020-11-25
2020-11-25 22:00:00,10.6,7.8,83.0,0.0,,0.0,0.0,,1020.2,,7.0,51.08,2020-11-25
2020-11-25 23:00:00,11.1,7.8,80.0,0.0,,0.0,0.0,,1019.5,,7.0,51.98,2020-11-25
2020-11-26 00:00:00,10.6,8.4,86.0,0.5,,280.0,7.6,,1019.5,,7.0,51.08,2020-11-26
2020-11-26 01:00:00,10.6,8.9,89.0,0.3,,0.0,0.0,,1018.4,,5.0,51.08,2020-11-26
2020-11-26 02:00:00,10.6,9.4,92.0,0.0,,190.0,7.6,,1017.8,,7.0,51.08,2020-11-26
2020-11-26 03:00:00,11.1,9.4,89.0,0.15,,0.0,0.0,,1018.1,,7.0,51.98,2020-11-26
2020-11-26 04:00:00,11.1,10.0,93.0,0.3,,0.0,0.0,,1017.5,,7.0,51.98,2020-11-26
2020-11-26 05:00:00,11.1,9.4,89.0,0.15,,0.0,0.0,,1017.1,,6.0,51.98,2020-11-26
2020-11-26 06:00:00,11.1,10.0,93.0,0.0,,310.0,5.4,,1017.3,,5.0,51.98,2020-11-26
2020-11-26 07:00:00,11.1,10.0,93.0,0.0,,200.0,7.6,,1017.4,,5.0,51.98,2020-11-26
2020-11-26 08:00:00,11.7,11.1,96.0,0.0,,210.0,7.6,,1017.7,,5.0,53.06,2020-11-26
2020-11-26 09:00:00,13.3,12.2,93.0,0.0,,200.0,13.0,,1017.9,,5.0,55.94,2020-11-26
2020-11-26 10:00:00,13.9,12.8,93.0,0.0,,210.0,9.4,,1018.0,,5.0,57.02,2020-11-26
2020-11-26 11:00:00,17.2,13.3,78.0,0.0,,220.0,9.4,,1017.7,,5.0,62.959999999999994,2020-11-26
2020-11-26 12:00:00,20.6,11.8,57.0,0.0,,217.5,7.6,,1016.8,,5.0,69.08,2020-11-26
2020-11-26 13:00:00,22.2,7.2,38.0,0.0,,215.0,9.4,,1016.0,,5.0,71.96,2020-11-26
2020-11-26 14:00:00,22.2,8.0,40.0,0.0,,212.5,11.2,,1015.6,,,71.96,2020-11-26
2020-11-26 15:00:00,22.8,8.9,41.0,0.0,,210.0,9.4,,1015.3,,,73.04,2020-11-26
2020-11-26 16:00:00,21.7,8.9,44.0,0.0,,200.0,7.6,,1015.4,,,71.06,2020-11-26
2020-11-26 17:00:00,17.8,11.8,68.0,0.0,,190.0,7.6,,1015.8,,5.0,64.04,2020-11-26
2020-11-26 18:00:00,15.6,12.2,80.0,0.0,,190.0,7.6,,1016.3,,5.0,60.08,2020-11-26
2020-11-26 19:00:00,13.3,11.2,87.0,0.0,,0.0,0.0,,1016.7,,5.0,55.94,2020-11-26
2020-11-26 20:00:00,14.4,12.3,87.0,0.0,,200.0,7.6,,1016.9,,5.0,57.92,2020-11-26
2020-11-26 21:00:00,12.2,11.1,93.0,0.0,,0.0,0.0,,1017.4,,5.0,53.96,2020-11-26
2020-11-26 22:00:00,10.6,9.4,92.0,0.0,,0.0,0.0,,1017.9,,5.0,51.08,2020-11-26
2020-11-26 23:00:00,10.0,8.9,93.0,0.0,,0.0,0.0,,1017.8,,5.0,50.0,2020-11-26
2020-11-27 00:00:00,8.9,7.8,93.0,0.0,,0.0,0.0,,1017.8,,5.0,48.02,2020-11-27
2020-11-27 01:00:00,10.6,10.0,96.0,0.0,,50.0,7.6,,1017.8,,5.0,51.08,2020-11-27
2020-11-27 02:00:00,11.7,9.9,89.0,0.0,,0.0,0.0,,1017.8,,5.044117647058823,53.06,2020-11-27
2020-11-27 03:00:00,12.2,9.4,83.0,0.0,,360.0,7.6,,1017.7,,5.088235294117647,53.96,2020-11-27
2020-11-27 04:00:00,11.7,8.4,80.0,0.0,,10.0,13.0,,1017.8,,5.132352941176471,53.06,2020-11-27
2020-11-27 05:00:00,11.7,7.8,77.0,0.0,,20.0,13.0,,1018.1,,,53.06,2020-11-27
2020-11-27 06:00:00,11.7,7.2,74.0,0.0,,10.0,13.0,,1018.3,,,53.06,2020-11-27
2020-11-27 07:00:00,10.6,6.7,77.0,0.0,,10.0,9.4,,1018.9,,,51.08,2020-11-27
2020-11-27 08:00:00,11.7,7.2,74.0,0.0,,0.0,0.0,,1019.3,,,53.06,2020-11-27
2020-11-27 09:00:00,14.4,6.7,60.0,0.0,,30.0,13.0,,1019.5,,,57.92,2020-11-27
2020-11-27 10:00:00,13.9,6.7,62.0,0.0,,20.0,9.4,,1020.1,,,57.02,2020-11-27
2020-11-27 11:00:00,15.6,6.6,55.0,0.0,,60.0,11.2,,1019.2,,,60.08,2020-11-27
2020-11-27 12:00:00,17.2,7.3,52.0,0.0,,0.0,0.0,,1018.4,,,62.959999999999994,2020-11-27
2020-11-27 13:00:00,17.8,7.8,52.0,0.0,,0.0,0.0,,1017.5,,,64.04,2020-11-27
2020-11-27 14:00:00,17.8,7.2,50.0,0.0,,190.0,5.4,,1016.4,,,64.04,2020-11-27
2020-11-27 15:00:00,17.8,7.2,50.0,0.0,,0.0,0.0,,1015.5,,,64.04,2020-11-27
2020-11-27 16:00:00,17.2,7.3,52.0,0.0,,230.0,5.4,,1015.8,,,62.959999999999994,2020-11-27
2020-11-27 17:00:00,14.4,7.9,65.0,0.0,,0.0,0.0,,1016.4,,,57.92,2020-11-27
2020-11-27 18:00:00,12.2,7.3,72.0,0.0,,0.0,0.0,,1016.6,,,53.96,2020-11-27
2020-11-27 19:00:00,11.1,6.0,71.0,0.0,,300.0,5.4,,1017.1,,,51.98,2020-11-27
2020-11-27 20:00:00,13.3,5.0,57.0,0.0,,310.0,7.6,,1016.7,,,55.94,2020-11-27
2020-11-27 21:00:00,11.1,3.9,61.0,0.0,,0.0,0.0,,1016.4,,,51.98,2020-11-27
2020-11-27 22:00:00,8.9,4.3,73.0,0.0,,0.0,0.0,,1016.9,,,48.02,2020-11-27
2020-11-27 23:00:00,8.9,3.9,71.0,0.0,,140.0,7.6,,1016.2,,,48.02,2020-11-27
2020-11-28 00:00:00,8.3,4.3,76.0,0.0,,0.0,0.0,,1016.4,,,46.94,2020-11-28
2020-11-28 01:00:00,7.8,4.4,79.0,0.0,,0.0,0.0,,1016.1,,,46.04,2020-11-28
2020-11-28 02:00:00,7.2,4.0,80.0,0.0,,0.0,0.0,,1015.9,,,44.96,2020-11-28
2020-11-28 03:00:00,6.7,3.8,82.0,0.0,,0.0,0.0,,1016.1,,,44.06,2020-11-28
2020-11-28 04:00:00,6.1,3.9,86.0,0.0,,0.0,0.0,,1016.2,,,42.980000000000004,2020-11-28
2020-11-28 05:00:00,7.8,3.8,76.0,0.0,,0.0,0.0,,1016.3,,,46.04,2020-11-28
2020-11-28 06:00:00,5.6,2.8,82.0,0.0,,0.0,0.0,,1016.8,,,42.08,2020-11-28
2020-11-28 07:00:00,4.4,2.3,86.0,0.0,,0.0,0.0,,1017.6,,,39.92,2020-11-28
2020-11-28 08:00:00,4.4,2.3,86.0,0.0,,0.0,0.0,,1018.5,,,39.92,2020-11-28
2020-11-28 09:00:00,10.0,6.2,77.0,0.0,,0.0,0.0,,1018.7,,,50.0,2020-11-28
2020-11-28 10:00:00,15.0,4.9,51.0,0.0,,270.0,9.4,,1018.7,,,59.0,2020-11-28
2020-11-28 11:00:00,15.0,4.4,49.0,0.0,,250.0,9.4,,1018.6,,,59.0,2020-11-28
2020-11-28 12:00:00,16.1,3.2,42.0,0.0,,187.5,9.4,,1018.3,,,60.980000000000004,2020-11-28
2020-11-28 13:00:00,16.7,1.5,36.0,0.0,,125.0,5.4,,1018.1,,,62.059999999999995,2020-11-28
2020-11-28 14:00:00,17.2,1.2,34.0,0.0,,62.5,9.4,,1017.8,,,62.959999999999994,2020-11-28
2020-11-28 15:00:00,17.2,1.2,34.0,0.0,,0.0,0.0,,1017.8,,,62.959999999999994,2020-11-28
2020-11-28 16:00:00,16.1,0.6,35.0,0.0,,270.0,9.4,,1018.1,,,60.980000000000004,2020-11-28
2020-11-28 17:00:00,12.8,1.2,45.0,0.0,,260.0,5.4,,1018.2,,,55.04,2020-11-28
2020-11-28 18:00:00,7.8,1.2,63.0,0.0,,0.0,0.0,,1019.2,,,46.04,2020-11-28
2020-11-28 19:00:00,7.8,1.2,63.0,0.0,,280.0,5.4,,1020.0,,,46.04,2020-11-28
2020-11-28 20:00:00,6.7,1.2,68.0,0.0,,0.0,0.0,,1020.7,,,44.06,2020-11-28
2020-11-28 21:00:00,4.4,0.0,73.0,0.0,,0.0,0.0,,1020.6,,,39.92,2020-11-28
2020-11-28 22:00:00,4.4,0.0,73.0,0.0,,0.0,0.0,,1020.3,,,39.92,2020-11-28
2020-11-28 23:00:00,3.3,0.0,79.0,0.0,,0.0,0.0,,1020.7,,,37.94,2020-11-28
2020-11-29 00:00:00,2.8,-0.7,78.0,0.0,,350.0,5.4,,1020.9,,,37.04,2020-11-29
2020-11-29 01:00:00,2.8,-1.0,76.0,0.0,,0.0,0.0,,1021.2,,,37.04,2020-11-29
2020-11-29 02:00:00,3.9,-1.1,70.0,0.0,,175.0,7.6,,1021.0,,,39.02,2020-11-29
2020-11-29 03:00:00,3.3,-0.5,76.0,0.0,,350.0,5.4,,1021.4,,,37.94,2020-11-29
2020-11-29 04:00:00,2.2,-1.1,79.0,0.0,,0.0,0.0,,1021.6,,,35.96,2020-11-29
2020-11-29 05:00:00,2.2,-1.1,79.0,0.0,,0.0,0.0,,1021.9,,,35.96,2020-11-29
2020-11-29 06:00:00,2.8,-2.1,70.0,0.0,,340.0,7.6,,1022.3,,,37.04,2020-11-29
2020-11-29 07:00:00,1.7,-1.0,82.0,0.0,,0.0,0.0,,1022.6,,,35.06,2020-11-29
2020-11-29 08:00:00,3.9,-1.1,70.0,0.0,,0.0,0.0,,1022.6,,,39.02,2020-11-29
2020-11-29 09:00:00,7.8,-0.7,55.0,0.0,,10.0,7.6,,1023.1,,,46.04,2020-11-29
2020-11-29 10:00:00,10.6,0.0,48.0,0.0,,5.0,9.4,,1023.0,,,51.08,2020-11-29
2020-11-29 11:00:00,12.2,0.0,43.0,0.0,,0.0,0.0,,1022.5,,,53.96,2020-11-29
2020-11-29 12:00:00,13.3,0.0,40.0,0.0,,0.0,0.0,,1021.4,,,55.94,2020-11-29
2020-11-29 13:00:00,13.9,0.5,40.0,0.0,,230.0,5.4,,1020.6,,,57.02,2020-11-29
2020-11-29 14:00:00,15.0,1.1,39.0,0.0,,190.0,11.2,,1020.2,,,59.0,2020-11-29
2020-11-29 15:00:00,14.4,1.6,42.0,0.0,,210.0,7.6,,1019.1,,,57.92,2020-11-29
2020-11-29 16:00:00,13.3,2.8,49.0,0.0,,190.0,5.4,,1019.0,,,55.94,2020-11-29
2020-11-29 17:00:00,11.7,2.7,54.0,0.0,,0.0,0.0,,1018.9,,,53.06,2020-11-29
2020-11-29 18:00:00,10.0,3.3,63.0,0.0,,0.0,0.0,,1018.0,,7.867647058823529,50.0,2020-11-29
2020-11-29 19:00:00,9.4,2.7,63.0,0.0,,0.0,0.0,,1018.4,,7.911764705882353,48.92,2020-11-29
2020-11-29 20:00:00,10.6,3.4,61.0,0.0,,0.0,0.0,,1017.3,,7.955882352941177,51.08,2020-11-29
2020-11-29 21:00:00,11.7,4.0,59.0,0.0,,0.0,0.0,,1016.1,,8.0,53.06,2020-11-29
2020-11-29 22:00:00,10.6,7.3,80.0,0.5,,0.0,0.0,,1015.9,,8.0,51.08,2020-11-29
2020-11-29 23:00:00,9.4,8.3,93.0,6.1,,0.0,0.0,,1014.6,,9.0,48.92,2020-11-29
2020-11-30 00:00:00,8.9,7.8,93.0,8.1,,20.0,16.6,,1012.2,,8.0,48.02,2020-11-30
2020-11-30 01:00:00,8.9,7.8,93.0,8.1,,10.0,11.2,,1010.5,,9.0,48.02,2020-11-30
2020-11-30 02:00:00,8.9,7.8,93.0,7.1,,30.0,14.8,,1008.0,,9.0,48.02,2020-11-30
2020-11-30 03:00:00,8.9,7.8,93.0,10.7,,360.0,11.2,,1005.9,,8.0,48.02,2020-11-30
2020-11-30 04:00:00,8.9,7.8,93.0,6.1,,10.0,16.6,,1003.6,,7.0,48.02,2020-11-30
2020-11-30 05:00:00,9.4,8.3,93.0,6.6,,20.0,11.2,,1002.1,,7.0,48.92,2020-11-30
2020-11-30 06:00:00,10.0,8.9,93.0,2.0,,50.0,5.4,,1001.2,,7.0,50.0,2020-11-30
2020-11-30 07:00:00,10.0,8.9,93.0,0.5,,0.0,0.0,,1000.1,,8.0,50.0,2020-11-30
2020-11-30 08:00:00,10.0,9.4,96.0,1.0,,310.0,9.4,,999.0,,9.0,50.0,2020-11-30
2020-11-30 09:00:00,10.6,9.4,92.0,9.1,,0.0,0.0,,997.6,,7.0,51.08,2020-11-30
2020-11-30 10:00:00,11.1,10.0,93.0,13.2,,0.0,0.0,,997.3,,5.0,51.98,2020-11-30
2020-11-30 11:00:00,12.2,11.1,93.0,0.3,,0.0,0.0,,996.8,,5.019607843137255,53.96,2020-11-30
2020-11-30 12:00:00,13.3,11.7,90.0,0.2,,200.0,13.0,,996.2,,5.03921568627451,55.94,2020-11-30
2020-11-30 13:00:00,13.9,11.8,87.0,0.1,,260.0,9.4,,996.1,,5.0588235294117645,57.02,2020-11-30
2020-11-30 14:00:00,13.9,9.9,77.0,0.0,,280.0,11.2,,996.3,,,57.02,2020-11-30
2020-11-30 15:00:00,14.4,8.3,67.0,0.0,,270.0,14.8,,996.5,,,57.92,2020-11-30
2020-11-30 16:00:00,12.8,5.7,62.0,0.0,,280.0,14.8,,997.7,,,55.04,2020-11-30
2020-11-30 17:00:00,10.6,3.4,61.0,0.0,,260.0,9.4,,999.0,,,51.08,2020-11-30
2020-11-30 18:00:00,8.9,2.2,63.0,0.0,,260.0,13.0,,999.7,,,48.02,2020-11-30
2020-11-30 19:00:00,7.8,1.2,63.0,0.0,,280.0,9.4,,1001.4,,,46.04,2020-11-30
2020-11-30 20:00:00,7.2,-0.1,60.0,0.0,,280.0,16.6,,1001.4,,,44.96,2020-11-30
2020-11-30 21:00:00,6.1,-0.6,62.0,0.0,,260.0,11.2,,1001.9,,,42.980000000000004,2020-11-30
2020-11-30 22:00:00,5.6,-1.1,62.0,0.0,,260.0,13.0,,1002.0,,,42.08,2020-11-30
2020-11-30 23:00:00,5.0,-1.0,65.0,0.0,,260.0,9.4,,1002.2,,,41.0,2020-11-30
2020-12-01 00:00:00,5.0,-1.7,62.0,0.0,,260.0,11.2,,1002.5,,,41.0,2020-12-01
2020-12-01 01:00:00,4.4,-2.7,60.0,0.0,,250.0,13.0,,1002.3,,,39.92,2020-12-01
2020-12-01 02:00:00,3.9,-3.9,57.0,0.0,,250.0,11.2,,1002.5,,,39.02,2020-12-01
2020-12-01 03:00:00,3.9,-3.9,57.0,0.0,,250.0,14.8,,1003.1,,,39.02,2020-12-01
2020-12-01 04:00:00,3.9,-4.3,55.0,0.0,,260.0,20.5,,1003.6,,,39.02,2020-12-01
2020-12-01 05:00:00,3.3,-4.4,57.0,0.0,,260.0,11.2,,1004.0,,,37.94,2020-12-01
2020-12-01 06:00:00,3.3,-4.4,57.0,0.0,,260.0,11.2,,1005.0,,,37.94,2020-12-01
2020-12-01 07:00:00,3.3,-4.4,57.0,0.0,,270.0,14.8,,1005.8,,,37.94,2020-12-01
2020-12-01 08:00:00,3.3,-4.4,57.0,0.0,,270.0,18.4,,1006.9,,,37.94,2020-12-01
2020-12-01 09:00:00,3.9,-5.1,52.0,0.0,,270.0,14.8,,1007.8,,,39.02,2020-12-01
2020-12-01 10:00:00,5.6,-5.1,46.0,0.0,,270.0,20.5,,1008.8,,,42.08,2020-12-01
2020-12-01 11:00:00,6.1,-4.4,47.0,0.0,,280.0,24.1,,1009.9,,,42.980000000000004,2020-12-01
2020-12-01 12:00:00,5.6,-5.7,44.0,0.0,,260.0,18.4,,1010.0,,,42.08,2020-12-01
2020-12-01 13:00:00,6.1,-5.6,43.0,0.0,,270.0,25.9,,1010.0,,,42.980000000000004,2020-12-01
2020-12-01 14:00:00,5.0,-5.1,48.0,0.0,,280.0,9.4,,1010.7,,,41.0,2020-12-01
2020-12-01 15:00:00,4.4,-5.7,48.0,0.0,,280.0,22.3,,1011.4,,,39.92,2020-12-01
2020-12-01 16:00:00,3.9,-6.1,48.0,0.0,,260.0,18.4,,1012.3,,,39.02,2020-12-01
2020-12-01 17:00:00,3.3,-6.1,50.0,0.0,,270.0,11.2,,1012.9,,,37.94,2020-12-01
2020-12-01 18:00:00,2.8,-6.1,52.0,0.0,,270.0,16.6,,1013.6,,,37.04,2020-12-01
2020-12-01 19:00:00,2.2,-6.2,54.0,0.0,,260.0,14.8,,1014.2,,,35.96,2020-12-01
2020-12-01 20:00:00,2.2,-6.6,52.0,0.0,,270.0,20.5,,1014.8,,,35.96,2020-12-01
2020-12-01 21:00:00,1.7,-6.6,54.0,0.0,,265.0,7.6,,1015.3,,,35.06,2020-12-01
2020-12-01 22:00:00,1.7,-6.6,54.0,0.0,,260.0,5.4,,1015.6,,,35.06,2020-12-01
2020-12-01 23:00:00,1.1,-6.7,56.0,0.0,,255.0,9.4,,1016.2,,,33.98,2020-12-01
2020-12-02 00:00:00,1.1,-6.7,56.0,0.0,,250.0,9.4,,1016.8,,,33.98,2020-12-02
2020-12-02 01:00:00,1.1,-6.7,56.0,0.0,,270.0,14.8,,1016.2,,,33.98,2020-12-02
2020-12-02 02:00:00,0.6,-6.1,61.0,0.0,,0.0,0.0,,1016.9,,,33.08,2020-12-02
2020-12-02 03:00:00,0.6,-6.1,61.0,0.0,,240.0,5.4,,1017.3,,,33.08,2020-12-02
2020-12-02 04:00:00,1.1,-6.0,59.0,0.0,,290.0,14.8,,1017.6,,,33.98,2020-12-02
2020-12-02 05:00:00,1.1,-6.0,59.0,0.0,,300.0,16.6,,1017.8,,,33.98,2020-12-02
2020-12-02 06:00:00,1.1,-6.0,59.0,0.0,,210.0,7.6,,1019.3,,,33.98,2020-12-02
2020-12-02 07:00:00,-1.1,-6.1,69.0,0.0,,210.0,13.0,,1020.1,,,30.02,2020-12-02
2020-12-02 08:00:00,-0.6,-5.6,69.0,0.0,,190.0,11.2,,1020.6,,,30.92,2020-12-02
2020-12-02 09:00:00,2.8,-6.6,50.0,0.0,,250.0,11.2,,1021.4,,,37.04,2020-12-02
2020-12-02 10:00:00,3.9,-6.7,46.0,0.0,,190.0,9.4,,1022.1,,,39.02,2020-12-02
2020-12-02 11:00:00,5.6,-6.0,43.0,0.0,,190.0,18.4,,1022.8,,,42.08,2020-12-02
2020-12-02 12:00:00,7.2,-7.3,35.0,0.0,,250.0,14.8,,1022.7,,,44.96,2020-12-02
2020-12-02 13:00:00,8.3,-7.1,33.0,0.0,,265.0,9.4,,1022.3,,,46.94,2020-12-02
2020-12-02 14:00:00,9.4,-7.8,29.0,0.0,,280.0,9.4,,1022.2,,,48.92,2020-12-02
2020-12-02 15:00:00,10.6,-7.6,27.0,0.0,,280.0,13.0,,1022.3,,,51.08,2020-12-02
2020-12-02 16:00:00,10.6,-9.2,24.0,0.0,,310.0,9.4,,1022.8,,,51.08,2020-12-02
2020-12-02 17:00:00,8.3,-10.1,26.0,0.0,,310.0,5.4,,1023.1,,,46.94,2020-12-02
2020-12-02 18:00:00,3.9,-6.7,46.0,0.0,,290.0,5.4,,1023.8,,,39.02,2020-12-02
2020-12-02 19:00:00,2.2,-7.2,50.0,0.0,,0.0,0.0,,1024.5,,,35.96,2020-12-02
2020-12-02 20:00:00,0.6,-5.0,66.0,0.0,,0.0,0.0,,1025.3,,,33.08,2020-12-02
2020-12-02 21:00:00,3.9,-9.8,36.0,0.0,,200.0,9.4,,1025.4,,,39.02,2020-12-02
2020-12-02 22:00:00,2.8,-9.5,40.0,0.0,,220.0,9.4,,1026.0,,,37.04,2020-12-02
2020-12-02 23:00:00,1.7,-9.3,44.0,0.0,,240.0,7.6,,1026.1,,,35.06,2020-12-02
2020-12-03 00:00:00,-0.6,-8.3,56.0,0.0,,190.0,7.6,,1025.9,,,30.92,2020-12-03
2020-12-03 01:00:00,2.8,-10.1,38.0,0.0,,270.0,13.0,,1025.7,,,37.04,2020-12-03
2020-12-03 02:00:00,-0.6,-7.2,61.0,0.0,,0.0,0.0,,1025.6,,,30.92,2020-12-03
2020-12-03 03:00:00,-1.7,-8.2,61.0,0.0,,0.0,0.0,,1025.6,,,28.94,2020-12-03
2020-12-03 04:00:00,-2.2,-8.3,63.0,0.0,,0.0,0.0,,1025.3,,,28.04,2020-12-03
2020-12-03 05:00:00,-3.3,-8.4,68.0,0.0,,0.0,0.0,,1025.6,,,26.060000000000002,2020-12-03
2020-12-03 06:00:00,-3.3,-8.4,68.0,0.0,,0.0,0.0,,1026.0,,,26.060000000000002,2020-12-03
2020-12-03 07:00:00,-3.9,-7.9,74.0,0.0,,0.0,0.0,,1026.1,,,24.98,2020-12-03
2020-12-03 08:00:00,-2.2,-6.8,71.0,0.0,,200.0,5.4,,1026.4,,,28.04,2020-12-03
2020-12-03 09:00:00,2.8,-6.1,52.0,0.0,,170.0,7.6,,1026.7,,,37.04,2020-12-03
2020-12-03 10:00:00,7.8,-8.7,30.0,0.0,,200.0,5.4,,1026.5,,,46.04,2020-12-03
2020-12-03 11:00:00,9.4,-7.3,30.0,0.0,,200.0,9.4,,1026.2,,,48.92,2020-12-03
2020-12-03 12:00:00,12.8,-7.8,23.0,0.0,,210.0,13.0,,1025.3,,,55.04,2020-12-03
2020-12-03 13:00:00,13.9,-8.1,21.0,0.0,,210.0,18.4,,1024.1,,,57.02,2020-12-03
2020-12-03 14:00:00,15.0,-7.2,21.0,0.0,,200.0,13.0,,1023.8,,,59.0,2020-12-03
2020-12-03 15:00:00,15.6,-7.3,20.0,0.0,,230.0,11.2,,1023.3,,,60.08,2020-12-03
2020-12-03 16:00:00,14.4,-4.9,26.0,0.0,,200.0,11.2,,1023.3,,,57.92,2020-12-03
2020-12-03 17:00:00,10.6,-5.0,33.0,0.0,,180.0,9.4,,1023.2,,,51.08,2020-12-03
2020-12-03 18:00:00,8.3,-4.5,40.0,0.0,,200.0,5.4,,1023.7,,,46.94,2020-12-03
2020-12-03 19:00:00,5.6,-4.0,50.0,0.0,,190.0,5.4,,1023.9,,,42.08,2020-12-03
2020-12-03 20:00:00,5.6,-1.1,62.0,0.0,,0.0,0.0,,1023.7,,,42.08,2020-12-03
2020-12-03 21:00:00,5.6,-4.0,50.0,0.0,,210.0,5.4,,1023.5,,,42.08,2020-12-03
2020-12-03 22:00:00,6.1,-3.8,49.0,0.0,,220.0,5.4,,1023.0,,,42.980000000000004,2020-12-03
2020-12-03 23:00:00,6.7,-2.2,53.0,0.0,,210.0,7.6,,1022.9,,,44.06,2020-12-03
2020-12-04 00:00:00,7.2,-2.3,51.0,0.0,,200.0,7.6,,1022.3,,,44.96,2020-12-04
2020-12-04 01:00:00,6.7,-2.2,53.0,0.0,,170.0,5.4,,1021.3,,,44.06,2020-12-04
2020-12-04 02:00:00,6.7,-1.7,55.0,0.0,,190.0,5.4,,1021.3,,,44.06,2020-12-04
2020-12-04 03:00:00,5.6,-1.8,59.0,0.0,,200.0,9.4,,1021.2,,,42.08,2020-12-04
2020-12-04 04:00:00,6.7,-1.0,58.0,0.0,,200.0,9.4,,1020.5,,,44.06,2020-12-04
2020-12-04 05:00:00,7.2,-1.7,53.0,0.0,,200.0,13.0,,1019.8,,,44.96,2020-12-04
2020-12-04 06:00:00,6.7,-1.0,58.0,0.0,,200.0,9.4,,1019.8,,,44.06,2020-12-04
2020-12-04 07:00:00,5.6,-1.1,62.0,0.0,,210.0,7.6,,1020.3,,,42.08,2020-12-04
2020-12-04 08:00:00,5.0,-0.6,67.0,0.0,,200.0,9.4,,1020.2,,,41.0,2020-12-04
2020-12-04 09:00:00,7.8,-0.7,55.0,0.0,,200.0,16.6,,1020.0,,,46.04,2020-12-04
2020-12-04 10:00:00,10.0,0.0,50.0,0.0,,210.0,13.0,,1019.7,,,50.0,2020-12-04
2020-12-04 11:00:00,11.1,1.6,52.0,0.0,,200.0,20.5,,1019.4,,,51.98,2020-12-04
2020-12-04 12:00:00,12.2,3.4,55.0,0.0,,200.0,14.8,,1018.5,,,53.96,2020-12-04
2020-12-04 13:00:00,13.3,4.4,55.0,0.0,,200.0,16.6,,1017.4,,6.9411764705882355,55.94,2020-12-04
2020-12-04 14:00:00,13.3,5.7,60.0,0.0,,200.0,18.4,,1016.0,,6.96078431372549,55.94,2020-12-04
2020-12-04 15:00:00,13.3,5.7,60.0,0.0,,210.0,13.0,,1015.8,,6.980392156862745,55.94,2020-12-04
2020-12-04 16:00:00,13.3,6.2,62.0,0.0,,200.0,11.2,,1015.7,,7.0,55.94,2020-12-04
2020-12-04 17:00:00,10.6,7.8,83.0,0.3,,190.0,5.4,,1015.1,,7.0,51.08,2020-12-04
2020-12-04 18:00:00,10.0,8.9,93.0,2.0,,0.0,0.0,,1014.4,,8.0,50.0,2020-12-04
2020-12-04 19:00:00,10.0,8.9,93.0,2.5,,0.0,0.0,,1013.2,,7.0,50.0,2020-12-04
2020-12-04 20:00:00,10.0,8.9,93.0,4.1,,0.0,0.0,,1011.9,,9.0,50.0,2020-12-04
2020-12-04 21:00:00,10.0,8.9,93.0,4.6,,330.0,7.6,,1011.1,,8.0,50.0,2020-12-04
2020-12-04 22:00:00,9.4,8.3,93.0,4.1,,20.0,9.4,,1009.3,,8.0,48.92,2020-12-04
2020-12-04 23:00:00,10.0,8.9,93.0,5.1,,350.0,7.6,,1008.0,,9.0,50.0,2020-12-04
2020-12-05 00:00:00,10.0,8.9,93.0,7.6,,350.0,5.4,,1006.6,,8.0,50.0,2020-12-05
2020-12-05 01:00:00,10.0,8.9,93.0,6.9,,0.0,0.0,,1006.4,,7.5,50.0,2020-12-05
2020-12-05 02:00:00,9.4,6.7,83.0,2.0,,330.0,14.8,,1003.9,,7.0,48.92,2020-12-05
2020-12-05 03:00:00,9.4,5.6,77.0,1.0,,300.0,16.6,,1007.4,,7.0,48.92,2020-12-05
2020-12-05 04:00:00,8.9,5.1,77.0,0.3,,296.6666666666667,7.6,,1008.3,,7.137254901960785,48.02,2020-12-05
2020-12-05 05:00:00,8.9,2.9,66.0,0.0,,293.3333333333333,9.4,,1009.1,,7.2745098039215685,48.02,2020-12-05
2020-12-05 06:00:00,8.3,1.7,63.0,0.0,,290.0,13.0,,1009.8,,7.411764705882353,46.94,2020-12-05
2020-12-05 07:00:00,7.2,0.6,63.0,0.0,,300.0,11.2,,1011.4,,,44.96,2020-12-05
2020-12-05 08:00:00,7.8,0.5,60.0,0.0,,310.0,13.0,,1011.9,,,46.04,2020-12-05
2020-12-05 09:00:00,8.9,0.1,54.0,0.0,,280.0,14.8,,1012.9,,,48.02,2020-12-05
2020-12-05 10:00:00,10.0,0.6,52.0,0.0,,290.0,13.0,,1013.8,,,50.0,2020-12-05
2020-12-05 11:00:00,10.0,0.0,50.0,0.0,,300.0,24.1,,1013.8,,,50.0,2020-12-05
2020-12-05 12:00:00,10.0,-0.5,48.0,0.0,,300.0,20.5,,1013.0,,,50.0,2020-12-05
2020-12-05 13:00:00,10.0,-1.1,46.0,0.0,,310.0,24.1,,1012.6,,,50.0,2020-12-05
2020-12-05 14:00:00,10.6,-0.5,46.0,0.0,,290.0,20.5,,1013.0,,,51.08,2020-12-05
2020-12-05 15:00:00,10.0,-1.7,44.0,0.0,,310.0,18.4,,1013.4,,,50.0,2020-12-05
2020-12-05 16:00:00,9.4,-2.2,44.0,0.0,,310.0,18.4,,1013.8,,,48.92,2020-12-05
2020-12-05 17:00:00,7.8,-2.8,47.0,0.0,,300.0,7.6,,1014.6,,,46.04,2020-12-05
2020-12-05 18:00:00,6.1,-2.3,55.0,0.0,,0.0,0.0,,1015.2,,,42.980000000000004,2020-12-05
2020-12-05 19:00:00,6.1,-2.8,53.0,0.0,,310.0,9.4,,1015.0,,,42.980000000000004,2020-12-05
2020-12-05 20:00:00,5.0,-2.8,57.0,0.0,,155.0,5.4,,1015.4,,,41.0,2020-12-05
2020-12-05 21:00:00,2.2,-2.7,70.0,0.0,,0.0,0.0,,1015.8,,,35.96,2020-12-05
2020-12-05 22:00:00,1.1,-2.1,79.0,0.0,,0.0,0.0,,1016.1,,,33.98,2020-12-05
2020-12-05 23:00:00,0.6,-3.3,75.0,0.0,,0.0,0.0,,1016.0,,,33.08,2020-12-05
2020-12-06 00:00:00,0.6,-2.8,78.0,0.0,,0.0,0.0,,1015.8,,,33.08,2020-12-06
2020-12-06 01:00:00,0.6,-2.8,78.0,0.0,,200.0,7.6,,1015.8,,,33.08,2020-12-06
2020-12-06 02:00:00,2.8,-3.3,64.0,0.0,,100.0,9.4,,1015.6,,,37.04,2020-12-06
2020-12-06 03:00:00,0.6,-3.9,72.0,0.0,,0.0,0.0,,1015.5,,,33.08,2020-12-06
2020-12-06 04:00:00,0.0,-3.9,75.0,0.0,,0.0,0.0,,1015.5,,,32.0,2020-12-06
2020-12-06 05:00:00,-1.7,-3.9,85.0,0.0,,0.0,0.0,,1015.4,,,28.94,2020-12-06
2020-12-06 06:00:00,-1.7,-3.9,85.0,0.0,,0.0,0.0,,1016.0,,,28.94,2020-12-06
2020-12-06 07:00:00,-2.2,-4.4,85.0,0.0,,220.0,5.4,,1016.3,,,28.04,2020-12-06
2020-12-06 08:00:00,-1.7,-3.9,85.0,0.0,,220.0,5.4,,1016.1,,,28.94,2020-12-06
2020-12-06 09:00:00,3.3,-1.1,73.0,0.0,,220.0,5.4,,1016.1,,,37.94,2020-12-06
2020-12-06 10:00:00,6.1,-2.3,55.0,0.0,,0.0,0.0,,1015.9,,,42.980000000000004,2020-12-06
2020-12-06 11:00:00,7.8,-2.8,47.0,0.0,,0.0,0.0,,1015.6,,,46.04,2020-12-06
2020-12-06 12:00:00,8.9,-2.7,44.0,0.0,,240.0,11.2,,1014.4,,,48.02,2020-12-06
2020-12-06 13:00:00,9.4,-2.9,42.0,0.0,,0.0,0.0,,1013.5,,,48.92,2020-12-06
2020-12-06 14:00:00,10.0,-3.3,39.0,0.0,,0.0,0.0,,1012.9,,,50.0,2020-12-06
2020-12-06 15:00:00,11.1,-2.7,38.0,0.0,,0.0,0.0,,1012.6,,,51.98,2020-12-06
2020-12-06 16:00:00,10.6,-3.1,38.0,0.0,,0.0,5.4,,1012.7,,,51.08,2020-12-06
2020-12-06 17:00:00,7.8,-2.3,49.0,0.0,,0.0,0.0,,1012.7,,,46.04,2020-12-06
2020-12-06 18:00:00,4.4,-2.2,62.0,0.0,,0.0,0.0,,1013.4,,,39.92,2020-12-06
2020-12-06 19:00:00,2.8,-1.7,72.0,0.0,,0.0,0.0,,1013.6,,,37.04,2020-12-06
2020-12-06 20:00:00,1.1,-1.6,82.0,0.0,,0.0,0.0,,1013.7,,,33.98,2020-12-06
2020-12-06 21:00:00,3.3,-1.7,70.0,0.0,,0.0,0.0,,1012.9,,,37.94,2020-12-06
2020-12-06 22:00:00,3.3,-1.1,73.0,0.0,,0.0,0.0,,1013.1,,,37.94,2020-12-06
2020-12-06 23:00:00,3.9,-1.1,70.0,0.0,,340.0,5.4,,1012.6,,,39.02,2020-12-06
2020-12-07 00:00:00,3.9,-1.1,70.0,0.0,,30.0,11.2,,1012.3,,,39.02,2020-12-07
2020-12-07 01:00:00,2.8,-2.1,70.0,0.0,,30.0,13.0,,1012.1,,,37.04,2020-12-07
2020-12-07 02:00:00,1.7,-3.4,69.0,0.0,,50.0,18.4,,1011.0,,,35.06,2020-12-07
2020-12-07 03:00:00,2.2,-3.9,64.0,0.0,,40.0,16.6,,1010.1,,13.588235294117649,35.96,2020-12-07
2020-12-07 04:00:00,1.7,-4.0,66.0,0.0,,20.0,16.6,,1011.1,,13.725490196078432,35.06,2020-12-07
2020-12-07 05:00:00,1.1,-3.2,73.0,0.0,,20.0,16.6,,1010.3,,13.862745098039216,33.98,2020-12-07
2020-12-07 06:00:00,0.6,-3.3,75.0,0.0,,30.0,18.4,,1010.3,,14.0,33.08,2020-12-07
2020-12-07 07:00:00,0.6,-3.3,75.0,0.0,,30.0,18.4,,1010.6,,14.0,33.08,2020-12-07
2020-12-07 08:00:00,0.0,-2.9,81.0,0.0,,20.0,13.0,,1011.0,,14.0,32.0,2020-12-07
2020-12-07 09:00:00,0.0,-2.2,85.0,0.0,,50.0,14.8,,1010.8,,13.921739130434782,32.0,2020-12-07
2020-12-07 10:00:00,0.6,-2.1,82.0,0.0,,30.0,13.0,,1010.6,,13.843478260869565,33.08,2020-12-07
2020-12-07 11:00:00,1.1,-1.6,82.0,0.0,,40.0,16.6,,1009.8,,13.765217391304347,33.98,2020-12-07
2020-12-07 12:00:00,2.2,-1.8,75.0,0.0,,30.0,9.4,,1009.1,,,35.96,2020-12-07
2020-12-07 13:00:00,2.8,-1.0,76.0,0.0,,30.0,7.6,,1008.4,,,37.04,2020-12-07
2020-12-07 14:00:00,3.3,-1.1,73.0,0.0,,15.0,5.4,,1008.1,,,37.94,2020-12-07
2020-12-07 15:00:00,3.9,-1.1,70.0,0.0,,0.0,0.0,,1007.7,,,39.02,2020-12-07
2020-12-07 16:00:00,3.9,-0.5,73.0,0.0,,0.0,0.0,,1007.9,,,39.02,2020-12-07
2020-12-07 17:00:00,3.9,-0.5,73.0,0.0,,40.0,7.6,,1008.6,,,39.02,2020-12-07
2020-12-07 18:00:00,3.3,-1.1,73.0,0.0,,0.0,0.0,,1009.0,,,37.94,2020-12-07
2020-12-07 19:00:00,3.3,-4.4,57.0,0.0,,340.0,9.4,,1009.9,,,37.94,2020-12-07
2020-12-07 20:00:00,2.2,-6.2,54.0,0.0,,340.0,13.0,,1010.8,,,35.96,2020-12-07
2020-12-07 21:00:00,1.7,-8.4,47.0,0.0,,350.0,14.8,,1011.1,,,35.06,2020-12-07
2020-12-07 22:00:00,1.1,-7.7,52.0,0.0,,335.0,11.2,,1011.3,,,33.98,2020-12-07
2020-12-07 23:00:00,1.1,-7.7,52.0,0.0,,320.0,7.6,,1011.6,,,33.98,2020-12-07
2020-12-08 00:00:00,1.1,-7.7,52.0,0.0,,320.0,11.2,,1011.5,,,33.98,2020-12-08
2020-12-08 01:00:00,0.6,-8.9,49.0,0.0,,240.0,11.2,,1011.6,,,33.08,2020-12-08
2020-12-08 02:00:00,0.6,-9.4,47.0,0.0,,160.0,11.2,,1011.4,,,33.08,2020-12-08
2020-12-08 03:00:00,0.6,-9.4,47.0,0.0,,80.0,7.6,,1011.3,,,33.08,2020-12-08
2020-12-08 04:00:00,0.6,-8.4,51.0,0.0,,0.0,0.0,,1011.2,,,33.08,2020-12-08
2020-12-08 05:00:00,1.1,-7.7,52.0,0.0,,310.0,11.2,,1011.3,,,33.98,2020-12-08
2020-12-08 06:00:00,-0.6,-8.3,56.0,0.0,,210.0,5.4,,1011.8,,,30.92,2020-12-08
2020-12-08 07:00:00,0.6,-8.4,51.0,0.0,,310.0,5.4,,1012.8,,,33.08,2020-12-08
2020-12-08 08:00:00,1.1,-7.7,52.0,0.0,,300.0,9.4,,1013.5,,,33.98,2020-12-08
2020-12-08 09:00:00,3.9,-6.7,46.0,0.0,,290.0,14.8,,1014.3,,,39.02,2020-12-08
2020-12-08 10:00:00,5.0,-7.2,41.0,0.0,,320.0,13.0,,1014.9,,,41.0,2020-12-08
2020-12-08 11:00:00,5.6,-7.3,39.0,0.0,,300.0,9.4,,1015.0,,,42.08,2020-12-08
2020-12-08 12:00:00,6.7,-6.6,38.0,0.0,,300.0,13.0,,1014.5,,,44.06,2020-12-08
2020-12-08 13:00:00,6.7,-6.6,38.0,0.0,,240.0,14.8,,1014.1,,,44.06,2020-12-08
2020-12-08 14:00:00,7.2,-6.2,38.0,0.0,,253.33333333333334,9.4,,1013.9,,,44.96,2020-12-08
2020-12-08 15:00:00,7.8,-6.0,37.0,0.0,,266.6666666666667,11.2,,1014.0,,,46.04,2020-12-08
2020-12-08 16:00:00,6.7,-6.0,40.0,0.0,,280.0,5.4,,1014.2,,,44.06,2020-12-08
2020-12-08 17:00:00,4.4,-7.1,43.0,0.0,,280.0,7.6,,1014.6,,,39.92,2020-12-08
2020-12-08 18:00:00,2.2,-6.6,52.0,0.0,,280.0,11.2,,1015.6,,,35.96,2020-12-08
2020-12-08 19:00:00,1.1,-6.7,56.0,0.0,,260.0,7.6,,1016.5,,,33.98,2020-12-08
2020-12-08 20:00:00,-1.1,-7.3,63.0,0.0,,260.0,5.4,,1016.1,,,30.02,2020-12-08
2020-12-08 21:00:00,-1.1,-7.3,63.0,0.0,,250.0,5.4,,1016.1,,,30.02,2020-12-08
2020-12-08 22:00:00,-1.1,-7.3,63.0,0.0,,260.0,9.4,,1015.8,,,30.02,2020-12-08
2020-12-08 23:00:00,-2.2,-7.1,69.0,0.0,,290.0,5.4,,1016.4,,,28.04,2020-12-08
2020-12-09 00:00:00,-2.2,-7.7,66.0,0.0,,0.0,0.0,,1016.1,,,28.04,2020-12-09
2020-12-09 01:00:00,-2.8,-7.1,72.0,0.0,,0.0,0.0,,1015.8,,,26.96,2020-12-09
2020-12-09 02:00:00,-3.9,-7.2,78.0,0.0,,0.0,0.0,,1015.5,,,24.98,2020-12-09
2020-12-09 03:00:00,-5.6,-8.3,81.0,0.0,,0.0,0.0,,1015.4,,,21.92,2020-12-09
2020-12-09 04:00:00,-3.9,-6.7,81.0,0.0,,0.0,0.0,,1015.0,,,24.98,2020-12-09
2020-12-09 05:00:00,-2.8,-6.1,78.0,0.0,,0.0,0.0,,1014.1,,,26.96,2020-12-09
2020-12-09 06:00:00,-3.3,-6.8,77.0,0.0,,0.0,0.0,,1014.6,,,26.060000000000002,2020-12-09
2020-12-09 07:00:00,-1.1,-6.6,66.0,0.0,,210.0,5.4,,1014.6,,,30.02,2020-12-09
2020-12-09 08:00:00,0.6,-5.6,63.0,0.0,,210.0,5.4,,1014.8,,,33.08,2020-12-09
2020-12-09 09:00:00,2.2,-6.2,54.0,0.0,,260.0,16.6,,1014.5,,,35.96,2020-12-09
2020-12-09 10:00:00,3.3,-5.6,52.0,0.0,,240.0,11.2,,1014.2,,,37.94,2020-12-09
2020-12-09 11:00:00,5.6,-4.0,50.0,0.0,,260.0,14.8,,1014.3,,,42.08,2020-12-09
2020-12-09 12:00:00,6.1,-2.8,53.0,0.0,,210.0,16.6,,1012.9,,,42.980000000000004,2020-12-09
2020-12-09 13:00:00,8.3,-2.1,48.0,0.0,,220.0,13.0,,1011.5,,,46.94,2020-12-09
2020-12-09 14:00:00,10.0,-1.7,44.0,0.0,,250.0,11.2,,1010.8,,,50.0,2020-12-09
2020-12-09 15:00:00,11.1,-0.7,44.0,0.0,,270.0,14.8,,1009.9,,,51.98,2020-12-09
2020-12-09 16:00:00,11.7,-0.5,43.0,0.0,,220.0,9.4,,1010.0,,,53.06,2020-12-09
2020-12-09 17:00:00,11.1,-1.0,43.0,0.0,,240.0,7.6,,1010.4,,,51.98,2020-12-09
2020-12-09 18:00:00,7.2,-0.5,58.0,0.0,,0.0,0.0,,1011.2,,,44.96,2020-12-09
2020-12-09 19:00:00,8.9,-1.0,50.0,0.0,,270.0,7.6,,1011.8,,,48.02,2020-12-09
2020-12-09 20:00:00,10.0,-1.1,46.0,0.0,,270.0,13.0,,1012.4,,,50.0,2020-12-09
2020-12-09 21:00:00,10.0,-1.1,46.0,0.0,,220.0,11.2,,1012.9,,,50.0,2020-12-09
2020-12-09 22:00:00,7.8,-1.2,53.0,0.0,,220.0,9.4,,1013.5,,,46.04,2020-12-09
2020-12-09 23:00:00,5.0,-1.0,65.0,0.0,,0.0,0.0,,1014.4,,,41.0,2020-12-09
2020-12-10 00:00:00,8.9,-0.7,51.0,0.0,,230.0,11.2,,1014.6,,,48.02,2020-12-10
2020-12-10 01:00:00,5.0,-0.6,67.0,0.0,,230.0,5.4,,1014.9,,,41.0,2020-12-10
2020-12-10 02:00:00,2.8,-1.0,76.0,0.0,,0.0,0.0,,1015.4,,,37.04,2020-12-10
2020-12-10 03:00:00,3.9,-0.5,73.0,0.0,,0.0,0.0,,1016.0,,,39.02,2020-12-10
2020-12-10 04:00:00,1.1,-1.6,82.0,0.0,,0.0,0.0,,1016.5,,,33.98,2020-12-10
2020-12-10 05:00:00,0.0,-2.2,85.0,0.0,,0.0,0.0,,1017.4,,,32.0,2020-12-10
2020-12-10 06:00:00,1.1,-1.1,85.0,0.0,,0.0,0.0,,1018.3,,,33.98,2020-12-10
2020-12-10 07:00:00,-0.6,-2.8,85.0,0.0,,0.0,0.0,,1019.5,,,30.92,2020-12-10
2020-12-10 08:00:00,1.1,-1.6,82.0,0.0,,0.0,0.0,,1020.1,,,33.98,2020-12-10
2020-12-10 09:00:00,7.2,2.9,74.0,0.0,,0.0,0.0,,1020.7,,,44.96,2020-12-10
2020-12-10 10:00:00,11.7,2.2,52.0,0.0,,0.0,0.0,,1021.1,,,53.06,2020-12-10
2020-12-10 11:00:00,12.2,2.1,50.0,0.0,,190.0,9.4,,1021.7,,,53.96,2020-12-10
2020-12-10 12:00:00,13.9,1.8,44.0,0.0,,210.0,9.4,,1020.8,,,57.02,2020-12-10
2020-12-10 13:00:00,15.0,1.1,39.0,0.0,,170.0,7.6,,1020.4,,,59.0,2020-12-10
2020-12-10 14:00:00,15.6,0.6,36.0,0.0,,170.0,9.4,,1020.0,,,60.08,2020-12-10
2020-12-10 15:00:00,15.6,1.0,37.0,0.0,,200.0,11.2,,1020.0,,,60.08,2020-12-10
2020-12-10 16:00:00,13.9,1.2,42.0,0.0,,0.0,0.0,,1020.6,,,57.02,2020-12-10
2020-12-10 17:00:00,10.6,2.2,56.0,0.0,,0.0,0.0,,1021.2,,,51.08,2020-12-10
2020-12-10 18:00:00,7.8,1.6,65.0,0.0,,0.0,0.0,,1021.9,,,46.04,2020-12-10
2020-12-10 19:00:00,7.2,1.7,68.0,0.0,,0.0,0.0,,1022.4,,,44.96,2020-12-10
2020-12-10 20:00:00,7.8,1.6,65.0,0.0,,0.0,0.0,,1022.8,,,46.04,2020-12-10
2020-12-10 21:00:00,8.3,2.1,65.0,0.0,,160.0,7.6,,1022.4,,,46.94,2020-12-10
2020-12-10 22:00:00,7.8,2.9,71.0,0.0,,180.0,9.4,,1022.4,,,46.04,2020-12-10
2020-12-10 23:00:00,7.8,2.9,71.0,0.0,,180.0,7.6,,1022.7,,,46.04,2020-12-10
2020-12-11 00:00:00,6.1,2.7,79.0,0.0,,0.0,0.0,,1022.5,,,42.980000000000004,2020-12-11
2020-12-11 01:00:00,5.6,2.2,79.0,0.0,,0.0,0.0,,1021.9,,,42.08,2020-12-11
2020-12-11 02:00:00,4.4,2.3,86.0,0.0,,0.0,0.0,,1022.1,,,39.92,2020-12-11
2020-12-11 03:00:00,5.0,2.2,82.0,0.0,,0.0,0.0,,1022.1,,,41.0,2020-12-11
2020-12-11 04:00:00,4.4,2.3,86.0,0.0,,0.0,0.0,,1021.9,,,39.92,2020-12-11
2020-12-11 05:00:00,2.2,0.6,89.0,0.0,,0.0,0.0,,1021.9,,,35.96,2020-12-11
2020-12-11 06:00:00,4.4,1.8,83.0,0.0,,210.0,5.4,,1022.3,,,39.92,2020-12-11
2020-12-11 07:00:00,2.2,0.6,89.0,0.0,,0.0,0.0,,1022.9,,,35.96,2020-12-11
2020-12-11 08:00:00,2.2,0.6,89.0,0.0,,200.0,7.6,,1023.1,,,35.96,2020-12-11
2020-12-11 09:00:00,6.1,3.3,82.0,0.0,,190.0,9.4,,1023.3,,,42.980000000000004,2020-12-11
2020-12-11 10:00:00,9.4,3.4,66.0,0.0,,200.0,14.8,,1023.5,,,48.92,2020-12-11
2020-12-11 11:00:00,12.2,3.9,57.0,0.0,,180.0,14.8,,1022.8,,,53.96,2020-12-11
2020-12-11 12:00:00,15.0,4.4,49.0,0.0,,190.0,14.8,,1021.7,,,59.0,2020-12-11
2020-12-11 13:00:00,16.7,4.4,44.0,0.0,,200.0,14.8,,1020.6,,,62.059999999999995,2020-12-11
2020-12-11 14:00:00,17.8,3.3,38.0,0.0,,190.0,16.6,,1020.1,,,64.04,2020-12-11
2020-12-11 15:00:00,17.8,4.0,40.0,0.0,,200.0,20.5,,1019.3,,,64.04,2020-12-11
2020-12-11 16:00:00,16.7,4.1,43.0,0.0,,200.0,13.0,,1019.7,,,62.059999999999995,2020-12-11
2020-12-11 17:00:00,13.9,3.9,51.0,0.0,,180.0,9.4,,1020.0,,,57.02,2020-12-11
2020-12-11 18:00:00,10.0,3.9,66.0,0.0,,0.0,0.0,,1020.4,,,50.0,2020-12-11
2020-12-11 19:00:00,8.3,3.9,74.0,0.0,,0.0,0.0,,1020.8,,,46.94,2020-12-11
2020-12-11 20:00:00,8.9,4.3,73.0,0.0,,0.0,0.0,,1021.1,,,48.02,2020-12-11
2020-12-11 21:00:00,6.7,3.8,82.0,0.0,,0.0,0.0,,1020.6,,,44.06,2020-12-11
2020-12-11 22:00:00,7.2,5.0,86.0,0.0,,0.0,0.0,,1020.7,,,44.96,2020-12-11
2020-12-11 23:00:00,6.7,5.0,89.0,0.0,,0.0,0.0,,1020.2,,,44.06,2020-12-11
2020-12-12 00:00:00,6.1,4.4,89.0,0.0,,0.0,0.0,,1019.7,,5.234782608695651,42.980000000000004,2020-12-12
2020-12-12 01:00:00,5.6,4.4,92.0,0.0,,0.0,0.0,,1019.3,,5.156521739130435,42.08,2020-12-12
2020-12-12 02:00:00,6.1,5.1,93.0,0.0,,0.0,0.0,,1019.1,,5.0782608695652165,42.980000000000004,2020-12-12
2020-12-12 03:00:00,6.1,5.1,93.0,0.0,,180.0,5.4,,1019.1,,5.0,42.980000000000004,2020-12-12
2020-12-12 04:00:00,4.4,4.0,97.0,0.0,,180.0,5.4,,1018.8,,5.0,39.92,2020-12-12
2020-12-12 05:00:00,5.6,4.4,92.0,0.0,,0.0,0.0,,1019.0,,5.0,42.08,2020-12-12
2020-12-12 06:00:00,5.6,4.4,92.0,0.0,,0.0,0.0,,1019.3,,5.0,42.08,2020-12-12
2020-12-12 07:00:00,5.6,4.4,92.0,0.0,,0.0,0.0,,1019.3,,5.0,42.08,2020-12-12
2020-12-12 08:00:00,4.4,4.0,97.0,0.0,,200.0,7.6,,1019.3,,5.0,39.92,2020-12-12
2020-12-12 09:00:00,9.4,7.8,90.0,0.0,,170.0,5.4,,1018.3,,5.0,48.92,2020-12-12
2020-12-12 10:00:00,10.6,7.8,83.0,0.0,,200.0,14.8,,1018.7,,5.0,51.08,2020-12-12
2020-12-12 11:00:00,11.1,7.8,80.0,0.0,,210.0,13.0,,1018.5,,5.0,51.98,2020-12-12
2020-12-12 12:00:00,13.9,7.9,67.0,0.0,,190.0,14.8,,1017.3,,,57.02,2020-12-12
2020-12-12 13:00:00,16.7,7.3,54.0,0.0,,200.0,18.4,,1016.0,,,62.059999999999995,2020-12-12
2020-12-12 14:00:00,17.8,7.2,50.0,0.0,,200.0,18.4,,1015.0,,,64.04,2020-12-12
2020-12-12 15:00:00,17.8,6.0,46.0,0.0,,200.0,24.1,,1014.5,,,64.04,2020-12-12
2020-12-12 16:00:00,17.2,6.7,50.0,0.0,,190.0,20.5,,1014.3,,,62.959999999999994,2020-12-12
2020-12-12 17:00:00,14.4,5.7,56.0,0.0,,200.0,13.0,,1014.8,,,57.92,2020-12-12
2020-12-12 18:00:00,12.8,5.0,59.0,0.0,,190.0,13.0,,1014.9,,,55.04,2020-12-12
2020-12-12 19:00:00,12.2,5.6,64.0,0.0,,180.0,13.0,,1014.8,,,53.96,2020-12-12
2020-12-12 20:00:00,13.3,6.2,62.0,0.0,,190.0,13.0,,1015.0,,,55.94,2020-12-12
2020-12-12 21:00:00,14.4,6.7,60.0,0.0,,200.0,18.4,,1014.9,,,57.92,2020-12-12
2020-12-12 22:00:00,13.9,7.2,64.0,0.0,,200.0,11.2,,1015.0,,,57.02,2020-12-12
2020-12-12 23:00:00,12.8,7.3,69.0,0.0,,200.0,11.2,,1015.2,,,55.04,2020-12-12
2020-12-13 00:00:00,12.2,7.3,72.0,0.0,,200.0,11.2,,1015.1,,,53.96,2020-12-13
2020-12-13 01:00:00,10.6,6.7,77.0,0.0,,190.0,14.8,,1014.9,,,51.08,2020-12-13
2020-12-13 02:00:00,10.0,6.2,77.0,0.0,,200.0,9.4,,1015.3,,,50.0,2020-12-13
2020-12-13 03:00:00,11.7,7.8,77.0,0.0,,0.0,0.0,,1015.4,,,53.06,2020-12-13
2020-12-13 04:00:00,10.6,7.3,80.0,0.0,,0.0,0.0,,1015.6,,5.0,51.08,2020-12-13
2020-12-13 05:00:00,10.0,6.7,80.0,0.0,,0.0,0.0,,1015.7,,5.0,50.0,2020-12-13
2020-12-13 06:00:00,8.3,6.8,90.0,0.0,,0.0,0.0,,1016.3,,5.0,46.94,2020-12-13
2020-12-13 07:00:00,6.7,5.0,89.0,0.0,,0.0,0.0,,1016.9,,5.0,44.06,2020-12-13
2020-12-13 08:00:00,6.7,6.1,96.0,0.0,,0.0,0.0,,1017.4,,5.15,44.06,2020-12-13
2020-12-13 09:00:00,11.1,8.3,83.0,0.0,,200.0,11.2,,1017.6,,5.3,51.98,2020-12-13
2020-12-13 10:00:00,15.0,8.9,67.0,0.0,,210.0,11.2,,1017.7,,5.45,59.0,2020-12-13
2020-12-13 11:00:00,17.2,8.3,56.0,0.0,,220.0,13.0,,1017.5,,,62.959999999999994,2020-12-13
2020-12-13 12:00:00,18.9,8.0,49.0,0.0,,260.0,14.8,,1016.5,,,66.02,2020-12-13
2020-12-13 13:00:00,20.0,6.7,42.0,0.0,,260.0,7.6,,1016.0,,,68.0,2020-12-13
2020-12-13 14:00:00,20.0,6.7,42.0,0.0,,260.0,7.6,,1015.6,,,68.0,2020-12-13
2020-12-13 15:00:00,20.0,5.6,39.0,0.0,,270.0,5.4,,1015.6,,,68.0,2020-12-13
2020-12-13 16:00:00,18.9,3.9,37.0,0.0,,270.0,9.4,,1015.5,,,66.02,2020-12-13
2020-12-13 17:00:00,15.6,4.3,47.0,0.0,,0.0,0.0,,1015.6,,,60.08,2020-12-13
2020-12-13 18:00:00,11.7,4.4,61.0,0.0,,0.0,0.0,,1016.2,,,53.06,2020-12-13
2020-12-13 19:00:00,9.4,4.4,71.0,0.0,,0.0,0.0,,1016.7,,,48.92,2020-12-13
2020-12-13 20:00:00,8.3,3.3,71.0,0.0,,0.0,0.0,,1016.4,,,46.94,2020-12-13
2020-12-13 21:00:00,7.8,3.3,73.0,0.0,,0.0,0.0,,1016.3,,,46.04,2020-12-13
2020-12-13 22:00:00,8.3,3.3,71.0,0.0,,0.0,0.0,,1015.2,,,46.94,2020-12-13
2020-12-13 23:00:00,11.1,3.9,61.0,0.0,,40.0,9.4,,1015.5,,,51.98,2020-12-13
2020-12-14 00:00:00,10.0,3.3,63.0,0.0,,20.0,14.8,,1015.4,,7.55,50.0,2020-12-14
2020-12-14 01:00:00,8.9,2.9,66.0,0.0,,30.0,16.6,,1014.3,,7.699999999999999,48.02,2020-12-14
2020-12-14 02:00:00,8.9,1.8,61.0,0.0,,40.0,22.3,,1014.0,,7.85,48.02,2020-12-14
2020-12-14 03:00:00,8.3,1.7,63.0,0.5,,30.0,16.6,,1013.8,,8.0,46.94,2020-12-14
2020-12-14 04:00:00,6.7,2.8,76.0,1.0,,20.0,20.5,,1012.9,,7.0,44.06,2020-12-14
2020-12-14 05:00:00,6.1,3.3,82.0,0.8,,20.0,18.4,,1012.1,,7.0,42.980000000000004,2020-12-14
2020-12-14 06:00:00,5.0,3.3,89.0,4.6,,40.0,25.9,,1011.5,,8.0,41.0,2020-12-14
2020-12-14 07:00:00,5.0,3.3,89.0,4.3,,20.0,25.9,,1011.2,,8.0,41.0,2020-12-14
2020-12-14 08:00:00,5.0,3.3,89.0,6.6,,20.0,24.1,,1011.1,,8.0,41.0,2020-12-14
2020-12-14 09:00:00,5.0,3.3,89.0,6.9,,30.0,25.9,,1011.1,,8.0,41.0,2020-12-14
2020-12-14 10:00:00,5.0,3.3,89.0,5.6,,50.0,22.3,,1011.4,,7.0,41.0,2020-12-14
2020-12-14 11:00:00,5.6,3.9,89.0,1.0,,20.0,25.9,,1010.6,,7.0,42.08,2020-12-14
2020-12-14 12:00:00,5.6,3.9,89.0,1.5,,40.0,7.6,,1013.2,,7.0,42.08,2020-12-14
2020-12-14 13:00:00,7.2,5.0,86.0,0.8,,360.0,13.0,,1011.6,,7.0,44.96,2020-12-14
2020-12-14 14:00:00,9.4,4.4,71.0,0.0,,360.0,13.0,,1011.8,,7.0,48.92,2020-12-14
2020-12-14 15:00:00,8.9,3.3,68.0,0.0,,360.0,14.8,,1012.6,,7.0,48.02,2020-12-14
2020-12-14 16:00:00,8.9,2.2,63.0,0.0,,310.0,11.2,,1013.7,,,48.02,2020-12-14
2020-12-14 17:00:00,7.8,0.0,58.0,0.0,,155.0,7.6,,1014.4,,,46.04,2020-12-14
2020-12-14 18:00:00,6.7,-1.7,55.0,0.0,,0.0,0.0,,1016.0,,,44.06,2020-12-14
2020-12-14 19:00:00,5.6,-2.3,57.0,0.0,,320.0,9.4,,1017.6,,,42.08,2020-12-14
2020-12-14 20:00:00,3.9,-1.7,67.0,0.0,,0.0,0.0,,1018.9,,,39.02,2020-12-14
2020-12-14 21:00:00,1.1,-1.1,85.0,0.0,,0.0,0.0,,1019.9,,,33.98,2020-12-14
2020-12-14 22:00:00,0.6,-2.1,82.0,0.0,,0.0,0.0,,1020.9,,,33.08,2020-12-14
2020-12-14 23:00:00,-1.1,-2.8,88.0,0.0,,0.0,0.0,,1021.6,,,30.02,2020-12-14
2020-12-15 00:00:00,-1.1,-3.3,85.0,0.0,,0.0,0.0,,1021.8,,,30.02,2020-12-15
2020-12-15 01:00:00,0.6,-3.3,75.0,0.0,,0.0,0.0,,1022.1,,,33.08,2020-12-15
2020-12-15 02:00:00,-0.6,-3.3,82.0,0.0,,0.0,0.0,,1022.5,,,30.92,2020-12-15
2020-12-15 03:00:00,-0.6,-3.3,82.0,0.0,,0.0,0.0,,1023.2,,,30.92,2020-12-15
2020-12-15 04:00:00,-1.7,-3.9,85.0,0.0,,0.0,0.0,,1023.2,,,28.94,2020-12-15
2020-12-15 05:00:00,-2.2,-4.4,85.0,0.0,,0.0,0.0,,1024.0,,,28.04,2020-12-15
2020-12-15 06:00:00,-1.7,-5.0,78.0,0.0,,0.0,0.0,,1025.0,,,28.94,2020-12-15
2020-12-15 07:00:00,-1.7,-5.5,75.0,0.0,,50.0,5.4,,1025.8,,,28.94,2020-12-15
2020-12-15 08:00:00,-1.7,-5.5,75.0,0.0,,0.0,0.0,,1026.7,,,28.94,2020-12-15
2020-12-15 09:00:00,1.1,-3.2,73.0,0.0,,0.0,0.0,,1026.9,,,33.98,2020-12-15
2020-12-15 10:00:00,2.2,-4.3,62.0,0.0,,50.0,11.2,,1027.9,,,35.96,2020-12-15
2020-12-15 11:00:00,3.3,-4.4,57.0,0.0,,30.0,9.4,,1027.9,,,37.94,2020-12-15
2020-12-15 12:00:00,4.4,-4.4,53.0,0.0,,10.0,7.6,,1027.3,,,39.92,2020-12-15
2020-12-15 13:00:00,5.6,-4.3,49.0,0.0,,360.0,7.6,,1026.4,,,42.08,2020-12-15
2020-12-15 14:00:00,5.6,-4.0,50.0,0.0,,20.0,11.2,,1025.7,,,42.08,2020-12-15
2020-12-15 15:00:00,5.6,-5.1,46.0,0.0,,50.0,7.6,,1025.2,,,42.08,2020-12-15
2020-12-15 16:00:00,5.6,-4.3,49.0,0.0,,80.0,9.4,,1025.2,,,42.08,2020-12-15
2020-12-15 17:00:00,3.3,-4.9,55.0,0.0,,80.0,9.4,,1025.2,,,37.94,2020-12-15
2020-12-15 18:00:00,1.1,-5.0,64.0,0.0,,50.0,9.4,,1025.0,,,33.98,2020-12-15
2020-12-15 19:00:00,1.1,-5.6,61.0,0.0,,90.0,7.6,,1025.5,,,33.98,2020-12-15
2020-12-15 20:00:00,0.6,-5.6,63.0,0.0,,0.0,0.0,,1025.9,,,33.08,2020-12-15
2020-12-15 21:00:00,-1.1,-4.4,78.0,0.0,,0.0,0.0,,1026.5,,,30.02,2020-12-15
2020-12-15 22:00:00,-1.1,-5.5,72.0,0.0,,20.0,11.2,,1025.5,,,30.02,2020-12-15
2020-12-15 23:00:00,-1.1,-5.5,72.0,0.0,,40.0,9.4,,1025.4,,,30.02,2020-12-15
2020-12-16 00:00:00,-1.1,-6.1,69.0,0.0,,30.0,11.2,,1025.1,,,30.02,2020-12-16
2020-12-16 01:00:00,-1.7,-6.1,72.0,0.0,,50.0,7.6,,1024.2,,,28.94,2020-12-16
2020-12-16 02:00:00,-2.2,-5.5,78.0,0.0,,320.0,7.6,,1025.4,,,28.04,2020-12-16
2020-12-16 03:00:00,-0.6,-5.6,69.0,0.0,,20.0,13.0,,1024.8,,,30.92,2020-12-16
2020-12-16 04:00:00,0.0,-5.6,66.0,0.0,,30.0,11.2,,1024.3,,7.0,32.0,2020-12-16
2020-12-16 05:00:00,0.0,-5.0,69.0,0.0,,30.0,11.2,,1023.7,,7.0,32.0,2020-12-16
2020-12-16 06:00:00,0.0,-5.0,69.0,0.0,,30.0,16.6,,1022.9,,7.0,32.0,2020-12-16
2020-12-16 07:00:00,0.6,-5.0,66.0,0.0,,20.0,16.6,,1022.4,,7.0,33.08,2020-12-16
2020-12-16 08:00:00,0.0,-3.9,75.0,0.5,,20.0,14.8,,1022.0,,10.0,32.0,2020-12-16
2020-12-16 09:00:00,0.0,-3.2,79.0,0.8,,30.0,20.5,,1021.0,,10.0,32.0,2020-12-16
2020-12-16 10:00:00,0.0,-2.9,81.0,0.5,,20.0,24.1,,1020.1,,10.0,32.0,2020-12-16
2020-12-16 11:00:00,0.0,-1.8,88.0,1.8,,10.0,16.6,,1018.6,,10.0,32.0,2020-12-16
2020-12-16 12:00:00,0.6,-1.2,88.0,3.6,,20.0,18.4,,1016.7,,10.0,33.08,2020-12-16
2020-12-16 13:00:00,0.6,-0.6,92.0,0.5,,20.0,22.3,,1015.3,,8.0,33.08,2020-12-16
2020-12-16 14:00:00,1.1,-0.1,92.0,5.3,,40.0,5.4,,1013.9,,7.0,33.98,2020-12-16
2020-12-16 15:00:00,1.1,-0.1,92.0,2.8,,40.0,14.8,,1012.55,,7.0,33.98,2020-12-16
2020-12-16 16:00:00,1.7,0.1,89.0,0.3,,30.0,16.6,,1011.2,,7.0,35.06,2020-12-16
2020-12-16 17:00:00,1.7,0.5,92.0,0.3,,20.0,20.5,,1010.4,,5.0,35.06,2020-12-16
2020-12-16 18:00:00,1.7,0.5,92.0,0.3,,10.0,5.4,,1011.1,,7.0,35.06,2020-12-16
2020-12-16 19:00:00,1.7,0.5,92.0,2.3,,0.0,0.0,,1010.0,,8.0,35.06,2020-12-16
2020-12-16 20:00:00,2.2,1.0,92.0,2.0,,270.0,5.4,,1009.9,,5.0,35.96,2020-12-16
2020-12-16 21:00:00,2.2,1.0,92.0,1.0,,0.0,0.0,,1009.7,,5.0,35.96,2020-12-16
2020-12-16 22:00:00,2.2,1.8,97.0,0.0,,0.0,0.0,,1010.1,,5.0,35.96,2020-12-16
2020-12-16 23:00:00,2.2,1.0,92.0,0.0,,0.0,0.0,,1010.1,,5.0,35.96,2020-12-16
2020-12-17 00:00:00,0.0,-0.6,96.0,0.0,,0.0,0.0,,1010.05,,5.0,32.0,2020-12-17
2020-12-17 01:00:00,0.6,-1.2,88.0,0.0,,0.0,7.6,,1010.0,,5.0,33.08,2020-12-17
2020-12-17 02:00:00,-0.6,-2.2,89.0,0.0,,0.0,0.0,,1010.1,,5.0,30.92,2020-12-17
2020-12-17 03:00:00,-1.1,-2.2,92.0,0.0,,0.0,0.0,,1010.5,,5.0,30.02,2020-12-17
2020-12-17 04:00:00,-1.1,-2.2,92.0,0.0,,0.0,0.0,,1011.2,,,30.02,2020-12-17
2020-12-17 05:00:00,-1.7,-2.8,92.0,0.0,,300.0,5.4,,1011.4,,,28.94,2020-12-17
2020-12-17 06:00:00,-2.8,-3.3,96.0,0.0,,0.0,0.0,,1012.3,,,26.96,2020-12-17
2020-12-17 07:00:00,-1.7,-2.8,92.0,0.0,,0.0,0.0,,1013.5,,,28.94,2020-12-17
2020-12-17 08:00:00,-2.2,-3.3,92.0,0.0,,0.0,0.0,,1014.5,,,28.04,2020-12-17
2020-12-17 09:00:00,1.1,-0.1,92.0,0.0,,0.0,0.0,,1015.5,,5.0,33.98,2020-12-17
2020-12-17 10:00:00,3.9,1.8,86.0,0.0,,50.0,7.6,,1016.2,,5.0,39.02,2020-12-17
2020-12-17 11:00:00,5.0,2.2,82.0,0.0,,40.0,9.4,,1016.2,,5.0,41.0,2020-12-17
2020-12-17 12:00:00,5.6,2.8,82.0,0.0,,100.0,11.2,,1015.9,,5.0,42.08,2020-12-17
2020-12-17 13:00:00,3.3,1.7,89.0,0.0,,80.0,7.6,,1015.9,,5.030769230769231,37.94,2020-12-17
2020-12-17 14:00:00,3.9,1.8,86.0,0.0,,90.0,9.4,,1016.2,,5.061538461538461,39.02,2020-12-17
2020-12-17 15:00:00,4.4,2.3,86.0,0.0,,110.0,9.4,,1016.1,,5.092307692307692,39.92,2020-12-17
2020-12-17 16:00:00,3.9,1.8,86.0,0.0,,70.0,5.4,,1016.9,,,39.02,2020-12-17
2020-12-17 17:00:00,3.3,1.7,89.0,0.0,,0.0,0.0,,1017.3,,,37.94,2020-12-17
2020-12-17 18:00:00,3.3,1.7,89.0,0.0,,0.0,0.0,,1018.1,,,37.94,2020-12-17
2020-12-17 19:00:00,3.3,1.7,89.0,0.0,,0.0,0.0,,1018.7,,,37.94,2020-12-17
2020-12-17 20:00:00,3.3,1.7,89.0,0.0,,0.0,0.0,,1019.5,,,37.94,2020-12-17
2020-12-17 21:00:00,2.8,1.8,93.0,0.0,,0.0,0.0,,1019.8,,,37.04,2020-12-17
2020-12-17 22:00:00,4.4,-1.6,65.0,0.0,,290.0,5.4,,1020.4,,,39.92,2020-12-17
2020-12-17 23:00:00,3.3,-1.7,70.0,0.0,,320.0,5.4,,1021.1,,,37.94,2020-12-17
2020-12-18 00:00:00,3.9,-2.7,62.0,0.0,,305.0,5.4,,1020.9,,,39.02,2020-12-18
2020-12-18 01:00:00,3.3,-2.9,64.0,0.0,,290.0,7.6,,1021.6,,,37.94,2020-12-18
2020-12-18 02:00:00,3.3,-3.3,62.0,0.0,,0.0,0.0,,1022.1,,,37.94,2020-12-18
2020-12-18 03:00:00,1.7,-3.4,69.0,0.0,,0.0,0.0,,1022.8,,,35.06,2020-12-18
2020-12-18 04:00:00,2.8,-4.4,59.0,0.0,,0.0,5.4,,1022.9,,,37.04,2020-12-18
2020-12-18 05:00:00,2.2,-5.0,59.0,0.0,,0.0,0.0,,1023.4,,,35.96,2020-12-18
2020-12-18 06:00:00,0.0,-4.4,72.0,0.0,,0.0,0.0,,1024.3,,,32.0,2020-12-18
2020-12-18 07:00:00,-1.1,-4.4,78.0,0.0,,0.0,0.0,,1025.3,,,30.02,2020-12-18
2020-12-18 08:00:00,1.7,-5.0,61.0,0.0,,240.0,5.4,,1025.8,,,35.06,2020-12-18
2020-12-18 09:00:00,3.3,-4.4,57.0,0.0,,300.0,9.4,,1026.5,,,37.94,2020-12-18
2020-12-18 10:00:00,3.3,-4.4,57.0,0.0,,0.0,0.0,,1027.2,,,37.94,2020-12-18
2020-12-18 11:00:00,5.0,-4.3,51.0,0.0,,320.0,11.2,,1027.7,,,41.0,2020-12-18
2020-12-18 12:00:00,5.6,-4.0,50.0,0.0,,320.0,13.0,,1027.7,,,42.08,2020-12-18
2020-12-18 13:00:00,6.1,-3.8,49.0,0.0,,350.0,16.6,,1027.3,,,42.980000000000004,2020-12-18
2020-12-18 14:00:00,6.7,-3.8,47.0,0.0,,342.5,9.4,,1027.2,,,44.06,2020-12-18
2020-12-18 15:00:00,6.1,-3.8,49.0,0.0,,335.0,9.4,,1027.5,,,42.980000000000004,2020-12-18
2020-12-18 16:00:00,5.0,-3.8,53.0,0.0,,327.5,5.4,,1028.0,,,41.0,2020-12-18
2020-12-18 17:00:00,3.3,-4.4,57.0,0.0,,320.0,5.4,,1028.7,,,37.94,2020-12-18
2020-12-18 18:00:00,1.7,-4.4,64.0,0.0,,320.0,5.4,,1029.2,,,35.06,2020-12-18
2020-12-18 19:00:00,0.0,-3.9,75.0,0.0,,0.0,0.0,,1029.6,,,32.0,2020-12-18
2020-12-18 20:00:00,-1.7,-5.0,78.0,0.0,,0.0,0.0,,1029.7,,,28.94,2020-12-18
2020-12-18 21:00:00,-2.2,-5.5,78.0,0.0,,0.0,0.0,,1029.4,,,28.04,2020-12-18
2020-12-18 22:00:00,-2.2,-4.4,85.0,0.0,,0.0,0.0,,1029.6,,,28.04,2020-12-18
2020-12-18 23:00:00,-1.7,-4.4,82.0,0.0,,270.0,5.4,,1029.6,,,28.94,2020-12-18
2020-12-19 00:00:00,-2.8,-5.0,85.0,0.0,,0.0,0.0,,1029.7,,,26.96,2020-12-19
2020-12-19 01:00:00,-2.8,-5.0,85.0,0.0,,0.0,0.0,,1029.2,,,26.96,2020-12-19
2020-12-19 02:00:00,-4.4,-6.1,88.0,0.0,,0.0,0.0,,1029.4,,,24.08,2020-12-19
2020-12-19 03:00:00,-3.3,-6.1,81.0,0.0,,0.0,0.0,,1030.0,,,26.060000000000002,2020-12-19
2020-12-19 04:00:00,-4.4,-6.1,88.0,0.0,,0.0,0.0,,1030.1,,,24.08,2020-12-19
2020-12-19 05:00:00,-4.4,-6.1,88.0,0.0,,0.0,0.0,,1030.0,,,24.08,2020-12-19
2020-12-19 06:00:00,-4.4,-6.1,88.0,0.0,,0.0,0.0,,1030.5,,,24.08,2020-12-19
2020-12-19 07:00:00,-4.4,-6.1,88.0,0.0,,0.0,0.0,,1030.5,,,24.08,2020-12-19
2020-12-19 08:00:00,-2.8,-4.4,89.0,0.0,,0.0,0.0,,1030.4,,,26.96,2020-12-19
2020-12-19 09:00:00,0.0,-2.2,85.0,0.0,,0.0,0.0,,1030.6,,,32.0,2020-12-19
2020-12-19 10:00:00,1.1,-2.1,79.0,0.0,,180.0,7.6,,1030.1,,,33.98,2020-12-19
2020-12-19 11:00:00,2.2,-2.1,73.0,0.0,,190.0,11.2,,1030.1,,,35.96,2020-12-19
2020-12-19 12:00:00,3.9,-2.7,62.0,0.0,,200.0,7.6,,1028.8,,,39.02,2020-12-19
2020-12-19 13:00:00,4.4,-3.4,57.0,0.0,,210.0,5.4,,1027.6,,,39.92,2020-12-19
2020-12-19 14:00:00,4.4,-3.4,57.0,0.0,,210.0,11.2,,1027.3,,,39.92,2020-12-19
2020-12-19 15:00:00,5.0,-2.8,57.0,0.0,,200.0,13.0,,1027.1,,,41.0,2020-12-19
2020-12-19 16:00:00,5.0,-2.8,57.0,0.0,,200.0,5.4,,1026.8,,,41.0,2020-12-19
2020-12-19 17:00:00,3.9,-2.7,62.0,0.0,,0.0,0.0,,1026.7,,,39.02,2020-12-19
2020-12-19 18:00:00,1.7,-2.8,72.0,0.0,,0.0,0.0,,1025.8,,,35.06,2020-12-19
2020-12-19 19:00:00,0.6,-2.8,78.0,0.0,,0.0,0.0,,1026.2,,,33.08,2020-12-19
2020-12-19 20:00:00,0.6,-2.1,82.0,0.0,,0.0,0.0,,1025.6,,,33.08,2020-12-19
2020-12-19 21:00:00,0.6,-2.1,82.0,0.0,,0.0,0.0,,1025.1,,,33.08,2020-12-19
2020-12-19 22:00:00,0.0,-2.2,85.0,0.0,,0.0,0.0,,1024.7,,,32.0,2020-12-19
2020-12-19 23:00:00,0.0,-2.2,85.0,0.0,,0.0,0.0,,1024.5,,,32.0,2020-12-19
2020-12-20 00:00:00,1.1,-1.6,82.0,0.0,,0.0,0.0,,1024.0,,,33.98,2020-12-20
2020-12-20 01:00:00,1.1,-1.1,85.0,0.0,,0.0,0.0,,1022.8,,,33.98,2020-12-20
2020-12-20 02:00:00,2.8,-1.7,72.0,0.0,,0.0,0.0,,1022.3,,6.907692307692308,37.04,2020-12-20
2020-12-20 03:00:00,1.7,-1.7,78.0,0.0,,0.0,0.0,,1021.9,,6.938461538461539,35.06,2020-12-20
2020-12-20 04:00:00,1.1,-1.1,85.0,0.0,,0.0,0.0,,1021.0,,6.969230769230769,33.98,2020-12-20
2020-12-20 05:00:00,1.7,-1.0,82.0,0.0,,0.0,0.0,,1020.7,,7.0,35.06,2020-12-20
2020-12-20 06:00:00,1.7,-0.6,85.0,0.0,,0.0,0.0,,1020.8,,6.866666666666666,35.06,2020-12-20
2020-12-20 07:00:00,1.7,-0.6,85.0,0.0,,0.0,0.0,,1021.3,,6.733333333333333,35.06,2020-12-20
2020-12-20 08:00:00,2.2,-0.1,85.0,0.0,,220.0,7.6,,1020.5,,6.6,35.96,2020-12-20
2020-12-20 09:00:00,2.2,0.6,89.0,0.0,,170.0,9.4,,1020.8,,,35.96,2020-12-20
2020-12-20 10:00:00,2.8,1.2,89.0,0.0,,180.0,9.4,,1020.7,,,37.04,2020-12-20
2020-12-20 11:00:00,5.6,1.7,76.0,0.0,,200.0,11.2,,1019.7,,,42.08,2020-12-20
2020-12-20 12:00:00,5.0,2.2,82.0,0.0,,190.0,13.0,,1018.3,,,41.0,2020-12-20
2020-12-20 13:00:00,5.6,2.2,79.0,0.0,,200.0,14.8,,1017.4,,,42.08,2020-12-20
2020-12-20 14:00:00,5.6,2.8,82.0,0.0,,170.0,14.8,,1016.4,,,42.08,2020-12-20
2020-12-20 15:00:00,5.6,2.2,79.0,0.0,,190.0,9.4,,1016.0,,,42.08,2020-12-20
2020-12-20 16:00:00,5.6,2.2,79.0,0.0,,180.0,11.2,,1016.4,,,42.08,2020-12-20
2020-12-20 17:00:00,5.0,2.2,82.0,0.0,,160.0,9.4,,1016.6,,5.4,41.0,2020-12-20
2020-12-20 18:00:00,4.4,2.7,89.0,0.0,,180.0,9.4,,1016.6,,5.266666666666667,39.92,2020-12-20
2020-12-20 19:00:00,4.4,2.7,89.0,0.0,,200.0,11.2,,1016.6,,5.133333333333333,39.92,2020-12-20
2020-12-20 20:00:00,4.4,3.4,93.0,0.0,,190.0,9.4,,1016.2,,5.0,39.92,2020-12-20
2020-12-20 21:00:00,4.4,3.4,93.0,0.0,,190.0,7.6,,1015.5,,5.0,39.92,2020-12-20
2020-12-20 22:00:00,4.4,3.4,93.0,0.0,,200.0,5.4,,1015.5,,5.0,39.92,2020-12-20
2020-12-20 23:00:00,4.4,3.4,93.0,0.0,,210.0,7.6,,1014.8,,5.0,39.92,2020-12-20
2020-12-21 00:00:00,4.4,2.7,89.0,0.0,,205.0,5.4,,1014.1,,5.0,39.92,2020-12-21
2020-12-21 01:00:00,3.9,2.9,93.0,0.0,,200.0,9.4,,1013.6,,5.0,39.02,2020-12-21
2020-12-21 02:00:00,3.9,2.9,93.0,0.0,,220.0,9.4,,1013.7,,5.0,39.02,2020-12-21
2020-12-21 03:00:00,3.9,2.9,93.0,0.0,,220.0,9.4,,1013.6,,5.0,39.02,2020-12-21
2020-12-21 04:00:00,3.9,2.9,93.0,0.0,,0.0,0.0,,1012.9,,5.0,39.02,2020-12-21
2020-12-21 05:00:00,3.9,2.9,93.0,0.0,,220.0,5.4,,1012.8,,5.0,39.02,2020-12-21
2020-12-21 06:00:00,3.9,2.9,93.0,0.0,,0.0,0.0,,1012.7,,5.0,39.02,2020-12-21
2020-12-21 07:00:00,3.3,2.9,97.0,0.0,,200.0,5.4,,1013.1,,5.0,37.94,2020-12-21
2020-12-21 08:00:00,3.3,2.3,93.0,0.0,,133.33333333333331,5.4,,1013.3,,5.0,37.94,2020-12-21
2020-12-21 09:00:00,3.3,2.9,97.0,0.0,,66.66666666666666,5.4,,1013.6,,5.0,37.94,2020-12-21
2020-12-21 10:00:00,4.4,3.4,93.0,0.0,,0.0,0.0,,1013.8,,5.0,39.92,2020-12-21
2020-12-21 11:00:00,8.9,3.3,68.0,0.0,,115.0,9.4,,1013.4,,5.285714285714286,48.02,2020-12-21
2020-12-21 12:00:00,10.6,1.7,54.0,0.0,,230.0,11.2,,1012.2,,5.571428571428571,51.08,2020-12-21
2020-12-21 13:00:00,11.7,0.8,47.0,0.0,,230.0,9.4,,1010.6,,5.857142857142857,53.06,2020-12-21
2020-12-21 14:00:00,12.2,1.2,47.0,0.0,,190.0,14.8,,1009.4,,6.142857142857142,53.96,2020-12-21
2020-12-21 15:00:00,12.2,1.2,47.0,0.0,,200.0,16.6,,1009.0,,6.428571428571429,53.96,2020-12-21
2020-12-21 16:00:00,11.7,1.6,50.0,0.0,,200.0,16.6,,1008.5,,6.714285714285714,53.06,2020-12-21
2020-12-21 17:00:00,11.1,1.1,50.0,0.0,,200.0,14.8,,1008.4,,7.0,51.98,2020-12-21
2020-12-21 18:00:00,10.6,1.7,54.0,0.0,,200.0,14.8,,1009.0,,7.0,51.08,2020-12-21
2020-12-21 19:00:00,10.0,1.6,56.0,0.0,,240.0,5.4,,1008.8,,7.0,50.0,2020-12-21
2020-12-21 20:00:00,10.0,1.6,56.0,0.0,,230.0,11.2,,1008.7,,7.0,50.0,2020-12-21
2020-12-21 21:00:00,10.6,1.7,54.0,0.0,,210.0,13.0,,1008.5,,7.0,51.08,2020-12-21
2020-12-21 22:00:00,10.6,0.6,50.0,0.0,,240.0,7.6,,1008.6,,,51.08,2020-12-21
2020-12-21 23:00:00,10.6,-1.2,44.0,0.0,,270.0,16.6,,1008.7,,,51.08,2020-12-21
2020-12-22 00:00:00,9.4,-1.1,48.0,0.0,,290.0,11.2,,1009.0,,,48.92,2020-12-22
2020-12-22 01:00:00,7.8,0.5,60.0,0.0,,310.0,9.4,,1010.7,,,46.04,2020-12-22
2020-12-22 02:00:00,7.2,-0.5,58.0,0.0,,155.0,5.4,,1010.0,,,44.96,2020-12-22
2020-12-22 03:00:00,5.6,-1.1,62.0,0.0,,0.0,0.0,,1010.3,,,42.08,2020-12-22
2020-12-22 04:00:00,7.8,-2.3,49.0,0.0,,260.0,7.6,,1010.2,,,46.04,2020-12-22
2020-12-22 05:00:00,8.9,-2.7,44.0,0.0,,240.0,11.2,,1010.4,,,48.02,2020-12-22
2020-12-22 06:00:00,8.9,-4.0,40.0,0.0,,290.0,16.6,,1012.0,,,48.02,2020-12-22
2020-12-22 07:00:00,8.9,-5.0,37.0,0.0,,290.0,13.0,,1013.5,,,48.02,2020-12-22
2020-12-22 08:00:00,8.3,-4.5,40.0,0.0,,300.0,5.4,,1014.9,,,46.94,2020-12-22
2020-12-22 09:00:00,7.8,-4.0,43.0,0.0,,300.0,18.4,,1016.4,,,46.04,2020-12-22
2020-12-22 10:00:00,9.4,-3.9,39.0,0.0,,300.0,16.6,,1017.9,,,48.92,2020-12-22
2020-12-22 11:00:00,8.9,-4.3,39.0,0.0,,290.0,16.6,,1018.9,,,48.02,2020-12-22
2020-12-22 12:00:00,10.6,-4.2,35.0,0.0,,290.0,22.3,,1019.2,,,51.08,2020-12-22
2020-12-22 13:00:00,10.6,-4.2,35.0,0.0,,290.0,18.4,,1019.3,,,51.08,2020-12-22
2020-12-22 14:00:00,10.6,-3.9,36.0,0.0,,270.0,36.0,,1020.1,,,51.08,2020-12-22
2020-12-22 15:00:00,11.1,-3.8,35.0,0.0,,290.0,7.6,,1020.5,,,51.98,2020-12-22
2020-12-22 16:00:00,10.0,-4.4,36.0,0.0,,290.0,9.4,,1021.8,,,50.0,2020-12-22
2020-12-22 17:00:00,7.2,-4.0,45.0,0.0,,240.0,7.6,,1022.6,,,44.96,2020-12-22
2020-12-22 18:00:00,5.0,-3.8,53.0,0.0,,300.0,5.4,,1023.7,,,41.0,2020-12-22
2020-12-22 19:00:00,3.9,-3.9,57.0,0.0,,300.0,5.4,,1024.5,,,39.02,2020-12-22
2020-12-22 20:00:00,5.0,-3.8,53.0,0.0,,330.0,5.4,,1025.2,,,41.0,2020-12-22
2020-12-22 21:00:00,3.3,-4.0,59.0,0.0,,330.0,7.6,,1025.9,,,37.94,2020-12-22
2020-12-22 22:00:00,2.8,-3.3,64.0,0.0,,0.0,0.0,,1026.5,,,37.04,2020-12-22
2020-12-22 23:00:00,0.0,-4.4,72.0,0.0,,300.0,5.4,,1027.0,,,32.0,2020-12-22
2020-12-23 00:00:00,-1.7,-4.4,82.0,0.0,,340.0,5.4,,1026.9,,,28.94,2020-12-23
2020-12-23 01:00:00,-0.6,-4.0,78.0,0.0,,330.0,7.6,,1026.4,,,30.92,2020-12-23
2020-12-23 02:00:00,-2.2,-5.5,78.0,0.0,,0.0,0.0,,1026.9,,,28.04,2020-12-23
2020-12-23 03:00:00,-3.3,-5.6,84.0,0.0,,180.0,5.4,,1027.6,,,26.060000000000002,2020-12-23
2020-12-23 04:00:00,-3.3,-6.1,81.0,0.0,,0.0,0.0,,1027.9,,,26.060000000000002,2020-12-23
2020-12-23 05:00:00,-2.8,-5.0,85.0,0.0,,0.0,0.0,,1027.4,,,26.96,2020-12-23
2020-12-23 06:00:00,-3.3,-5.6,84.0,0.0,,0.0,0.0,,1028.1,,,26.060000000000002,2020-12-23
2020-12-23 07:00:00,-3.9,-6.1,85.0,0.0,,0.0,0.0,,1029.3,,,24.98,2020-12-23
2020-12-23 08:00:00,-3.3,-5.6,84.0,0.0,,0.0,0.0,,1030.3,,,26.060000000000002,2020-12-23
2020-12-23 09:00:00,0.0,-2.9,81.0,0.0,,0.0,0.0,,1030.7,,,32.0,2020-12-23
2020-12-23 10:00:00,3.9,-1.1,70.0,0.0,,0.0,0.0,,1030.9,,,39.02,2020-12-23
2020-12-23 11:00:00,5.6,-2.3,57.0,0.0,,180.0,7.6,,1030.2,,,42.08,2020-12-23
2020-12-23 12:00:00,8.3,-1.8,49.0,0.0,,200.0,13.0,,1028.8,,,46.94,2020-12-23
2020-12-23 13:00:00,9.4,-2.2,44.0,0.0,,180.0,18.4,,1027.4,,,48.92,2020-12-23
2020-12-23 14:00:00,10.0,-2.3,42.0,0.0,,190.0,20.5,,1026.6,,,50.0,2020-12-23
2020-12-23 15:00:00,10.6,-2.1,41.0,0.0,,160.0,18.4,,1025.5,,,51.08,2020-12-23
2020-12-23 16:00:00,10.0,-1.7,44.0,0.0,,200.0,16.6,,1025.4,,,50.0,2020-12-23
2020-12-23 17:00:00,7.8,-1.7,51.0,0.0,,200.0,5.4,,1025.9,,,46.04,2020-12-23
2020-12-23 18:00:00,6.7,-1.7,55.0,0.0,,180.0,9.4,,1025.6,,,44.06,2020-12-23
2020-12-23 19:00:00,5.0,-1.7,62.0,0.0,,0.0,0.0,,1025.5,,7.0,41.0,2020-12-23
2020-12-23 20:00:00,6.7,-1.0,58.0,0.0,,170.0,9.4,,1024.8,,7.0,44.06,2020-12-23
2020-12-23 21:00:00,6.7,-0.5,60.0,0.0,,0.0,0.0,,1024.2,,7.0,44.06,2020-12-23
2020-12-23 22:00:00,8.3,-1.0,52.0,0.0,,160.0,13.0,,1022.9,,7.0,46.94,2020-12-23
2020-12-23 23:00:00,8.3,-0.5,54.0,0.09999999999999999,,190.0,11.2,,1023.3,,7.0,46.94,2020-12-23
2020-12-24 00:00:00,7.2,2.3,71.0,0.19999999999999998,,280.0,5.4,,1022.6,,7.0,44.96,2020-12-24
2020-12-24 01:00:00,7.2,3.3,76.0,0.3,,0.0,0.0,,1021.1,,7.0,44.96,2020-12-24
2020-12-24 02:00:00,6.7,3.8,82.0,0.55,,0.0,0.0,,1020.0,,8.0,44.06,2020-12-24
2020-12-24 03:00:00,6.1,3.9,86.0,0.8,,360.0,5.4,,1019.4,,7.0,42.980000000000004,2020-12-24
2020-12-24 04:00:00,6.1,4.4,89.0,2.3,,0.0,0.0,,1017.9,,7.0,42.980000000000004,2020-12-24
2020-12-24 05:00:00,6.1,4.4,89.0,0.5,,0.0,0.0,,1016.8,,7.0,42.980000000000004,2020-12-24
2020-12-24 06:00:00,6.1,4.4,89.0,2.3,,30.0,7.6,,1015.9,,8.0,42.980000000000004,2020-12-24
2020-12-24 07:00:00,6.1,5.1,93.0,3.6,,30.0,7.6,,1015.9,,7.0,42.980000000000004,2020-12-24
2020-12-24 08:00:00,6.7,5.0,89.0,2.3,,0.0,0.0,,1015.3,,5.0,44.06,2020-12-24
2020-12-24 09:00:00,7.2,6.1,93.0,2.3,,0.0,0.0,,1014.4,,7.0,44.96,2020-12-24
2020-12-24 10:00:00,8.3,7.2,93.0,2.3,,330.0,5.4,,1013.3,,7.0,46.94,2020-12-24
2020-12-24 11:00:00,7.8,6.7,93.0,5.8,,20.0,5.4,,1012.0,,7.0,46.04,2020-12-24
2020-12-24 12:00:00,8.3,7.2,93.0,0.8,,0.0,0.0,,1009.9,,5.0,46.94,2020-12-24
2020-12-24 13:00:00,13.9,12.8,93.0,2.5,,150.0,16.6,,1007.3,,7.0,57.02,2020-12-24
2020-12-24 14:00:00,14.4,12.8,90.0,5.6,,200.0,13.0,,1006.2,,7.0,57.92,2020-12-24
2020-12-24 15:00:00,13.9,12.8,93.0,0.5,,230.0,9.4,,1005.4,,7.0,57.02,2020-12-24
2020-12-24 16:00:00,13.3,12.2,93.0,0.5,,230.0,9.4,,1005.3,,7.0,55.94,2020-12-24
2020-12-24 17:00:00,12.2,10.6,90.0,0.8,,115.0,9.4,,1004.1,,7.5,53.96,2020-12-24
2020-12-24 18:00:00,11.1,10.0,93.0,0.0,,0.0,0.0,,1002.7,,8.0,51.98,2020-12-24
2020-12-24 19:00:00,12.2,10.6,90.0,1.8,,190.0,7.6,,1000.4,,6.5,53.96,2020-12-24
2020-12-24 20:00:00,11.7,10.6,93.0,1.5333333333333334,,210.0,5.4,,1000.1,,5.0,53.06,2020-12-24
2020-12-24 21:00:00,11.7,10.6,93.0,1.2666666666666666,,0.0,0.0,,998.2,,7.0,53.06,2020-12-24
2020-12-24 22:00:00,12.2,11.1,93.0,1.0,,200.0,13.0,,997.7,,7.0,53.96,2020-12-24
2020-12-24 23:00:00,7.2,5.0,86.0,1.5,,250.0,16.6,,998.1,,7.0,44.96,2020-12-24
2020-12-25 00:00:00,4.4,2.3,86.0,1.3,,230.0,9.4,,998.7,,7.0,39.92,2020-12-25
2020-12-25 01:00:00,2.8,1.2,89.0,1.3,,250.0,13.0,,998.6,,7.0,37.04,2020-12-25
2020-12-25 02:00:00,2.8,1.2,89.0,0.65,,0.0,0.0,,998.2,,7.0,37.04,2020-12-25
2020-12-25 03:00:00,1.7,-1.0,82.0,0.0,,80.0,11.2,,999.1,,7.0,35.06,2020-12-25
2020-12-25 04:00:00,1.1,-2.8,75.0,0.0,,160.0,9.4,,999.6,,,33.98,2020-12-25
2020-12-25 05:00:00,0.6,-4.4,69.0,0.0,,240.0,11.2,,1000.3,,,33.08,2020-12-25
2020-12-25 06:00:00,-0.6,-6.8,63.0,0.0,,260.0,14.8,,1002.1,,,30.92,2020-12-25
2020-12-25 07:00:00,-1.7,-7.8,63.0,0.0,,270.0,14.8,,1004.0,,,28.94,2020-12-25
2020-12-25 08:00:00,-2.2,-8.3,63.0,0.0,,260.0,16.6,,1004.5,,,28.04,2020-12-25
2020-12-25 09:00:00,-1.1,-8.3,58.0,0.0,,260.0,13.0,,1005.2,,,30.02,2020-12-25
2020-12-25 10:00:00,0.0,-8.9,51.0,0.0,,270.0,16.6,,1006.5,,,32.0,2020-12-25
2020-12-25 11:00:00,-2.2,-10.5,53.0,0.0,,270.0,22.3,,1007.8,,,28.04,2020-12-25
2020-12-25 12:00:00,-0.6,-11.1,45.0,0.0,,270.0,16.6,,1008.1,,,30.92,2020-12-25
2020-12-25 13:00:00,-1.1,-12.1,43.0,0.0,,250.0,13.0,,1008.0,,,30.02,2020-12-25
2020-12-25 14:00:00,-1.1,-12.1,43.0,0.0,,260.0,25.9,,1008.1,,,30.02,2020-12-25
2020-12-25 15:00:00,-1.1,-12.7,41.0,0.0,,270.0,20.5,,1009.1,,,30.02,2020-12-25
2020-12-25 16:00:00,-2.8,-13.9,42.0,0.0,,270.0,18.4,,1010.7,,,26.96,2020-12-25
2020-12-25 17:00:00,-3.3,-13.3,46.0,0.0,,260.0,16.6,,1012.2,,,26.060000000000002,2020-12-25
2020-12-25 18:00:00,-3.3,-12.8,48.0,0.0,,260.0,14.8,,1013.4,,,26.060000000000002,2020-12-25
2020-12-25 19:00:00,-3.9,-12.1,53.0,0.0,,280.0,13.0,,1014.0,,,24.98,2020-12-25
2020-12-25 20:00:00,-4.4,-12.1,55.0,0.0,,250.0,11.2,,1014.3,,,24.08,2020-12-25
2020-12-25 21:00:00,-4.4,-12.1,55.0,0.0,,280.0,13.0,,1015.1,,,24.08,2020-12-25
2020-12-25 22:00:00,-4.4,-13.8,48.0,0.0,,260.0,16.6,,1016.3,,,24.08,2020-12-25
2020-12-25 23:00:00,-5.0,-13.8,50.0,0.0,,270.0,16.6,,1016.8,,,23.0,2020-12-25
2020-12-26 00:00:00,-6.1,-14.4,52.0,0.0,,270.0,14.8,,1017.2,,,21.02,2020-12-26
2020-12-26 01:00:00,-6.7,-14.9,52.0,0.0,,270.0,16.6,,1017.1,,,19.939999999999998,2020-12-26
2020-12-26 02:00:00,-6.7,-14.9,52.0,0.0,,256.6666666666667,9.4,,1017.7,,,19.939999999999998,2020-12-26
2020-12-26 03:00:00,-7.2,-14.5,56.0,0.0,,243.33333333333334,5.4,,1018.5,,,19.04,2020-12-26
2020-12-26 04:00:00,-7.2,-14.9,54.0,0.0,,230.0,7.6,,1018.5,,,19.04,2020-12-26
2020-12-26 05:00:00,-7.8,-13.8,62.0,0.0,,245.0,5.4,,1018.6,,,17.96,2020-12-26
2020-12-26 06:00:00,-7.2,-13.9,59.0,0.0,,260.0,11.2,,1018.3,,,19.04,2020-12-26
2020-12-26 07:00:00,-7.2,-13.9,59.0,0.0,,260.0,14.8,,1018.9,,,19.04,2020-12-26
2020-12-26 08:00:00,-6.7,-13.8,57.0,0.0,,290.0,16.6,,1018.7,,,19.939999999999998,2020-12-26
2020-12-26 09:00:00,-5.0,-13.3,52.0,0.0,,280.0,14.8,,1019.9,,,23.0,2020-12-26
2020-12-26 10:00:00,-3.9,-13.3,48.0,0.0,,290.0,14.8,,1020.2,,,24.98,2020-12-26
2020-12-26 11:00:00,-2.8,-12.8,46.0,0.0,,290.0,14.8,,1020.4,,,26.96,2020-12-26
2020-12-26 12:00:00,-2.2,-12.8,44.0,0.0,,310.0,14.8,,1019.8,,,28.04,2020-12-26
2020-12-26 13:00:00,-0.6,-12.9,39.0,0.0,,280.0,14.8,,1019.0,,,30.92,2020-12-26
2020-12-26 14:00:00,0.6,-13.1,35.0,0.0,,270.0,18.4,,1018.1,,,33.08,2020-12-26
2020-12-26 15:00:00,1.1,-12.7,35.0,0.0,,240.0,13.0,,1017.6,,,33.98,2020-12-26
2020-12-26 16:00:00,1.7,-11.8,36.0,0.0,,220.0,9.4,,1017.6,,,35.06,2020-12-26
2020-12-26 17:00:00,1.1,-11.7,38.0,0.0,,220.0,7.6,,1017.4,,,33.98,2020-12-26
2020-12-26 18:00:00,0.0,-11.1,43.0,0.0,,230.0,5.4,,1017.7,,,32.0,2020-12-26
2020-12-26 19:00:00,-0.6,-10.5,47.0,0.0,,0.0,0.0,,1018.0,,,30.92,2020-12-26
2020-12-26 20:00:00,-2.2,-9.4,58.0,0.0,,0.0,0.0,,1018.6,,,28.04,2020-12-26
2020-12-26 21:00:00,-0.6,-8.8,54.0,0.0,,0.0,0.0,,1019.0,,,30.92,2020-12-26
2020-12-26 22:00:00,0.0,-8.2,54.0,0.0,,240.0,7.6,,1019.4,,,32.0,2020-12-26
2020-12-26 23:00:00,-1.7,-8.9,58.0,0.0,,200.0,7.6,,1019.7,,,28.94,2020-12-26
2020-12-27 00:00:00,-3.3,-8.9,65.0,0.0,,0.0,0.0,,1019.9,,,26.060000000000002,2020-12-27
2020-12-27 01:00:00,-5.0,-8.9,74.0,0.0,,210.0,5.4,,1020.3,,,23.0,2020-12-27
2020-12-27 02:00:00,-6.1,-8.8,81.0,0.0,,0.0,0.0,,1021.2,,,21.02,2020-12-27
2020-12-27 03:00:00,-5.6,-8.3,81.0,0.0,,0.0,0.0,,1021.9,,,21.92,2020-12-27
2020-12-27 04:00:00,-6.1,-8.8,81.0,0.0,,0.0,0.0,,1022.1,,,21.02,2020-12-27
2020-12-27 05:00:00,-6.7,-9.0,84.0,0.0,,0.0,0.0,,1022.7,,,19.939999999999998,2020-12-27
2020-12-27 06:00:00,-6.7,-9.0,84.0,0.0,,0.0,0.0,,1023.5,,,19.939999999999998,2020-12-27
2020-12-27 07:00:00,-5.6,-7.7,85.0,0.0,,350.0,5.4,,1024.4,,,21.92,2020-12-27
2020-12-27 08:00:00,-3.3,-7.8,71.0,0.0,,10.0,5.4,,1025.3,,,26.060000000000002,2020-12-27
2020-12-27 09:00:00,-1.7,-7.2,66.0,0.0,,20.0,11.2,,1025.8,,,28.94,2020-12-27
2020-12-27 10:00:00,0.6,-7.9,53.0,0.0,,20.0,9.4,,1026.4,,,33.08,2020-12-27
2020-12-27 11:00:00,2.8,-7.7,46.0,0.0,,90.0,5.4,,1026.5,,,37.04,2020-12-27
2020-12-27 12:00:00,5.0,-6.6,43.0,0.0,,160.0,7.6,,1026.0,,,41.0,2020-12-27
2020-12-27 13:00:00,5.6,-5.7,44.0,0.0,,160.0,7.6,,1025.0,,,42.08,2020-12-27
2020-12-27 14:00:00,7.2,-4.9,42.0,0.0,,170.0,5.4,,1024.7,,,44.96,2020-12-27
2020-12-27 15:00:00,7.8,-5.0,40.0,0.0,,190.0,9.4,,1024.4,,,46.04,2020-12-27
2020-12-27 16:00:00,7.8,-5.0,40.0,0.0,,190.0,13.0,,1024.2,,,46.04,2020-12-27
2020-12-27 17:00:00,5.0,-5.1,48.0,0.0,,150.0,7.6,,1024.5,,,41.0,2020-12-27
2020-12-27 18:00:00,1.7,-5.0,61.0,0.0,,0.0,0.0,,1025.1,,,35.06,2020-12-27
2020-12-27 19:00:00,0.0,-5.0,69.0,0.0,,0.0,0.0,,1025.1,,,32.0,2020-12-27
2020-12-27 20:00:00,0.0,-5.0,69.0,0.0,,0.0,0.0,,1025.0,,,32.0,2020-12-27
2020-12-27 21:00:00,0.0,-5.0,69.0,0.0,,0.0,0.0,,1024.9,,,32.0,2020-12-27
2020-12-27 22:00:00,0.6,-5.0,66.0,0.0,,0.0,0.0,,1025.1,,,33.08,2020-12-27
2020-12-27 23:00:00,0.0,-4.4,72.0,0.0,,0.0,0.0,,1025.2,,,32.0,2020-12-27
2020-12-28 00:00:00,-1.7,-5.0,78.0,0.0,,0.0,0.0,,1024.7,,,28.94,2020-12-28
2020-12-28 01:00:00,1.1,-4.3,67.0,0.0,,210.0,7.6,,1023.9,,,33.98,2020-12-28
2020-12-28 02:00:00,-1.1,-5.0,75.0,0.0,,0.0,0.0,,1024.2,,,30.02,2020-12-28
2020-12-28 03:00:00,-1.1,-5.0,75.0,0.0,,0.0,0.0,,1023.5,,,30.02,2020-12-28
2020-12-28 04:00:00,-0.6,-5.0,72.0,0.0,,210.0,7.6,,1022.7,,,30.92,2020-12-28
2020-12-28 05:00:00,-1.7,-5.0,78.0,0.0,,210.0,9.4,,1022.5,,,28.94,2020-12-28
2020-12-28 06:00:00,-0.6,-5.0,72.0,0.0,,200.0,7.6,,1022.4,,,30.92,2020-12-28
2020-12-28 07:00:00,0.6,-3.9,72.0,0.0,,200.0,11.2,,1022.5,,,33.08,2020-12-28
2020-12-28 08:00:00,0.6,-3.9,72.0,0.0,,230.0,7.6,,1023.0,,,33.08,2020-12-28
2020-12-28 09:00:00,1.1,-2.8,75.0,0.0,,190.0,7.6,,1023.2,,,33.98,2020-12-28
2020-12-28 10:00:00,3.3,-2.2,67.0,0.0,,200.0,11.2,,1023.5,,,37.94,2020-12-28
2020-12-28 11:00:00,5.6,-1.8,59.0,0.0,,210.0,14.8,,1023.3,,,42.08,2020-12-28
2020-12-28 12:00:00,9.4,-1.1,48.0,0.0,,220.0,16.6,,1022.5,,,48.92,2020-12-28
2020-12-28 13:00:00,11.1,-0.1,46.0,0.0,,210.0,18.4,,1021.8,,,51.98,2020-12-28
2020-12-28 14:00:00,13.3,1.0,43.0,0.0,,230.0,13.0,,1021.5,,,55.94,2020-12-28
2020-12-28 15:00:00,15.0,2.8,44.0,0.0,,250.0,14.8,,1021.6,,,59.0,2020-12-28
2020-12-28 16:00:00,13.9,3.4,49.0,0.0,,260.0,14.8,,1022.0,,,57.02,2020-12-28
2020-12-28 17:00:00,12.2,3.4,55.0,0.0,,270.0,9.4,,1022.5,,,53.96,2020-12-28
2020-12-28 18:00:00,11.1,3.4,59.0,0.0,,270.0,13.0,,1023.3,,,51.98,2020-12-28
2020-12-28 19:00:00,10.6,3.4,61.0,0.0,,210.0,5.4,,1024.1,,,51.08,2020-12-28
2020-12-28 20:00:00,7.8,2.9,71.0,0.0,,210.0,7.6,,1024.5,,,46.04,2020-12-28
2020-12-28 21:00:00,7.2,2.9,74.0,0.0,,230.0,5.4,,1024.8,,,44.96,2020-12-28
2020-12-28 22:00:00,3.9,1.8,86.0,0.0,,0.0,0.0,,1024.9,,,39.02,2020-12-28
2020-12-28 23:00:00,6.1,2.7,79.0,0.0,,240.0,5.4,,1024.8,,,42.980000000000004,2020-12-28
2020-12-29 00:00:00,6.1,2.2,76.0,0.0,,270.0,9.4,,1024.7,,,42.980000000000004,2020-12-29
2020-12-29 01:00:00,4.4,1.1,79.0,0.0,,290.0,5.4,,1024.5,,,39.92,2020-12-29
2020-12-29 02:00:00,6.1,0.0,65.0,0.0,,300.0,7.6,,1024.9,,,42.980000000000004,2020-12-29
2020-12-29 03:00:00,6.1,-1.1,60.0,0.0,,303.3333333333333,7.6,,1025.7,,,42.980000000000004,2020-12-29
2020-12-29 04:00:00,5.6,-1.8,59.0,0.0,,306.6666666666667,11.2,,1026.8,,,42.08,2020-12-29
2020-12-29 05:00:00,4.4,-2.7,60.0,0.0,,310.0,11.2,,1027.8,,,39.92,2020-12-29
2020-12-29 06:00:00,3.9,-3.4,59.0,0.0,,0.0,0.0,,1028.8,,,39.02,2020-12-29
2020-12-29 07:00:00,1.1,-4.0,69.0,0.0,,140.0,5.4,,1030.6,,,33.98,2020-12-29
2020-12-29 08:00:00,0.6,-4.4,69.0,0.0,,0.0,0.0,,1031.6,,,33.08,2020-12-29
2020-12-29 09:00:00,4.4,-3.9,55.0,0.0,,75.0,7.6,,1032.5,,,39.92,2020-12-29
2020-12-29 10:00:00,5.6,-4.3,49.0,0.0,,150.0,7.6,,1032.9,,,42.08,2020-12-29
2020-12-29 11:00:00,6.1,-5.6,43.0,0.0,,225.0,7.6,,1033.2,,,42.980000000000004,2020-12-29
2020-12-29 12:00:00,6.7,-7.3,36.0,0.0,,300.0,9.4,,1032.5,,,44.06,2020-12-29
2020-12-29 13:00:00,7.8,-7.1,34.0,0.0,,300.0,9.4,,1032.1,,,46.04,2020-12-29
2020-12-29 14:00:00,7.8,-8.3,31.0,0.0,,20.0,9.4,,1031.5,,,46.04,2020-12-29
2020-12-29 15:00:00,8.3,-8.7,29.0,0.0,,20.0,9.4,,1031.1,,,46.94,2020-12-29
2020-12-29 16:00:00,7.8,-8.3,31.0,0.0,,40.0,9.4,,1031.3,,,46.04,2020-12-29
2020-12-29 17:00:00,5.6,-7.3,39.0,0.0,,40.0,5.4,,1031.8,,,42.08,2020-12-29
2020-12-29 18:00:00,2.2,-6.6,52.0,0.0,,50.0,7.6,,1032.6,,,35.96,2020-12-29
2020-12-29 19:00:00,1.7,-6.6,54.0,0.0,,0.0,0.0,,1033.4,,,35.06,2020-12-29
2020-12-29 20:00:00,0.6,-6.7,58.0,0.0,,0.0,0.0,,1033.8,,,33.08,2020-12-29
2020-12-29 21:00:00,1.7,-7.1,52.0,0.0,,80.0,9.4,,1033.6,,,35.06,2020-12-29
2020-12-29 22:00:00,1.1,-6.0,59.0,0.0,,40.0,9.4,,1034.0,,,33.98,2020-12-29
2020-12-29 23:00:00,0.6,-6.7,58.0,0.0,,40.0,5.4,,1033.9,,,33.08,2020-12-29
2020-12-30 00:00:00,-1.7,-6.6,69.0,0.0,,0.0,0.0,,1034.5,,,28.94,2020-12-30
2020-12-30 01:00:00,-1.7,-6.6,69.0,0.0,,0.0,0.0,,1034.1,,,28.94,2020-12-30
2020-12-30 02:00:00,-3.9,-7.2,78.0,0.0,,0.0,0.0,,1034.2,,,24.98,2020-12-30
2020-12-30 03:00:00,-3.9,-6.7,81.0,0.0,,0.0,0.0,,1033.8,,,24.98,2020-12-30
2020-12-30 04:00:00,-3.9,-7.2,78.0,0.0,,0.0,0.0,,1033.7,,,24.98,2020-12-30
2020-12-30 05:00:00,-3.3,-6.8,77.0,0.0,,0.0,0.0,,1033.4,,,26.060000000000002,2020-12-30
2020-12-30 06:00:00,-3.9,-7.9,74.0,0.0,,0.0,0.0,,1033.2,,,24.98,2020-12-30
2020-12-30 07:00:00,-4.4,-7.8,77.0,0.0,,0.0,0.0,,1033.2,,,24.08,2020-12-30
2020-12-30 08:00:00,-4.4,-7.8,77.0,0.0,,0.0,0.0,,1033.3,,,24.08,2020-12-30
2020-12-30 09:00:00,-1.1,-6.1,69.0,0.0,,0.0,0.0,,1033.4,,,30.02,2020-12-30
2020-12-30 10:00:00,2.2,-6.6,52.0,0.0,,220.0,11.2,,1033.2,,,35.96,2020-12-30
2020-12-30 11:00:00,3.3,-6.7,48.0,0.0,,200.0,13.0,,1031.3,,,37.94,2020-12-30
2020-12-30 12:00:00,4.4,-6.2,46.0,0.0,,180.0,16.6,,1030.2,,,39.92,2020-12-30
2020-12-30 13:00:00,6.7,-5.0,43.0,0.0,,210.0,11.2,,1027.9,,,44.06,2020-12-30
2020-12-30 14:00:00,7.2,-4.9,42.0,0.0,,230.0,16.6,,1027.5,,,44.96,2020-12-30
2020-12-30 15:00:00,7.2,-4.0,45.0,0.0,,190.0,18.4,,1026.8,,,44.96,2020-12-30
2020-12-30 16:00:00,6.7,-3.3,49.0,0.0,,190.0,14.8,,1025.9,,,44.06,2020-12-30
2020-12-30 17:00:00,6.1,-3.3,51.0,0.0,,190.0,13.0,,1025.6,,,42.980000000000004,2020-12-30
2020-12-30 18:00:00,6.1,-3.3,51.0,0.0,,190.0,9.4,,1025.1,,,42.980000000000004,2020-12-30
2020-12-30 19:00:00,5.6,-2.7,55.0,0.0,,190.0,9.4,,1024.3,,,42.08,2020-12-30
2020-12-30 20:00:00,5.6,-2.3,57.0,0.0,,200.0,14.8,,1023.5,,,42.08,2020-12-30
2020-12-30 21:00:00,5.6,-2.3,57.0,0.0,,190.0,16.6,,1022.4,,,42.08,2020-12-30
2020-12-30 22:00:00,5.6,-1.8,59.0,0.0,,210.0,11.2,,1022.3,,,42.08,2020-12-30
2020-12-30 23:00:00,5.6,-1.8,59.0,0.0,,200.0,13.0,,1021.8,,,42.08,2020-12-30
2020-12-31 00:00:00,6.1,0.6,68.0,0.0,,200.0,16.6,,1020.3,,,42.980000000000004,2020-12-31
2020-12-31 01:00:00,5.6,1.1,73.0,0.0,,200.0,14.8,,1019.8,,,42.08,2020-12-31
2020-12-31 02:00:00,5.6,2.2,79.0,0.0,,210.0,13.0,,1019.4,,,42.08,2020-12-31
2020-12-31 03:00:00,5.6,2.8,82.0,0.0,,220.0,9.4,,1019.1,,,42.08,2020-12-31
2020-12-31 04:00:00,5.6,3.9,89.0,0.0,,200.0,13.0,,1017.8,,,42.08,2020-12-31
2020-12-31 05:00:00,6.1,4.4,89.0,0.0,,210.0,7.6,,1017.5,,,42.980000000000004,2020-12-31
2020-12-31 06:00:00,5.6,4.4,92.0,0.0,,220.0,9.4,,1017.8,,,42.08,2020-12-31
2020-12-31 07:00:00,6.1,4.4,89.0,0.0,,210.0,11.2,,1018.1,,,42.980000000000004,2020-12-31
2020-12-31 08:00:00,7.2,5.7,90.0,0.0,,210.0,13.0,,1018.8,,,44.96,2020-12-31
2020-12-31 09:00:00,8.3,6.1,86.0,0.0,,190.0,9.4,,1019.8,,,46.94,2020-12-31
2020-12-31 10:00:00,10.0,6.7,80.0,0.0,,200.0,11.2,,1020.6,,,50.0,2020-12-31
2020-12-31 11:00:00,11.7,7.2,74.0,0.0,,210.0,14.8,,1020.7,,,53.06,2020-12-31
2020-12-31 12:00:00,12.8,7.9,72.0,0.0,,190.0,11.2,,1020.2,,,55.04,2020-12-31
2020-12-31 13:00:00,14.4,8.3,67.0,0.0,,200.0,7.6,,1019.1,,,57.92,2020-12-31
2020-12-31 14:00:00,16.7,8.4,58.0,0.0,,140.0,9.4,,1018.8,,,62.059999999999995,2020-12-31
2020-12-31 15:00:00,16.7,8.4,58.0,0.0,,140.0,7.6,,1018.8,,,62.059999999999995,2020-12-31
2020-12-31 16:00:00,15.6,8.8,64.0,0.0,,130.0,9.4,,1020.0,,,60.08,2020-12-31
2020-12-31 17:00:00,13.3,8.4,72.0,0.0,,50.0,5.4,,1021.0,,,55.94,2020-12-31
2020-12-31 18:00:00,12.2,8.3,77.0,0.0,,30.0,9.4,,1022.2,,,53.96,2020-12-31
2020-12-31 19:00:00,11.0,7.1,77.0,0.0,,30.0,20.0,,1023.2,,,51.8,2020-12-31
2020-12-31 20:00:00,11.1,6.6,74.0,0.0,,30.0,20.5,,1024.2,,,51.98,2020-12-31
2020-12-31 21:00:00,10.6,6.2,74.0,0.0,,40.0,24.1,,1024.9,,,51.08,2020-12-31
2020-12-31 22:00:00,9.4,3.4,66.0,0.0,,40.0,13.0,,1025.7,,,48.92,2020-12-31
2020-12-31 23:00:00,8.3,2.7,68.0,0.0,,40.0,18.4,,1026.4,,,46.94,2020-12-31
2021-01-01 00:00:00,7.8,2.9,71.0,0.0,,50.0,16.6,,1026.9,,,46.04,2021-01-01
