name,country,region,wmo,icao,latitude,longitude,elevation,timezone,hourly_start,hourly_end,daily_start,daily_end,monthly_start,monthly_end,distance
Fairhope / Country Living Mobile Home Park,US,AL,,KCQF,30.4605,-87.877,28.0,America/Chicago,2008-10-22,2024-08-12,2008-10-23,2022-04-14,2014-01-01,2022-01-01,55.597463322134445
Mobile / Curve Mobile Home Park,US,AL,,KBFM,30.6268,-88.0681,8.0,America/Chicago,1942-07-01,2024-08-12,1942-07-02,2022-04-24,1942-01-01,2022-01-01,26056.1834319132
Gulf Shores / Bay Village Mobile Home Park,US,AL,,KJKA,30.2896,-87.6718,5.0,America/Chicago,2006-05-01,2024-08-12,2006-05-02,2022-04-24,2010-01-01,2022-01-01,27322.507720018122
Mobile Regional Airport,US,AL,72223,KMOB,30.6833,-88.0667,66.0,America/Chicago,1973-01-01,2024-08-12,1948-01-01,2024-12-30,1948-01-01,2022-01-01,30762.971115332904
Bay Minette Municipal Airport,US,AL,,K1R8,30.8703,-87.8193,75.0,America/Chicago,2022-05-06,2024-08-12,,,,,45955.84789882382
Pensacola / Pleasant Grove,US,FL,72222,KNPA,30.3533,-87.318,9.0,America/Indiana/Tell_City,1945-02-01,2024-08-12,1945-04-05,2024-08-06,1945-01-01,2022-01-01,54905.59089927868
Pascagoula / Ferguson's Mobile Home Park,US,MS,,KPQL,30.4628,-88.5292,5.0,America/Chicago,2004-01-01,2024-08-12,2004-01-04,2022-04-24,2004-01-01,2022-01-01,62511.96510205631
Pensacola International Airport,US,FL,,KPNS,30.4781,-87.1869,38.0,America/Chicago,2022-04-23,2024-08-12,2022-04-24,2022-04-25,,,66169.18737024828
Milton / Point Baker,US,FL,,KNSE,30.7225,-87.0239,61.0,America/Chicago,1973-01-01,2024-08-12,1973-01-01,2022-03-18,1981-01-01,2021-01-01,86717.37098297125
Milton / Roeville,US,FL,,KNDZ,30.6986,-87.0144,54.0,America/Chicago,2007-01-16,2024-08-12,2007-01-17,2022-04-20,2007-01-01,2021-01-01,86734.31476285741
Milton / Pine Bluff,US,FL,,KNFJ,30.5069,-86.9597,31.0,America/Chicago,2007-06-01,2024-06-11,2007-06-02,2022-03-15,2008-01-01,2014-01-01,88054.67362290171
Biloxi / B And H Mobile Home Park,US,MS,,KBIX,30.4104,-88.9244,10.0,America/Chicago,1942-05-09,2024-08-12,1942-05-10,2022-04-24,1942-01-01,2021-01-01,100567.89725939964
Gulfport / Kathy Mobile Park,US,MS,74757,KGPT,30.4073,-89.0701,9.0,America/Chicago,2005-01-01,2024-08-12,1998-08-08,2024-12-30,1998-01-01,2022-01-01,114536.83076663106
Hurlburt Field,US,FL,74777,KHRT,30.4167,-86.6833,12.0,America/Chicago,1955-07-05,2024-08-12,1955-07-01,2022-04-25,1955-01-01,2021-01-01,114540.07763528264
Mary Esther,US,FL,69052,KQBL,30.42,-86.68,12.0,America/Chicago,2020-02-12,2024-08-12,2020-03-04,2022-04-24,,,114839.4269340755
Pensacola / Mary Esther,US,FL,,KQGE,30.4,-86.67,11.0,America/Chicago,2020-01-22,2024-08-12,2020-02-28,2022-04-24,,,115915.9451510247
Valparaiso / Eglin Air Force Base,US,FL,72221,KVPS,30.4833,-86.5167,26.0,America/Chicago,1938-09-10,2024-08-12,1941-07-02,2022-04-25,1941-01-01,2022-01-01,130391.62134673393
Duke Fld / Killingsworth Crossroads,US,FL,,KEGI,30.6503,-86.5229,59.0,America/Chicago,1949-09-08,2024-08-12,1949-09-09,2022-04-25,2009-01-01,2021-01-01,131375.49481856645
Evergreen / Fairview,US,AL,,KGZH,31.4158,-87.0441,79.0,America/Chicago,2006-01-01,2024-08-12,2006-01-01,2022-04-24,2006-01-01,2021-01-01,132685.5493001088
Crestview / Silver Springs,US,FL,,KCEW,30.7788,-86.5221,65.0,America/Chicago,1973-01-01,2024-08-12,1973-01-01,2022-04-24,1999-01-01,2021-01-01,134409.44704364272
Destin,US,FL,,KDTS,30.4001,-86.4715,7.0,America/Chicago,2006-01-01,2024-08-12,2006-01-01,2022-04-24,2006-01-01,2021-01-01,134919.62199977165
VK 786/Petronius (Chevron),US,LA,,KVOA,29.229,-87.781,40.0,America/Chicago,2022-04-23,2024-05-28,2022-04-23,2022-04-24,,,137193.72699329315
Camp Shelby / McLaurin,US,MS,,KSLJ,31.1738,-89.1912,85.0,America/Chicago,2011-05-12,2020-09-08,2011-05-13,2011-05-13,,,148490.1886865001
Bay St Louis / Kiln,US,MS,,KHSA,30.3678,-89.4546,7.0,America/Chicago,1942-05-01,2024-08-12,1942-05-02,1960-09-11,1942-01-01,1945-01-01,151627.30647631147
Hattiesburg / Mars Hill,US,MS,74759,KHBG,31.2649,-89.2529,46.0,America/Chicago,2005-01-01,2024-08-12,2000-05-05,2024-12-30,2000-01-01,2022-01-01,158924.56482986087
Main Pass 140b (Apache Corp),US,LA,,KMIS,29.296,-88.842,24.0,America/Chicago,2022-04-23,2022-06-15,2022-04-23,2022-04-25,,,159400.08207959635
Gulfport / Napoleon,US,MS,69535,KQNF,30.36,-89.56,10.0,America/Chicago,2002-03-30,2002-03-31,,,,,161776.25929511848
Florala / Stedman,US,AL,,K0J4,31.0425,-86.3116,96.0,America/Chicago,2006-05-11,2024-08-12,2006-05-31,2022-02-16,2007-01-01,2020-01-01,163008.48541160204
Defuniak Spr Ap,US,FL,,K54J,30.7311,-86.1538,88.0,America/Chicago,2022-05-06,2024-08-12,,,,,167665.54652854285
Picayune / Nicholson,US,MS,,KMJD,30.4875,-89.6512,17.0,America/Chicago,2020-06-24,2024-08-12,2020-06-24,2021-09-21,2020-01-01,2021-01-01,170055.55741645102
Andalusia / Sanford,US,AL,,K79J,31.3087,-86.3938,95.0,America/Chicago,2006-01-03,2024-08-12,2006-09-02,2022-03-08,2006-01-01,2022-01-01,170112.068275404
Hattiesburg / Shelton,US,MS,,KPIB,31.4671,-89.3371,91.0,America/Chicago,2006-01-01,2024-08-12,2006-01-01,2022-04-24,2006-01-01,2022-01-01,178664.9700745963
Laurel / Pendorff,US,MS,,KLUL,31.673,-89.1728,73.0,America/Chicago,2012-11-18,2024-08-12,2015-05-19,2022-04-24,2019-01-01,2022-01-01,182821.1728896512
Slidell,US,LA,72233,KLIX,30.3333,-89.8167,8.0,America/Chicago,,,1988-09-01,2024-08-06,1988-01-01,2022-01-01,186567.8099034052
Slidell / Royal Estates,US,LA,,KASD,30.3463,-89.8208,9.0,America/Chicago,2005-01-01,2024-08-12,2005-01-01,2022-04-24,2006-01-01,2022-01-01,186844.17350724473
Boothville,US,LA,,KBVE,29.3333,-89.4,0.0,America/Chicago,1973-01-01,2019-12-02,1965-02-16,2019-12-02,1965-01-01,2019-01-01,192998.70844993836
Bogalusa / Mitch (Historical),US,LA,,KBXA,30.8137,-89.865,36.0,America/Chicago,2012-08-24,2024-08-12,2012-08-25,2022-04-24,2014-01-01,2022-01-01,194220.07953808032
Greenville,US,AL,,KPRN,31.8457,-86.6107,138.0,America/Chicago,2006-09-01,2024-08-12,2006-09-01,2022-04-17,2006-01-01,2021-01-01,195602.26430229674
Panama City / West Bay,US,FL,,KECP,30.3582,-85.7956,21.0,America/Chicago,2011-03-01,2024-08-12,2011-03-01,2022-04-24,2011-01-01,2021-01-01,199920.381274272
Columbia-Marion County Airport,US,MS,,K0R0,31.297,-89.8128,80.0,America/Chicago,2022-05-06,2024-07-31,,,,,206855.37445296606
Enterprise / Pine Forest,US,AL,,KEDN,31.2997,-85.8998,110.0,America/Chicago,2020-01-14,2024-05-10,2020-01-14,2022-04-24,2020-01-01,2022-01-01,210521.72708146833
New Orleans / Seabrook,US,LA,,KNEW,30.0424,-90.0282,2.0,America/Chicago,1942-09-01,2024-08-12,1942-09-02,2022-04-24,1942-01-01,2022-01-01,211778.52574390883
Panama City / Pretty Bayou,US,FL,,KPFN,30.2121,-85.6828,6.0,America/Chicago,2006-01-01,2010-06-03,2006-01-01,2010-05-09,2006-01-01,2010-01-01,212370.06690651315
Schell / Boland Acres,US,AL,,KSXS,31.3627,-85.8494,122.0,America/Chicago,2013-12-11,2024-08-12,2014-04-22,2022-04-24,2020-01-01,2021-01-01,217921.7280807558
New Orleans Airport,US,LA,72231,KMSY,30.0,-90.0833,2.0,America/Chicago,1945-10-01,2024-08-12,1945-10-01,2024-12-30,1945-01-01,2022-01-01,218047.12645620148
New Orleans / Concession,US,LA,,KNBG,29.8272,-90.0266,1.0,America/Chicago,1973-01-01,2024-08-12,1973-01-01,2022-04-24,1981-01-01,2019-01-01,218344.59988668014
Nakika Subsea Development Platform,US,MS,,KIKT,28.5208,-88.2889,36.0,America/Chicago,2022-04-23,2024-08-12,2022-04-23,2022-04-25,,,219283.0128856218
New Orleans,US,LA,,K7N0,29.9527,-90.0827,9.0,America/Chicago,2012-07-26,2023-01-26,2012-07-27,2015-01-23,2012-01-01,2014-01-01,219333.8059081546
Tri-County Airport,US,FL,,KBCR,30.8439,-85.6017,26.0,America/Chicago,2022-04-23,2024-08-12,2022-04-24,2022-04-24,,,221794.59540377988
Demopolis / Paces (Historical),US,AL,,KDYA,32.4638,-87.9541,34.0,America/Chicago,2014-07-31,2024-08-12,2014-08-03,2022-04-24,2020-01-01,2022-01-01,222932.33944311988
Meridian Key Field,US,MS,72234,KMEI,32.3333,-88.75,91.0,America/Chicago,1942-03-01,2024-08-12,1942-03-01,2024-12-30,1942-01-01,2022-01-01,224173.8575164472
Tyndall Air Force Base,US,FL,74775,KPAM,30.0667,-85.5833,5.0,America/Chicago,1942-03-19,2024-08-12,1942-04-21,2022-04-25,1942-01-01,2022-01-01,224583.97642147902
Fort Rucker / Ft Rucker / Ozark / Daleville,US,AL,,KOZR,31.2758,-85.7134,92.0,America/Chicago,1954-10-19,2024-08-12,1954-10-23,2022-04-24,1954-01-01,2022-01-01,225543.1739171337
Selma / Selmont-West Selmont,US,AL,,KSEM,32.3439,-86.9878,51.0,America/Chicago,1941-07-01,2024-08-12,1941-11-02,2022-04-24,1942-01-01,2022-01-01,225837.6588072496
Fort Rucker / Holiday Village,US,AL,,KLOR,31.3558,-85.7512,90.0,America/Chicago,2008-07-17,2024-08-12,2008-07-18,2022-04-22,2012-01-01,2022-01-01,225945.09404742465
Marion / Vaiden,US,AL,,KA08,32.5105,-87.3847,67.0,America/Chicago,2020-01-14,2020-10-27,2020-01-14,2020-10-23,2020-01-01,2020-01-01,232733.9196173559
Troy / North Ridge Mobile Home Park,US,AL,,KTOI,31.8604,-86.0121,121.0,America/Chicago,1973-01-08,2024-08-12,2004-01-05,2022-04-24,2005-01-01,2022-01-01,236076.48708820363
Mississippi Canyon,US,LA,,KDSF,28.35,-88.2667,130.0,Asia/Thimphu,2022-04-23,2024-08-12,2022-04-24,2022-04-26,,,237638.1928983002
Meridian / Kemper Springs,US,MS,,KNMM,32.5535,-88.5553,96.0,America/Chicago,1973-01-01,2024-08-12,1973-01-01,2022-04-24,1981-01-01,2021-01-01,241502.93040677262
Hammond / Tallow Wood,US,LA,,KHDC,30.5217,-90.4184,14.0,America/Chicago,2006-04-21,2024-08-12,2006-06-03,2022-04-24,2013-01-01,2022-01-01,243602.83018066385
Dothan / Napier Field,US,AL,,KDHN,31.321,-85.4495,122.0,America/Chicago,2006-01-01,2024-08-12,2006-01-01,2022-04-24,2006-01-01,2021-01-01,250633.78135724593
Prattville (Grouby Field),US,AL,,K1A9,32.4387,-86.5127,69.0,America/Chicago,2022-05-06,2024-08-12,,,,,255254.31180137824
Galliano / J And K Mobile Park,US,LA,,KGAO,29.4411,-90.2611,0.0,America/Chicago,2006-01-19,2024-08-12,2006-01-21,2022-04-24,2015-01-01,2021-01-01,256110.0662722981
Montgomery / Brickdale Estates,US,AL,,KMXF,32.3792,-86.3625,52.0,America/Chicago,1935-10-01,2024-08-12,1937-01-05,2022-04-24,1937-01-01,2021-01-01,257275.20282856928
McComb / Fernwood,US,MS,,KMCB,31.1784,-90.4719,126.0,America/Chicago,1973-01-01,2024-08-12,1973-01-01,2022-04-24,2001-01-01,2022-01-01,260343.8287475362
Marianna / Chipola Terrace,US,FL,74776,KMAI,30.8378,-85.1819,34.0,America/Chicago,2005-01-01,2024-08-12,1950-01-01,2024-08-06,1950-01-01,2022-01-01,261211.21569306514
Port Of South Louisiana Executive Regional Airport,US,LA,,KAPS,30.0875,-90.5828,2.0,America/Chicago,2022-04-23,2024-06-06,2022-04-23,2022-04-25,,,263114.02404528996
Headland Municipal Airport,US,AL,,K0J6,31.3641,-85.3125,109.0,America/Chicago,2022-05-06,2022-05-10,,,,,264494.11840459023
Montgomery Dannelly Field,US,AL,72226,KMGM,32.3,-86.0667,67.0,America/Chicago,1973-01-01,2024-08-12,1948-01-01,2024-12-30,1948-01-01,2022-01-01,267185.4555544874
Brookhaven / Friendship,US,MS,,K1R7,31.6058,-90.4093,150.0,America/Chicago,2011-04-02,2024-08-12,2011-04-03,2022-03-06,2011-01-01,2015-01-01,272837.98918248527
Meridian / Bluff Springs,US,MS,,KNJW,32.7989,-88.8345,164.0,America/Chicago,2020-07-14,2024-08-12,2020-07-17,2022-04-21,,,275416.1112683357
Centreville,US,AL,72229,KCKL,32.9,-87.25,140.0,America/Chicago,1984-01-01,2005-10-07,1974-12-01,2020-12-16,1974-01-01,2014-01-01,277724.9449537205
Houma / Presquille,US,LA,,KHUM,29.5665,-90.6604,3.0,America/Chicago,2005-01-01,2024-08-12,2010-05-15,2022-04-24,2020-01-01,2021-01-01,285811.10285959014
Apalachicola Municipal Airport,US,FL,72220,KAAF,29.7167,-85.0167,6.0,America/New_York,1945-01-01,2024-08-12,1931-03-01,2024-08-06,1931-01-01,2022-01-01,287327.66123134736
Jackson Airport,US,MS,72235,KJAN,32.3167,-90.0667,105.0,America/Chicago,1942-09-01,2024-08-12,1942-09-01,2024-12-30,1942-01-01,2022-01-01,292944.8373169503
Donalsonville Municipal Airport,US,GA,,K17J,31.007,-84.8776,45.0,America/New_York,2022-05-06,2024-08-12,,,,,293047.4885721534
Louisiana Regional Airport,US,LA,,KREG,30.1714,-90.9404,4.0,America/Chicago,2022-04-23,2024-08-12,2022-04-23,2022-04-26,,,295791.62997013837
Blakely,US,GA,,KBIJ,31.3975,-84.8948,65.0,America/New_York,2006-01-01,2024-08-12,2006-01-04,2022-04-24,2014-01-01,2022-01-01,302939.47469795495
Madison / Sandalwood,US,MS,,KMBO,32.4387,-90.1031,99.0,America/Chicago,2020-01-14,2024-08-12,2020-01-14,2022-04-23,2020-01-01,2021-01-01,304944.08010142157
Jackson / Northwest Hills,US,MS,72419,KHKS,32.3348,-90.2225,104.0,America/Chicago,2005-01-01,2024-08-12,1981-01-01,2024-12-30,1981-01-01,2022-01-01,304970.31306392484
Tuscaloosa / Carter Subdivision,US,AL,,KTCL,33.2206,-87.6114,52.0,America/Chicago,1973-01-01,2024-08-12,1973-01-02,2022-04-24,1999-01-01,2021-01-01,307987.89449041843
Eufaula / Big Eddy (Historical),US,AL,,KEUF,31.9513,-85.1289,87.0,America/Chicago,2006-09-01,2024-08-12,2006-09-01,2022-04-20,2007-01-01,2021-01-01,309510.05630414526
Baton Rouge Metropolitan Airport,US,LA,72232,KBTR,30.5378,-91.1468,21.0,America/Chicago,2021-11-21,2024-08-12,2021-11-22,2022-04-25,2021-01-01,2021-01-01,313387.5528652269
Decatur / Lynn,US,GA,,KBGE,30.9716,-84.6369,43.0,America/New_York,2006-03-02,2024-08-12,2006-08-03,2022-04-24,2010-01-01,2022-01-01,314907.16504736117
Raymond / Thompson,US,MS,,KJVW,32.3045,-90.4105,75.0,America/Chicago,2011-04-02,2024-08-12,2011-04-03,2022-04-24,2017-01-01,2022-01-01,316059.08237214905
Quincy Municipal Airport,US,FL,,K2J9,30.5979,-84.5574,69.0,America/New_York,2022-05-06,2024-08-12,,,,,318310.0759533221
"Shelby Country Airport, Al.",US,AL,72230,KBMX,33.1667,-86.7667,178.0,America/Chicago,,,1995-04-01,2024-12-30,1995-01-01,2022-01-01,318725.3124018967
Louisville,US,MS,,KLMS,33.1462,-89.0625,175.0,America/Chicago,1981-02-20,2024-08-12,,,,,319002.41851585975
Alabaster / Varnons,US,AL,,KEET,33.1778,-86.7832,179.0,America/Chicago,2002-01-01,2024-08-12,2002-01-01,2022-04-24,2002-01-01,2021-01-01,319381.30204312963
Alexander City / Elkahatchee Park,US,AL,,KALX,32.9147,-85.963,209.0,America/Chicago,2006-01-01,2024-08-12,2006-01-04,2022-04-24,2008-01-01,2022-01-01,327547.7716029616
Bessemer / Highlands,US,AL,,KEKY,33.3126,-86.9263,213.0,America/Chicago,2016-07-14,2024-08-12,2016-07-16,2022-04-24,2020-01-01,2022-01-01,329644.9323949007
Auburn-Opelika Airport,US,AL,,KAUO,32.6167,-85.4333,236.0,America/Chicago,2022-04-23,2024-08-12,2022-04-25,2022-04-26,,,333360.4023660595
Merkel Field Sylacauga Municipal / Gantts Junction,US,AL,,KSCD,33.1718,-86.3055,173.0,America/Chicago,2014-01-14,2024-08-12,2014-01-15,2022-04-24,2020-01-01,2022-01-01,336102.0242409129
Columbus / Billups,US,MS,,KGTR,33.4503,-88.5914,81.0,America/Chicago,2006-01-01,2024-08-12,2006-01-01,2022-04-24,2006-01-01,2020-01-01,339265.17429082
Starkville / Whispering Pines,US,MS,,KSTF,33.4331,-88.8486,102.0,America/Chicago,2013-01-01,2024-08-12,2013-01-01,2022-04-24,2014-01-01,2021-01-01,343062.85112907155
Patterson / Avalon,US,LA,,KPTN,29.7095,-91.339,3.0,America/Chicago,2006-01-01,2024-08-12,2006-01-01,2022-04-24,2009-01-01,2022-01-01,343374.95886996615
New Roads / Brooks,US,LA,,KHZR,30.7183,-91.4787,12.0,America/Chicago,2011-12-21,2024-08-12,2011-12-22,2022-04-24,2015-01-01,2022-01-01,345936.912025078
Natchez / Selma,US,MS,,KHEZ,31.6137,-91.2973,83.0,America/Chicago,2006-01-01,2024-08-12,2006-01-01,2022-04-24,2007-01-01,2022-01-01,350191.0449365989
Vicksburg / Warrenton,US,MS,,KVKS,32.2393,-90.9284,33.0,America/Chicago,2013-03-19,2024-08-12,2013-03-20,2022-04-25,2014-01-01,2022-01-01,350839.72325384116
Fort Benning,US,GA,72225,KLSF,32.3333,-84.8333,71.0,America/New_York,1939-05-01,2024-08-12,1939-05-01,2024-12-30,1939-01-01,2022-01-01,356125.7386272042
Camilla,US,GA,,KCXU,31.2132,-84.2352,54.0,America/New_York,2020-01-14,2024-08-12,2020-01-14,2022-04-24,2020-01-01,2022-01-01,357627.58007090667
Columbus / Columbus Air Force Base,US,MS,,KCBM,33.6452,-88.4459,66.0,America/Chicago,1942-03-01,2024-08-12,1942-03-02,2022-04-24,1942-01-01,2021-01-01,358211.0245479343
Columbus / Wayne Terrace,US,GA,,KCSG,32.5163,-84.9389,121.0,America/New_York,1948-01-01,2024-08-12,1948-01-02,2022-04-23,1948-01-01,2021-01-01,360379.47095648677
Birmingham Airport,US,AL,72228,KBHM,33.5667,-86.75,196.0,America/Chicago,1942-08-01,2024-08-12,1930-01-01,2024-12-30,1930-01-01,2022-01-01,361414.0099204832
Salt Point / Burns,US,LA,,KP92,29.5622,-91.5256,1.0,America/Chicago,2006-04-13,2024-06-19,2006-04-14,2022-04-24,2006-01-01,2021-01-01,365199.9231259634
Tallulah / Mound,US,LA,,KTVR,32.3516,-91.0277,26.0,America/Chicago,2005-01-01,2024-08-12,2005-01-01,2022-04-24,2006-01-01,2021-01-01,365552.5509427685
Vidalia Concordia Parish,US,LA,,K0R4,31.562,-91.5065,16.0,America/Chicago,2022-05-06,2024-08-12,,,,,366935.8931589279
Tallahassee Airport,US,FL,72214,KTLH,30.4,-84.0167,25.0,America/New_York,1942-05-01,2024-08-12,1940-03-01,2024-12-30,1940-01-01,2022-01-01,370158.6971224983
Albany Southwest Georgia,US,GA,72216,KABY,31.5333,-84.2,60.0,America/New_York,1973-01-01,2024-08-12,1948-01-01,2024-08-06,1948-01-01,2022-01-01,370214.49829651514
Winona-Montgomery County Airport,US,MS,,K5A6,33.465,-89.7302,111.0,America/Chicago,2022-05-06,2024-06-21,,,,,377091.666989396
Pell City / Cropwell,US,AL,,KPLR,33.5588,-86.2491,148.0,America/Chicago,2020-01-14,2024-08-12,2020-01-14,2022-04-24,2020-01-01,2022-01-01,377195.2404963609
Aberdeen/Amory / Athens,US,MS,,KM40,33.8738,-88.4897,69.0,America/Chicago,2012-01-10,2024-08-12,2012-01-12,2022-04-24,2014-01-01,2022-01-01,383950.37562368467
Thomasville / Dillon,US,GA,,KTVI,30.9018,-83.8811,81.0,America/New_York,2010-06-10,2024-08-12,2010-06-11,2022-04-25,2015-01-01,2022-01-01,385251.3390277013
Talladega / Old Eastaboga,US,AL,,KASN,33.5695,-86.0512,161.0,America/Chicago,2012-01-06,2024-08-12,2014-07-04,2022-04-10,2017-01-01,2022-01-01,386221.47897691425
Jasper / Manchester,US,AL,,KJFX,33.902,-87.3142,147.0,America/Chicago,2011-02-07,2024-08-12,2011-02-08,2022-04-24,2020-01-01,2022-01-01,386378.1469702724
New Iberia / New Horizon Mobile Home Park,US,LA,,KARA,30.0378,-91.8839,7.0,America/Chicago,1981-07-24,2024-08-12,1998-05-09,2022-04-24,2020-01-01,2022-01-01,387714.67266965803
Pine Mountain / Champion Crossroad,US,GA,,KPIM,32.8407,-84.8824,275.0,America/New_York,2020-01-14,2024-08-12,2020-01-14,2022-04-25,2020-01-01,2022-01-01,387809.787957258
La Grange / Rockwell Estates,US,GA,,KLGC,33.0089,-85.0726,212.0,America/New_York,2006-01-01,2024-08-12,2006-01-04,2022-04-24,2011-01-01,2021-01-01,388122.83653189574
Moultrie / Sunset,US,GA,,KMGR,31.0849,-83.8033,90.0,America/New_York,2005-01-01,2024-08-12,2005-01-01,2022-04-24,2015-01-01,2022-01-01,395327.7650227011
Lafayette / Walroy,US,LA,,KLFT,30.2052,-91.9876,13.0,America/Chicago,1945-10-01,2024-08-12,1945-10-02,2022-04-24,1945-01-01,2022-01-01,395501.60374292615
Americus / Arles,US,GA,,KACJ,32.1108,-84.1888,143.0,America/New_York,2011-07-11,2024-08-12,2011-07-13,2022-04-24,2011-01-01,2022-01-01,395598.6775273313
Greenwood / Valley Hill,US,MS,,KGWO,33.4943,-90.0847,49.0,America/Chicago,2005-01-01,2024-08-12,2005-01-01,2022-04-24,2008-01-01,2021-01-01,396454.59080697014
Anniston / House (Historical),US,AL,,KANB,33.5882,-85.8581,187.0,America/Chicago,1973-01-01,2024-08-12,1973-01-01,2022-04-24,1999-01-01,2022-01-01,396481.1963429761
Green Canyon 338 Front Runner,US,LA,,KGRY,27.625,-90.441,56.0,Asia/Thimphu,2022-04-23,2024-08-12,2022-04-24,2022-04-27,,,401840.59268442774
Opelousas,US,LA,,KOPL,30.5584,-92.0994,23.0,America/Chicago,2013-05-02,2024-08-12,2013-05-03,2022-04-24,2014-01-01,2022-01-01,404629.032601622
Abbeville / Grosse Isle,US,LA,,KIYA,29.9758,-92.0842,5.0,America/Chicago,2008-08-28,2024-08-12,2008-08-29,2022-04-24,2014-01-01,2022-01-01,407795.31980290735
Perry / Everetts Mobile Home Park,US,FL,,K40J,30.0693,-83.5806,13.0,America/New_York,2006-01-01,2020-05-21,2006-01-01,2020-05-20,2006-01-01,2014-01-01,414880.07720628765
Butler Municipal Airport,US,GA,,K6A1,32.567,-84.251,203.0,America/New_York,2022-05-06,2024-08-12,,,,,415933.9627729436
Green Canyon 787 Atlantis,US,LA,,KATP,27.195,-90.027,64.0,Asia/Thimphu,2022-09-06,2024-08-12,,,,,419104.59717882547
Tupelo Regional Airport,US,MS,72332,KTUP,34.2667,-88.1,105.0,America/Chicago,1992-01-01,2024-08-12,1962-11-08,2024-12-30,1962-01-01,2022-01-01,423803.1824123392
Gadsden / Siberton,US,AL,,KGAD,33.9726,-86.0891,173.0,America/Chicago,2006-01-01,2024-08-12,2006-01-01,2022-04-24,2006-01-01,2021-01-01,425236.03494424245
Cordele,US,GA,,KCKF,31.9888,-83.7739,95.0,America/New_York,2020-01-14,2024-08-12,2020-01-14,2022-04-24,2020-01-01,2022-01-01,425537.2288468386
Haleyville / Martintown,US,AL,,K1M4,34.2803,-87.6004,284.0,America/Chicago,2008-02-29,2024-08-12,2008-03-02,2022-03-09,2008-01-01,2021-01-01,425590.8642381425
Newnan / Oaklawn,US,GA,,KCCO,33.3116,-84.7698,296.0,America/New_York,2006-01-01,2024-08-12,2006-01-04,2022-04-24,2014-01-01,2022-01-01,431929.4603027927
Tifton / Unionville,US,GA,,KTMA,31.429,-83.4885,108.0,America/New_York,2010-08-04,2024-08-12,2010-08-07,2022-04-25,2014-01-01,2022-01-01,432133.82895907055
Alexandria / Green Gables,US,LA,,KESF,31.3949,-92.2958,34.0,America/Chicago,1941-07-01,2024-08-12,1941-09-11,2022-04-24,1943-01-01,2021-01-01,434082.101311913
Cullman,US,AL,,KCMD,34.2687,-86.858,295.0,America/Chicago,2020-01-14,2024-08-12,2020-01-14,2022-04-24,2020-01-01,2022-01-01,434178.95133437944
Cullman / North Vinemont,US,AL,,K3A1,34.2687,-86.858,295.0,America/Chicago,2006-01-06,2024-08-06,2008-01-03,2022-03-08,2016-01-01,2019-01-01,434178.95133437944
Carrollton / Mandeville,US,GA,,KCTJ,33.6317,-85.1523,355.0,America/New_York,2010-01-29,2024-08-12,2010-02-05,2022-04-24,2015-01-01,2022-01-01,436223.22170433996
Thomaston / Blacksboro (Historical),US,GA,,KOPN,32.955,-84.2641,243.0,America/New_York,2006-01-01,2024-08-12,2006-01-04,2022-04-25,2011-01-01,2022-01-01,440144.6175803569
Valdosta / Macville (Historical),US,GA,,KVLD,30.7814,-83.2762,62.0,America/New_York,1948-01-01,2024-08-12,1948-01-02,2022-04-24,1948-01-01,2021-01-01,441665.518696768
Albertville / White Oak,US,AL,,K8A0,34.2291,-86.2558,315.0,America/Chicago,2006-04-03,2024-08-12,2006-04-04,2022-03-09,2014-01-01,2021-01-01,445898.15878146543
Greenville / Brighton,US,MS,74768,KGLH,33.4829,-90.9856,40.0,America/Chicago,2005-01-01,2024-08-12,1958-06-01,2022-04-25,1959-01-01,2022-01-01,446001.8284750357
Peachtree City,US,GA,72215,KFFC,33.3667,-84.5667,262.0,America/New_York,2006-01-01,2024-08-12,1994-08-01,2024-08-06,1994-01-01,2022-01-01,449486.25931422
Moody Air Force Base,US,GA,74781,KVAD,30.9667,-83.2,71.0,America/New_York,2006-01-03,2024-08-12,1951-07-01,2022-04-25,1951-01-01,2022-01-01,450612.6299768121
Perry / Oak Knolls,US,GA,,KPXE,32.5106,-83.7673,127.0,America/New_York,2020-01-14,2024-08-12,2020-01-14,2022-04-25,2020-01-01,2022-01-01,451447.0322302289
Monroe / Magenta,US,LA,,KMLU,32.5109,-92.0377,24.0,America/Chicago,1942-10-01,2024-08-12,1942-10-02,2022-04-24,1943-01-01,2022-01-01,455642.3460796361
Cleveland,US,MS,,KRNV,33.7611,-90.7579,42.0,America/Chicago,2013-03-18,2024-08-12,2013-03-19,2021-06-09,2015-01-01,2021-01-01,456412.1399509133
Bastrop,US,LA,,KBQP,32.7561,-91.8806,51.0,America/Chicago,2006-10-21,2024-08-12,2007-10-25,2022-04-24,2014-01-01,2021-01-01,457028.2380949047
Griffin,US,GA,,K6A2,33.227,-84.2749,292.0,America/New_York,2011-11-18,2024-08-12,2011-11-19,2022-03-09,2015-01-01,2021-01-01,458668.4592539145
Fitzgerald,US,GA,,KFZG,31.6839,-83.2709,111.0,America/New_York,2012-06-20,2024-08-12,2012-06-21,2022-04-24,2014-01-01,2022-01-01,459265.88601839676
Jennings Airport,US,LA,,K3R7,30.2427,-92.6735,7.0,America/Chicago,2022-05-06,2024-08-12,,,,,460846.5970867654
Oakdale / Ward,US,LA,,KACP,30.7505,-92.6885,33.0,America/Chicago,2005-04-08,2024-08-12,2005-04-09,2022-04-24,2015-01-01,2022-01-01,461579.9778972045
Oxford / Molly Barr Cove,US,MS,,KUOX,34.3843,-89.5368,138.0,America/Chicago,2008-05-30,2024-08-12,2008-05-31,2022-04-24,2015-01-01,2022-01-01,463315.99506133486
Suwannee County Airport,US,FL,,K24J,30.3001,-83.0247,32.0,America/New_York,2022-05-06,2024-08-12,,,,,465768.86125111766
Henry County Airport,US,GA,,KHMP,33.3899,-84.331,269.0,America/New_York,2022-04-23,2024-08-12,2022-04-23,2022-04-25,,,466980.94924588373
Cross City Airport,US,FL,72212,KCTY,29.6333,-83.1,13.0,America/New_York,1943-12-21,2024-07-05,1943-12-22,2024-07-22,1944-01-01,2022-01-01,468855.78809396876
Warner Robins,US,GA,,KWRB,32.6401,-83.5918,90.0,America/New_York,1942-08-07,2024-08-12,1942-08-08,2022-04-24,1942-01-01,2021-01-01,472848.8273024963
Dallas / Hanlin,US,GA,,KPUJ,33.912,-84.9406,393.0,America/New_York,2011-03-31,2024-08-12,2011-04-01,2022-04-25,2014-01-01,2022-01-01,472908.9144658794
Batesville / Terza,US,MS,,KPMU,34.3635,-89.8929,67.0,America/Chicago,2020-01-14,2024-08-12,2020-01-14,2022-04-24,2020-01-01,2022-01-01,473474.6713028736
Decatur / Irvington,US,AL,,KDCU,34.6541,-86.9454,180.0,America/Chicago,2006-01-01,2024-08-12,2006-01-01,2022-04-24,2006-01-01,2021-01-01,474457.2349575517
"Redstone Arsenal, Al.",US,AL,74001,KHUA,34.6,-86.6333,209.0,America/Chicago,2006-01-03,2024-08-12,2010-04-10,2022-04-25,2016-01-01,2021-01-01,474869.2111837861
Huntsville International  Jones Field,US,AL,72323,KHSV,34.65,-86.7833,192.0,America/Chicago,1973-01-01,2024-08-12,1958-09-01,2024-12-30,1958-01-01,2022-01-01,477038.713811099
Muscle Shoals / Detroit Park,US,AL,,KMSL,34.7453,-87.6102,168.0,America/Chicago,1973-01-01,2024-08-12,1973-01-01,2022-04-24,1999-01-01,2021-01-01,477157.89498937665
Grand Chenier,US,LA,,K3L4,29.8,-92.804,2.0,America/Chicago,2022-04-28,2024-08-12,,,,,479443.71871538553
Atlanta / Carroll Heights,US,GA,,KFTY,33.7791,-84.5214,256.0,America/New_York,2006-01-01,2024-08-12,2006-01-02,2022-04-24,2006-01-01,2021-01-01,485805.65914145473
Cochran Airport,US,GA,,K48A,32.3994,-83.2759,114.0,America/New_York,2022-05-06,2024-08-12,,,,,486845.94312927255
Fort Payne / Wills Valley,US,AL,,K4A9,34.4737,-85.7214,267.0,America/Chicago,2006-02-01,2024-08-12,2006-07-08,2022-03-09,,,489943.21946009627
Eastman / Lowery,US,GA,,KEZM,32.2164,-83.1287,92.0,America/New_York,2011-11-02,2024-08-12,2011-11-10,2022-04-24,2014-01-01,2022-01-01,491368.50481536
Douglas / Bethel,US,GA,,KDQH,31.4767,-82.8606,78.0,America/New_York,2006-06-01,2024-08-12,2007-12-12,2022-04-24,2010-01-01,2022-01-01,491412.34751079895
Homerville,US,GA,,KHOE,31.0559,-82.7741,57.0,America/New_York,2007-05-21,2024-08-12,2007-07-04,2022-04-24,2011-01-01,2022-01-01,492036.49190882826
Fort Polk / Lacamp,US,LA,,KBKB,31.15,-92.9667,94.0,America/Chicago,2006-01-01,2024-08-12,2006-01-04,2022-04-24,2006-01-01,2022-01-01,492072.3260335206
Clarksdale / Clover Hill,US,MS,,KCKM,34.2997,-90.5123,53.0,America/Chicago,2011-03-11,2024-08-12,2011-03-12,2022-04-24,2011-01-01,2022-01-01,493435.48354579636
GB172/Salsa (Shell E-P),US,LA,,KGHB,27.84,-91.988,21.0,America/Chicago,2022-04-23,2024-08-12,2022-04-23,2022-04-26,,,494151.3617252469
Polk Aaf / Hicks,US,LA,,KDNK,31.1667,-93.0,114.0,America/Chicago,2005-03-03,2013-05-02,2005-03-04,2013-05-01,2009-01-01,2013-01-01,495462.0040195561
Alexandria International Airport,US,LA,74754,KAEX,31.55,-92.9333,27.0,America/Chicago,1943-09-01,2024-08-12,1943-09-02,2022-04-25,1943-01-01,2022-01-01,496857.12220203195
Marietta / Dobbins Air Force Base,US,GA,72227,KMGE,33.9167,-84.5167,326.0,America/New_York,1946-09-01,2024-08-12,1946-09-02,2022-04-24,1946-01-01,2021-01-01,497652.87200244167
Cartersville / Valley Oak Acres,US,GA,,KVPC,34.1333,-84.85,229.0,America/New_York,2006-01-01,2024-08-12,2006-01-01,2022-04-25,2006-01-01,2022-01-01,497710.31903468387
Corinth / Gift,US,MS,,KCRX,34.915,-88.6035,130.0,America/Chicago,2011-01-25,2024-08-12,2011-01-25,2022-04-24,2020-01-01,2022-01-01,500012.133998172
Marietta / Marietta Mobile Home Park,US,GA,,KRYY,34.0132,-84.5971,317.0,America/New_York,2006-01-01,2024-08-12,2017-08-04,2022-04-24,2019-01-01,2021-01-01,501192.2775870826
Ruston / Longstraw,US,LA,,KRSN,32.5146,-92.5884,95.0,America/Chicago,2006-04-27,2024-08-12,2006-10-29,2022-04-24,2014-01-01,2021-01-01,501696.543550579
Rome R. B. Russell Airport,US,GA,72320,KRMG,34.35,-85.1667,195.0,America/New_York,1978-01-01,2024-08-12,1948-01-01,2024-08-06,1948-01-01,2022-01-01,501777.3536857391
Scottsboro / Webb Addition,US,AL,,K4A6,34.6887,-86.0059,198.0,America/Chicago,2010-11-30,2024-08-12,2010-12-01,2022-03-09,2014-01-01,2022-01-01,501802.2963537469
Hartsfield-Jackson Atlanta,US,GA,72219,KATL,33.65,-84.1,313.0,America/New_York,1973-01-01,2024-08-12,1930-01-01,2024-12-30,1930-01-01,2022-01-01,502432.3358150884
Huntsville / Meridianville,US,AL,,KMDQ,34.8614,-86.5575,230.0,America/Chicago,2006-01-01,2024-08-12,2006-01-04,2022-04-24,2011-01-01,2022-01-01,504743.7132412339
Chenault Airpark,US,LA,,KCWF,30.2167,-93.15,4.0,America/Chicago,2022-04-23,2024-08-12,2022-04-24,2022-04-24,,,506713.6909984163
Atlanta / Northwoods,US,GA,,KPDK,33.8756,-84.302,306.0,America/New_York,2006-01-01,2024-08-12,2006-01-01,2022-04-23,2006-01-01,2021-01-01,507340.1829903658
Monticello / Killin,US,AR,,KLLQ,33.6386,-91.751,81.0,America/Chicago,2005-01-01,2024-08-12,2005-01-01,2022-04-24,2005-01-01,2021-01-01,508078.8012249466
Telfair-Wheeler Airport,US,GA,,KMQW,32.097,-82.8794,61.0,America/New_York,2022-04-23,2024-08-12,2022-04-23,2022-04-25,,,508555.2257284281
Lake City / Wilburn,US,FL,,KLCQ,30.1821,-82.5769,61.0,America/New_York,2020-01-14,2024-08-12,2020-01-14,2022-04-24,2020-01-01,2022-01-01,509618.36098034866
Fort Polk,US,LA,72239,KPOE,31.05,-93.1833,101.0,America/Chicago,1962-09-03,2024-08-12,1955-10-27,2022-04-25,1955-01-01,2021-01-01,511227.29783837317
Middle Georgia Regional Airport,US,GA,72217,KMCN,32.6833,-83.15,108.0,America/New_York,1941-10-20,2024-08-12,1941-10-20,2024-12-30,1941-01-01,2022-01-01,511444.10757204716
Natchitoches / East Natchitoches,US,LA,,KIER,31.7357,-93.0991,37.0,America/Chicago,2006-01-01,2024-08-12,2006-02-23,2022-04-24,2007-01-01,2022-01-01,516994.4202644922
Atlanta,US,GA,,KCVC,33.6323,-83.8474,247.0,America/New_York,2020-01-14,2024-08-12,2020-01-14,2022-04-24,2020-01-01,2022-01-01,518242.2083898519
Dublin / Holly Hills,US,GA,,KDBN,32.5644,-82.9853,95.0,America/New_York,2006-01-01,2024-08-01,2006-01-04,2022-04-24,2008-01-01,2022-01-01,519328.9190674929
Hazlehurst,US,GA,,KAZE,31.8847,-82.6474,78.0,America/New_York,2012-07-05,2024-08-12,2012-07-07,2022-04-24,2014-01-01,2022-01-01,522086.01430144295
Calhoun / McDaniels,US,GA,,KCZL,34.4554,-84.9392,200.0,America/New_York,2020-01-14,2024-08-12,2020-01-14,2022-04-24,2020-01-01,2021-01-01,522760.0514770641
Tunica,US,MS,,KUTA,34.6851,-90.3478,59.0,America/Chicago,2005-01-05,2024-08-12,2005-03-31,2022-04-24,2014-01-01,2022-01-01,523707.22427071683
De Ridder / Holiday Mobile Home Park,US,LA,,KDRI,30.8317,-93.3399,62.0,America/Chicago,2006-01-01,2024-08-12,2006-01-07,2022-04-24,2013-01-01,2022-01-01,524185.984320908
Savannah / Maddox,US,TN,,KSNH,35.1703,-88.2167,144.0,America/Chicago,2020-01-14,2024-08-12,2020-01-14,2022-04-24,2020-01-01,2022-01-01,524721.4055809474
Alma / Guysie,US,GA,72316,KAMG,31.5361,-82.5066,61.0,America/New_York,1973-01-01,2024-08-12,1938-06-01,2024-12-30,1938-01-01,2022-01-01,525613.3904160038
Fayetteville Municipal Airport,US,TN,,KFYM,35.0597,-86.564,300.0,America/Chicago,2022-04-23,2024-08-12,2022-04-23,2022-04-27,,,525975.8608118899
Ft. Polk - Peason Ridge,US,LA,,KAQV,31.4,-93.2833,111.0,America/Chicago,2022-04-23,2024-08-12,2022-04-24,2022-04-24,,,526091.911281685
Pulaski / Green Field,US,TN,,KGZS,35.1537,-87.0568,210.0,America/Chicago,2020-01-14,2024-08-12,2020-01-14,2022-04-24,2020-01-01,2022-01-01,527507.8908048738
Barwick Lafayette Airport,US,GA,,K9A5,34.6885,-85.2903,237.0,America/New_York,2022-05-06,2024-08-12,,,,,528926.7799917524
Southland Field-Sulphur / Moss Lake,US,LA,,KUXL,30.1314,-93.3762,3.0,America/Chicago,2006-10-24,2024-08-12,2006-11-05,2022-04-24,2012-01-01,2022-01-01,529184.8540708801
Lake Charles Regional Airport,US,LA,72240,KLCH,30.2,-93.3833,5.0,America/Chicago,1942-05-02,2024-08-12,1942-05-02,2024-12-30,1942-01-01,2022-01-01,529209.1147844215
Waycross / Ware County,US,GA,72213,KAYS,31.25,-82.4,46.0,America/New_York,1942-12-01,2024-08-12,1942-12-02,2022-04-25,1944-01-01,2022-01-01,530087.814285495
Selmer / New Lawton,US,TN,,KSZY,35.2029,-88.4984,186.0,America/Chicago,2020-01-14,2024-08-12,2020-01-14,2022-04-24,2020-01-01,2022-01-01,530568.5812203677
Milledgeville / Meriwether,US,GA,,KMLJ,33.1542,-83.2414,117.0,America/New_York,2006-01-01,2024-08-12,2006-01-09,2022-04-24,2011-01-01,2021-01-01,530593.7619019431
Olive Branch / Bleak (Historical),US,MS,,KOLV,34.9787,-89.7869,123.0,America/Chicago,1941-10-13,2024-08-12,1941-10-14,2022-04-24,1942-01-01,2022-01-01,533243.8412978314
Shreveport Regional Airport,US,LA,72248,KSHV,32.45,-93.0,79.0,America/Chicago,1973-01-01,2024-08-12,1939-07-01,2024-12-30,1939-01-01,2022-01-01,533863.0491518399
Lawrenceburg-Lawrence County Airport,US,TN,,K2M2,35.2343,-87.2579,285.0,America/Chicago,2022-05-06,2024-08-12,,,,,534014.8443796346
Williston / Montbrook,US,FL,,KX60,29.3557,-82.4717,23.0,America/New_York,2020-01-14,2024-08-12,2020-01-14,2022-04-25,2020-01-01,2022-01-01,535212.5217498629
De Quincy Industrial Airpark,US,LA,,K5R8,30.4412,-93.4735,24.0,America/Chicago,2022-05-06,2024-08-12,,,,,536415.2741945186
Canton / Gober,US,GA,,K47A,34.3106,-84.4239,372.0,America/New_York,2006-02-17,2011-10-03,2010-01-01,2011-09-28,,,536997.9263454521
Lawrenceville / Village Gate,US,GA,,KLZU,33.9781,-83.9624,324.0,America/New_York,2006-01-01,2024-08-12,2017-09-29,2022-04-23,2019-01-01,2022-01-01,537157.5062046384
Canton / Gober,US,GA,,KCNI,34.3122,-84.4222,372.0,America/New_York,2005-01-12,2024-08-12,2005-06-01,2022-04-24,2009-01-01,2022-01-01,537234.2683633775
Bolivar / Sugar Hill,US,TN,,KM08,35.2151,-89.0431,152.0,America/Chicago,2016-08-04,2024-08-12,2016-08-06,2022-04-24,2017-01-01,2022-01-01,539835.9271727406
Monroe / Cleaton (Historical),US,GA,,KD73,33.7825,-83.6928,267.0,America/New_York,2017-08-17,2024-08-12,2017-08-18,2022-04-24,2020-01-01,2022-01-01,540040.8519716137
Baxley / Phillipi,US,GA,,KBHC,31.7138,-82.3938,61.0,America/New_York,2020-01-14,2024-08-12,2020-01-14,2022-04-24,2020-01-01,2022-01-01,540361.3092208221
Crystal River / Cutlers,US,FL,,KCGC,28.8673,-82.5713,2.0,America/New_York,2009-08-12,2024-08-12,2009-08-14,2022-04-24,2011-01-01,2022-01-01,542304.572111281
Memphis International Airport,US,TN,72334,KMEM,35.0333,-89.9833,102.0,America/Chicago,1946-10-01,2024-08-12,1940-01-01,2024-12-30,1940-01-01,2022-01-01,545304.4252401385
Gainesville / Brittany Estates Mobile Home Park,US,FL,74756,KGNV,29.6901,-82.2718,46.0,America/New_York,2005-01-01,2024-08-12,1960-05-17,2024-12-30,1960-01-01,2022-01-01,546049.2153837662
Somerville / Powers,US,TN,,KFYE,35.2077,-89.3945,133.0,America/Chicago,2020-01-18,2024-08-12,2020-01-18,2022-04-24,2020-01-01,2022-01-01,546603.6294004241
Jasper / Ruden,US,GA,,KJZP,34.4535,-84.4572,468.0,America/New_York,2020-01-14,2024-08-12,2020-01-14,2022-04-24,2020-01-01,2022-01-01,547759.4278072126
Winchester / Merrit Mobile Village,US,TN,,KBGF,35.1775,-86.0662,298.0,America/Chicago,2012-02-09,2024-08-12,2012-02-10,2022-04-24,2012-01-01,2022-01-01,551145.7363910957
Dalton / Keiths Mill,US,GA,,KDNN,34.7229,-84.8702,216.0,America/New_York,2006-01-01,2024-08-12,2006-01-02,2022-04-24,2009-01-01,2022-01-01,551318.8088246613
Sandersville,US,GA,,KOKZ,32.9667,-82.8382,134.0,America/New_York,2020-01-14,2024-08-12,2020-01-14,2022-04-25,2020-01-01,2022-01-01,552042.6101235974
Magnolia Oil Platform,US,LA,,KGBK,27.2,-92.2,54.0,Asia/Thimphu,2022-04-23,2024-08-12,2022-04-24,2022-04-25,,,555545.0597116034
Winder / Russell,US,GA,,KWDR,33.9829,-83.6674,287.0,America/New_York,2006-01-02,2024-08-12,2006-01-15,2022-04-25,2008-01-01,2022-01-01,556899.6981808901
Vidalia / Santa Claus,US,GA,,KVDI,32.1927,-82.3712,84.0,America/New_York,2006-01-01,2024-08-12,2006-01-01,2022-04-25,2011-01-01,2022-01-01,557238.9520632658
El Dorado / Cairo,US,AR,,KELD,33.221,-92.8133,84.0,America/Chicago,1973-01-01,2024-08-12,1973-01-01,2022-04-22,1977-01-01,2021-01-01,558172.7450301488
Gilmer County Airport,US,GA,,K49A,34.6301,-84.5271,453.0,America/New_York,2022-05-06,2024-08-12,,,,,559913.0347758007
Pine Bluff / Ladd,US,AR,,KPBF,34.1745,-91.9356,63.0,America/Chicago,1973-01-01,2024-08-12,1973-01-01,2022-04-24,2005-01-01,2021-01-01,562072.8161370464
Ocala / Ocala Thoroughbred Acres,US,FL,,KOCF,29.1719,-82.2241,27.0,America/New_York,2006-01-01,2024-08-12,2006-01-02,2022-04-24,2006-01-01,2022-01-01,563787.3679119986
West Memphis / Riceville,US,AR,,KAWM,35.1351,-90.2344,65.0,America/Chicago,2005-01-01,2024-08-12,2005-01-01,2022-04-24,2005-01-01,2022-01-01,564562.2394315352
Keystone Heights / Theressa,US,FL,,K42J,29.8448,-82.0475,60.0,America/New_York,2011-03-12,2024-08-12,2011-03-16,2022-03-09,2016-01-01,2022-01-01,564595.9773076099
Greensboro Greene Co Rgnl Airport / Webb Trailer Park,US,GA,,K3J7,33.598,-83.1383,210.0,America/New_York,2006-01-03,2024-08-06,2006-01-30,2022-03-09,2010-01-01,2021-01-01,566712.1879002802
Lovell Field,US,TN,72324,KCHA,35.0333,-85.2,208.0,America/New_York,1973-01-01,2024-08-12,1938-04-01,2024-12-30,1938-01-01,2022-01-01,566747.6730441689
Tullahoma / Flowertown,US,TN,,KTHA,35.38,-86.2467,330.0,America/Chicago,2012-04-08,2024-08-12,2012-04-09,2022-04-24,2016-01-01,2021-01-01,567819.9067265898
Inverness / Inverness Highlands South,US,FL,,KINF,28.8036,-82.3183,20.0,America/New_York,2009-08-12,2024-08-12,2009-08-13,2022-04-24,2016-01-01,2022-01-01,567874.7624127915
Minden / Gilark,US,LA,,KMNE,32.646,-93.2981,85.0,America/Chicago,2011-05-01,2024-08-12,2011-05-01,2022-04-24,2015-01-01,2022-01-01,568179.4729594245
Clearwater / Coachman,US,FL,,KCLW,27.9767,-82.7587,21.0,America/New_York,2020-01-14,2024-08-12,2020-01-14,2022-04-24,2020-01-01,2022-01-01,568208.6489175189
Camp Blanding Mil Res(Starke) / Kingsley Beach,US,FL,,K2CB,29.9669,-81.9832,60.0,America/New_York,2008-06-01,2014-10-03,2008-06-10,2009-05-10,,,568915.8371982703
Gainesville / Westside,US,GA,,KGVL,34.2726,-83.8302,389.0,America/New_York,2006-01-01,2024-08-12,2006-01-01,2022-04-21,2006-01-01,2021-01-01,569253.2150364865
Brooksville / Ayers,US,FL,,KBKV,28.4736,-82.4554,23.0,America/New_York,2006-01-01,2024-08-12,2006-01-01,2022-04-24,2006-01-01,2021-01-01,569360.4430483961
Lewisburg-Ellington / Cowden,US,TN,,KLUG,35.507,-86.8039,219.0,America/Chicago,2018-04-03,2024-08-12,2018-04-04,2022-04-24,2020-01-01,2022-01-01,570043.7791693798
Columbia / Ridley,US,TN,,KMRC,35.5544,-87.1791,208.0,America/Chicago,2013-03-09,2024-08-12,2013-03-11,2022-04-24,2017-01-01,2022-01-01,570191.801209123
Orange / Francis,US,TX,,KORG,30.0685,-93.804,4.0,America/Chicago,2006-08-21,2024-08-12,2011-02-11,2022-04-24,2012-01-01,2022-01-01,570825.8430218328
Reidsville,US,GA,,KRVJ,32.059,-82.1517,59.0,America/New_York,2020-09-09,2024-08-12,2020-09-10,2022-04-25,2020-01-01,2022-01-01,572418.5702653199
Tullahoma / Dixie (Historical),US,TN,,KAYX,35.3926,-86.0858,325.0,America/Chicago,1943-01-01,1969-08-01,1943-01-02,1969-07-31,1943-01-01,1969-01-01,573358.2601869219
Swainsboro,US,GA,,KSBO,32.6091,-82.3699,100.0,America/New_York,2011-07-05,2024-08-12,2011-07-05,2022-04-25,2015-01-01,2022-01-01,573927.4990979717
Jackson / Mandeville,US,FL,,KNEN,30.3502,-81.8832,30.0,America/New_York,2007-06-01,2024-06-11,2007-06-02,2022-03-15,2007-01-01,2008-01-01,574880.5118858158
Memphis / Kerrville,US,TN,,KNQA,35.3567,-89.8703,98.0,America/Chicago,2005-01-01,2024-08-11,2005-01-01,2022-04-24,2017-01-01,2022-01-01,575364.67606798
Stuttgart / Fairmount,US,AR,,KSGT,34.5995,-91.575,68.0,America/Chicago,2006-01-01,2024-08-12,2006-01-01,2022-04-24,2007-01-01,2021-01-01,576135.1678621757
Jacksonville / Baileys Mobile Home Park,US,FL,,KVQQ,30.2187,-81.8767,24.0,America/New_York,2006-01-01,2024-08-12,2008-11-02,2022-04-24,2020-01-01,2022-01-01,576385.5048390125
Athens Ben Epps Airport,US,GA,72311,KAHN,33.95,-83.3333,246.0,America/New_York,1973-01-01,2024-08-12,1944-06-01,2024-12-30,1944-01-01,2022-01-01,577241.0962745794
Saint Petersburg / High Point,US,FL,,KPIE,27.91,-82.6874,3.0,America/New_York,2006-01-01,2024-08-12,2006-01-01,2022-04-24,2006-01-01,2021-01-01,578005.7200715832
Lexington-Parsons / Beacon Junction,US,TN,,KPVE,35.6564,-88.1954,149.0,America/Chicago,2020-01-14,2024-08-12,2020-01-14,2022-04-24,2020-01-01,2022-01-01,578573.5467210093
Jefferson / Dry Pond,US,GA,,KJCA,34.1759,-83.5616,290.0,America/New_York,2011-09-27,2024-08-12,2011-09-28,2022-04-24,2011-01-01,2016-01-01,578810.7806844675
Camden / Camark,US,AR,,KCDH,33.6228,-92.7634,40.0,America/Chicago,2007-05-01,2024-08-12,2007-05-04,2022-04-24,2008-01-01,2022-01-01,579359.8269650639
Jackson / Oak Grove,US,TN,,KMKL,35.5999,-88.9156,132.0,America/Chicago,1973-01-01,2024-08-12,1973-01-01,2022-04-24,1999-01-01,2021-01-01,579661.7569261711
Shelbyville / Deason,US,TN,,KSYI,35.5594,-86.4425,244.0,America/Chicago,2020-01-14,2024-08-12,2020-01-14,2022-04-24,2020-01-01,2022-01-01,582567.5983677015
Jacksonville / Normandy Estates Mobile Home Community,US,FL,,KHEG,30.2778,-81.8059,26.0,America/New_York,2020-01-14,2024-08-12,2020-01-14,2022-04-24,2020-01-01,2022-01-01,582729.2943951928
Jesup / Leake,US,GA,,KJES,31.554,-81.8825,33.0,America/New_York,2010-01-12,2024-08-12,2010-01-12,2022-04-24,2014-01-01,2022-01-01,584031.8216139721
Mansfield - C E Rusty Williams Airport,US,LA,,K3F3,32.0717,-93.764,96.0,America/Chicago,2022-05-06,2024-08-12,,,,,587434.4086171213
Tampa International Airport,US,FL,72211,KTPA,27.9667,-82.5333,8.0,America/New_York,1940-08-01,2024-08-12,1939-02-01,2024-12-30,1939-01-01,2022-01-01,587960.1633203642
Metter / Shamrock,US,GA,,KMHP,32.374,-82.0814,60.0,America/New_York,2020-01-14,2024-08-12,2020-01-14,2022-04-24,2020-01-01,2022-01-01,589597.9645242618
Louisville Municipal Airport,US,GA,,K2J3,32.9859,-82.3848,100.0,America/New_York,2022-05-06,2023-04-26,,,,,590406.7893100396
Jasper / Curtis,US,TX,,KJAS,30.8857,-94.0349,65.0,America/Chicago,2006-03-21,2024-08-12,2011-02-11,2022-04-24,2015-01-01,2022-01-01,590752.752804352
Saint Petersburg,US,FL,,KSPG,27.7651,-82.627,2.0,America/New_York,1986-01-01,2024-08-12,1998-06-18,2022-04-24,2005-01-01,2022-01-01,591424.6764054188
Covington / Solo,US,TN,,KM04,35.5834,-89.5872,85.0,America/Chicago,2017-04-27,2024-08-12,2017-04-28,2022-04-24,2020-01-01,2022-01-01,591555.5752974219
Lady Lake / The Villages,US,FL,,KVVG,28.95,-81.9667,27.0,America/New_York,2005-01-12,2018-02-14,2005-03-29,2018-02-13,2010-01-01,2017-01-01,594922.6659379081
Jacksonville Naval Air Station,US,FL,,KNIP,30.2347,-81.6746,7.0,America/New_York,2022-04-23,2024-08-12,2022-04-24,2022-04-24,,,595626.9819377987
"Macdill Air Force Base, Fl.",US,FL,74788,KMCF,27.85,-82.5,4.0,America/New_York,1941-05-01,2024-08-12,1941-05-03,2022-04-25,1941-01-01,2021-01-01,597263.2579755451
Tampa / The Pointe At Harbour Island,US,FL,,KTPF,27.9156,-82.4493,2.0,America/New_York,2006-10-25,2024-08-12,2010-06-25,2022-04-25,2015-01-01,2022-01-01,597939.574473615
Southeast Texas Rgnl Airport,US,TX,72241,KBPT,30.5833,-94.1333,5.0,America/Chicago,1973-01-01,2024-08-12,1947-10-01,2024-12-30,1947-01-01,2022-01-01,599354.8256497529
Cleveland,US,TN,,KRZR,35.2115,-84.7998,262.0,America/Chicago,2020-01-14,2024-08-12,2020-01-14,2022-04-24,2020-01-01,2022-01-01,601406.5978310179
Tampa / Firn Acres,US,FL,,KVDF,28.014,-82.3453,6.0,America/New_York,2005-01-01,2024-08-12,2005-05-03,2022-04-25,2017-01-01,2022-01-01,601601.0516413305
Palatka Kay Larkin Field,US,FL,,K28J,29.6586,-81.6889,15.0,America/New_York,2022-05-06,2024-08-12,,,,,602091.4838560789
Claxton / Mount Pleasant,US,GA,,KCWV,32.1951,-81.8696,34.0,America/New_York,2008-01-13,2024-08-12,2008-01-18,2022-04-24,2014-01-01,2022-01-01,602229.6592452967
Shreveport,US,LA,,KDTN,32.5402,-93.745,55.0,America/Chicago,2000-01-01,2024-08-12,2000-01-01,2022-04-24,2001-01-01,2021-01-01,602388.0616827416
Washington / Brickhouse,US,GA,,KIIY,33.7794,-82.8158,197.0,America/New_York,2007-05-20,2024-08-12,2011-12-16,2022-04-24,2014-01-01,2022-01-01,602694.3990368715
Cornelia / Wilbanks Corner,US,GA,,KAJR,34.4998,-83.5567,441.0,America/New_York,2020-01-14,2024-08-12,2020-01-14,2022-04-24,2020-01-01,2022-01-01,604848.1217296461
Zephyrhills,US,FL,,KZPH,28.2281,-82.1559,27.0,America/New_York,2012-08-13,2024-08-12,2012-08-14,2022-04-25,2014-01-01,2021-01-01,607422.236188386
Blairsville / Pleasant Grove,US,GA,,KDZJ,34.8544,-83.9973,582.0,America/New_York,2008-01-01,2024-08-12,2008-03-20,2022-04-24,2020-01-01,2022-01-01,608705.4879402999
Thomson / Three Points,US,GA,,KHQU,33.5297,-82.517,153.0,America/New_York,2005-01-01,2024-08-12,2005-01-01,2022-04-24,2013-01-01,2022-01-01,609773.4118314718
Beaumont / Amelia,US,TX,,KBMT,30.0702,-94.2151,10.0,America/Chicago,2011-03-11,2024-08-12,2011-04-15,2022-04-24,2011-01-01,2022-01-01,610167.2120327953
Jacksonville / Hatch Road Mobile Home Park,US,FL,74782,KCRG,30.3363,-81.5144,13.0,America/New_York,2005-01-01,2024-08-12,1998-01-01,2024-12-30,1998-01-01,2022-01-01,610304.7815539801
McMinnville / Bethany,US,TN,,KRNC,35.6987,-85.8438,314.0,America/Chicago,2020-01-14,2024-08-12,2020-01-14,2022-04-19,2020-01-01,2022-01-01,612498.4729117274
Leesburg / Haven On Lake Harris Mobile Home Park,US,FL,,KLEE,28.8229,-81.8084,23.0,America/New_York,2006-01-01,2024-08-12,2006-01-01,2022-04-24,2006-01-01,2022-01-01,613991.2528330184
Tampa Bay Area,US,FL,72210,KTBW,27.7,-82.4,12.0,America/New_York,1977-08-26,2006-04-01,1976-03-01,2024-08-06,1976-01-01,2022-01-01,614257.9283832638
Fernandina Beach / Amelia Island,US,FL,,KFHB,30.6118,-81.4612,5.0,America/New_York,2011-05-12,2024-08-12,2011-05-13,2022-04-24,2015-01-01,2022-01-01,614611.56806668
"Fort Stewart Reservation, Ga",US,GA,74780,,31.9,-81.6333,27.0,America/New_York,,,1941-05-01,1964-07-31,1941-01-01,1964-01-01,615073.2285919997
Center / North Jericho,US,TX,,KF17,31.8316,-94.1564,97.0,America/Chicago,2020-01-14,2024-08-12,2020-01-14,2022-04-23,2020-01-01,2022-01-01,616637.866588233
Plant City / Margaline Gardens,US,FL,,KPCM,28.0002,-82.1633,46.0,America/New_York,2006-10-27,2024-08-12,2010-06-25,2022-04-22,2010-01-01,2022-01-01,618107.6028145067
Brunswick / Cabana Court Mobile Home Park,US,GA,,KBQK,31.259,-81.4663,8.0,America/New_York,2006-01-01,2024-08-12,2006-02-20,2022-04-24,2009-01-01,2022-01-01,618242.0060860796
Murfreesboro / Haynes Haven,US,TN,,KMBT,35.8775,-86.3775,187.0,America/Chicago,2020-01-14,2024-08-12,2020-01-14,2022-04-24,2020-01-01,2022-01-01,618328.443176809
Mayport,US,FL,,KNRB,30.3914,-81.4245,5.0,America/New_York,1973-01-01,2024-08-12,1973-01-01,2022-04-24,1984-01-01,2021-01-01,618640.9610764057
Sarasota / Ballentine Manor,US,FL,,KSRQ,27.3954,-82.5544,9.0,America/New_York,2006-01-01,2024-08-12,2006-01-01,2022-04-24,2006-01-01,2022-01-01,619904.0400917726
Franklin County Airport,US,GA,,K18A,34.3404,-83.1308,271.0,America/New_York,2022-05-06,2024-08-12,,,,,620105.7413186943
Ft. Stewart,US,GA,72209,KLHW,31.8833,-81.5667,14.0,America/New_York,2006-01-03,2024-08-12,1967-02-01,2022-04-24,1967-01-01,2022-01-01,620765.8676377225
Millen Airport,US,GA,,K2J5,32.8935,-81.9654,72.0,America/New_York,2022-05-06,2024-08-12,,,,,621277.0130479392
Dayton,US,TN,,K2A0,35.4817,-84.9322,219.0,America/New_York,2022-05-06,2024-08-09,,,,,622212.4887866809
Brunswick / Mallory Park,US,GA,,KSSI,31.1518,-81.3913,6.0,America/New_York,1973-01-01,2024-08-12,1973-01-01,2022-04-24,2000-01-01,2022-01-01,624088.4235683684
Statesboro / Northpoint Mobile Home Park,US,GA,,KTBR,32.4827,-81.7369,57.0,America/New_York,2006-01-01,2024-08-12,2006-01-04,2022-04-25,2013-01-01,2022-01-01,624111.8808145041
Elbert Co Airport / Silk Mills,US,GA,,K27A,34.0952,-82.8159,184.0,America/New_York,2005-01-01,2024-08-06,2005-01-23,2019-09-08,2017-01-01,2017-01-01,624156.4981601115
Little Rock (Adams Field),US,AR,,KLIT,34.7267,-92.2361,79.0,America/Chicago,2022-04-23,2024-08-12,2022-04-24,2022-04-24,,,625830.8766657761
Huntingdon / Fairview,US,TN,,KHZD,36.0893,-88.4633,152.0,America/Chicago,2020-01-14,2024-08-12,2020-01-14,2022-04-24,2020-01-01,2022-01-01,628313.7921755435
Toccoa,US,GA,,KTOC,34.5928,-83.2964,304.0,America/New_York,2012-06-07,2024-08-12,2012-06-08,2022-04-25,2014-01-01,2022-01-01,628809.2877794529
Smyrna / Jefferson Pike,US,TN,,KMQY,36.009,-86.5201,166.0,America/Chicago,2006-01-01,2024-08-12,2006-04-27,2022-04-24,2006-01-01,2021-01-01,629771.8573456152
Bentonville / Bryant,US,AR,,KSUZ,34.5904,-92.4794,119.0,America/Chicago,2020-01-14,2024-08-12,2020-01-14,2022-04-24,2020-01-01,2022-01-01,630014.6542356142
Athens / Bethsalem,US,TN,,KMMI,35.3992,-84.5618,266.0,America/New_York,2020-01-14,2024-08-12,2020-01-14,2022-04-22,2020-01-01,2022-01-01,630260.0626917777
St Augustine / Kingsley Mobile Home Park,US,FL,,KSGJ,29.9593,-81.3397,3.0,America/New_York,2006-01-01,2024-08-12,2006-01-01,2022-04-24,2009-01-01,2022-01-01,630564.7067454454
Lakeland / Dranefield Mobile Home Park,US,FL,,KLAL,27.9889,-82.0186,43.0,America/New_York,2006-01-01,2024-08-12,2012-01-13,2022-04-14,2020-01-01,2022-01-01,631297.5116739176
Dickson / Hortense,US,TN,,KM02,36.1279,-87.4298,272.0,America/Chicago,2020-01-14,2024-08-12,2020-01-14,2022-04-24,2020-01-01,2022-01-01,631608.2704515873
Dyersburg / South Dyersburg,US,TN,,KDYR,35.998,-89.4066,103.0,America/Chicago,1943-04-12,2024-08-12,1943-04-13,2022-04-24,1943-01-01,2022-01-01,631990.2735036033
Arkadelphia,US,AR,,KADF,34.0998,-93.0661,56.0,America/Chicago,2013-05-01,2024-08-12,2013-05-01,2022-04-24,2014-01-01,2021-01-01,633684.186821899
"North Little Rock, North Little Rock Airport",US,AR,72340,KLZK,34.8333,-92.25,165.0,America/Chicago,2006-01-01,2021-10-29,1976-11-01,2024-08-06,1951-01-01,2022-01-01,635536.9969086648
North Little Rock / Tanglewood,US,AR,,KORK,34.8331,-92.2541,166.0,America/Chicago,2020-09-15,2024-08-12,2020-09-15,2022-04-24,2020-01-01,2022-01-01,635767.329471833
Blytheville / Burton,US,AR,,KHKA,35.9404,-89.8308,78.0,America/Chicago,2006-01-01,2024-08-12,2006-01-01,2022-04-24,2006-01-01,2021-01-01,635883.6877721315
Little Rock / Jacksonville / Macon,US,AR,,KLRF,34.9168,-92.1465,95.0,America/Chicago,1956-01-01,2024-08-12,1956-02-22,2022-04-24,1956-01-01,2021-01-01,636425.1017511123
Nashville Airport,US,TN,72327,KBNA,36.1167,-86.6833,183.0,America/Chicago,1951-01-01,2024-08-12,1948-01-01,2024-12-30,1948-01-01,2022-01-01,638689.4296231963
Panola County Airport,US,TX,,K4F2,32.1761,-94.2988,75.0,America/Chicago,2022-05-06,2024-08-12,,,,,639048.3690859044
Searcy / Gum Springs (Historical),US,AR,,KSRC,35.2106,-91.7375,81.0,America/Chicago,2006-01-01,2024-08-12,2006-08-25,2022-04-24,2008-01-01,2021-01-01,639493.3621417664
Sylvania / Captolo,US,GA,,KJYL,32.6453,-81.5971,57.0,America/New_York,2006-01-01,2024-08-12,2006-01-01,2022-04-24,2012-01-01,2022-01-01,642612.3111859639
John C Tune / Jordonia,US,TN,,KJWN,36.1824,-86.8867,151.0,America/Chicago,2015-12-10,2024-08-12,2015-12-12,2022-04-24,2017-01-01,2022-01-01,642907.7089375019
Augusta / Highland Park,US,GA,,KDNL,33.4665,-82.0394,129.0,America/New_York,2006-01-01,2024-08-12,2006-01-01,2022-04-24,2006-01-01,2021-01-01,644054.0870214634
Augusta Bush Field,US,GA,72218,KAGS,33.3667,-81.9667,44.0,America/New_York,1948-01-01,2024-08-12,1942-12-01,2024-12-30,1942-01-01,2022-01-01,644554.3514350852
Andrews / Woodville,US,NC,,KRHP,35.1952,-83.863,518.0,America/New_York,2006-01-01,2024-08-12,2011-04-02,2022-04-25,2015-01-01,2022-01-01,646302.0071513095
Venice / South Venice,US,FL,,KVNC,27.0716,-82.4403,6.0,America/New_York,2011-02-03,2024-08-12,2011-02-04,2022-04-25,2016-01-01,2022-01-01,650061.0510396244
Jonesboro / Doss (Historical),US,AR,,KJBR,35.8317,-90.6464,80.0,America/Chicago,2006-01-01,2024-08-12,2006-01-01,2022-04-25,2006-01-01,2021-01-01,650490.7764051636
Marshall / Jasper Heights,US,TX,,KASL,32.5205,-94.3078,109.0,America/Chicago,2011-05-18,2024-08-12,2011-05-19,2022-04-24,2011-01-01,2022-01-01,651240.1616007715
Palm Coast / Palm Terrace Mobile Manor,US,FL,,KXFL,29.4674,-81.2063,10.0,America/New_York,2009-11-03,2024-06-16,2013-05-29,2022-04-23,,,651911.9854043704
Newport / Airport Village,US,AR,,KM19,35.6377,-91.1764,73.0,America/Chicago,2006-05-01,2024-08-12,2006-05-02,2022-04-24,2007-01-01,2022-01-01,652597.1581209343
Madisonville / Hiwassee College,US,TN,,KMNV,35.5452,-84.3804,314.0,America/New_York,2020-01-14,2024-08-12,2020-01-14,2022-04-24,2020-01-01,2022-01-01,652598.6234381676
Gunnison Oil Platform,US,TX,,KGUL,27.3,-93.53,49.0,America/Chicago,2022-04-23,2024-08-12,2022-04-23,2022-04-25,,,652848.9358351527
Lebanon / Forktown,US,TN,,KM54,36.1904,-86.3157,179.0,America/Chicago,2020-01-14,2024-08-12,2020-01-14,2022-04-21,2020-01-01,2022-01-01,653463.8526393507
Bartow / Terio's Mobile Home Park,US,FL,,KBOW,27.9434,-81.7834,38.0,America/New_York,2005-01-01,2024-08-12,2008-02-01,2022-04-07,2020-01-01,2022-01-01,654176.514717639
Deland / Orangewood Mobile Home Park,US,FL,,KDED,29.067,-81.2837,24.0,America/New_York,2012-02-09,2024-08-12,2012-02-10,2022-04-24,2016-01-01,2022-01-01,654890.5834099769
Paris / Osage,US,TN,,KPHT,36.3359,-88.3844,177.0,America/Chicago,2014-05-30,2024-08-12,2014-05-31,2022-04-24,2020-01-01,2022-01-01,655062.5615653367
Jacksonville International,US,FL,72206,KJAX,30.5,-81.0333,9.0,America/New_York,1948-01-01,2024-08-12,1938-04-01,2024-12-30,1938-01-01,2022-01-01,655736.0524646725
Liberty Municipal Airport,US,TX,,KT78,30.0778,-94.6986,21.0,America/Chicago,2022-04-23,2024-08-12,2022-04-23,2022-04-25,,,656393.1217462561
Sparta / Hamptons Crossroads,US,TN,,KSRB,36.0559,-85.5307,312.0,America/Chicago,2012-06-04,2024-08-09,2012-07-13,2022-04-24,2014-01-01,2022-01-01,659305.8963161495
Anderson / Greenbriar,US,SC,72319,KAND,34.4946,-82.7094,238.0,America/New_York,1973-01-01,2024-08-12,1899-06-01,2024-08-05,1899-01-01,2022-01-01,660289.3531803391
Lufkin / Burke,US,TX,,KLFK,31.234,-94.75,90.0,America/Chicago,1973-01-01,2024-08-12,1973-01-01,2022-04-24,1981-01-01,2022-01-01,661640.2231559597
Clemson / Clemson Forest,US,SC,,KCEU,34.6719,-82.8868,272.0,America/New_York,2006-01-01,2024-08-12,2006-01-01,2022-04-24,2006-01-01,2021-01-01,661644.7395075232
Savannah / Southside Mobile Estates,US,GA,,KSVN,32.01,-81.146,13.0,America/New_York,2006-01-01,2024-08-12,2006-01-02,2022-04-24,2014-01-01,2021-01-01,662630.0761136586
Hot Springs / Rockwell,US,AR,,KHOT,34.478,-93.0962,165.0,America/Chicago,2006-01-01,2024-08-12,2006-01-04,2022-04-24,2006-01-01,2021-01-01,662635.0263370911
Nacogdoches / Fredonia Hill,US,TX,,KOCH,31.5778,-94.7101,108.0,America/Chicago,2006-01-01,2024-08-12,2006-01-01,2022-04-24,2006-01-01,2022-01-01,662786.5006329683
Crossville / Howard Springs,US,TN,72325,KCSV,35.9513,-85.085,573.0,America/Chicago,2005-01-01,2024-07-25,1954-04-21,2024-12-30,1954-01-01,2022-01-01,663469.8663266159
Ormond Beach / Bear Creek Mobile Home Park,US,FL,,KOMN,29.3006,-81.1136,8.0,America/New_York,2006-01-01,2024-08-11,,,,,664591.3275447898
Texarkana / Rondo,US,AR,,KTXK,33.4537,-93.991,119.0,America/Chicago,1946-07-29,2024-08-12,1946-07-30,2022-04-24,1946-01-01,2022-01-01,665787.2240585091
Union City / Sunnyside,US,TN,,KUCY,36.3818,-88.9854,105.0,America/Chicago,2013-06-27,2024-08-12,2013-07-03,2022-03-31,2020-01-01,2022-01-01,666444.555109703
Orlando / Azalea Park,US,FL,,KORL,28.5455,-81.3329,34.0,America/New_York,1990-02-08,2024-08-12,1990-02-09,2022-04-24,2005-01-01,2021-01-01,668003.0708291708
Sanford / Orlando / Midway,US,FL,,KSFB,28.7767,-81.2355,17.0,America/New_York,1973-01-01,2024-08-12,1991-12-20,2022-04-24,2005-01-01,2021-01-01,668606.6627128735
Orlando / Country Life Family Mobile Home Park,US,FL,,KISM,28.2898,-81.4371,25.0,America/New_York,2006-01-01,2024-08-12,2016-06-24,2022-04-24,2020-01-01,2022-01-01,668909.5141287976
Conway - Cantrell Field,US,AR,,KCXW,35.0199,-92.5551,84.0,America/Chicago,2022-04-23,2024-05-03,2022-04-23,2022-04-26,,,669531.600774761
Lake Wales / Floritan,US,FL,,KX07,27.8938,-81.6204,38.0,America/New_York,2020-01-14,2024-08-12,2020-01-14,2022-04-25,2020-01-01,2022-01-01,670961.2627506627
Sumner County Regional Airport,US,TN,,KXNX,36.3751,-86.4084,177.0,America/Chicago,2022-04-23,2024-08-12,2022-04-23,2022-04-25,,,671675.4692183123
Kennett,US,MO,,KTKX,36.2259,-90.0366,80.0,America/Chicago,2015-12-10,2024-08-12,2015-12-11,2022-04-24,2020-01-01,2022-01-01,671731.658047966
Daytona Beach / Mansfield Mobile Home Park,US,FL,74787,KDAB,29.1799,-81.0581,10.0,America/New_York,2005-01-01,2024-08-12,1937-01-01,2024-12-30,1937-01-01,2022-01-01,672935.0996355419
Franklin / Malonee Mill,US,NC,,K1A5,35.2226,-83.4191,620.0,America/New_York,2006-02-01,2024-08-12,2010-01-02,2022-03-09,,,673535.3792259407
Savannah Airport,US,GA,72207,KSAV,32.1167,-81.0333,16.0,America/New_York,1948-01-01,2024-08-12,1948-01-01,2024-12-30,1948-01-01,2022-01-01,675752.6387213556
Rockwood / Deerwood,US,TN,,KRKW,35.9223,-84.6897,507.0,America/Chicago,2020-01-14,2024-08-12,2020-01-14,2022-04-23,2020-01-01,2022-01-01,675808.0250962109
Fort Campbell / Woodlawn,US,TN,74672,KEOD,36.5682,-87.4808,181.0,America/Chicago,2001-08-15,2024-08-12,2016-12-22,2022-04-24,,,680191.1609477005
Springfield / Kinneys,US,TN,,KM91,36.5373,-86.9207,215.0,America/Chicago,2020-01-14,2024-08-12,2020-01-14,2022-04-24,2020-01-01,2022-01-01,681545.3411875444
Greenwood / Windtree,US,SC,,KGRD,34.2487,-82.1591,192.0,America/New_York,2006-01-01,2024-08-12,2006-01-01,2022-04-24,2006-01-01,2021-01-01,682387.2507330031
Aiken / Seiglers Crossroads,US,SC,,KAIK,33.6494,-81.685,161.0,America/New_York,2009-01-05,2024-08-12,2009-01-06,2022-04-24,2015-01-01,2022-01-01,682654.5830318357
Batesville / Clearview Estates,US,AR,,KBVX,35.7262,-91.6474,142.0,America/Chicago,2006-01-01,2024-08-12,2006-01-01,2022-04-24,2007-01-01,2022-01-01,682683.5411535328
Longview Gregg County Airport,US,TX,72247,KGGG,32.3833,-94.7167,111.0,America/Chicago,1991-02-04,2024-08-12,1991-02-07,2024-12-30,1991-01-01,2022-01-01,683176.60039085
Cleveland,US,TX,,K6R3,30.3567,-95.0083,46.0,America/Chicago,2022-05-06,2024-08-12,,,,,683867.1961308862
Pickens / Rosewood Heights,US,SC,,KLQK,34.81,-82.7029,309.0,America/New_York,2010-07-21,2024-08-12,2010-07-21,2022-04-24,2011-01-01,2022-01-01,684403.1459730545
Allendale County Airport,US,SC,,KAQX,32.9951,-81.2703,49.0,America/New_York,2022-04-23,2024-08-12,2022-04-23,2022-04-26,,,685302.3673102427
Clarksville Outlaw Fld / Pembrook Place,US,TN,72328,KCKV,36.6219,-87.415,168.0,America/Chicago,2006-01-01,2024-08-12,2001-04-01,2024-12-30,2001-01-01,2022-01-01,686505.6349278894
New Smyrna Beach / Isleboro,US,FL,,KEVB,29.0557,-80.9489,3.0,America/New_York,2006-01-01,2024-08-12,,,,,686639.05252203
Scholes Field,US,TX,72242,KGLS,29.2667,-94.8667,2.0,America/Chicago,1993-01-01,2024-08-12,1946-08-01,2024-12-30,1946-01-01,2022-01-01,686827.5200400364
Barnwell / Happy Bottom,US,SC,,KBNL,33.258,-81.3879,75.0,America/New_York,2009-01-05,2024-08-12,2009-01-06,2022-04-24,2010-01-01,2022-01-01,687104.6458398245
Henderson / Crimcrest,US,TX,,KRFI,32.1417,-94.8517,135.0,America/Chicago,2008-10-15,2024-08-12,2010-01-01,2022-04-24,2016-01-01,2022-01-01,688394.5500108391
Walnut Ridge / College City,US,AR,,KARG,36.1247,-90.9251,85.0,America/Chicago,2005-01-01,2024-08-12,2005-01-01,2022-04-24,2006-01-01,2021-01-01,690553.2412319948
Fort Campbell U. S. Army Airfield,US,KY,74671,KHOP,36.6667,-87.5,174.0,America/Chicago,1943-07-15,2024-08-12,1943-07-16,2022-04-25,1943-01-01,2021-01-01,691034.9828826233
Murray / Penny,US,KY,,KCEY,36.6646,-88.3728,176.0,America/Chicago,2010-11-09,2024-08-12,2010-11-10,2022-04-24,2020-01-01,2022-01-01,691444.3565271706
Jackson County Airport,US,NC,,K24A,35.3159,-83.2071,870.0,America/New_York,2022-05-06,2024-08-12,,,,,693828.2987981722
Portland Municipal Airport,US,TN,,K1M5,36.5929,-86.4769,250.0,America/Chicago,2022-05-06,2024-08-12,,,,,694160.1399402852
Punta Gorda / Ventura Lakes Mobile Home Park,US,FL,,KPGD,26.9189,-81.9909,8.0,America/New_York,2006-01-01,2024-08-12,2006-01-01,2022-04-24,2006-01-01,2022-01-01,696008.2741740709
Mount Ida / Silver,US,AR,,KMWT,34.5291,-93.5294,196.0,America/Chicago,2005-01-01,2024-08-12,2005-01-01,2022-04-25,2005-01-01,2021-01-01,696721.8715489504
La Porte / Lomax,US,TX,,KT41,29.6693,-95.0642,8.0,America/Chicago,2020-01-14,2024-08-12,2020-01-14,2022-04-24,2020-01-01,2022-01-01,697100.8596815949
McGhee Tyson Airport,US,TN,72326,KTYS,35.8167,-83.9833,299.0,America/New_York,1948-01-01,2024-08-12,1910-01-01,2024-12-30,1910-01-01,2022-01-01,697127.2469359756
Greenville / Holly Springs,US,SC,,KGYH,34.7583,-82.3764,291.0,America/New_York,2006-01-01,2024-08-12,2009-09-14,2022-04-24,2020-01-01,2021-01-01,702534.2623724403
Livingston Municipal Airport,US,TN,,K8A3,36.4135,-85.3104,419.0,America/Chicago,2022-05-06,2024-08-12,,,,,703449.7603612399
Orlando Airport,US,FL,72205,KMCO,28.4167,-81.0,29.0,America/New_York,1952-05-07,2024-08-12,1952-05-16,2024-12-30,1952-01-01,2022-01-01,703489.2963063015
Mayfield,US,KY,,KM25,36.7696,-88.5847,159.0,America/Chicago,2020-01-14,2024-08-12,2020-01-14,2022-04-24,2020-01-01,2022-01-01,704642.3094133844
Jackson Square,US,TN,72427,,36.0231,-84.2331,263.0,America/New_York,,,1948-08-04,2024-08-06,1948-01-01,2022-01-01,705176.8577298168
Oak Ridge / Jackson Square,US,TN,,KOQT,36.0231,-84.2331,279.0,America/New_York,1999-01-14,2024-08-12,1999-01-16,2022-04-24,1999-01-01,2020-01-01,705176.8577298168
Houston / Olcott,US,TX,72244,KEFD,29.6073,-95.1587,10.0,America/Chicago,1941-07-01,2024-08-12,1930-08-01,2024-12-30,1930-01-01,2022-01-01,707225.9775218494
Avon Park Gunnery Range,US,FL,74796,KAGR,27.65,-81.3333,20.0,America/New_York,1943-12-01,2024-08-12,1943-12-02,2022-04-24,1944-01-01,1945-01-01,708476.3405782131
Corning Municipal Airport,US,AR,,K4M9,36.404,-90.648,90.0,America/Chicago,2022-05-06,2024-08-12,,,,,709101.5916683478
Savannah / Palmetto Hall Plantation,US,SC,,KHXD,32.2244,-80.6975,6.0,America/New_York,2006-01-01,2024-08-12,2009-01-01,2022-04-25,2020-01-01,2021-01-01,709323.806067332
Malden / Townley,US,MO,,KMAW,36.5982,-89.9925,90.0,America/Chicago,2016-05-17,2024-08-12,2016-05-19,2022-04-24,2017-01-01,2022-01-01,710085.6081471811
Greenville / Woods (Historical),US,SC,,KGMU,34.8479,-82.35,319.0,America/New_York,1942-09-08,2024-08-12,1942-09-09,2022-04-24,1942-01-01,2021-01-01,710948.1998722436
Clinton,US,AR,,KCCA,35.5978,-92.4516,157.0,America/Chicago,2007-06-28,2024-08-12,2007-06-29,2022-04-24,2011-01-01,2022-01-01,712706.7351383845
Gilmer Municipal Airport,US,TX,,KJXI,32.6989,-94.9486,127.0,America/Chicago,2022-04-23,2024-08-12,2022-04-23,2022-04-25,,,714452.9290371181
Beaufort / Grays Hill,US,SC,,KNBC,32.4806,-80.7192,11.0,America/New_York,1945-04-01,2024-08-12,1945-04-02,2022-04-24,1945-01-01,2021-01-01,714871.8144498562
Laurens / Lakeside,US,SC,,KLUX,34.5071,-81.9472,212.0,America/New_York,2009-01-05,2024-08-12,2009-01-15,2022-04-24,2015-01-01,2022-01-01,715201.110929464
Jacksonville / Dialville,US,TX,,KJSO,31.8693,-95.2174,207.0,America/Chicago,2006-02-02,2024-08-12,2009-01-01,2022-04-24,2011-01-01,2022-01-01,715625.6227564089
Knoxville / Island Home,US,TN,,KDKX,35.9638,-83.8737,254.0,America/New_York,1979-05-07,2024-08-12,2016-04-16,2022-04-18,2017-01-01,2022-01-01,716227.8313888236
Houston / Hastings,US,TX,,KLVJ,29.5213,-95.2421,13.0,America/Chicago,2006-01-01,2024-08-12,2006-01-01,2022-04-24,2006-01-01,2021-01-01,716810.7534893425
Sebring / Istokpoga,US,FL,,KSEF,27.4564,-81.3424,19.0,America/New_York,1942-04-01,2024-08-12,1942-04-03,2022-04-25,1942-01-01,2022-01-01,717960.0364801461
Titusville / Manatee Hammock Park Mobile Home Park,US,FL,,KTIX,28.5148,-80.7992,10.0,America/New_York,2006-01-01,2024-08-12,,,,,718240.8995343705
Houston Hobby Airport,US,TX,,KHOU,29.6375,-95.2825,14.0,America/Chicago,2022-04-23,2024-08-12,2022-04-24,2022-04-24,,,718489.4004004565
Beaufort / Sherwood Forest,US,SC,,KARW,32.4122,-80.6344,3.0,America/New_York,2009-01-20,2024-08-12,2009-01-21,2022-04-24,2012-01-01,2022-01-01,720421.4367856901
Houston Intercontinental,US,TX,72243,KIAH,30.0,-95.3667,30.0,America/Chicago,1973-01-01,2024-08-12,1969-06-01,2024-12-30,1969-01-01,2022-01-01,721245.081820512
Russelville Municipal Airport,US,AR,72342,KRUE,35.25,-93.1,123.0,America/Chicago,2006-01-01,2024-08-12,2006-01-01,2022-04-25,2006-01-01,2022-01-01,722044.884910847
Conroe / Beach,US,TX,,KCXO,30.3524,-95.4145,75.0,America/Chicago,2006-01-01,2024-08-12,2006-01-01,2022-04-24,2006-01-01,2022-01-01,722819.3225543572
Sevierville / Cherokee Hills,US,TN,,KGKT,35.8578,-83.5287,309.0,America/New_York,2020-01-14,2024-08-12,2020-01-14,2022-04-24,2020-01-01,2022-01-01,723733.7781132044
Crockett,US,TX,,KDKR,31.307,-95.4038,106.0,America/Chicago,2006-06-02,2024-08-12,2011-03-25,2022-04-24,2016-01-01,2021-01-01,724274.1371702892
Cape Kennedy / Wilson,US,FL,,KTTS,28.6149,-80.6944,2.0,America/New_York,2006-01-01,2024-08-12,2006-01-02,2022-04-24,2006-01-01,2020-01-01,724361.5155274175
Newberry / Devils Cross Roads,US,SC,,KEOE,34.3093,-81.6407,174.0,America/New_York,2009-01-05,2024-08-11,2009-01-06,2022-04-24,2020-01-01,2021-01-01,725080.873626009
John Dunn Helistop,US,TX,,KMCJ,29.714,-95.395,69.0,America/Chicago,2022-04-23,2024-08-12,2022-04-23,2022-04-26,,,727931.0601544477
Fort Myers / Page Park,US,FL,,KFMY,26.5866,-81.8632,5.0,America/New_York,1943-01-01,2024-08-12,1943-01-02,2022-04-24,1943-01-01,2022-01-01,728276.0325281587
North/Auxiliary Airfield,US,SC,,KXNO,33.6095,-81.0812,98.0,America/New_York,2007-10-24,2024-08-12,2007-10-25,2022-04-24,2010-01-01,2021-01-01,729824.2824041751
Mount Pleasant / Harvard,US,TX,,KOSA,33.0969,-94.9618,111.0,America/Chicago,2006-05-01,2024-08-12,2011-03-24,2022-04-24,2016-01-01,2022-01-01,730846.2034035895
Chapel Hill,US,AR,74331,KDEQ,34.05,-94.4,107.0,America/Chicago,2004-01-01,2024-08-12,2004-02-11,2022-04-25,2004-01-01,2022-01-01,731585.7826505968
Sikeston / Miner,US,MO,,KSIK,36.8989,-89.5618,96.0,America/Chicago,2015-01-28,2024-08-12,2015-09-20,2022-04-24,2017-01-01,2022-01-01,732707.8948121077
Oneida / Toomy,US,TN,,KSCX,36.4557,-84.5858,471.0,America/New_York,2020-01-14,2024-08-12,2020-01-14,2022-04-25,2020-01-01,2022-01-01,733139.9107839558
Greer Greenville Spartburg,US,SC,72312,KGSP,34.8833,-82.05,296.0,America/New_York,1973-01-01,2024-08-12,1962-10-15,2024-12-30,1962-01-01,2022-01-01,734158.1537010011
Bowling Green / Eastland Park,US,KY,,KBWG,36.9645,-86.4197,167.0,America/Chicago,1973-01-01,2024-08-12,1973-01-02,2022-04-24,1999-01-01,2021-01-01,735689.6849640827
Walterboro,US,SC,,KRBW,32.9167,-80.65,29.0,America/New_York,2013-01-01,2024-08-12,2013-01-01,2022-04-25,2016-01-01,2022-01-01,736127.9321637925
Poplar Bluff Municipal Airport,US,MO,,KPOF,36.7706,-90.3222,99.0,America/Chicago,2022-04-23,2024-08-12,2022-04-24,2022-04-24,,,737250.2997132584
Barkley Regional Airport,US,KY,72435,KPAH,37.05,-88.7667,125.0,America/Chicago,1989-01-01,2024-08-12,1949-08-12,2024-12-30,1949-01-01,2022-01-01,737364.5968375726
Houston / Pinewood Place,US,TX,,KDWH,30.0618,-95.5528,46.0,America/Chicago,2006-01-01,2024-08-12,2006-01-01,2022-04-24,2006-01-01,2022-01-01,738396.0146942751
Jacksboro / De Lap,US,TN,,KJAU,36.3341,-84.163,360.0,America/New_York,2015-06-08,2024-08-12,2015-06-09,2022-03-31,2017-01-01,2022-01-01,738414.2135688809
Huntsville,US,TX,,KUTS,30.7469,-95.5872,111.0,America/Chicago,2020-01-14,2024-08-12,2020-01-14,2022-04-24,2020-01-01,2022-01-01,738461.4297365199
Houston / Duke,US,TX,,KAXH,29.5061,-95.4769,21.0,America/Chicago,2009-06-19,2024-07-08,2009-12-18,2022-04-24,2012-01-01,2022-01-01,739472.957525277
Fort Myers / Gateway,US,FL,,KRSW,26.5362,-81.7552,9.0,America/New_York,2006-01-01,2024-08-12,2006-01-01,2022-04-24,2006-01-01,2022-01-01,740206.1150309097
Orangeburg / Heritage Subdivision,US,SC,,KOGB,33.4569,-80.8594,59.0,America/New_York,2006-01-01,2024-08-03,2006-01-01,2022-04-24,2006-01-01,2021-01-01,740937.673166221
Poplar Bluff / Green Forest,US,MO,72330,KP02,36.7667,-90.4667,146.0,America/Chicago,2006-01-01,2024-07-22,1997-12-12,2024-08-06,1998-01-01,2022-01-01,741050.3356823577
"Cocoa Beach, Cape Canaveral Air Force Station Skid Strip",US,FL,74794,KXMR,28.4667,-80.5667,3.0,America/New_York,1950-08-01,2024-08-12,1950-07-09,2022-04-25,1950-01-01,2021-01-01,741457.6531670835
Spartanburg / South Meadows Farms,US,SC,,KSPA,34.9157,-81.9565,244.0,America/New_York,1973-01-01,2024-08-12,2020-01-14,2022-04-25,2020-01-01,2022-01-01,742991.429364838
Tyler / Chandler,US,TX,,KTYR,32.3541,-95.4024,166.0,America/Chicago,1973-01-01,2024-08-12,1973-01-02,2022-04-24,2000-01-01,2021-01-01,744393.8490636803
Cairo / Klondike,US,IL,,KCIR,37.0645,-89.2196,98.0,America/Chicago,2006-08-22,2024-08-12,2006-08-23,2022-04-16,2011-01-01,2022-01-01,744773.7114359392
Columbia Metropolitan Airport,US,SC,72310,KCAE,33.95,-81.1167,72.0,America/New_York,1942-04-24,2024-08-12,1942-04-24,2024-12-30,1942-01-01,2022-01-01,744822.5196385907
Mena / Dallas,US,AR,,KMEZ,34.5454,-94.2026,329.0,America/Chicago,2006-04-06,2024-08-12,2008-06-02,2022-04-24,2010-01-01,2021-01-01,746874.4145637451
Angleton / Snipe,US,TX,,KLBX,29.1086,-95.4621,8.0,America/Chicago,2006-01-01,2024-08-12,2006-01-01,2022-04-24,2006-01-01,2021-01-01,747111.8839600678
Cocoa / Patrick Air Force Base,US,FL,74795,KCOF,28.2333,-80.6,3.0,America/New_York,1945-03-01,2024-08-12,1945-03-02,2022-04-25,1945-01-01,2021-01-01,747332.6907978973
Melbourne International,US,FL,72204,KMLB,28.1,-80.65,10.0,America/New_York,1974-11-13,2024-08-12,1974-11-13,2024-08-06,2000-01-01,2022-01-01,748255.3581998044
Union County Airport - Troy Shelton Field,US,SC,,K35A,34.687,-81.6412,185.0,America/New_York,2022-05-06,2024-08-12,,,,,749604.8414354229
Glasgow / Oil City,US,KY,,KGLW,37.0318,-85.9537,218.0,America/Chicago,2005-01-01,2024-08-12,2005-01-01,2022-04-24,2011-01-01,2022-01-01,752022.1714558103
Metropolis / Choat,US,IL,72017,KM30,37.1859,-88.7506,117.0,America/Chicago,2006-01-02,2024-08-12,2011-06-16,2022-04-25,2014-01-01,2022-01-01,752215.5978160826
Houston / Wood Fern,US,TX,,KIWS,29.8182,-95.6726,34.0,America/Chicago,1985-01-30,2024-08-12,,,,,752879.4688082647
Houston / Sugar Land,US,TX,,KSGR,29.6223,-95.6565,25.0,America/Chicago,2006-01-01,2024-08-12,2006-01-01,2022-04-24,2006-01-01,2022-01-01,754451.1893506334
Greenville / Powderly,US,KY,,KM21,37.2262,-87.1564,131.0,America/Chicago,2020-01-14,2024-08-12,2020-01-14,2022-04-24,2020-01-01,2022-01-01,755296.7386627074
Columbia / Arthurtown,US,SC,,KCUB,33.9705,-80.9952,59.0,America/New_York,2006-01-01,2024-08-12,2006-01-01,2022-04-24,2006-01-01,2021-01-01,755705.1290576566
"Palestine, Tx.",US,TX,74750,KPSN,31.7833,-95.7167,119.0,America/Chicago,2006-01-01,2024-08-12,2006-01-02,2022-04-25,2015-01-01,2022-01-01,760448.9679031704
Idabel,US,OK,,K4O4,33.9094,-94.8594,144.0,America/Chicago,2006-01-01,2024-08-12,2006-01-04,2022-03-09,2014-01-01,2020-01-01,760565.3784052767
Morristown / Wood Acres,US,TN,,KMOR,36.1794,-83.3754,400.0,America/New_York,2020-01-14,2024-08-12,2020-01-14,2022-04-24,2020-01-01,2022-01-01,760951.4038631937
Clarksville,US,TX,,KLBR,33.5932,-95.0636,134.0,America/Chicago,2006-02-23,2016-08-19,2007-11-30,2014-08-28,2012-01-01,2012-01-01,761547.2827995836
Monticello,US,KY,,KEKQ,36.8553,-84.8561,293.0,America/Kentucky/Monticello,2006-05-01,2024-08-12,2006-05-02,2022-04-24,2006-01-01,2021-01-01,763988.9182908692
Mineola-Quitman / Calvary,US,TX,,KJDD,32.7422,-95.4965,132.0,America/Chicago,2006-04-01,2024-08-12,2006-09-28,2022-04-24,2015-01-01,2022-01-01,764703.6396021977
Marion-Crittenden County Airport,US,KY,,K5M9,37.3363,-88.1097,199.0,America/Chicago,2022-05-06,2022-11-09,,,,,764910.3960849494
Naples / East Naples,US,FL,,KAPF,26.1523,-81.7758,2.0,America/New_York,1999-01-01,2024-08-12,1999-10-19,2022-04-24,2002-01-01,2022-01-01,765384.8215132479
Winnsboro / Rion,US,SC,,KFDW,34.3155,-81.1088,176.0,America/New_York,2009-04-21,2024-08-12,2009-04-21,2022-04-24,2015-01-01,2022-01-01,766293.9677568781
Madisonville Municipal Airport,US,KY,,K2I0,37.3559,-87.3982,134.0,America/Chicago,2022-05-06,2024-08-12,,,,,768057.5141371503
Cape Girardeau / Scott City,US,MO,,KCGI,37.2253,-89.5708,104.0,America/Chicago,1973-01-01,2024-08-12,1973-01-01,2022-04-24,1975-01-01,2021-01-01,768315.7140734517
Eastover / Congaree,US,SC,,KMMT,33.9188,-80.8006,77.0,America/New_York,2005-01-03,2024-08-12,2008-03-06,2022-04-24,2009-01-01,2021-01-01,768702.1405236446
Okeechobee / Azteca Mobile Home Park,US,FL,,KOBE,27.2666,-80.8504,10.0,America/New_York,2007-05-13,2024-08-12,2009-08-27,2022-04-25,2015-01-01,2022-01-01,770671.2527806488
Alaminos Canyon,US,TX,,KHHV,26.939,-94.689,39.0,America/Chicago,2022-04-23,2024-07-22,2022-04-23,2022-04-24,,,770932.8096577435
Summerville / Laurence (Historical),US,SC,,KDYB,33.0634,-80.2793,17.0,America/New_York,2009-04-04,2024-08-12,2009-04-05,2022-04-24,2020-01-01,2022-01-01,774188.6790964166
Houston / Cardiff,US,TX,,KTME,29.805,-95.8979,51.0,America/Chicago,2009-12-16,2024-08-12,2009-12-17,2022-04-24,2020-01-01,2022-01-01,774624.517563967
Sebastian Municipal Airport,US,FL,,KX26,27.8132,-80.4956,6.0,America/New_York,2022-04-23,2024-08-12,2022-04-23,2022-04-25,,,774751.5428330066
Immokalee,US,FL,,KIMM,26.4338,-81.4014,11.0,America/New_York,2020-01-14,2024-08-12,2020-01-14,2022-02-27,2020-01-01,2021-01-01,775148.3162245336
Asheville Regional Airport,US,NC,72315,KAVL,35.4333,-82.0333,660.0,America/New_York,1973-01-01,2024-08-12,1946-01-01,2024-12-30,1946-01-01,2022-01-01,776309.7620938281
Athens / Virginia Hill,US,TX,,KF44,32.1638,-95.8284,135.0,America/Chicago,2012-08-13,2024-08-12,2012-08-14,2022-04-24,2014-01-01,2022-01-01,778558.7342475348
Flippin,US,AR,,KFLP,36.2909,-92.5903,219.0,America/Chicago,2005-01-01,2024-08-12,2005-01-01,2022-04-24,2005-01-01,2022-01-01,781994.0520032949
Williamsburg-Whitley County Airport,US,KY,,KBYL,36.7954,-84.2013,359.0,America/New_York,2022-04-23,2024-08-12,2022-04-23,2022-04-25,,,782177.5663196752
Rutherfordton / Mount Vernon,US,NC,,KFQD,35.4282,-81.9351,328.0,America/New_York,2006-01-01,2024-08-12,2006-02-23,2022-04-24,2014-01-01,2022-01-01,782372.201024911
Mountain Home / Midway,US,AR,,KBPK,36.3689,-92.4705,283.0,America/Chicago,2006-01-01,2024-08-12,2006-01-01,2022-04-24,2006-01-01,2022-01-01,782989.2478038534
Middlesboro / Stony Fork Junction,US,KY,,K1A6,36.6106,-83.7374,352.0,America/New_York,2006-01-01,2024-08-12,2006-01-04,2022-03-09,2014-01-01,2021-01-01,783967.9497139727
Airglades Airport,US,FL,,K2IS,26.7352,-81.0511,6.0,America/New_York,2022-05-06,2024-08-09,,,,,784365.17830829
Marco Island / Old Marco Junction,US,FL,,KMKY,25.995,-81.6725,2.0,America/New_York,2012-07-28,2024-07-29,2012-08-31,2022-04-24,2013-01-01,2022-01-01,784579.4635447494
Charleston / Grimball Shores,US,SC,,KJZI,32.701,-80.0033,6.0,America/New_York,2013-01-01,2024-08-12,2013-01-01,2022-04-24,2015-01-01,2022-01-01,786132.4976060825
Sturgis,US,KY,,KTWT,37.5418,-87.9544,113.0,America/Chicago,1944-03-06,2024-08-12,1944-03-25,2022-04-24,1944-01-01,2022-01-01,787492.4579925911
"West Plains, Mo",US,MO,72348,,36.7333,-91.85,307.0,America/Chicago,,,1948-07-01,2024-08-06,1948-01-01,2022-01-01,788458.5560545236
Bay City / Caney,US,TX,,KBYY,28.9733,-95.8634,14.0,America/Chicago,2006-07-14,2024-08-12,2007-10-30,2022-04-24,2012-01-01,2022-01-01,788583.696131977
Gifford,US,FL,74793,KGIF,27.6561,-80.4181,44.0,America/New_York,2005-01-01,2024-08-12,1923-12-01,2024-12-30,1923-01-01,2022-01-01,788952.6384029889
Vero Beach / Palm Villa Mobile Home Park,US,FL,,KVRB,27.6556,-80.4179,7.0,America/New_York,2010-08-01,2024-08-12,2010-08-01,2022-04-24,2010-01-01,2022-01-01,788994.0270374501
Fort Chaffee / Burnville,US,AR,69050,KQCU,35.1667,-94.2,143.0,America/Chicago,1983-01-19,2020-01-14,,,,,789003.044470447
Chester / Dinber,US,SC,,KDCM,34.7893,-81.1958,200.0,America/New_York,2009-01-05,2024-08-12,2009-01-06,2022-04-24,2020-01-01,2022-01-01,789111.3230131483
Fort Smith Regional Airport,US,AR,72344,KFSM,35.3333,-94.0333,143.0,America/Chicago,1947-01-01,2024-08-12,1945-09-27,2024-12-30,1945-01-01,2022-01-01,789602.9934188039
Brazos 451 Oil Platform,US,TX,,KBQX,28.5,-95.72,24.0,America/Chicago,2022-04-23,2024-02-22,2022-04-23,2022-04-25,,,789644.0660548236
Charleston Airport,US,SC,72208,KCHS,32.9,-80.0333,14.0,America/New_York,1945-01-01,2024-08-12,1937-03-01,2024-12-29,1937-01-01,2022-01-01,789991.6255768926
Sulphur Springs,US,TX,,KSLR,33.1598,-95.6211,149.0,America/Chicago,2006-01-02,2024-08-12,2006-01-17,2022-04-24,2011-01-01,2022-01-01,790674.8940821055
Greeneville / Bradburn Hill,US,TN,,KGCY,36.193,-82.8151,490.0,America/New_York,2020-01-14,2024-08-12,2020-01-14,2022-04-24,2020-01-01,2022-01-01,791892.4028175428
Shelby / Shanghai,US,NC,,KEHO,35.2557,-81.6008,258.0,America/New_York,2006-01-01,2024-08-12,2006-02-16,2022-04-24,2012-01-01,2022-01-01,792136.7372591797
Somerset / Bourbon,US,KY,,KSME,37.0536,-84.6156,283.0,America/New_York,2006-01-01,2024-08-12,2006-01-02,2022-04-25,2011-01-01,2022-01-01,792597.5153756645
Charleston / Windsor Place,US,SC,,KNAO,32.85,-79.95,1.0,America/New_York,1973-02-01,1980-07-30,1973-07-02,1978-08-31,,,795713.7669095166
Paris / Sylvan,US,TX,,KPRX,33.6366,-95.4507,167.0,America/Chicago,2006-01-01,2024-08-12,2006-01-01,2022-04-24,2006-01-01,2021-01-01,796116.6304122091
Shaw Air Force Base,US,SC,74790,KSSC,33.9667,-80.4833,74.0,America/New_York,1941-12-22,2024-08-12,1941-12-23,2022-04-25,1942-01-01,2022-01-01,797097.8439317882
Moncks Corner / Oak Hill,US,SC,,KMKS,33.1855,-80.0362,22.0,America/New_York,2009-01-05,2024-08-12,2009-01-06,2022-04-24,2020-01-01,2022-01-01,800108.3335031939
Fort Pierce / Lakewood Park,US,FL,,KFPR,27.4975,-80.3726,7.0,America/New_York,2006-01-01,2024-08-12,2006-01-01,2022-04-24,2006-01-01,2022-01-01,800608.6716847738
Manning / Wyboo Plantation,US,SC,,KMNI,33.5871,-80.2087,31.0,America/New_York,2008-12-08,2024-08-12,2008-12-09,2022-04-23,2011-01-01,2022-01-01,801888.8592128005
Taylor County / Arista,US,KY,,KAAS,37.3583,-85.3094,281.0,America/New_York,2018-07-19,2024-08-12,2018-07-20,2022-04-24,2019-01-01,2021-01-01,802717.6770617922
West Plains / Pomona,US,MO,,KUNO,36.8784,-91.9027,374.0,America/Chicago,2006-01-01,2024-08-12,2006-01-01,2022-04-24,2006-01-01,2021-01-01,804856.3400248754
Camden / Arrowwood,US,SC,,KCDN,34.2836,-80.5649,92.0,America/New_York,2009-01-05,2024-08-12,2009-01-06,2022-04-24,2017-01-01,2022-01-01,807320.863069362
Sumter / Quinns Crossroad,US,SC,,KSMS,33.995,-80.3613,56.0,America/New_York,2009-01-05,2024-08-12,2009-01-06,2022-04-25,2015-01-01,2022-01-01,808543.59296756
Poteau / Sorrels,US,OK,,KRKR,35.0216,-94.6213,137.0,America/Chicago,2006-01-01,2024-08-12,2006-01-02,2022-04-24,2016-01-01,2022-01-01,809052.4341209284
Wharton / Mackay,US,TX,,KARM,29.2543,-96.1544,31.0,America/Chicago,2006-05-01,2024-08-12,2008-10-11,2022-04-24,2011-01-01,2022-01-01,809220.4211627569
Harrison / Francis,US,AR,72345,KHRO,36.2615,-93.1547,416.0,America/Chicago,1946-08-01,2024-08-12,1946-08-02,2024-12-30,1946-01-01,2022-01-01,809863.060140066
Lancaster / Grace,US,SC,,KLKR,34.7229,-80.8546,148.0,America/New_York,2009-01-05,2024-08-12,2009-01-06,2022-04-24,2010-01-01,2022-01-01,810501.9882412956
Owensboro / Rome,US,KY,,KOWB,37.7388,-87.1668,124.0,America/Chicago,2006-01-03,2024-08-12,2006-02-03,2022-04-24,2006-01-01,2022-01-01,811994.62474332
Mount Pleasant Reg-Faison / Philip,US,SC,,KLRO,32.8978,-79.7829,4.0,America/New_York,2008-12-08,2024-08-12,2008-12-09,2022-04-24,2020-01-01,2022-01-01,812194.1222686751
Rock Hill / Kimberly Woods,US,SC,,KUZA,34.9878,-81.0572,203.0,America/New_York,2006-01-01,2024-08-12,2006-01-01,2022-04-24,2006-01-01,2022-01-01,812324.1736530713
Jonesville / Cedar Hill,US,VA,,K0VG,36.6541,-83.2178,430.0,America/New_York,2010-09-21,2024-08-12,2010-09-22,2022-03-01,2011-01-01,2019-01-01,812601.6875800887
College Station / Spear,US,TX,,KCLL,30.5886,-96.3638,98.0,America/Chicago,2005-01-01,2024-08-12,2005-01-01,2022-04-24,2005-01-01,2022-01-01,812840.2810965236
Victoria Regional Airport,US,TX,72255,KVCT,28.8667,-96.1,35.0,America/Chicago,1941-11-04,2024-08-12,1941-11-04,2024-12-30,1953-01-01,2022-01-01,813828.4288065304
Brenham / Prairie Hill,US,TX,,K11R,30.2197,-96.3744,97.0,America/Chicago,2006-05-08,2024-08-12,2011-02-10,2022-03-09,,,815708.4245340785
London-Corbin / Sublimity City,US,KY,,KLOZ,37.0869,-84.0774,369.0,America/New_York,1991-03-21,2024-08-12,1996-09-20,2022-04-24,1999-01-01,2022-01-01,816083.0757674181
Henderson City / Geneva,US,KY,,KEHR,37.8078,-87.6857,118.0,America/Chicago,2006-01-01,2024-08-12,2006-01-01,2022-04-24,2008-01-01,2021-01-01,817227.156763234
Marion / Eden Park,US,IL,,KMWA,37.755,-89.0111,144.0,America/Chicago,2006-01-01,2024-08-12,2011-06-02,2022-04-24,2020-01-01,2022-01-01,817838.0561759516
Eagle Lake,US,TX,,KELA,29.6006,-96.3219,56.0,America/Chicago,2020-01-14,2024-08-12,2020-01-14,2022-04-23,2020-01-01,2022-01-01,818374.0279287234
Harrisburg / Raleigh,US,IL,,KHSB,37.8113,-88.5503,121.0,America/Chicago,2006-06-02,2024-08-12,2006-06-28,2022-04-24,2013-01-01,2022-01-01,819765.1472445877
Gastonia / Forest Brook,US,NC,,KAKH,35.2026,-81.1499,243.0,America/New_York,2006-01-01,2024-08-12,2006-01-01,2022-04-24,2006-01-01,2022-01-01,820073.7908994746
Hugo,US,OK,,KHHW,34.0348,-95.5419,174.0,America/Chicago,2012-02-06,2024-08-12,2012-02-07,2022-04-24,2014-01-01,2022-01-01,822809.1890586888
Elizabethtown Addington Field Airport,US,KY,,KEKX,37.686,-85.925,230.0,America/New_York,2022-04-23,2024-08-12,2022-04-23,2022-04-25,,,823301.3794869117
Carbondale / Murphysboro / De Soto,US,IL,,KMDH,37.7781,-89.252,125.0,America/Chicago,2006-01-01,2024-08-12,2006-01-01,2022-04-24,2006-01-01,2022-01-01,823489.5681613073
Bryan / Smetana,US,TX,74746,KCFD,30.6335,-96.4836,80.0,America/Chicago,2017-01-21,2024-08-12,1951-08-01,2024-12-30,1951-01-01,2022-01-01,824216.0435641118
Harlan / Loyall,US,KY,,KI35,36.8593,-83.3585,473.0,America/New_York,2014-07-31,2024-08-12,2014-08-06,2022-04-24,2020-01-01,2022-01-01,825087.61605873
Greenville / Center Point,US,TX,,KGVT,33.0678,-96.0653,163.0,America/Chicago,2006-07-20,2024-07-25,2010-12-19,2022-04-24,2016-01-01,2022-01-01,826348.8696471783
Corsicana / Mildred,US,TX,,KCRS,32.0281,-96.4006,137.0,America/Chicago,2006-01-01,2024-08-12,2006-01-01,2022-04-24,2006-01-01,2022-01-01,828619.0990118823
Stuart / Golden Gate,US,FL,,KSUA,27.1817,-80.2213,5.0,America/New_York,2006-01-01,2024-08-12,2017-09-18,2022-04-24,2020-01-01,2022-01-01,829855.7025286802
Palacios / Camp Hulen,US,TX,,KPSX,28.7275,-96.2509,4.0,America/Chicago,1946-08-01,2024-08-12,1946-08-02,2022-04-24,1946-01-01,2021-01-01,832039.8448896842
Terrell,US,TX,,KTRL,32.7092,-96.2674,145.0,America/Chicago,2006-01-01,2024-08-12,2006-01-01,2022-04-25,2006-01-01,2022-01-01,832899.219543945
Mexia / Forest Glade,US,TX,,KLXY,31.6412,-96.5145,166.0,America/Chicago,2013-08-29,2024-08-12,2013-09-08,2022-04-24,2014-01-01,2022-01-01,833007.6979136755
Morganton / Calico Place,US,NC,,KMRN,35.8202,-81.6114,387.0,America/New_York,2006-01-01,2024-08-12,2008-10-25,2022-04-25,2011-01-01,2022-01-01,833610.7062659202
Lebanon-Springfield Airport,US,KY,,K6I2,37.6352,-85.2418,264.0,America/New_York,2022-05-06,2024-08-06,,,,,833857.6294784802
Charlotte/Douglas International Airport,US,NC,72314,KCLT,35.214,-80.9431,228.0,America/New_York,1941-07-22,2024-08-12,1939-07-01,2024-12-30,1939-01-01,2022-01-01,835713.391049642
Branson / Ridgedale,US,MO,,KBBG,36.5321,-93.2005,397.0,America/Chicago,2009-02-01,2024-08-12,2009-02-01,2022-04-24,2020-01-01,2022-01-01,836046.7125013334
Robert R Wells Jr Airport,US,TX,,K66R,29.6411,-96.5158,74.0,America/Chicago,2022-05-06,2024-08-12,,,,,836232.3133125913
Hearne,US,TX,,KLHB,30.8721,-96.6222,87.0,America/Chicago,2006-06-06,2024-08-12,2011-02-11,2022-04-24,2011-01-01,2021-01-01,837472.5039563548
Kingstree / Brockington,US,SC,,KCKI,33.7172,-79.857,20.0,America/New_York,2009-01-05,2024-08-12,2009-01-06,2022-04-24,2020-01-01,2022-01-01,837511.0104676896
Lewisport / Adair,US,KY,,KKY8,37.9532,-86.8572,126.0,America/Chicago,2020-01-14,2024-08-12,2020-01-14,2022-04-24,2020-01-01,2022-01-01,838449.0231102441
Lincolnton / Goodsonville,US,NC,,KIPJ,35.4833,-81.1612,267.0,America/New_York,2006-02-16,2024-08-12,2010-05-04,2022-04-24,2010-01-01,2022-01-01,838917.0377228258
Bristol / Holston,US,TN,72335,KTRI,36.4752,-82.4074,463.0,America/New_York,1991-01-01,2024-08-12,1937-10-01,2024-12-30,1937-01-01,2022-01-01,839150.3806772741
Danville / Shelby City,US,KY,,KDVK,37.5776,-84.7695,312.0,America/New_York,2008-03-25,2024-08-12,2008-03-26,2022-04-24,2008-01-01,2022-01-01,841515.3536577031
Hickory / Longview,US,NC,72301,KHKY,35.7411,-81.3895,363.0,America/New_York,2005-01-01,2024-08-12,1949-01-01,2024-12-30,1949-01-01,2022-01-01,842213.2688096137
Evansville Regional,US,IN,72432,KEVV,38.0333,-87.5333,127.0,America/Chicago,1973-01-01,2024-08-12,1948-01-01,2024-12-30,1948-01-01,2022-01-01,842702.8413671536
Elizabethton Municipal Airport,US,TN,,K0A9,36.371,-82.173,486.0,America/New_York,2022-05-06,2024-08-12,,,,,843588.7569205031
Perryville Regional Airport,US,MO,,KPCD,37.8687,-89.8621,113.0,America/Chicago,2022-04-23,2024-08-12,2022-04-23,2022-04-26,,,843746.7699418081
Farmington,US,MO,,KFAM,37.761,-90.4286,288.0,America/Chicago,1995-02-10,2024-08-12,1995-02-11,2022-04-24,2006-01-01,2021-01-01,845031.3568394331
Caldwell,US,TX,,KRWV,30.5155,-96.7041,119.0,America/Chicago,2006-02-03,2024-08-12,2009-05-25,2022-04-24,2015-01-01,2022-01-01,845627.0412638048
Fort Knox,US,KY,72424,KFTK,37.9,-85.9667,230.0,America/New_York,1945-03-01,2024-08-12,1945-03-01,2022-04-25,1945-01-01,2022-01-01,845685.8517646359
Samuels Field / Bardstown,US,KY,,KBRY,37.8143,-85.4996,204.0,America/New_York,2017-12-07,2024-08-12,2017-12-07,2022-04-24,2020-01-01,2022-01-01,846433.7001179961
Monroe / Bakers,US,NC,,KEQY,35.0188,-80.6202,208.0,America/New_York,2006-01-01,2024-08-12,2006-01-01,2022-04-24,2006-01-01,2021-01-01,846708.0460103413
West Palm Beach / Delta,US,FL,,KF45,26.8459,-80.2224,7.0,America/New_York,2020-01-14,2024-08-12,2020-01-14,2022-04-24,2020-01-01,2021-01-01,847848.9497802879
Carmi / Epworth,US,IL,,KCUL,38.0895,-88.1231,118.0,America/Chicago,2006-03-13,2024-08-01,2008-06-05,2022-04-24,2011-01-01,2022-01-01,848661.9472404973
Hartsville / Glendale Acres,US,SC,,KHVS,34.4031,-80.1192,111.0,America/New_York,2009-04-03,2024-08-12,2009-04-04,2022-04-24,2015-01-01,2022-01-01,849502.4169550868
Fayetteville / Greenland,US,AR,,KFYV,36.0051,-94.1701,382.0,America/Chicago,1973-01-01,2024-08-12,1973-01-01,2022-04-24,1974-01-01,2021-01-01,849741.0760968173
Sallisaw,US,OK,,KJSV,35.4382,-94.8029,161.0,America/Chicago,2006-01-01,2024-08-12,2006-01-01,2022-04-24,2006-01-01,2022-01-01,850480.468898771
Rockwall,US,TX,,KF46,32.9306,-96.4355,175.0,America/Chicago,2012-08-13,2024-08-12,2012-08-14,2022-04-24,2014-01-01,2022-01-01,854734.1431050106
Bonham / White Shed,US,TX,,KF00,33.6131,-96.1793,188.0,America/Chicago,2020-01-14,2024-08-12,2020-01-14,2022-04-24,2020-01-01,2022-01-01,857161.0448416028
Mesquite / Markout,US,TX,,KHQZ,32.747,-96.5304,136.0,America/Chicago,2006-01-29,2024-08-12,2010-05-02,2022-04-24,2018-01-01,2022-01-01,857746.9024634892
Springdale,US,AR,,KASG,36.1764,-94.1193,412.0,America/Chicago,2006-01-07,2024-08-12,2020-03-19,2020-03-19,,,860067.6116784185
Boone / Blairmont,US,NC,,KTNB,36.2,-81.65,937.0,America/New_York,2005-01-06,2024-08-12,2005-04-28,2022-04-25,2015-01-01,2022-01-01,860999.4742271272
Stigler,US,OK,,KGZL,35.2891,-95.0939,183.0,America/Chicago,2009-03-12,2024-08-12,2009-03-13,2022-04-24,2009-01-01,2022-01-01,861275.7013561479
Richmond / Whites,US,KY,,KRGA,37.6308,-84.3323,305.0,America/New_York,2010-12-16,2024-08-12,2011-01-20,2022-04-24,2015-01-01,2021-01-01,861451.9020032736
Branson West,US,MO,,KFWB,36.6985,-93.4022,411.0,America/Chicago,2014-07-31,2024-08-12,2014-08-01,2022-04-24,2020-01-01,2022-01-01,861702.0037871539
Concord / Cox Mill,US,NC,,KJQF,35.3878,-80.7091,215.0,America/New_York,2006-01-01,2024-08-12,2006-01-01,2022-04-24,2020-01-01,2022-01-01,864316.9235042703
Palm Beach International,US,FL,72203,KPBI,26.6833,-80.1,6.0,America/New_York,1943-02-06,2024-08-12,1938-07-01,2024-12-30,1938-01-01,2022-01-01,867483.374552495
Georgetown / White Hall Estates,US,SC,,KGGE,33.3114,-79.3203,12.0,America/New_York,2009-05-10,2024-08-12,2009-05-10,2022-04-24,2015-01-01,2022-01-01,867515.4058988199
Huntingburg / Johnsburg,US,IN,,KHNB,38.249,-86.9537,161.0,America/Indiana/Vincennes,2006-01-01,2024-08-12,2006-01-01,2022-04-24,2006-01-01,2021-01-01,870219.3214186917
Lancaster / Wilmer,US,TX,,KLNC,32.5792,-96.7191,153.0,America/Chicago,2006-01-24,2024-08-12,2007-09-04,2022-04-24,2011-01-01,2022-01-01,870316.0499395712
Darlington / Gandy,US,SC,,KUDG,34.4494,-79.8901,59.0,America/New_York,2006-01-01,2024-08-12,2006-01-01,2022-04-24,2006-01-01,2021-01-01,870408.2798710647
Florence / Malibu,US,SC,,KFLO,34.1854,-79.7239,45.0,America/New_York,1973-01-01,2024-08-12,1973-01-01,2022-04-24,1999-01-01,2021-01-01,870507.0446330744
Cameron / Quinif,US,TX,,KT35,30.8794,-96.9711,123.0,America/Chicago,2012-05-01,2024-08-12,2012-05-01,2022-04-24,2014-01-01,2022-01-01,870778.5240921369
Sparta,US,IL,,KSAR,38.1489,-89.6988,164.0,America/Chicago,2006-01-23,2024-08-12,2011-05-28,2022-04-24,2015-01-01,2022-01-01,871130.5483001038
Statesville / Hickory Hills,US,NC,,KSVH,35.765,-80.9539,295.0,America/New_York,2006-01-01,2024-08-12,2006-04-15,2022-04-25,2014-01-01,2022-01-01,873443.0828692102
Lantana / Lake Osborne Trailer Ranch,US,FL,,KLNA,26.5931,-80.0851,4.0,America/New_York,2020-01-14,2024-08-12,2020-01-14,2022-02-21,2020-01-01,2022-01-01,873921.5444141198
La Grange / Plum,US,TX,,K3T5,29.908,-96.95,99.0,America/Chicago,2006-01-01,2024-08-12,2011-02-10,2022-03-09,,,874004.3578816734
Giddings,US,TX,,KGYB,30.1693,-96.98,148.0,America/Chicago,2005-11-28,2024-08-06,2008-09-07,2022-04-24,2012-01-01,2022-01-01,874166.1506731705
Port Lavaca / Sixmile,US,TX,,KPKV,28.6533,-96.6827,10.0,America/Chicago,2006-04-29,2024-08-10,2009-09-24,2022-04-24,2011-01-01,2022-01-01,874836.2921913395
Rogers / Pleasant Hill,US,AR,,KROG,36.3724,-94.107,414.0,America/Chicago,2006-01-01,2024-08-12,2006-01-02,2022-04-24,2011-01-01,2021-01-01,875086.3479830245
McKinney,US,TX,,KTKI,33.1779,-96.5905,179.0,America/Chicago,2006-01-01,2024-08-12,2006-01-01,2022-04-25,2006-01-01,2022-01-01,876642.9948958423
Wise / Hurricane,US,VA,,KLNP,36.9875,-82.53,818.0,America/New_York,2006-01-01,2024-08-12,2006-01-26,2022-04-24,2010-01-01,2022-01-01,877888.3020803509
Abington / Rust Hollow,US,VA,,KVJI,36.6871,-82.0333,636.0,America/New_York,2006-01-01,2024-08-12,2006-01-04,2022-04-25,2014-01-01,2022-01-01,878523.0822578735
Mount Vernon / Summersville,US,IL,,KMVN,38.3234,-88.8585,146.0,America/Chicago,2006-01-01,2024-08-12,2006-01-01,2022-04-24,2007-01-01,2021-01-01,878978.5597034802
Cheraw / Isgett Circle,US,SC,,KCQW,34.7129,-79.957,73.0,America/New_York,2009-01-05,2024-08-12,2009-01-06,2022-04-24,2014-01-01,2022-01-01,879446.1378757275
Bentonville,US,AR,,KVBT,36.3457,-94.2193,396.0,America/Chicago,2006-01-01,2024-08-12,2006-01-01,2022-04-24,2007-01-01,2022-01-01,879843.4075988678
Hazard / Engle,US,KY,,KCPF,37.3874,-83.2616,383.0,America/New_York,2020-04-29,2024-08-12,2020-04-29,2022-04-24,2020-01-01,2022-01-01,879856.2569631153
Burwell / Engle,US,NE,72555,KK20,37.3874,-83.2616,383.0,America/Chicago,,,2005-06-12,2024-12-30,2005-01-01,2022-01-01,879856.2569631153
Fayetteville / Castleville (Historical),US,AR,,KXNA,36.2819,-94.3068,393.0,America/Chicago,2006-01-01,2024-08-12,2006-01-01,2022-04-24,2006-01-01,2021-01-01,880210.8061083639
Standiford Field,US,KY,72423,KSDF,38.1833,-85.7333,151.0,America/Kentucky/Louisville,1973-01-01,2024-08-12,1948-01-01,2024-12-30,1948-01-01,2022-01-01,880986.299598268
Fairfield / Boyleston,US,IL,,KFWC,38.3786,-88.4127,132.0,America/Chicago,2006-01-02,2024-08-12,2011-04-05,2022-04-24,2015-01-01,2022-01-01,881872.947399159
Waco Regional Airport,US,TX,72256,KACT,31.6,-97.05,157.0,America/Chicago,1942-05-14,2024-08-12,1941-01-01,2024-12-30,1941-01-01,2022-01-01,882896.5741669966
Boca Raton / Floresta,US,FL,,KBCT,26.3785,-80.1077,4.0,America/New_York,2006-01-01,2024-08-12,2015-09-24,2015-11-29,,,884648.8113746
Siloam Springs / Lone Elm (Historical),US,AR,,KSLG,36.1919,-94.49,363.0,America/Chicago,2006-01-01,2024-08-12,2006-01-01,2022-04-24,2007-01-01,2021-01-01,884804.2377006083
Waxahachie / Sardis,US,TX,,KJWY,32.4562,-96.9127,217.0,America/Chicago,2006-05-16,2024-08-12,2006-08-31,2022-04-24,2014-01-01,2022-01-01,885005.1128500064
Dallas / Westwood Park,US,TX,,KRBD,32.6809,-96.8682,201.0,America/Chicago,2006-01-01,2024-08-12,2006-01-01,2022-04-25,2006-01-01,2022-01-01,886541.9617846385
Wadesboro / Pinkston,US,NC,,KAFP,35.0206,-80.0771,91.0,America/New_York,2007-05-21,2024-08-12,2007-05-22,2022-04-24,2009-01-01,2022-01-01,887972.7802186357
McAlester / Frink,US,OK,,KMLC,34.8824,-95.7835,235.0,America/Chicago,1953-07-01,2024-08-12,1953-07-02,2022-04-24,1953-01-01,2022-01-01,888059.2737606495
Calera,US,OK,74251,KDUA,33.94,-96.39,213.0,America/Chicago,2006-01-01,2024-08-12,2006-01-01,2022-04-25,2012-01-01,2022-01-01,889147.6853936563
Dallas / Oldham,US,TX,72258,KDAL,32.8471,-96.8518,148.0,America/Chicago,1946-07-26,2024-08-12,1939-08-01,2024-12-30,1939-01-01,2022-01-01,889642.5931949532
Fort Lauderdale / Twin Lakes (Historical),US,FL,,KFXE,26.1973,-80.1707,4.0,America/New_York,2006-01-01,2024-08-12,2006-01-01,2022-04-24,2006-01-01,2022-01-01,890460.0895202027
Atoka,US,OK,,KAQR,34.3983,-96.1481,180.0,America/Chicago,2020-01-14,2021-05-28,2020-01-14,2021-05-28,2020-01-01,2020-01-01,890819.5259448497
Springfield-Branson National,US,MO,72440,KSGF,37.2333,-93.05,386.0,America/Chicago,1973-01-01,2024-08-12,1940-08-01,2024-12-30,1940-01-01,2022-01-01,891514.847636362
Dallas / Addison,US,TX,,KADS,32.9686,-96.8364,196.0,America/Chicago,2006-01-01,2024-08-12,2020-01-14,2022-04-24,2020-01-01,2022-01-01,891842.261270623
Bennettville / Islay (Historical),US,SC,,KBBP,34.6217,-79.7344,45.0,America/New_York,2009-04-20,2024-08-12,2009-04-20,2022-04-24,2016-01-01,2022-01-01,892120.4647547666
Pompano Beach / Kendall Green,US,FL,,KPMP,26.2471,-80.1111,6.0,America/New_York,2006-01-01,2024-08-12,2006-01-01,2022-04-24,2006-01-01,2022-01-01,892334.7396341424
Jefferson / Nathans Creek,US,NC,,KGEV,36.4324,-81.4197,969.0,America/New_York,2006-01-01,2024-08-12,2006-03-05,2022-04-24,2014-01-01,2022-01-01,893926.8099111121
Lexington Blue Grass Airport,US,KY,72422,KLEX,38.0333,-84.6,299.0,America/New_York,1973-01-01,2024-08-12,1872-10-11,2024-12-30,1872-01-01,2022-01-01,894179.4000358314
Key West Naval Air Station,US,FL,,KNQX,24.5801,-81.6829,2.0,America/New_York,2022-04-23,2024-08-12,2022-04-24,2022-04-24,,,894372.6993761208
Hillsboro / Carls Corner,US,TX,,KINJ,32.0836,-97.0973,209.0,America/Chicago,2006-06-21,2024-08-12,2011-03-30,2022-04-24,2014-01-01,2022-01-01,894389.8403551014
Salisbury / Red Acres,US,NC,,KRUQ,35.6459,-80.5203,235.0,America/New_York,2005-01-01,2024-08-12,2005-02-17,2022-04-25,2011-01-01,2022-01-01,895380.509339602
Dallas / Lakeland Heights,US,TX,,KNBE,32.7333,-96.9667,150.0,America/Chicago,1941-08-05,1998-01-02,1941-08-06,1996-10-30,1941-01-01,1996-01-01,896885.5661247653
Hollywood / Pembroke Pines,US,FL,,KHWO,26.0012,-80.2407,2.0,America/New_York,2006-01-01,2024-08-12,2006-01-01,2022-04-24,2006-01-01,2022-01-01,897094.5490921242
Jackson Carroll Airport,US,KY,,KJKL,37.5914,-83.3144,421.0,America/New_York,2022-04-23,2024-08-12,2022-04-24,2022-04-26,,,897239.7543274653
North Wilkesboro / Knottville,US,NC,,KUKF,36.2228,-81.0983,397.0,America/New_York,2006-02-14,2024-08-12,2006-06-09,2022-04-25,2014-01-01,2022-01-01,897900.9166173395
Tahlequah,US,OK,,KTQH,35.9303,-95.0045,266.0,America/Chicago,2006-01-01,2024-08-12,2006-01-01,2022-04-24,2006-01-01,2022-01-01,899389.8870466719
Opa Locka Airport,US,FL,,KOPF,25.91,-80.2831,3.0,America/New_York,2022-04-23,2024-08-12,2022-04-24,2022-04-24,,,899556.1692851239
Fort Lauderdale,US,FL,74783,KFLL,26.0726,-80.1527,3.0,America/New_York,2005-01-01,2024-08-12,1945-03-01,2024-12-30,1945-01-01,2022-01-01,899752.7397245094
Jeffersonville / Cementville,US,IN,,KJVY,38.3654,-85.7382,145.0,America/Kentucky/Louisville,2020-01-14,2024-08-12,2020-01-14,2022-04-24,2020-01-01,2022-01-01,900587.8511706649
Frankfort / Choateville,US,KY,,KFFT,38.182,-84.9061,248.0,America/New_York,2006-01-01,2024-08-12,2006-01-01,2022-04-24,2006-01-01,2021-01-01,900797.8845590999
"Conway, Mo.",US,MO,74550,KTBN,37.5167,-92.7,390.0,America/Chicago,1963-03-20,2024-08-12,1963-03-21,2022-04-21,1963-01-01,2022-01-01,901558.4895766919
French Lick / Norton,US,IN,,KFRH,38.5062,-86.6369,241.0,America/Indiana/Indianapolis,2020-01-14,2024-08-12,2020-01-14,2022-04-24,2020-01-01,2022-01-01,901859.2305981697
Centralia,US,IL,,KENL,38.5151,-89.0911,163.0,America/Chicago,2006-04-01,2024-08-12,2011-06-16,2022-04-24,2014-01-01,2022-01-01,902544.4818398237
Marion / Country Club Estates,US,SC,,KMAO,34.1812,-79.3347,28.0,America/New_York,2009-01-05,2024-08-12,2009-01-06,2022-04-24,2020-01-01,2022-01-01,902605.5393090902
Grand Prairie / Florence Hill,US,TX,,KGPM,32.6988,-97.0469,179.0,America/Chicago,2006-01-01,2024-08-12,2010-04-11,2022-04-24,2020-01-01,2022-01-01,903261.974195284
Sherman / Pottsboro,US,TX,,KGYI,33.7141,-96.6737,228.0,America/Chicago,2006-02-02,2024-08-12,2006-02-14,2022-04-24,2014-01-01,2022-01-01,903844.4439217186
Conway / Cedar Grove,US,SC,,KHYW,33.8285,-79.1222,11.0,America/New_York,2009-05-10,2024-08-12,2009-05-10,2022-04-24,2011-01-01,2022-01-01,904933.4727193281
Rockingham / Highland Pines,US,NC,,KRCZ,34.8913,-79.7596,109.0,America/New_York,2006-10-24,2024-08-12,2006-10-31,2022-04-25,2009-01-01,2022-01-01,905047.3388134768
Miami / Country Walk,US,FL,,KTMB,25.6479,-80.4328,3.0,America/New_York,2006-01-01,2024-08-12,2006-01-01,2022-04-24,2006-01-01,2021-01-01,905093.682882395
Miami International Airport,US,FL,72202,KMIA,25.7833,-80.3167,4.0,America/New_York,1973-01-01,2024-08-12,1948-01-01,2024-12-30,1948-01-01,2022-01-01,905203.4410302412
Muskogee / Summit,US,OK,,KMKO,35.6577,-95.3616,186.0,America/Chicago,2006-01-01,2024-08-12,2006-01-01,2022-04-24,2006-01-01,2022-01-01,905318.3559391579
Monette Mo.,US,MO,72349,,36.8833,-93.9,437.0,America/Chicago,,,1972-09-01,2024-08-07,1972-01-01,2022-01-01,905508.7391647155
Mount Carmel / Sand Barrens,US,IL,,KAJG,38.6066,-87.7267,131.0,America/Chicago,2006-04-02,2024-08-12,2006-04-23,2022-04-24,2014-01-01,2022-01-01,905964.7815671429
Arlington / Southland Acres,US,TX,,KGKY,32.6639,-97.0943,191.0,America/Chicago,2006-01-01,2024-08-12,2006-01-01,2022-04-24,2006-01-01,2022-01-01,906679.0065028036
McGregor / South Bosque,US,TX,,KPWG,31.4849,-97.3165,180.0,America/Chicago,2006-01-01,2024-08-12,2006-01-01,2022-04-24,2006-01-01,2022-01-01,906857.9206154662
Albemarle / Palestine,US,NC,,KVUJ,35.4167,-80.1508,186.0,America/New_York,2006-01-01,2024-08-12,2006-03-19,2022-04-25,2010-01-01,2022-01-01,907015.1202821174
Dallas/Ft. Worth International  Airport,US,TX,72259,KDFW,32.9,-97.0333,184.0,America/Chicago,1973-01-01,2024-08-12,1948-01-01,2023-10-06,1948-01-01,2022-01-01,907536.5065048012
Lebanon / West Lebanon,US,MO,,KLBO,37.6483,-92.6524,403.0,America/Chicago,2017-06-30,2024-08-12,2017-07-01,2022-04-24,2020-01-01,2022-01-01,912026.7021501776
Temple / Morgans Point Resort,US,TX,,KTPL,31.1525,-97.4078,208.0,America/Chicago,2006-01-01,2024-08-12,2006-01-01,2022-04-24,2012-01-01,2021-01-01,913211.3929704486
Flora,US,IL,,KFOA,38.665,-88.4531,144.0,America/Chicago,2006-04-30,2024-08-12,2011-04-04,2022-04-24,2015-01-01,2022-01-01,913871.9152213696
Monett / Yonkerville,US,MO,,KHFJ,36.9062,-94.0128,400.0,America/Chicago,2009-02-01,2024-08-12,2009-02-01,2022-04-24,2009-01-01,2022-01-01,913897.0668423402
"Salem, Salem-Leckrone Airport",US,IL,72433,KSLO,38.6333,-88.95,175.0,America/Chicago,2007-08-13,2024-08-12,1915-07-01,2024-08-07,1915-01-01,2022-01-01,914105.504035306
Myrtle Beach Air Force Base,US,SC,74791,KMYR,33.6833,-78.9333,8.0,America/New_York,1942-11-01,2024-08-12,1942-11-02,2022-04-25,1942-01-01,2022-01-01,915325.7382484939
Taylor / Frame Switch,US,TX,,KT74,30.5726,-97.4432,183.0,America/Chicago,2020-01-14,2024-08-12,2020-01-14,2022-04-24,2020-01-01,2022-01-01,916182.7026341343
Mount Sterling / Reid Village,US,KY,,KIOB,38.0581,-83.9796,311.0,America/New_York,2012-05-31,2024-08-12,2012-06-01,2022-04-24,2014-01-01,2022-01-01,917406.0362804984
Belleville Airport,US,IL,,KBLV,38.55,-89.85,138.0,America/Chicago,2022-04-23,2024-08-12,2022-04-24,2022-04-25,,,917482.4603027874
Washington / Lettsville,US,IN,,KDCY,38.7004,-87.1297,143.0,America/Indiana/Vincennes,2013-08-26,2024-08-12,2013-08-28,2022-04-24,2014-01-01,2022-01-01,918830.6049260467
Olney / Pureton,US,IL,,KOLY,38.7218,-88.1764,147.0,America/Chicago,2006-04-09,2024-08-12,2006-04-26,2022-04-24,2014-01-01,2022-01-01,919077.2445819195
Homestead / Homestead Base,US,FL,,KHST,25.4884,-80.3837,2.0,America/New_York,1943-02-01,2024-08-12,1943-02-02,2022-04-24,1943-01-01,2022-01-01,919947.2099917129
Lexington / Green Needles,US,NC,,KEXX,35.7811,-80.3038,223.0,America/New_York,2006-01-01,2024-08-12,2006-02-22,2022-04-24,2014-01-01,2022-01-01,920039.1542314758
Georgetown Scott County Regional Airport,US,KY,,K27K,38.2344,-84.4347,288.0,America/New_York,2022-05-06,2024-08-12,,,,,920222.1589865601
Lawrenceville / Jackson,US,IL,,KLWV,38.7643,-87.6055,131.0,America/Chicago,2006-01-01,2024-08-12,2006-01-01,2022-04-25,2006-01-01,2021-01-01,923728.8243357263
Fort Worth / Oak Grove,US,TX,,KFWS,32.5652,-97.3081,213.0,America/Chicago,2006-06-18,2024-08-12,2012-10-16,2022-04-24,2020-01-01,2022-01-01,923802.1561130445
Pikeville,US,KY,72413,,37.4833,-82.5167,209.0,America/New_York,,,2004-05-20,2024-12-30,2004-01-01,2022-01-01,923822.2734829311
Richlands / Birmingham,US,VA,,KJFZ,37.0637,-81.7983,809.0,America/New_York,2014-07-31,2024-08-12,2014-08-06,2022-04-24,2020-01-01,2022-01-01,924147.2366160138
Rolla / Vichy,US,MO,72442,KVIH,38.1274,-91.7695,350.0,America/Chicago,2005-01-01,2024-08-12,1948-01-01,2024-12-30,1948-01-01,2022-01-01,924272.0555519881
Cahokia / Maplewood Park,US,IL,,KCPS,38.5707,-90.1562,126.0,America/Chicago,2006-01-01,2024-08-12,2006-01-01,2022-04-22,2006-01-01,2021-01-01,925633.0637456618
Marathon / Marathon Shores,US,FL,,KMTH,24.7262,-81.0514,2.0,America/New_York,2006-01-01,2024-08-12,2006-01-01,2022-04-24,2006-01-01,2021-01-01,926361.2669339436
Rockport / Copano Village,US,TX,,KRKP,28.0862,-97.0437,7.0,America/Chicago,2006-01-01,2024-08-12,2006-01-01,2022-04-24,2006-01-01,2022-01-01,927142.62387065
Pikeville / Blair Town,US,KY,,KPBX,37.5618,-82.5664,448.0,America/New_York,2014-09-23,2024-08-12,2014-09-25,2022-04-25,2020-01-01,2022-01-01,928668.3158869732
Austin / New Sweden,US,TX,,KEDC,30.3975,-97.5664,189.0,America/Chicago,2009-07-22,2024-08-10,2009-07-28,2022-04-24,2020-01-01,2022-01-01,928750.3592180054
Gonzales,US,TX,,KT20,29.5291,-97.4643,108.0,America/Chicago,2020-01-14,2024-08-12,2020-01-14,2022-04-13,2020-01-01,2022-01-01,928781.0390288987
Fort Worth,US,TX,72249,KFWD,32.8333,-97.3,196.0,America/Chicago,,,1948-08-01,2024-08-06,1948-01-01,2022-01-01,929805.9522541581
Cleburne / Lebanon,US,TX,,KCPT,32.3537,-97.4338,260.0,America/Chicago,2006-05-23,2024-08-12,2006-08-24,2022-04-24,2015-01-01,2022-01-01,930733.6474224149
Laurinburg / Floral College,US,NC,,KMEB,34.7919,-79.3658,66.0,America/New_York,2006-01-01,2024-08-12,2006-01-01,2022-04-24,2006-01-01,2021-01-01,930764.5697881936
Denton / Minchin,US,TX,,KDTO,33.2007,-97.198,196.0,America/Chicago,2006-01-01,2024-08-12,2006-01-01,2022-04-25,2006-01-01,2022-01-01,931396.5794677292
Grove,US,OK,,KGMJ,36.6068,-94.7386,253.0,America/Chicago,2006-01-01,2024-08-12,2006-01-01,2022-04-24,2006-01-01,2022-01-01,933057.6508467983
Hoffman,US,NC,,KHFF,35.0367,-79.4974,115.0,America/New_York,2006-01-03,2024-08-08,2007-04-12,2022-04-24,2008-01-01,2022-01-01,933846.1321230005
Fort Worth / Sansom Park,US,TX,74739,KFTW,32.8198,-97.3624,216.0,America/Chicago,2005-01-01,2024-08-12,1946-09-02,2024-08-06,1946-01-01,2022-01-01,935106.9651986886
Fort Worth / Haslet,US,TX,,KAFW,32.9876,-97.3188,220.0,America/Chicago,2006-01-01,2024-08-12,2006-01-01,2022-04-24,2006-01-01,2022-01-01,935788.8370754684
Marion / Groseclose,US,VA,,KMKJ,36.8949,-81.3499,780.0,America/New_York,2006-01-01,2024-08-12,2007-01-09,2022-04-24,2010-01-01,2022-01-01,935814.844390102
Corpus Christi International,US,TX,72251,KCRP,27.7667,-97.0167,13.0,America/Chicago,1946-08-01,2024-08-12,1946-08-01,2024-12-30,1946-01-01,2022-01-01,936674.7662472454
Key West Airport,US,FL,72201,KEYW,24.55,-81.1,1.0,America/New_York,1973-01-01,2024-08-12,1948-01-01,2024-12-30,1948-01-01,2022-01-01,936899.4659325463
North Myrtle Beach / Timber Ridge,US,SC,,KCRE,33.8118,-78.7239,9.0,America/New_York,1973-01-01,2024-08-12,1999-06-17,2022-04-24,2005-01-01,2021-01-01,938493.9531847213
Georgetown / Serenada,US,TX,,KGTU,30.6788,-97.6794,241.0,America/Chicago,2006-01-01,2024-08-12,2006-01-01,2022-04-24,2007-01-01,2022-01-01,938502.9117423546
Killeen / Lone Star,US,TX,,KILE,31.0858,-97.6865,259.0,America/Chicago,2006-01-01,2024-08-12,2006-01-01,2022-04-24,2009-01-01,2022-01-01,939459.6410379397
Austin / Del Valle,US,TX,74745,KAUS,30.1945,-97.6699,165.0,America/Chicago,1999-05-24,2024-08-12,1948-03-01,2024-12-30,1949-01-01,2022-01-01,940077.6384256867
"Fort Hood, Hood Aaf Ft Hood",US,TX,72257,KHLR,31.1333,-97.7,282.0,America/Chicago,1960-11-01,2024-08-12,1960-11-01,2024-05-26,1961-01-01,2020-01-01,940917.1895298196
Asheboro / Cedar Grove,US,NC,,KHBI,35.6545,-79.8948,204.0,America/New_York,2006-01-01,2024-08-12,2006-02-15,2022-04-24,2014-01-01,2022-01-01,941216.9007455099
Port Aransas / Mustang Beach,US,TX,69029,KRAS,27.8118,-97.0888,2.0,America/Indiana/Tell_City,2006-02-10,2024-08-12,2009-10-10,2022-04-25,2015-01-01,2022-01-01,941545.9585358758
Lambert-St Louis International  Airport,US,IL,72434,KSTL,38.75,-90.0333,184.0,America/Chicago,1973-01-01,2024-08-12,1938-04-01,2024-12-30,1938-01-01,2022-01-01,942606.5080951112
Pryor / Lusta,US,OK,,KH71,36.2254,-95.3301,190.0,America/Chicago,2020-01-14,2023-04-14,2020-01-14,2022-04-24,2020-01-01,2022-01-01,942962.6457357524
Big Sandy Regional Airport,US,KY,,KSJS,37.751,-82.6367,372.0,America/New_York,2022-04-23,2024-08-12,2022-04-23,2022-04-26,,,943002.9858520395
Camdenton / Hugo,US,MO,,KOZS,37.974,-92.6912,323.0,America/Chicago,2011-06-30,2024-08-12,2011-07-01,2022-04-24,2014-01-01,2015-01-01,945161.8164327991
Lumberton,US,NC,,KLBT,34.6099,-79.0594,38.0,America/New_York,1999-01-19,2024-08-12,1999-01-20,2019-01-28,2005-01-01,2018-01-01,946122.6718217966
St Louis / St. Louis / Stevens,US,MO,,KSUS,38.6621,-90.6521,141.0,America/Chicago,1973-01-01,2024-08-12,1986-11-08,2022-04-24,1987-01-01,2021-01-01,946629.5736481377
Gainesville / Lindsay,US,TX,,KGLE,33.6522,-97.1973,258.0,America/Chicago,2006-06-02,2024-07-22,2007-05-28,2022-04-24,2015-01-01,2022-01-01,946881.3817707219
Washington / Dutzow,US,MO,,KFYG,38.5876,-90.9938,149.0,America/Chicago,2012-02-09,2024-08-12,2012-02-10,2022-04-24,2016-01-01,2022-01-01,947604.5710538521
Clyde A. Thomas Regional Airport,US,KY,,KSYM,38.215,-83.5874,313.0,America/New_York,2022-04-23,2024-08-12,2022-04-23,2022-04-25,,,947692.9687744167
Camp Mabry/Austin City Asos,US,TX,72254,KATT,30.3167,-97.7667,201.0,America/Chicago,2000-01-01,2024-08-12,1938-06-01,2024-08-06,1938-01-01,2022-01-01,948437.3933407076
Okmulgee,US,OK,,KOKM,35.6681,-95.9487,220.0,America/Chicago,2006-01-01,2024-08-12,2006-01-01,2022-04-24,2006-01-01,2021-01-01,948680.1543865696
Madison / Antioch Grange,US,IN,,KIMS,38.7599,-85.4647,250.0,America/Indiana/Indianapolis,2020-01-14,2024-08-12,2020-01-14,2022-04-24,2020-01-01,2022-01-01,948833.9308349577
Ingleside / Millsville,US,TX,,KTFP,27.913,-97.2115,6.0,America/Chicago,2007-11-02,2024-08-12,2009-08-15,2022-04-24,2015-01-01,2022-01-01,949028.7347581529
Smith Reynolds Airport,US,NC,,KINT,36.1333,-80.2247,296.0,America/New_York,2022-04-23,2024-08-12,2022-04-24,2022-04-26,,,950058.1235677206
Kaiser / Passover,US,MO,,KAIZ,38.096,-92.5495,265.0,America/Chicago,2006-01-01,2024-08-12,2006-01-01,2022-04-24,2008-01-01,2022-01-01,951090.2949921051
Mount Airy / Boones Hill,US,NC,,KMWK,36.4597,-80.553,381.0,America/New_York,2006-01-01,2024-08-12,2009-10-31,2022-04-25,2014-01-01,2022-01-01,951589.0743980616
Robinson / Gordon,US,IL,,KRSV,39.016,-87.6498,141.0,America/Chicago,2006-09-08,2024-07-05,2011-03-31,2022-04-24,2014-01-01,2022-01-01,951609.2514396982
Gatesville,US,TX,,KGOP,31.4213,-97.797,276.0,America/Chicago,2005-01-06,2024-08-12,2005-09-29,2022-04-24,2012-01-01,2022-01-01,951774.8298106767
Killeen / Fort Hood / Montague Village,US,TX,,KGRK,31.0673,-97.8289,309.0,America/Chicago,1950-09-26,2024-08-12,1950-09-27,2022-04-24,1950-01-01,2021-01-01,952958.0304399537
Southern Pines / Warrior Woods,US,NC,,KSOP,35.2376,-79.3888,138.0,America/New_York,2006-01-01,2024-08-12,2006-01-01,2022-04-24,2009-01-01,2022-01-01,953833.1598755297
Ada / Hird,US,OK,,KADH,34.8043,-96.6712,310.0,America/Chicago,2006-01-02,2024-08-12,2006-01-14,2022-04-24,2009-01-01,2022-01-01,954155.5257998767
Vandalia / Shafter,US,IL,,KVLA,38.9915,-89.1662,164.0,America/Chicago,1973-01-01,1973-05-15,1973-01-02,1973-05-14,,,955914.9982015305
Hillsville / Five Forks,US,VA,,KHLX,36.7661,-80.8236,821.0,America/New_York,2006-01-01,2024-08-12,2006-01-04,2022-04-24,2014-01-01,2022-01-01,957676.7622598599
Claremore / Harmony Star,US,OK,,KGCM,36.2927,-95.4796,223.0,America/Chicago,2006-01-01,2024-08-12,2006-01-01,2022-04-24,2010-01-01,2022-01-01,958012.5086871291
Alton / Oakwood Heights,US,IL,,KALN,38.8899,-90.046,166.0,America/Chicago,2006-01-01,2024-08-12,2011-05-03,2022-04-24,2020-01-01,2022-01-01,958026.2766685411
Ardmore / Gene Autry,US,OK,,KADM,34.3043,-97.0206,237.0,America/Chicago,2006-01-01,2024-08-12,2006-03-31,2022-04-24,2020-01-01,2022-01-01,958587.3728507439
Whiteville / Brunswick,US,NC,,KCPC,34.2729,-78.715,30.0,America/New_York,2006-01-01,2024-08-12,2006-01-04,2022-04-24,2008-01-01,2022-01-01,958722.3365331134
Effingham County Memorial Airport,US,IL,,K1H2,39.0706,-88.5333,179.0,America/Chicago,2022-05-06,2024-08-12,,,,,959321.4376932675
Ardmore,US,OK,,K1F0,34.147,-97.1227,257.0,America/Chicago,2006-01-06,2024-08-12,2006-01-07,2022-03-09,,,960274.768574114
San Marcos / Reedville,US,TX,,KHYI,29.8927,-97.863,181.0,America/Chicago,2006-01-01,2024-08-12,2006-01-01,2022-04-24,2007-01-01,2022-01-01,961670.3349674902
Joplin / Airport Drive,US,MO,,KJLN,37.1518,-94.4983,299.0,America/Chicago,1973-01-01,2024-08-12,1973-01-01,2022-04-24,1999-01-01,2021-01-01,962712.992687006
Corpus Christi Naval Air Station,US,TX,,KNGP,27.6925,-97.2911,6.0,America/Chicago,2022-04-23,2024-08-12,2022-04-23,2022-04-26,,,964850.964320164
Miami / North Miami,US,OK,,KMIO,36.9092,-94.8875,246.0,America/Chicago,2020-01-14,2024-08-12,2020-01-14,2022-04-24,2020-01-01,2021-01-01,966337.4917705304
Lago Vista / South Jonestown Hills,US,TX,,KRYW,30.4986,-97.9695,375.0,America/Chicago,2008-08-30,2024-08-12,2009-11-15,2022-04-24,2015-01-01,2022-01-01,966843.0273060042
Piedmont Triad International  Airport,US,NC,72317,KGSO,36.1,-79.95,282.0,America/New_York,1945-11-01,2024-08-12,1928-11-01,2024-12-30,1928-01-01,2022-01-01,966972.5399150118
Decatur,US,TX,,KLUD,33.2542,-97.5805,319.0,America/Chicago,2006-01-01,2024-08-12,2006-02-12,2022-04-24,2011-01-01,2022-01-01,967210.4720016668
Granbury,US,TX,,KGDJ,32.4444,-97.8169,237.0,America/Chicago,2006-06-01,2024-08-06,2006-09-05,2022-04-24,2013-01-01,2022-01-01,967939.5630891324
St Charles / Beckett (Historical),US,MO,,KSET,38.9297,-90.43,133.0,America/Chicago,2006-01-01,2024-08-12,2006-01-01,2022-04-24,2006-01-01,2021-01-01,970153.0739992083
Falmouth / Greenwood,US,KY,,KK62,38.7041,-84.3918,274.0,America/New_York,2020-11-05,2024-08-12,2020-11-05,2022-04-24,2020-01-01,2022-01-01,970416.4644662428
Seguin,US,TX,,KSEQ,29.5658,-97.9083,160.0,America/Chicago,2020-01-14,2024-08-12,2020-01-16,2022-04-24,,,970642.0378121524
Bloomington / Kirby,US,IN,,KBMG,39.146,-86.6167,258.0,America/Indiana/Indianapolis,2006-01-01,2024-08-12,2006-01-01,2022-04-25,2006-01-01,2022-01-01,972637.7281450335
Siler City,US,NC,,KSCR,35.7045,-79.504,188.0,America/New_York,2011-12-15,2024-08-12,2011-12-16,2022-04-24,2012-01-01,2014-01-01,973318.4130202467
Flemingsburg / Marshall,US,KY,,KFGX,38.5418,-83.7434,278.0,America/New_York,2014-03-08,2024-08-12,2014-03-08,2022-04-24,2014-01-01,2022-01-01,974920.4453645414
Sinton / Corriente Estates Colonia,US,TX,,KT69,28.0386,-97.5425,15.0,America/Chicago,2020-09-15,2024-08-12,2020-09-15,2022-04-24,2020-01-01,2022-01-01,975228.3136893809
Tulsa / Jenks,US,OK,,KRVS,36.0396,-95.9846,195.0,America/Chicago,2006-01-01,2024-08-12,2006-01-01,2022-04-24,2006-01-01,2021-01-01,975718.3672676864
Bluefield / Littlesburg,US,WV,,KBLF,37.2958,-81.2077,871.0,America/New_York,2000-01-01,2024-08-12,2000-11-06,2022-04-24,2001-01-01,2022-01-01,977570.5430822121
Pope Air Force Base,US,NC,72303,KPOB,35.1667,-79.0333,61.0,America/New_York,1937-07-03,2024-08-12,1937-07-08,2022-04-25,1937-01-01,2022-01-01,977595.5908362413
Tulsa International Airport,US,OK,72356,KTUL,36.2,-95.8881,206.0,America/Chicago,1947-01-01,2024-08-12,1938-12-01,2024-12-30,1938-01-01,2022-01-01,979787.0921462307
Seminole,US,OK,,KSRE,35.2747,-96.6752,312.0,America/Chicago,2005-06-11,2024-08-12,2005-06-15,2022-04-24,2009-01-01,2022-01-01,980076.9465115885
Fayetteville / Tanglewood Estates,US,NC,,KFAY,34.9912,-78.8803,58.0,America/New_York,2006-01-01,2024-08-12,2006-01-01,2022-04-24,2006-01-01,2022-01-01,980250.3515758165
New Braunfels / Freiheit,US,TX,,KBAZ,29.7045,-98.0422,198.0,America/Chicago,1999-03-17,2024-08-12,1999-03-24,2022-04-24,2002-01-01,2022-01-01,981337.4912744961
Litchfield,US,IL,,K3LF,39.1625,-89.6746,210.0,America/Chicago,2006-01-03,2024-08-12,2011-04-16,2022-03-09,2011-01-01,2021-01-01,981426.3740528104
Kenedy Regional Airport,US,TX,,K2R9,28.825,-97.8656,88.0,America/Chicago,2022-05-06,2024-08-12,,,,,981937.5832846181
Fort Bragg / Simmons Army Airfield,US,NC,74693,KFBG,35.1333,-78.9333,74.0,America/New_York,1961-07-01,2024-08-12,1961-07-01,2022-04-25,1961-01-01,2022-01-01,983662.290557881
Windom,US,WV,72016,KI16,37.6,-81.55,544.0,America/New_York,2006-10-31,2024-08-12,2006-11-01,2022-04-25,2017-01-01,2022-01-01,984439.1393805537
Jefferson City / North Jefferson,US,MO,,KJEF,38.5912,-92.1561,167.0,America/Chicago,2006-01-01,2024-08-12,2006-01-01,2022-04-24,2006-01-01,2022-01-01,985143.8380271912
Elizabethtown / Mount Olive,US,NC,,KEYF,34.6018,-78.5793,40.0,America/New_York,2006-01-01,2024-08-12,2006-01-04,2022-04-24,2007-01-01,2022-01-01,985217.366790396
Bridgeport / Rickels,US,TX,,KXBP,33.1753,-97.8284,260.0,America/Chicago,2006-01-02,2024-08-12,2007-08-03,2022-04-25,2015-01-01,2022-01-01,987057.6716819567
Hamilton,US,TX,,KMNZ,31.6659,-98.1486,398.0,America/Chicago,2008-03-06,2024-08-12,2008-03-07,2022-04-24,2014-01-01,2022-01-01,987128.9167735574
Beeville / Salazar Heights Colonia,US,TX,,KBEA,28.3619,-97.791,83.0,America/Chicago,2008-10-29,2024-08-06,2009-08-12,2022-04-24,2014-01-01,2022-01-01,987860.1255662618
Logan County Airport,US,WV,,K6L4,37.8557,-81.9159,508.0,America/New_York,2022-05-06,2024-08-12,,,,,987954.1210607011
Lampasas / Radio Junction,US,TX,,KLZZ,31.1062,-98.1959,370.0,America/Chicago,2009-07-19,2024-04-03,2009-07-20,2022-04-24,2020-01-01,2022-01-01,988007.6163351287
Burnet / Gandy,US,TX,,KBMQ,30.7389,-98.2386,391.0,America/Chicago,2006-01-01,2024-08-12,2006-01-04,2022-04-24,2006-01-01,2022-01-01,991847.8464924287
Pauls Valley,US,OK,,KPVJ,34.7096,-97.2233,296.0,America/Chicago,2006-01-08,2024-08-12,2006-04-16,2022-04-24,2006-01-01,2022-01-01,994394.765323094
Columbus / Flat Rock Park,US,IN,72436,KBAK,39.2619,-85.8963,200.0,America/Indiana/Indianapolis,1990-02-08,2024-08-12,1949-07-06,2021-07-10,1949-01-01,1959-01-01,995191.5543577846
Bowie / Salona,US,TX,,K0F2,33.6017,-97.7756,335.0,America/Chicago,2014-07-31,2024-08-12,2014-08-02,2022-03-09,,,995815.8855903883
Dublin / Highland Park,US,VA,,KPSK,37.1373,-80.6785,642.0,America/New_York,1994-08-18,2024-08-12,1994-08-31,2022-04-24,2010-01-01,2022-01-01,996174.245826963
Sanford / Rosser,US,NC,,KTTA,35.5824,-79.1013,75.0,America/New_York,2006-01-01,2024-08-12,2006-01-01,2022-04-25,2014-01-01,2022-01-01,996222.6850515002
Sand Springs / Wekiwa,US,OK,,KOWP,36.1753,-96.1518,272.0,America/Chicago,2013-08-22,2024-08-12,2013-08-23,2022-04-24,2014-01-01,2022-01-01,996805.6388576519
Reidsville / Shiloh,US,NC,,KSIF,36.4372,-79.851,212.0,America/New_York,2006-10-24,2024-08-12,2006-10-30,2022-04-25,2011-01-01,2022-01-01,997393.8834363272
Burlington / Kellam Place,US,NC,,KBUY,36.0485,-79.4749,188.0,America/New_York,2006-01-01,2024-08-12,2006-01-01,2022-04-24,2006-01-01,2022-01-01,997553.8522550013
"Stephenville, Clark Field Municipal Airport",US,TX,72260,KSEP,32.2167,-98.1833,403.0,America/Chicago,1984-01-01,2024-08-12,1918-05-01,2024-08-06,1918-01-01,2022-01-01,997688.5013808149
Mineral Wells / Sturdivant,US,TX,,KMWL,32.7816,-98.0602,297.0,America/Chicago,1948-03-10,2024-08-12,1948-03-10,2022-04-24,1948-01-01,2021-01-01,997697.5742113241
Robstown / San Pedro,US,TX,,KRBO,27.7785,-97.6905,24.0,America/Chicago,2006-08-03,2024-08-12,2008-09-30,2022-04-24,2011-01-01,2022-01-01,998410.0437714029
Cincinnati/Northern Ky International,US,KY,72421,KCVG,39.05,-84.6667,273.0,America/New_York,1973-01-01,2024-08-12,1948-01-01,2024-12-30,1948-01-01,2022-01-01,998976.1735590961
Southport / Yaupon Beach,US,NC,,KSUT,33.9308,-78.0734,8.0,America/New_York,2005-01-01,2024-08-12,2005-01-01,2022-04-25,2010-01-01,2022-01-01,999387.193540731
Martinsville B Ridge Airport / Old Well Crossing,US,VA,,KMTV,36.6307,-80.0183,287.0,America/New_York,2006-01-01,2024-08-12,2006-01-07,2022-04-25,2010-01-01,2022-01-01,999894.8420250296
Terre Haute / Swalls,US,IN,72437,KHUF,39.4515,-87.3076,180.0,America/Indiana/Indianapolis,2005-01-01,2024-08-12,2003-11-18,2024-12-30,2004-01-01,2022-01-01,1001148.1121120531
Pittsburg / Lone Oak,US,KS,,KPTS,37.4495,-94.7311,290.0,America/Chicago,2010-01-13,2024-08-12,2010-04-15,2022-04-24,2015-01-01,2022-01-01,1001182.7669242375
Mattoon / Loxa,US,IL,,KMTO,39.4779,-88.2792,220.0,America/Chicago,2006-01-01,2024-08-12,2006-01-01,2022-04-24,2006-01-01,2022-01-01,1003410.8089625741
Marble Falls / Horseshoe Bay,US,TX,,KDZB,30.5271,-98.3588,333.0,America/Chicago,2009-06-06,2024-08-12,2009-08-08,2022-04-24,2015-01-01,2022-01-01,1003981.2972872099
Tri-State Airport,US,WV,72425,KHTS,38.3667,-82.55,252.0,America/New_York,1973-01-01,2024-08-12,1961-01-04,2024-12-30,1961-01-01,2022-01-01,1005381.5226821497
Shawnee,US,OK,,KSNL,35.3573,-96.9428,327.0,America/Chicago,2006-01-01,2024-08-12,2006-01-01,2022-04-24,2006-01-01,2022-01-01,1005664.2511659069
San Antonio / Universal City / Airport City,US,TX,,KRND,29.5289,-98.278,232.0,America/Chicago,1938-04-01,2024-08-12,1938-04-02,2022-04-25,1938-01-01,2021-01-01,1006619.5930023581
Warsaw / Lincoln,US,MO,,KRAW,38.3469,-93.3454,285.0,America/Chicago,2017-09-08,2024-08-12,2020-08-01,2022-04-24,2020-01-01,2022-01-01,1009841.7062523303
Columbia Regional Airport,US,MO,72445,KCOU,38.8167,-92.2167,271.0,America/Chicago,1973-01-01,2024-08-12,1969-11-01,2024-12-30,1965-01-01,2022-01-01,1010137.2946432823
Cincinnati / Columbia,US,OH,,KLUK,39.1033,-84.4186,147.0,America/New_York,1973-01-01,2024-08-12,1973-01-01,2022-04-24,1999-01-01,2022-01-01,1011426.2196116125
Erwin / Buies Creek,US,NC,,KHRJ,35.3802,-78.7322,62.0,America/New_York,2006-01-01,2024-08-12,2006-01-07,2022-04-24,2011-01-01,2022-01-01,1013136.9184946673
Batavia / Olive Branch,US,OH,,KI69,39.0784,-84.2102,257.0,America/New_York,2020-01-14,2024-08-12,2020-01-14,2022-04-24,2020-01-01,2022-01-01,1014904.2393497835
Ashland Regional Airport,US,KY,,KDWU,38.5545,-82.738,166.0,America/New_York,2022-04-23,2024-08-12,2022-04-24,2022-04-24,,,1015341.4003327313
Batesville / Enochsburg,US,IN,,KHLB,39.3445,-85.2583,297.0,America/Indiana/Indianapolis,2020-01-14,2024-08-12,2020-01-14,2022-04-24,2020-01-01,2022-01-01,1016225.5578488146
Taylorville / Hannon Mobile Home Park,US,IL,,KTAZ,39.5326,-89.3307,190.0,America/Chicago,2006-03-07,2024-08-12,2011-04-28,2022-04-24,2014-01-01,2022-01-01,1017435.7113564438
Chandler / Davenport,US,OK,,KCQB,35.7238,-96.8203,300.0,America/Chicago,2006-01-01,2024-08-12,2006-01-01,2022-04-24,2006-01-01,2022-01-01,1017440.590593353
Harrison / Simonsons (Historical),US,OH,,KI67,39.2589,-84.7743,178.0,America/New_York,2020-01-14,2024-08-12,2020-01-14,2022-04-24,2020-01-01,2022-01-01,1018333.1640467683
Live Oak County Airport,US,TX,,K8T6,28.3628,-98.1165,39.0,America/Chicago,2022-05-06,2024-08-12,,,,,1018465.5493021067
Blacksburg / Airport Acres,US,VA,,KBCB,37.2076,-80.4078,650.0,America/New_York,2006-01-01,2024-08-12,2006-01-04,2022-04-24,2010-01-01,2022-01-01,1018526.2688261326
Kingsville,US,TX,,KNQI,27.5045,-97.8083,15.0,America/Chicago,1973-01-01,2024-08-12,1973-01-01,2022-03-21,1981-01-01,2021-01-01,1019923.543725272
Clinton / South Clinton Mobile Home Park,US,NC,,KCTZ,34.9749,-78.3656,44.0,America/New_York,2006-01-01,2024-08-12,2006-02-23,2022-04-24,2014-01-01,2022-01-01,1020967.8298376375
Coffeyville / Avian,US,KS,,KCFV,37.094,-95.5719,230.0,America/Chicago,2006-01-01,2024-08-12,2006-01-01,2022-04-24,2006-01-01,2021-01-01,1023919.7564648222
San Antonio International  Airport,US,TX,72253,KSAT,29.5333,-98.4667,247.0,America/Chicago,1946-08-14,2024-08-12,1946-08-14,2024-12-30,1946-01-01,2022-01-01,1024606.2352446335
Greencastle / Edgewood Lake,US,IN,,K4I7,39.6336,-86.8138,257.0,America/Indiana/Indianapolis,2014-03-13,2022-04-23,2014-03-14,2022-04-23,2015-01-01,2015-01-01,1024614.9695188807
Raleigh County Mem Airport,US,WV,72412,KBKW,37.8,-81.1167,763.0,America/New_York,1973-01-01,2024-08-12,1963-05-15,2024-12-30,1963-01-01,2022-01-01,1025629.9536051865
Clinton / Alberta,US,MO,,KGLY,38.3566,-93.6842,251.0,America/Chicago,2009-05-11,2024-08-12,2009-05-11,2022-04-24,2011-01-01,2022-01-01,1026476.1653494625
Orange Grove / West Alfred Estates Colonia,US,TX,,KNOG,27.8968,-98.0436,78.0,America/Chicago,2011-03-01,2024-08-12,2011-03-03,2022-04-22,2012-01-01,2021-01-01,1026901.1762728115
Wilmington / The Palms Mobile Home Park,US,NC,72302,KILM,34.2706,-77.9026,10.0,America/New_York,1991-01-01,2024-08-12,1948-01-01,2024-08-06,1948-01-01,2022-01-01,1027518.2314724349
Paris / Wetzel,US,IL,,KPRG,39.7002,-87.6696,199.0,America/Chicago,2006-05-01,2024-08-12,2006-12-05,2022-04-24,2014-01-01,2022-01-01,1027635.7417214281
Cushing,US,OK,,KCUH,35.9499,-96.7731,282.0,America/Chicago,2006-01-01,2024-08-12,2006-01-04,2022-04-24,2015-01-01,2022-01-01,1027663.6687598305
Bartlesville,US,OK,,KBVO,36.7642,-96.0112,218.0,America/Chicago,2006-01-01,2024-08-12,2006-01-01,2022-04-24,2006-01-01,2022-01-01,1028185.0263800771
San Antonio / Bergs Mill,US,TX,,KSSF,29.337,-98.471,176.0,America/Chicago,1999-01-01,2024-08-12,1999-01-01,2022-04-24,2002-01-01,2022-01-01,1028433.0814396286
Hominy Municipal,US,OK,74643,KH92,36.4333,-96.3833,251.0,America/Chicago,,,2002-03-13,2024-12-30,2002-01-01,2022-01-01,1030719.8662331422
Alice / 665 Site Colonia,US,TX,,KALI,27.7409,-98.0269,54.0,America/Chicago,1946-08-01,2024-08-12,1946-08-02,2022-04-24,1946-01-01,2022-01-01,1030995.9306831212
South Padre Island,US,TX,,KSPL,26.07,-97.16,3.0,America/Chicago,2010-06-30,2017-01-03,2010-06-30,2016-12-30,,,1031345.3615807483
Mexico / Vandiver,US,MO,,KMYJ,39.1575,-91.8183,251.0,America/Chicago,2016-04-29,2024-08-12,2017-01-07,2022-04-24,2020-01-01,2022-01-01,1031586.0611436515
Shelbyville / Candleglo Village,US,IN,,KGEZ,39.5831,-85.8048,245.0,America/Indiana/Indianapolis,2006-01-01,2024-08-12,2006-01-01,2022-04-24,2006-01-01,2022-01-01,1031752.2423168458
Llano,US,TX,72011,KAQO,30.7845,-98.6603,336.0,America/Chicago,2005-01-05,2024-08-12,2005-07-08,2022-04-25,2015-01-01,2022-01-01,1032066.1201865885
Indianapolis / Greenwood,US,IN,,KHFY,39.6276,-86.088,251.0,America/Indiana/Indianapolis,2020-01-14,2024-08-11,2020-01-22,2022-04-24,2020-01-01,2022-01-01,1032250.5213135196
Comanche,US,TX,,KMKN,31.9203,-98.5992,423.0,America/Chicago,2006-03-01,2024-08-12,2007-08-25,2022-04-24,2014-01-01,2022-01-01,1032310.3498903108
Hamilton / Athlone (Historical),US,OH,,KHAO,39.3638,-84.5219,193.0,America/New_York,2006-01-01,2024-08-12,2006-01-01,2022-04-24,2006-01-01,2022-01-01,1036018.1866358778
Sedalia,US,MO,,KDMO,38.7074,-93.1759,277.0,America/Chicago,2006-01-01,2024-08-12,2006-01-01,2022-04-24,2006-01-01,2021-01-01,1036963.2332505733
San Saba County Municipal Airport,US,TX,,K81R,31.2357,-98.7177,382.0,America/Chicago,2022-05-06,2024-08-12,,,,,1038067.3054488064
San Antonio / Lackland Air Force Base,US,TX,,KSKF,29.3842,-98.5812,210.0,America/Chicago,1937-07-07,2024-08-12,1937-08-26,2022-04-24,1937-01-01,2021-01-01,1038108.0875677585
Parsons / Morehead,US,KS,,KPPF,37.3308,-95.5062,274.0,America/Chicago,2006-01-01,2024-08-12,2006-01-01,2022-04-24,2006-01-01,2021-01-01,1038223.1813322569
Norman / Max Westheimer,US,OK,72357,KOUN,35.2167,-97.45,357.0,America/Chicago,2006-01-01,2024-08-12,2006-01-01,2022-04-25,2015-01-01,2022-01-01,1038303.5683586207
Kingsville / Ella,US,TX,,KIKG,27.5509,-98.0309,40.0,America/Chicago,2020-01-14,2024-08-12,2020-01-14,2022-04-24,2020-01-01,2022-01-01,1038598.4341419938
Portsmouth / Wheelers Mill,US,OH,,KPMH,38.8405,-82.8473,202.0,America/New_York,2020-01-14,2024-07-26,2020-01-14,2022-04-25,2020-01-01,2022-01-01,1038793.8566295233
Ranger,US,TX,,K6P9,32.4301,-98.5946,449.0,America/Chicago,2022-05-06,2024-08-12,,,,,1039557.4854190833
Boonville / Windsor Place,US,MO,,KVER,38.9467,-92.6827,218.0,America/Chicago,2010-12-03,2024-08-12,2010-12-04,2022-04-25,2012-01-01,2022-01-01,1040492.1195230826
Raleigh-Durham International  Airport,US,NC,72306,KRDU,35.9,-78.7667,133.0,America/New_York,1945-11-01,2024-08-12,1944-05-18,2024-12-30,1944-01-01,2022-01-01,1040706.1193486971
Pleasonton / Pleasanton,US,TX,,KPEZ,28.9542,-98.52,131.0,America/Chicago,2007-06-04,2024-08-12,2010-05-14,2022-04-24,2014-01-01,2022-01-01,1041038.1160716105
Indianapolis International  Airport,US,IN,72438,KIND,39.7167,-86.1167,243.0,America/Indiana/Indianapolis,1942-10-06,2024-08-12,1942-10-06,2024-12-30,1942-01-01,2022-01-01,1041617.9454671753
Port Isabel / Holly Beach,US,TX,,KPIL,26.1662,-97.3459,6.0,America/Chicago,2005-01-01,2024-08-12,2005-01-01,2022-04-24,2005-01-01,2022-01-01,1042099.7944048945
Independence / Blake,US,KS,,KIDP,37.1584,-95.7784,252.0,America/Chicago,2010-06-04,2024-08-12,2010-06-05,2022-04-24,2011-01-01,2022-01-01,1042119.2039893523
Danville / Green Acres,US,VA,,KDAN,36.5729,-79.3361,174.0,America/New_York,1973-01-01,2024-08-12,1994-06-10,2022-04-24,2004-01-01,2022-01-01,1042703.2471495599
San Antonio Boerne Stage Field,US,TX,,K5C1,29.7239,-98.6946,422.0,America/Chicago,2022-05-06,2024-08-12,,,,,1043553.6517918225
Tinker Air Force Base,US,OK,72354,KTIK,35.4167,-97.3833,394.0,America/Chicago,1942-12-14,2024-08-12,1942-12-15,2022-04-25,1943-01-01,2021-01-01,1043621.5594093967
Oxford / McDonald,US,OH,,KOXD,39.5022,-84.7844,317.0,America/New_York,2020-01-14,2024-08-12,2020-01-14,2022-04-25,2020-01-01,2022-01-01,1043980.8772913706
Duncan / Dixie Park,US,OK,,KDUC,34.4713,-97.9599,340.0,America/Chicago,2006-01-01,2024-08-12,2006-01-01,2022-04-24,2006-01-01,2022-01-01,1045122.7803654697
Decatur / Long Creek,US,IL,,KDEC,39.8346,-88.8657,208.0,America/Chicago,2006-01-01,2024-08-12,2006-01-01,2022-04-24,2006-01-01,2022-01-01,1046255.3665179689
Roxboro / Cates,US,NC,,KTDF,36.2846,-78.9846,186.0,America/New_York,2006-02-17,2024-08-12,2008-03-24,2022-04-25,2015-01-01,2022-01-01,1048603.9410303708
Smithfield / Whitley Heights,US,NC,,KJNX,35.5409,-78.3903,50.0,America/New_York,2006-01-01,2024-08-12,2006-02-20,2022-04-24,2010-01-01,2022-01-01,1048888.6221021998
Yeager Airport,US,WV,72414,KCRW,38.3667,-81.6,299.0,America/New_York,1973-01-01,2024-08-12,1947-12-01,2024-12-30,1947-01-01,2022-01-01,1050310.5736906542
Graham (Young County) / Twin Mountains,US,TX,,KRPH,33.1107,-98.5548,342.0,America/Chicago,2006-01-02,2024-08-12,2006-01-19,2022-04-24,2014-01-01,2022-01-01,1050834.5274659032
Indianapolis / Clermont,US,IN,,KEYE,39.8308,-86.2944,251.0,America/Indiana/Indianapolis,2006-01-01,2024-08-12,2006-01-01,2022-04-24,2006-01-01,2022-01-01,1051819.424844641
Lebanon / Greentree Corners,US,OH,,KI68,39.4622,-84.2518,274.0,America/New_York,2020-01-14,2024-08-12,2020-01-14,2022-04-21,2020-01-01,2021-01-01,1053835.9818130485
Pittsfield / Sunny Hill,US,IL,,KPPQ,39.6389,-90.7784,216.0,America/Chicago,2006-07-02,2024-08-12,2011-04-16,2022-04-24,2011-01-01,2022-01-01,1054088.6049860134
Grayfield Mobile Home Park,US,NC,74692,KDPL,35.0,-77.97,42.0,America/New_York,2006-01-01,2024-08-12,2006-01-02,2022-04-25,2011-01-01,2022-01-01,1054511.1903172235
Roanoke Regional Airport,US,VA,72411,KROA,37.3167,-79.9667,358.0,America/New_York,1973-01-01,2024-08-12,1948-01-01,2024-12-30,1948-01-01,2022-01-01,1054836.5503031528
Knob Noster / Whiteman Air Force Base,US,MO,,KSZL,38.7303,-93.548,265.0,America/Chicago,1942-12-02,2024-08-12,1942-12-02,2022-04-24,1943-01-01,2021-01-01,1055432.5518340007
Springfield / Bando,US,IL,72439,KSPI,39.8442,-89.6781,182.0,America/Chicago,1973-01-01,2024-08-12,1901-01-01,2024-12-27,1901-01-01,2022-01-01,1056174.4799100424
Middletown / Harlan Park,US,OH,,KMWO,39.5318,-84.3964,198.0,America/New_York,2006-11-01,2024-08-12,2007-07-15,2022-04-25,2015-01-01,2022-01-01,1057138.8360051822
Jacksonville / Savage (Historical),US,IL,,KIJX,39.7746,-90.2383,190.0,America/Chicago,2006-08-21,2024-08-12,2011-04-15,2022-04-24,2014-01-01,2022-01-01,1057649.0698737781
Fredericksburg,US,TX,,KT82,30.2432,-98.9092,517.0,America/Chicago,2006-06-21,2024-08-12,2011-02-18,2022-04-24,2011-01-01,2022-01-01,1058445.4349917485
Indianapolis / Mount Comfort,US,IN,,KMQJ,39.8435,-85.8971,263.0,America/Indiana/Indianapolis,2020-01-14,2024-08-12,2020-01-14,2022-04-25,2020-01-01,2022-01-01,1058725.1368803831
Eastland,US,TX,,KETN,32.4149,-98.8097,448.0,America/Chicago,2020-01-14,2024-08-08,2020-01-14,2022-04-24,2020-01-01,2022-01-01,1059222.9576668965
Will Rogers World Airport,US,OK,72353,KOKC,35.3886,-97.6003,398.0,America/Chicago,1941-12-14,2024-08-12,1941-12-14,2024-12-30,1942-01-01,2022-01-01,1059351.3343003846
Falfurrias / Airport Road Addition Colonia,US,TX,,KBKS,27.206,-98.121,34.0,America/Chicago,2006-07-10,2024-08-12,2008-01-30,2022-04-24,2012-01-01,2022-01-01,1060910.209158185
Crawfordsville / North Union,US,IN,,KCFJ,39.9756,-86.9199,244.0,America/Indiana/Indianapolis,2020-01-14,2024-08-12,2020-01-14,2022-04-24,2020-01-01,2022-01-01,1061632.2028696167
"Wilmington, Oh.",US,OH,72426,KILN,39.4167,-83.8167,317.0,America/New_York,1943-08-01,2024-08-12,1943-08-18,2024-08-06,1943-01-01,2022-01-01,1062154.5096989623
Brownsville/South Padre Is,US,TX,72250,KBRO,25.9,-97.4231,7.0,America/Chicago,1947-01-01,2024-08-12,1898-12-01,2024-12-29,1898-01-01,2022-01-01,1063599.2655018598
Jackson / Keystone,US,OH,,KI43,38.9814,-82.5779,221.0,America/New_York,2020-01-14,2022-08-08,2020-01-14,2022-04-24,2020-01-01,2022-01-01,1063613.5110326093
Chanute,US,KS,,KCNU,37.6688,-95.4851,306.0,America/Chicago,1973-01-01,2024-08-12,1973-01-01,2022-04-24,1999-01-01,2021-01-01,1063915.3368598635
Stillwater,US,OK,,KSWO,36.1612,-97.0857,305.0,America/Chicago,2006-01-01,2024-08-12,2006-01-04,2022-04-24,2007-01-01,2021-01-01,1064093.5115414576
Brownwood / Early,US,TX,,KBWD,31.7936,-98.9565,423.0,America/Chicago,2006-04-02,2024-08-12,2009-01-31,2022-04-24,2010-01-01,2022-01-01,1064498.9106865271
Castroville,US,TX,,KCVB,29.3419,-98.8509,236.0,America/Chicago,2020-01-14,2024-08-12,2020-01-14,2022-04-24,2020-01-01,2022-01-01,1064661.5416729145
Harlingen / Santa Elena Colonia,US,TX,,KHRL,26.2285,-97.6544,11.0,America/Chicago,1942-03-01,2024-08-12,1942-03-02,2022-04-24,1942-01-01,2021-01-01,1065682.1440137269
Champaign / Savoy,US,IL,,KCMI,40.0388,-88.2778,230.0,America/Chicago,2006-01-01,2024-08-12,2006-01-01,2022-04-24,2006-01-01,2022-01-01,1065731.984776714
Indianapolis Metro Airport,US,IN,,KUMP,39.9354,-86.0451,247.0,America/Indiana/Indianapolis,2022-04-23,2024-08-12,2022-04-23,2022-04-26,,,1066609.8292703936
Kickapoo / Wichita Falls,US,TX,,KCWC,33.8606,-98.4904,306.0,America/Chicago,2009-03-17,2024-08-12,2011-04-01,2022-04-24,2011-01-01,2022-01-01,1067559.2130680073
Dayton / Oakwood Village,US,OH,,KMGY,39.589,-84.2249,292.0,America/New_York,2006-01-01,2024-08-12,2006-01-01,2022-04-24,2006-01-01,2022-01-01,1067906.8933213123
Richmond / Locust Grove,US,IN,,KRID,39.7561,-84.8427,347.0,America/Indiana/Indianapolis,2020-01-14,2024-08-12,2020-01-14,2022-04-25,2020-01-01,2022-01-01,1069698.874082645
Guthrie,US,OK,,KGOK,35.8513,-97.4161,326.0,America/Chicago,2006-01-01,2024-08-12,2006-01-01,2022-04-24,2006-01-01,2022-01-01,1070542.6090152413
Oklahoma City / Bethany,US,OK,,KPWA,35.5342,-97.6471,396.0,America/Chicago,2006-01-01,2024-08-12,2006-01-01,2022-04-24,2006-01-01,2022-01-01,1070848.277922234
Lewisburg / Maxwelton,US,WV,,KLWB,37.8583,-80.3995,701.0,America/New_York,2006-01-01,2024-08-12,2006-01-27,2022-04-24,2015-01-01,2021-01-01,1071609.4074924402
Wichita Falls Sheppard Afb,US,TX,72351,KSPS,33.9833,-98.4928,309.0,America/Chicago,1942-04-13,2024-08-12,1897-01-01,2024-12-30,1897-01-01,2022-01-01,1072027.2490358076
Warrensburg / Greendoor,US,MO,,KRCM,38.7842,-93.8029,243.0,America/Chicago,2007-10-16,2024-08-12,2007-10-17,2022-04-24,2009-01-01,2022-01-01,1072118.5123190787
Goldsboro / Sandy Springs,US,NC,,KGSB,35.3394,-77.9606,33.0,America/New_York,1943-06-01,2024-08-12,1943-08-12,2022-04-24,1943-01-01,2021-01-01,1072242.4555161989
Breckenridge / South Hanlon,US,TX,,KBKD,32.7188,-98.8916,391.0,America/Chicago,2009-07-11,2024-08-12,2009-08-07,2022-04-23,2014-01-01,2022-01-01,1072524.1955911084
Chickasha,US,OK,,KCHK,35.0974,-97.9677,351.0,America/Chicago,2006-01-01,2024-08-12,2006-01-01,2022-04-24,2014-01-01,2022-01-01,1074282.215512181
Iola / Bassett,US,KS,,KK88,37.8682,-95.3869,310.0,America/Chicago,2020-01-14,2024-08-12,2020-01-14,2022-04-24,2020-01-01,2022-01-01,1074333.5143895699
Indianapolis / Jolietville,US,IN,,KTYQ,40.0307,-86.2514,281.0,America/Indiana/Indianapolis,2014-01-01,2024-08-12,2014-01-01,2022-04-25,2014-01-01,2022-01-01,1074344.1278382526
Marshall,US,MO,,KMHL,39.0955,-93.2028,237.0,America/Chicago,2014-12-02,2024-08-12,2015-03-07,2022-04-24,2020-01-01,2022-01-01,1075861.8704883852
Jacksonville / Catherine Lake,US,NC,,KOAJ,34.8292,-77.6121,28.0,America/New_York,2006-01-01,2024-08-12,2006-01-01,2022-04-25,2009-01-01,2022-01-01,1076116.8162590535
Point Pleasant / Oldtown (Historical),US,WV,,K3I2,38.9146,-82.0986,196.0,America/New_York,2006-10-24,2022-12-28,2006-10-29,2022-03-09,2013-01-01,2020-01-01,1077787.8058835168
Kerrville / Shady Grove,US,TX,,KERV,29.9767,-99.0855,493.0,America/Chicago,2006-09-01,2024-08-12,2011-02-18,2022-04-24,2011-01-01,2022-01-01,1077867.2278951218
Gregory M Simmons Memorial Airport,US,TX,,KGZN,32.3658,-99.0237,522.0,America/Chicago,2022-04-23,2024-08-12,2022-04-23,2022-04-25,,,1078265.1620895546
Stoney Creek,US,NC,74694,KGWW,35.47,-77.97,41.0,America/New_York,2006-01-01,2024-08-12,2006-01-04,2024-12-30,2007-01-01,2022-01-01,1078297.3039490285
Oklahoma City / Piedmont,US,OK,,KHSD,35.6018,-97.7062,364.0,America/Chicago,2020-01-14,2024-08-06,2020-01-14,2022-04-24,2020-01-01,2022-01-01,1079175.918173627
Hannibal / Uva,US,MO,,KHAE,39.7252,-91.4439,234.0,America/Chicago,2012-11-15,2024-08-12,2012-11-19,2022-04-24,2017-01-01,2022-01-01,1079877.805012716
Louisburg / Royal,US,NC,,KLHZ,36.0233,-78.3303,113.0,America/New_York,2005-01-01,2024-08-12,2005-01-01,2022-04-24,2009-01-01,2022-01-01,1081189.7637056173
Harrisonville / Lone Tree,US,MO,,KLRY,38.6102,-94.3435,279.0,America/Chicago,2016-12-16,2024-08-12,2016-12-18,2022-04-24,2017-01-01,2022-01-01,1081948.1966044123
Yukon / Banner,US,OK,,KRCE,35.4881,-97.8236,413.0,America/Chicago,2009-03-26,2024-08-12,2009-03-26,2022-04-24,2016-01-01,2022-01-01,1082408.6291262084
Moberly,US,MO,,KMBY,39.4634,-92.4264,264.0,America/Chicago,2017-09-24,2024-08-12,2017-09-25,2022-04-24,2020-01-01,2022-01-01,1083161.1442326175
Danville / Campbell,US,IL,,KDNV,40.1997,-87.5955,212.0,America/Chicago,2006-01-03,2024-08-12,2007-12-05,2022-04-24,2015-01-01,2022-01-01,1083304.438133063
Jacksonville / Montford Point,US,NC,,KNCA,34.7084,-77.4397,8.0,America/New_York,1973-01-01,2024-08-12,1973-01-01,2022-04-24,1981-01-01,2021-01-01,1085223.0702882211
Dayton / Trebein,US,OH,,KI19,39.691,-83.992,289.0,America/New_York,2020-01-14,2023-11-29,2020-01-14,2022-04-24,2020-01-01,2022-01-01,1085303.481336714
Chestervale,US,IL,74467,KAAA,40.15,-89.33,178.0,America/Chicago,2006-06-22,2024-08-12,2008-04-27,2022-04-25,2014-01-01,2022-01-01,1085468.2720542783
South Boston / Five Forks,US,VA,,KW78,36.7094,-78.8483,128.0,America/New_York,2020-01-14,2024-08-12,2020-01-14,2022-04-25,2020-01-01,2022-01-01,1086427.0014803903
Oxford / Huntsboro,US,NC,,KHNZ,36.3616,-78.5292,160.0,America/New_York,2006-01-03,2024-08-12,2006-01-04,2022-04-24,2015-01-01,2022-01-01,1086931.308248053
Fort Sill,US,OK,72355,KFSI,34.6,-98.4,362.0,America/Chicago,1939-09-01,2024-08-12,1939-09-01,2022-04-25,1939-01-01,2021-01-01,1087851.2778672336
Washington Court House / Washington Oaks,US,OH,,KI23,39.5704,-83.4205,299.0,America/New_York,2020-01-14,2024-08-12,2020-01-14,2022-04-24,2020-01-01,2022-01-01,1090896.735470593
Chillicothe / Andersonville,US,OH,,KRZT,39.4404,-83.0231,221.0,America/New_York,2020-01-14,2024-08-12,2020-01-14,2022-04-25,2020-01-01,2022-01-01,1091710.716432533
Mount Sterling,US,IL,,KI63,39.9854,-90.8041,224.0,America/Chicago,2020-01-14,2024-08-12,2020-01-14,2022-04-24,2020-01-01,2022-01-01,1091851.1493134552
Anderson Municipal Airport,US,IN,,KAID,40.1061,-85.6098,280.0,America/Indiana/Indianapolis,2022-04-23,2024-08-12,2022-04-24,2022-04-24,,,1092045.3650012664
"Rantoul / Chanute Air Force Base, Il.",US,IL,72531,KTIP,40.3,-88.15,0.0,America/Chicago,2006-02-03,2024-08-12,2011-03-18,2022-04-25,2015-01-01,2022-01-01,1094436.2423936934
Hondo,US,TX,,KHDO,29.3597,-99.1767,284.0,America/Chicago,1942-09-15,2024-08-12,1942-09-16,2022-04-24,1943-01-01,2021-01-01,1095501.4539617393
Brady,US,TX,,KBBD,31.1793,-99.3239,557.0,America/Chicago,2006-01-04,2024-08-12,2011-02-12,2022-03-27,2018-01-01,2022-01-01,1095522.7424196901
Edinburg / Los Cerritos Colonia,US,TX,,KEBG,26.4417,-98.1222,23.0,America/Chicago,2006-05-10,2024-08-12,2008-01-28,2022-04-24,2015-01-01,2022-01-01,1096137.6085443534
El Reno / Powers,US,OK,,KRQO,35.4727,-98.0058,433.0,America/Chicago,2005-08-17,2024-07-29,2005-08-23,2022-04-24,2009-01-01,2022-01-01,1096172.7596586884
Weslaco / Olivarez Number 1 Colonia,US,TX,,KTXW,26.1776,-97.9731,21.0,America/Chicago,2006-04-02,2024-08-12,2007-11-05,2022-04-24,2015-01-01,2021-01-01,1096368.8278334555
Quincy / Burton,US,IL,72443,KUIN,39.9429,-91.1946,234.0,America/Chicago,1973-01-01,2024-08-12,1948-06-01,2024-12-30,1948-01-01,2022-01-01,1096451.1165054364
Frankfort / Jefferson,US,IN,,KFKR,40.2734,-86.5622,262.0,America/Indiana/Indianapolis,2020-01-14,2024-08-12,2020-01-14,2022-04-24,2020-01-01,2022-01-01,1097653.8181884629
Dayton / Wright-Patterson Air Force Base,US,OH,74570,KFFO,39.8333,-84.05,251.0,America/New_York,1936-05-01,2024-08-12,1937-10-02,2022-04-25,1937-01-01,2022-01-01,1098499.257464441
Clarksville / Blanks,US,VA,,KW63,36.5958,-78.5601,128.0,America/New_York,2020-01-14,2024-08-12,2020-01-14,2022-04-25,2020-01-01,2022-01-01,1099625.9232749154
Kinston / Mewborns Crossroads,US,NC,,KISO,35.3314,-77.6088,28.0,America/New_York,1973-06-08,2024-08-12,2005-01-01,2022-04-24,2020-01-01,2022-01-01,1100246.4784234504
Ohio University / Albany,US,OH,,KUNI,39.2119,-82.2293,234.0,America/New_York,2007-05-21,2024-08-12,2007-05-22,2022-04-25,2015-01-01,2022-01-01,1100639.085776846
Cox Dayton International,US,OH,72429,KDAY,39.9,-84.2167,308.0,America/New_York,1973-01-01,2024-08-12,1948-01-01,2024-12-30,1948-01-01,2022-01-01,1100844.0395688054
Ponca City,US,OK,,KPNC,36.7319,-97.0998,307.0,America/Chicago,1946-08-01,2024-08-12,1946-08-02,2022-04-24,1946-01-01,2010-01-01,1101768.237292995
Campbell County Airport,US,VA,,K0V4,37.1417,-79.0164,182.0,America/New_York,2022-05-06,2024-08-12,,,,,1104588.450030947
Lynchburg Regional Airport,US,VA,72410,KLYH,37.3167,-79.2,286.0,America/New_York,1973-01-01,2024-08-12,1944-08-01,2024-12-30,1944-01-01,2022-01-01,1104814.3527700785
Springfield / Hustead,US,OH,,KSGH,39.8403,-83.8402,320.0,America/New_York,1973-01-03,2024-08-12,2020-01-14,2022-04-24,2020-01-01,2022-01-01,1105382.493722945
Rocky Mount / Winstead Crossroads,US,NC,,KRWI,35.8563,-77.8919,48.0,America/New_York,2006-01-01,2024-08-12,2006-01-01,2022-04-24,2006-01-01,2022-01-01,1105396.2511037907
Coleman,US,TX,,KCOM,31.8411,-99.4036,517.0,America/Chicago,2011-02-08,2024-08-12,2011-02-09,2022-04-24,2014-01-01,2022-01-01,1107044.0284396447
Lafayette / Summit,US,IN,,KLAF,40.4123,-86.9369,185.0,America/Indiana/Indianapolis,1973-01-01,2024-08-12,1973-01-01,2022-04-24,1979-01-01,2022-01-01,1109897.1598972953
Muncie / Drew,US,IN,,KMIE,40.2425,-85.3958,286.0,America/Indiana/Indianapolis,2006-01-01,2024-08-12,2006-01-01,2022-04-24,2006-01-01,2022-01-01,1110655.9476972267
Hebbronville / Las Lomitas B Colonia,US,TX,,KHBV,27.3496,-98.7369,202.0,America/Chicago,2006-01-02,2024-08-12,2006-05-31,2022-04-24,2016-01-01,2022-01-01,1111682.718322052
Hot Springs / Healing Springs,US,VA,,KHSP,37.9514,-79.8339,1156.0,America/New_York,2006-01-01,2024-08-12,2006-01-15,2022-04-24,2010-01-01,2021-01-01,1113030.0981811276
Kansas City,US,MO,,KGVW,38.8442,-94.5603,0.0,America/Chicago,1954-03-27,2024-08-12,1954-03-28,2022-04-24,1954-01-01,1977-01-01,1114050.336220811
Lees Summit / Unity Village,US,MO,,KLXT,38.9597,-94.3714,306.0,America/Chicago,2006-01-01,2024-08-12,2006-01-01,2022-04-23,2006-01-01,2021-01-01,1115329.9862280688
Chase City / Spanish Grove,US,VA,,KCXE,36.7883,-78.5016,153.0,America/New_York,2020-01-14,2024-08-12,2020-01-14,2022-04-24,2020-01-01,2022-01-01,1116427.890458541
Bloomington/Normal Airport / Colonial Meadows,US,IL,,KBMI,40.4771,-88.9159,266.0,America/Chicago,2006-01-01,2024-08-12,2006-01-01,2022-04-24,2006-01-01,2022-01-01,1117791.605530822
Swansboro / Bogue,US,NC,,KNJM,34.6905,-77.0297,7.0,America/New_York,1987-05-04,2024-08-08,1992-05-07,2022-04-24,2008-01-01,2021-01-01,1119128.1187130744
Cotulla / Zamora Acres Colonia,US,TX,,KCOT,28.4567,-99.2183,145.0,America/Chicago,1973-01-01,2024-08-12,1973-01-02,2022-04-24,1981-01-01,2022-01-01,1119885.8577470519
McAllen / Francis Addition Colonia,US,TX,,KMFE,26.1758,-98.2386,33.0,America/Chicago,1973-01-01,2024-08-12,1973-01-02,2022-04-24,1999-01-01,2022-01-01,1119896.669843313
Blackwell / Tyner,US,OK,,KBKN,36.7451,-97.3496,314.0,America/Chicago,2009-03-12,2024-08-12,2009-03-13,2022-04-24,2020-01-01,2022-01-01,1120594.7272589994
Olathe / Morse,US,KS,,KOJC,38.8476,-94.7376,334.0,America/Chicago,2006-01-01,2024-08-12,2006-01-01,2022-04-24,2006-01-01,2021-01-01,1123292.025981171
Ottawa / B N Junction,US,KS,,KOWI,38.539,-95.2528,294.0,America/Chicago,2020-01-14,2024-08-12,2020-01-14,2022-04-24,2020-01-01,2022-01-01,1123318.597301152
Versailles / Needmore,US,OH,,KVES,40.2044,-84.5319,307.0,America/New_York,2010-03-08,2024-08-12,2010-03-09,2022-04-25,2015-01-01,2022-01-01,1124965.4025262808
"Lamont, Ok.",US,OK,74647,KEND,36.6833,-97.4667,306.0,America/Chicago,2006-01-03,2024-08-12,2007-01-13,2022-04-25,2007-01-01,2021-01-01,1125100.8963962265
London Madison County Airport,US,OH,,KUYF,39.9327,-83.462,330.0,America/New_York,2022-04-23,2024-08-12,2022-04-23,2022-04-26,,,1126709.810391127
Winfield / Tresham,US,KS,,KWLD,37.1686,-97.0375,354.0,America/Chicago,2006-01-01,2024-08-12,2006-01-01,2022-04-24,2006-01-01,2021-01-01,1127071.022005288
Sutton / McNutt,US,WV,,K48I,38.6871,-80.6521,389.0,America/New_York,2006-10-18,2024-08-12,2006-10-19,2007-12-03,,,1128026.7675455853
Lt. William M. Milliken Airport,US,KS,,K13K,37.8516,-96.292,368.0,America/Chicago,2022-05-06,2024-08-12,,,,,1128169.2430227343
Frederick,US,OK,,KFDR,34.3667,-98.9833,386.0,America/Chicago,2006-01-01,2024-08-12,2006-01-02,2022-04-24,2010-01-01,2021-01-01,1128596.0869306757
Olathe / Clare,US,KS,72447,KIXD,38.8309,-94.8903,331.0,America/Chicago,1978-11-24,2024-08-12,1945-03-01,2024-08-06,1945-01-01,2022-01-01,1129623.3385407985
Burlington / Sharpe,US,KS,,KUKL,38.3025,-95.725,358.0,America/Chicago,2005-04-27,2024-08-12,2005-05-04,2022-04-24,2020-01-01,2022-01-01,1130021.420790976
Enid Woodring Regional Airport,US,OK,,KWDG,36.3792,-97.7911,356.0,America/Chicago,2022-04-23,2024-08-12,2022-04-24,2022-04-26,,,1130247.912511107
Kokomo / Vermont,US,IN,,KOKK,40.5282,-86.059,253.0,America/Indiana/Indianapolis,2006-01-01,2024-08-12,2006-01-01,2022-04-24,2006-01-01,2022-01-01,1131488.1809571874
Marion / Kiley,US,IN,,KMZZ,40.4899,-85.6797,262.0,America/Indiana/Indianapolis,2010-01-14,2024-08-12,2010-01-15,2022-04-25,2014-01-01,2022-01-01,1132770.6782037825
Columbus / Lockbourne,US,OH,,KLCK,39.8138,-82.9278,227.0,America/New_York,1942-08-01,2024-08-12,1942-08-19,2022-04-24,1942-01-01,2021-01-01,1132773.880176191
Greenville / Usar Center,US,NC,,KPGV,35.6352,-77.3853,8.0,America/New_York,2005-01-01,2024-08-12,2005-02-12,2022-04-25,2013-01-01,2022-01-01,1133638.0168573512
Columbus / West Grove,US,OH,,KTZR,39.9,-83.1333,280.0,America/New_York,2006-01-01,2024-08-12,2006-11-14,2022-04-24,2020-01-01,2022-01-01,1134291.4759056834
New Bern / Circle L Mobile Home Park,US,NC,,KEWN,35.073,-77.0429,6.0,America/New_York,1973-01-01,2024-08-12,1973-01-01,2022-04-24,1999-01-01,2022-01-01,1134528.9449418439
Newport,US,NC,72305,KMHX,34.7833,-76.8833,11.0,America/New_York,1996-05-16,2004-10-08,,,,,1135390.0635238169
Tarboro / Belvedere,US,NC,,KETC,35.9373,-77.5465,16.0,America/New_York,2010-11-22,2024-08-12,2010-11-23,2022-04-24,2014-01-01,2022-01-01,1136879.2029984146
Lancaster / Hooker,US,OH,,KLHQ,39.7556,-82.6571,265.0,America/New_York,2006-01-01,2024-08-12,2006-01-01,2022-04-24,2006-01-01,2022-01-01,1136908.1300487767
Urbana / McKeever Mobile Home Park,US,OH,,KI74,40.1326,-83.7535,326.0,America/New_York,2020-01-14,2024-08-12,2020-01-14,2022-04-24,2020-01-01,2022-01-01,1138413.8040926433
Kimble County Airport,US,TX,74740,KJCT,30.5167,-99.7667,533.0,America/Chicago,1977-08-27,2024-08-12,1948-01-01,2024-08-06,1948-01-01,2022-01-01,1138763.741595335
Abilene Regional Airport,US,TX,72266,KABI,32.4167,-99.6833,546.0,America/Chicago,1946-08-01,2024-08-12,1946-08-01,2024-12-30,1946-01-01,2022-01-01,1140375.95347119
"Cherry Point, Marine Corps Air Station",US,NC,72309,KNKT,34.8833,-76.8667,8.0,America/New_York,1973-01-01,2024-08-12,1945-03-01,2023-06-20,1945-01-01,2022-01-01,1140997.861047872
Kansas City / Harlem,US,MO,,KMKC,39.1232,-94.5928,230.0,America/Chicago,1990-02-08,2024-08-12,1990-02-09,2022-04-24,2005-01-01,2021-01-01,1141119.1111990446
Portland,US,IN,,KPLD,40.4516,-84.989,282.0,America/Indiana/Indianapolis,2020-01-14,2024-08-12,2020-01-14,2022-04-18,2020-01-01,2022-01-01,1141199.738305769
South Hill / Brodnax,US,VA,,KAVC,36.6883,-78.0545,134.0,America/New_York,2006-01-01,2024-08-12,2006-01-04,2022-04-24,2015-01-01,2022-01-01,1142460.1630390687
Bunker Hill / Grissom Air Force Base,US,IN,,KGUS,40.6481,-86.1521,248.0,America/Indiana/Indianapolis,2006-01-01,2024-08-12,2008-01-09,2022-04-24,2008-01-01,2021-01-01,1143489.8316745195
Monticello / Cedar Point,US,IN,,KMCX,40.7088,-86.7668,206.0,America/Indiana/Indianapolis,2020-01-14,2024-08-12,2020-01-14,2022-04-24,2020-01-01,2022-01-01,1143998.3702229105
Macomb / Good Hope,US,IL,,KMQB,40.5201,-90.6524,215.0,America/Chicago,2006-02-01,2024-08-12,2006-02-15,2022-04-24,2012-01-01,2022-01-01,1146325.724005307
Greater Peoria Regional Airport,US,IL,72532,KPIA,40.6667,-89.6839,201.0,America/Chicago,1973-01-01,2024-08-12,1943-05-04,2024-12-30,1943-01-01,2022-01-01,1146562.932180436
Mosby,US,MO,,KGPH,39.3325,-94.3096,237.0,America/Chicago,2012-08-21,2024-08-12,2012-08-21,2022-04-24,2016-01-01,2022-01-01,1147035.421271055
Logansport,US,IN,,KGGP,40.7113,-86.3727,225.0,America/Indiana/Indianapolis,2011-10-28,2024-08-12,2011-10-29,2022-04-24,2012-01-01,2022-01-01,1147925.9565604306
Parkersburg / Parkeresburg [Misspelling] / Brierwood,US,WV,,KPKB,39.3451,-81.4392,262.0,America/New_York,1990-02-08,2024-08-12,1990-02-09,2022-04-24,2001-01-01,2022-01-01,1148456.49450571
Vernon / Hinds,US,TX,,KF05,34.2257,-99.2837,386.0,America/Chicago,2006-01-02,2024-08-12,2006-03-29,2022-04-24,2020-01-01,2022-01-01,1149629.866974607
Watonga,US,OK,,KJWG,35.8647,-98.4207,473.0,America/Chicago,2006-01-01,2024-08-12,2006-01-01,2022-04-24,2007-01-01,2022-01-01,1149768.5939772618
Kenbridge / Plymouth,US,VA,,KW31,36.9601,-78.185,160.0,America/New_York,2020-01-14,2024-08-12,2020-01-14,2022-04-24,2020-01-01,2022-01-01,1150435.3993160385
Kirksville / Millard,US,MO,,KIRK,40.0935,-92.5449,294.0,America/Chicago,1973-01-01,2024-08-12,1973-01-01,2022-04-24,2004-01-01,2022-01-01,1151486.0793841751
Roanoke Rapids / Allen Grove,US,NC,,KIXA,36.3298,-77.6352,44.0,America/New_York,2009-07-22,2024-08-12,2009-07-23,2022-04-24,2009-01-01,2022-01-01,1152169.2078444196
Beaufort / Steep Pines Fork,US,NC,,KMRH,34.7336,-76.6606,3.0,America/New_York,2006-01-01,2024-08-12,2006-01-01,2022-04-24,2006-01-01,2021-01-01,1152270.1031983308
Uvalde / Brice Lane Colonia,US,TX,,KUVA,29.2113,-99.7436,287.0,America/Chicago,2006-04-07,2024-08-12,2006-11-05,2022-04-24,2011-01-01,2022-01-01,1152455.1599761944
Roanoke Rapids / South Rosemary,US,NC,,KRZZ,36.4395,-77.7093,78.0,America/New_York,2006-01-01,2009-06-25,2006-01-01,2009-06-24,2006-01-01,2009-01-01,1152988.5920472038
Weatherford / Dead Women Crossing,US,OK,,KOJA,35.5448,-98.6685,489.0,America/Chicago,2007-11-14,2024-08-12,2007-11-15,2022-04-24,2011-01-01,2022-01-01,1153261.5780066485
Columbus / Linworth,US,OH,,KOSU,40.0798,-83.073,276.0,America/New_York,2006-01-01,2024-08-12,2006-01-01,2022-04-24,2006-01-01,2022-01-01,1154664.6647881835
El Dorado / Prospect,US,KS,,KEQA,37.7741,-96.8176,420.0,America/Chicago,2020-01-14,2024-08-12,2020-01-14,2022-04-24,2020-01-01,2022-01-01,1155954.4237704556
Abilene / Tye,US,TX,69019,KDYS,32.4198,-99.8554,545.0,America/Chicago,1943-12-01,2024-08-12,1943-12-02,2022-04-25,1944-01-01,1996-01-01,1156428.4126833687
Keokuk / Skyview Mobile Home Park,US,IA,,KEOK,40.4599,-91.4285,205.0,America/Chicago,2006-01-01,2024-07-21,2006-01-01,2022-04-24,2016-01-01,2022-01-01,1157237.2054441897
Warren Field Airport,US,NC,,KOCW,35.5706,-77.0497,12.0,America/New_York,2022-04-23,2024-08-12,2022-04-23,2022-04-24,,,1157436.2890628118
Hobart / Babbs,US,OK,,KHBR,34.9913,-99.0514,476.0,America/Chicago,1973-01-01,2024-08-12,1973-01-01,2022-04-23,1999-01-01,2022-01-01,1159417.5569141824
Farmville / Reeds,US,VA,,KFVX,37.3575,-78.4378,127.0,America/New_York,2006-01-01,2024-08-10,2006-10-21,2022-04-24,2015-01-01,2022-01-01,1159452.462747588
Emporia / Genes Mobile Home Park,US,KS,,KEMP,38.3306,-96.1899,368.0,America/Chicago,1973-01-01,2024-08-12,1973-01-01,2022-04-24,2005-01-01,2021-01-01,1159811.9676187038
Marysville / Countryside Mobile Home Park,US,OH,,KMRT,40.2247,-83.3516,311.0,America/New_York,2009-07-21,2024-08-12,2009-07-22,2022-04-25,2011-01-01,2022-01-01,1160326.6920823397
Wapakoneta / New Knoxville,US,OH,,KAXV,40.4936,-84.2981,278.0,America/New_York,2020-01-14,2024-08-12,2020-01-14,2022-04-24,2020-01-01,2022-01-01,1161502.7647976445
Bellefontaine / McMorran,US,OH,,KEDJ,40.3723,-83.8192,342.0,America/New_York,2011-05-12,2024-08-12,2011-05-13,2022-04-24,2012-01-01,2021-01-01,1161544.7093387689
Wellington,US,KS,,KEGT,37.3236,-97.3883,389.0,America/Chicago,2022-04-23,2024-08-12,,,,,1162100.3858494784
Chillicothe,US,MO,,KCDJ,39.8233,-93.5792,234.0,America/Chicago,2006-01-01,2024-08-12,2006-01-01,2022-04-24,2006-01-01,2021-01-01,1162437.9263797707
Lawrence / Midland,US,KS,,KLWC,39.0111,-95.2165,254.0,America/Chicago,2006-01-01,2024-08-12,2006-01-01,2022-04-24,2006-01-01,2021-01-01,1162608.670763122
Topeka Billard Municipal Airport,US,KS,72456,KTOP,39.0667,-95.1333,269.0,America/Chicago,1973-01-01,2024-08-12,1946-08-01,2024-12-29,1946-01-01,2022-01-01,1163204.9572999582
Altus Air Force Base,US,OK,72352,KLTS,34.65,-99.2667,420.0,America/Chicago,1943-02-01,2024-08-12,1943-02-02,2022-04-25,1943-01-01,2021-01-01,1163773.2033665716
Kansas City International Airport,US,MO,72446,KMCI,39.2972,-94.7306,313.0,America/Chicago,1973-01-01,2024-08-12,1972-10-01,2024-12-30,1972-01-01,2022-01-01,1163789.406159666
Wichita Mid-Continent Airport,US,KS,72450,KICT,37.65,-97.1,406.0,America/Chicago,1973-01-01,2024-08-12,1953-12-01,2024-12-30,1951-01-01,2022-01-01,1165498.3814543781
Pontiac / Cayuga,US,IL,,KPNT,40.9244,-88.6239,203.0,America/Chicago,2006-09-26,2024-08-12,2011-03-18,2022-04-24,2015-01-01,2022-01-01,1165527.7134774798
Lawrenceville / Edgerton,US,VA,,KLVL,36.7728,-77.7943,100.0,America/New_York,2014-06-25,2024-08-12,2014-06-27,2022-04-24,2016-01-01,2022-01-01,1166914.8053585
Rensselaer,US,IN,,KRZL,40.9479,-87.1826,213.0,America/Chicago,2011-05-16,2024-08-12,2011-05-17,2022-04-24,2020-01-01,2022-01-01,1167873.6029623759
"Laredo, Laredo International Airport",US,TX,72252,KLRD,27.5333,-99.45,155.0,America/Chicago,2008-11-24,2024-08-12,1965-03-15,2024-08-06,1965-01-01,2022-01-01,1170992.041851175
Newark / Central City (Historical),US,OH,,KVTA,40.0247,-82.4618,269.0,America/New_York,2006-01-01,2024-08-12,2006-01-01,2022-04-24,2006-01-01,2022-01-01,1171116.5773456995
Crewe,US,VA,,KW81,37.181,-78.0983,128.0,America/New_York,2020-01-14,2024-08-12,2020-01-14,2022-04-25,2020-01-01,2022-01-01,1171214.2911044569
Altus / Welon,US,OK,,KAXS,34.6988,-99.3385,437.0,America/Chicago,2005-05-24,2024-08-12,2005-05-25,2022-04-24,2009-01-01,2022-01-01,1171822.5621517545
Delaware / Sunnyview Farms,US,OH,,KDLZ,40.2797,-83.1148,288.0,America/New_York,2011-03-15,2024-08-12,2011-03-16,2022-04-24,2011-01-01,2022-01-01,1173674.8342631692
Ft Pickett / Blackstone,US,VA,,KBKT,37.0743,-77.9573,133.0,America/New_York,1943-06-01,2024-08-12,1943-06-02,2022-04-25,2020-01-01,2022-01-01,1174254.8745250532
Zapata / Las Palmas,US,TX,,KAPY,26.9688,-99.2489,129.0,America/Chicago,2008-07-24,2024-08-12,2011-01-27,2022-04-24,2016-01-01,2022-01-01,1174273.0799140038
Clinton / East Junction,US,OK,,KCLK,35.5383,-98.9328,493.0,America/Chicago,2005-06-11,2024-08-12,2005-06-15,2022-04-24,2010-01-01,2022-01-01,1174447.3711649468
Carrizo Springs / Carrizo Hill,US,TX,,KCZT,28.5223,-99.8236,182.0,America/Chicago,2020-01-14,2024-08-12,2020-01-14,2022-02-27,2020-01-01,2022-01-01,1175579.1730605192
Buckhannon / Red Rock,US,WV,,KW22,39.0005,-80.2737,498.0,America/New_York,2006-01-01,2024-08-12,2006-01-04,2022-04-25,2015-01-01,2022-01-01,1175679.4173256718
Fort Madison / Summit (Historical),US,IA,,KFSW,40.6593,-91.3268,220.0,America/Chicago,2006-01-03,2024-08-12,2006-01-05,2022-04-24,2014-01-01,2021-01-01,1175979.2065931312
Huntington / Simpson,US,IN,,KHHG,40.8529,-85.4571,246.0,America/Indiana/Indianapolis,2020-01-14,2024-08-12,2020-01-14,2022-04-24,2020-01-01,2021-01-01,1175994.678166931
Wichita / Kamar Parkette Trailer Park,US,KS,,KBEC,37.6945,-97.215,429.0,America/Chicago,2020-01-14,2024-08-12,2020-01-14,2022-04-24,2020-01-01,2022-01-01,1176409.2805773276
Rosecrans Memorial Airport,US,MO,72449,KSTJ,39.7667,-94.0833,252.0,America/Chicago,1973-01-01,2024-08-12,1948-01-01,2024-12-30,1948-01-01,2022-01-01,1178035.50111566
Waynesboro / Claymont Manor,US,VA,,KW13,38.0771,-78.9442,438.0,America/New_York,2020-01-14,2024-08-12,2020-01-14,2022-04-25,2020-01-01,2022-01-01,1178292.5192484786
Fort Leavenworth / Beverly,US,KS,72441,KFLV,39.3683,-94.9147,235.0,America/Chicago,1937-02-03,1998-09-30,1938-07-13,1971-07-27,1938-01-01,2012-01-01,1179311.13166306
Topeka (Forbes Field),US,KS,,KFOE,38.9414,-95.6506,329.0,America/Chicago,2022-04-23,2024-08-12,2022-04-23,2022-04-26,,,1179799.2503317664
Kankakee / Aroma Park,US,IL,,KIKK,41.0714,-87.8463,192.0,America/Chicago,2006-01-22,2024-08-12,2006-04-01,2022-04-24,2011-01-01,2022-01-01,1179937.071987877
Piney Island / Lukens,US,NC,,KNBT,35.0167,-76.4667,4.0,America/New_York,2009-09-03,2024-08-12,2009-09-09,2022-04-18,2020-01-01,2020-01-01,1180356.2387791714
Wichita / Minneha,US,KS,,KAAO,37.7476,-97.2211,433.0,America/Chicago,2006-01-01,2024-08-12,2006-01-01,2022-04-24,2006-01-01,2022-01-01,1180650.2304829
Sparland,US,IL,72014,KC75,41.02,-89.38,173.0,America/Chicago,2006-02-22,2024-08-12,2011-03-16,2022-04-25,2017-01-01,2022-01-01,1181971.5621258928
Rocksprings,US,TX,,KECU,29.9469,-100.1739,723.0,America/Chicago,2006-03-01,2024-08-12,2011-02-19,2022-02-28,2014-01-01,2022-01-01,1182520.535989906
Cameron,US,MO,,KEZZ,39.7276,-94.2764,317.0,America/Chicago,2020-01-14,2024-08-12,2020-01-14,2022-04-24,2020-01-01,2022-01-01,1182785.9041527251
Burlington / Congers Mobile Home Park,US,IA,72542,KBRL,40.7832,-91.1255,213.0,America/Chicago,2005-01-01,2024-08-12,1897-07-14,2024-12-30,1897-01-01,2022-01-01,1184593.0280466806
Port Columbus International  Airport,US,OH,72428,KCMH,40.0,-82.05,248.0,America/New_York,1945-04-01,2024-08-12,1945-04-01,2024-12-30,1945-01-01,2022-01-01,1184783.851088231
Emporia / James River Junction,US,VA,,KEMV,36.6869,-77.4828,38.0,America/New_York,2006-01-01,2024-08-12,2006-01-04,2022-04-24,2009-01-01,2021-01-01,1184834.0430124707
Zanesville / Georgetown,US,OH,,KZZV,39.9444,-81.8921,274.0,America/New_York,1973-01-01,2024-08-12,1973-01-01,2022-04-24,2001-01-01,2021-01-01,1185810.4940225906
Ahoskie / Woodland,US,NC,,KASJ,36.2975,-77.1709,20.0,America/New_York,2006-01-01,2024-08-12,2006-01-01,2022-04-24,2011-01-01,2022-01-01,1186053.353903601
Galesburg Municipal Airport,US,IL,,KGBG,40.9329,-90.4334,233.0,America/Chicago,2022-04-23,2024-08-12,2022-04-23,2022-04-25,,,1187033.570572012
Clinton / Burns Flat,US,OK,,KCSM,35.3398,-99.2005,586.0,America/Chicago,2006-01-01,2024-08-12,2006-01-01,2022-04-24,2010-01-01,2022-01-01,1187203.7082978725
Jennings Randolph Field,US,WV,72417,KEKN,38.8833,-79.85,606.0,America/New_York,1973-01-01,2024-08-12,1926-01-01,2024-12-29,1926-01-01,2022-01-01,1188895.3893787903
Rochester / Big Hill,US,IN,,KRCR,41.0655,-86.1817,241.0,America/Indiana/Indianapolis,2010-06-30,2024-08-12,2011-02-09,2022-04-25,2012-01-01,2022-01-01,1189084.7321081194
Lima / Eastwood Estates,US,OH,,KAOH,40.7075,-84.0271,297.0,America/New_York,2006-01-01,2024-08-12,2006-01-01,2022-04-24,2006-01-01,2022-01-01,1191118.9348235978
Van Wert / Crow's Trailer Court,US,OH,,KVNW,40.8647,-84.6094,240.0,America/New_York,2020-01-14,2024-07-30,2020-01-14,2022-04-21,2020-01-01,2022-01-01,1193758.2002998255
Staunton / Weyers Cave,US,VA,,KSHD,38.2638,-78.8964,366.0,America/New_York,2006-01-01,2024-08-12,2008-06-05,2022-04-25,2009-01-01,2022-01-01,1195628.9195671778
Mount Vernon-Knox Co / Brandon,US,OH,,K4I3,40.3289,-82.5261,363.0,America/New_York,2008-02-29,2024-08-12,2008-03-02,2022-03-09,2011-01-01,2021-01-01,1199147.5157652916
Fort Wayne International,US,IN,72533,KFWA,41.0,-85.0333,248.0,America/Indiana/Indianapolis,1941-11-01,2024-08-12,1939-08-01,2024-12-30,1939-01-01,2022-01-01,1199575.009691845
Bridgewater / Mount Crawford,US,VA,,KVBW,38.3667,-78.9603,355.0,America/New_York,2020-01-14,2024-08-12,2020-01-14,2022-04-25,2020-01-01,2022-01-01,1199598.7655026643
Cambridge / Oakwood,US,OH,,KCDI,39.975,-81.5776,244.0,America/New_York,2020-01-14,2024-08-12,2020-01-14,2022-04-24,2020-01-01,2022-01-01,1202036.1988231433
Carrizo Springs / Rancho Cerrito Prieta,US,TX,,KFTN,28.2086,-100.0188,236.0,America/Chicago,2010-06-30,2024-08-12,2010-06-30,2022-04-24,2012-01-01,2022-01-01,1202657.0044463368
Clarksburg / Maple Lake,US,WV,,KCKB,39.2966,-80.2281,373.0,America/New_York,2006-01-01,2024-08-12,2006-01-01,2022-04-24,2006-01-01,2021-01-01,1204035.3510492775
Newton / Country Club Mobile Home Estates,US,KS,,KEWK,38.0582,-97.2745,467.0,America/Chicago,2006-01-01,2024-08-12,2006-01-02,2022-04-24,2006-01-01,2021-01-01,1206886.8972599828
Elk City,US,OK,,KELK,35.4308,-99.3943,614.0,America/Chicago,2014-05-30,2024-08-12,2014-05-31,2022-04-24,2014-01-01,2022-01-01,1207369.1473678043
Mathis Field,US,TX,72263,KSJT,31.35,-100.5,584.0,America/Chicago,1948-02-15,2024-08-12,1907-08-01,2024-12-30,1907-01-01,2022-01-01,1207720.2275454726
Spickard,US,MI,72540,KP35,40.25,-93.7167,271.0,America/Chicago,,,1957-03-17,2024-08-07,1957-01-01,2022-01-01,1209842.716902756
Marion / Logan (Historical),US,OH,,KMNN,40.6163,-83.0635,303.0,America/New_York,2006-01-01,2024-08-12,2006-01-01,2022-04-21,2006-01-01,2022-01-01,1209867.745179349
Mount Pleasant / Woodside Mobile Estates,US,IA,,KMPZ,40.9466,-91.5111,223.0,America/Chicago,2006-01-01,2024-08-12,2006-01-01,2022-04-24,2015-01-01,2022-01-01,1211027.1188505287
Knox / Indian Hill,US,IN,,KOXI,41.3302,-86.6648,209.0,America/Indiana/Knox,2008-10-23,2024-08-12,2009-06-09,2022-04-24,2011-01-01,2022-01-01,1213595.1694519662
Petersburg / Jack,US,VA,,KPTB,37.1838,-77.5074,59.0,America/New_York,2006-01-01,2024-08-12,2006-01-04,2022-04-25,2014-01-01,2022-01-01,1213812.627933178
Sweetwater / Avenger Village,US,TX,,KSWW,32.4674,-100.4666,725.0,America/Chicago,2006-07-20,2024-08-12,2011-02-09,2022-04-24,2014-01-01,2022-01-01,1213984.5892220142
Charlottesville / Deerwood,US,VA,,KCHO,38.1386,-78.4529,195.0,America/New_York,1973-01-01,2024-08-12,1973-01-02,2022-04-24,2005-01-01,2022-01-01,1214575.750128714
Warsaw / Monoquet,US,IN,,KASW,41.2747,-85.8401,259.0,America/Indiana/Indianapolis,2006-10-28,2024-08-12,2009-09-05,2022-04-24,2013-01-01,2022-01-01,1216360.0701080712
Peru / Dalzell,US,IL,,KVYS,41.3519,-89.1531,199.0,America/Chicago,2006-10-12,2024-08-12,2011-03-16,2022-04-25,2014-01-01,2022-01-01,1216523.0057516003
Edenton / Cape Colony,US,NC,,KEDE,36.0277,-76.5671,6.0,America/New_York,2006-01-01,2024-08-12,2006-01-01,2022-04-24,2012-01-01,2022-01-01,1219209.250934319
Alva,US,OK,,KAVK,36.7732,-98.6699,449.0,America/Chicago,2006-01-01,2024-08-12,2006-01-02,2022-04-24,2007-01-01,2022-01-01,1219982.3989701553
Saratoga,US,IL,72013,KC09,41.43,-88.42,178.0,America/Chicago,2006-02-02,2024-08-12,2011-03-17,2022-04-25,2014-01-01,2022-01-01,1220779.6477214827
Plymouth,US,IN,,KC65,41.3651,-86.3005,244.0,America/Indiana/Indianapolis,2020-01-14,2024-08-12,2020-01-14,2022-04-24,2020-01-01,2022-01-01,1220810.7602216557
Sonora,US,TX,,KSOA,30.5857,-100.6486,652.0,America/Chicago,2006-01-05,2024-08-12,2006-10-06,2022-04-24,2012-01-01,2022-01-01,1222767.7928050356
Centerville Municipal Airport,US,IA,,KTVK,40.6839,-92.901,314.0,America/Chicago,2022-04-23,2024-08-12,2022-04-23,2022-04-25,,,1223705.413981734
Spofford,US,TX,,KT70,29.1185,-100.4723,298.0,America/Chicago,2020-01-14,2024-08-12,2020-01-14,2022-04-24,,,1223927.8488867243
Valparaiso / Williamsburg Manor,US,IN,,KVPZ,41.454,-87.0071,235.0,America/Chicago,2006-01-01,2024-08-12,2006-01-01,2022-04-24,2006-01-01,2021-01-01,1224962.017408463
Richmond / Robinwood,US,VA,,KFCI,37.4064,-77.5248,72.0,America/New_York,2010-05-17,2024-08-12,2010-05-19,2022-04-19,2011-01-01,2021-01-01,1226925.1607644034
Ottawa / Upper Tauwa (Historical),US,OH,,KOWX,41.0356,-83.982,233.0,America/New_York,2016-09-09,2024-08-12,2016-09-10,2022-04-25,2017-01-01,2021-01-01,1226991.378396698
Franklin / Lees Mill,US,VA,,KFKN,36.6981,-76.9038,12.0,America/New_York,1994-10-16,2024-08-12,1994-10-30,2022-04-24,2010-01-01,2022-01-01,1229296.905771277
Joliet Regional Airport,US,IL,,KJOT,41.5176,-88.179,177.0,America/Chicago,2022-04-23,2024-08-12,2022-04-23,2022-04-26,,,1229846.797940631
Chicago / Lynwood,US,IL,,KIGQ,41.5349,-87.5295,189.0,America/Chicago,2006-01-02,2024-08-12,2011-03-17,2022-04-24,2014-01-01,2022-01-01,1231866.2282023516
Auburn / Saint Johns,US,IN,,KGWB,41.3072,-85.0644,268.0,America/Indiana/Indianapolis,2011-05-19,2024-08-09,2011-05-20,2022-04-24,2015-01-01,2022-01-01,1232280.3701409749
Findlay / West Park,US,OH,,KFDY,41.012,-83.6686,248.0,America/New_York,1973-01-01,2024-08-12,1973-01-01,2022-04-24,2000-01-01,2022-01-01,1232849.335187168
Maverick County Memorial International Airport,US,TX,,K5T9,28.8571,-100.5135,270.0,America/Chicago,2022-05-06,2024-08-12,,,,,1233290.5862398562
Fairfield / Maharishi Vedic City,US,IA,,KFFL,41.0558,-91.9809,244.0,America/Chicago,2006-01-01,2024-08-12,2006-01-01,2022-04-24,2015-01-01,2022-01-01,1234610.4048511947
Gordonsville,US,VA,,KGVE,38.156,-78.1658,138.0,America/New_York,2020-01-14,2024-08-12,2020-01-14,2022-04-24,2020-01-01,2022-01-01,1234684.045313658
Moline Quad-City Airport,US,IL,72544,KMLI,41.45,-90.0167,180.0,America/Chicago,1973-01-01,2024-08-12,1943-05-24,2024-12-30,1943-01-01,2022-01-01,1236996.3540062765
Louisa,US,VA,,KLKU,38.0098,-77.9701,150.0,America/New_York,2006-01-01,2024-08-12,2006-09-29,2022-04-24,2010-01-01,2021-01-01,1237200.9373907836
New Market Airport,US,VA,,K8W2,38.6557,-78.7081,297.0,America/New_York,2022-05-06,2024-08-12,,,,,1237780.95953175
Town Hill,US,WV,72416,KW99,38.98,-79.13,293.0,America/New_York,2006-01-01,2024-08-12,2006-01-17,2022-04-25,2017-01-01,2022-01-01,1238287.6515312453
Wakefield,US,VA,,KAKQ,36.9872,-77.0011,34.0,America/New_York,2006-01-01,2024-08-12,2006-01-01,2022-04-24,2006-01-01,2022-01-01,1238949.3221282265
Joliet / Lockport / Nottingham Ridge,US,IL,,KLOT,41.6081,-88.0962,207.0,America/Chicago,2006-01-23,2024-08-12,2008-04-04,2022-04-19,2011-01-01,2021-01-01,1239767.572169571
La Porte / South Laporte,US,IN,,KPPO,41.5725,-86.7345,248.0,America/Chicago,2012-04-02,2024-08-12,2012-04-03,2022-04-24,2015-01-01,2022-01-01,1239884.2239409653
Gary / Clarke Junction,US,IN,,KGYY,41.6163,-87.4128,180.0,America/Chicago,2006-01-01,2024-08-12,2020-01-14,2022-04-24,2020-01-01,2022-01-01,1241220.1754909968
Medicine Lodge,US,KS,72452,KP28,37.2833,-98.55,469.0,America/Chicago,1978-03-10,2024-08-12,1978-09-23,2024-08-06,1989-01-01,2022-01-01,1242188.8465971446
Childress Municipal Airport,US,TX,,KCDS,34.4275,-100.2833,595.0,America/Chicago,2022-04-23,2024-08-12,2022-04-24,2022-04-24,,,1243890.0172596101
Goshen / Bainter Town,US,IN,,KGSH,41.5263,-85.7942,252.0,America/Indiana/Indianapolis,1999-01-14,2024-08-12,1999-01-23,2022-04-24,2005-01-01,2021-01-01,1244587.8059418413
Hutchinson / Obeeville,US,KS,,KHUT,38.0655,-97.8606,470.0,America/Chicago,1945-02-01,2024-08-12,1945-02-02,2022-04-24,1945-01-01,2022-01-01,1246325.9533363355
Hyde County Airport,US,NC,,K7W6,35.562,-75.9557,1.0,America/New_York,2022-05-06,2024-08-12,,,,,1246719.0769482208
Kendallville / Wakeville Village,US,IN,,KC62,41.4727,-85.2608,306.0,America/Indiana/Indianapolis,2020-01-14,2024-08-12,2020-01-14,2022-04-24,2020-01-01,2022-01-01,1246808.1141032095
Muscatine / Fruitland,US,IA,,KMUT,41.3678,-91.1482,167.0,America/Chicago,2006-01-01,2024-08-12,2006-01-01,2022-04-24,2011-01-01,2022-01-01,1247881.5029841776
Defiance / Brunersburg,US,OH,,KDFI,41.3375,-84.4288,216.0,America/New_York,2006-01-01,2024-08-12,2006-01-01,2022-04-19,2006-01-01,2021-01-01,1248461.7204875515
Richmond International  Airport,US,VA,72401,KRIC,37.5167,-77.3167,51.0,America/New_York,1942-09-24,2024-08-12,1939-03-01,2024-12-30,1939-01-01,2022-01-01,1248995.406274585
Mansfield / Amoy,US,OH,72420,KMFD,40.8214,-82.5166,395.0,America/New_York,2005-01-01,2024-08-12,1948-08-01,2024-12-29,1948-01-01,2022-01-01,1249148.9600417756
Orange / Nasons,US,VA,,KOMH,38.2472,-78.0456,141.0,America/New_York,2006-01-01,2024-08-12,2006-01-04,2022-04-25,2014-01-01,2022-01-01,1249263.4293273084
Lake Anna Airport,US,VA,,K7W4,37.9658,-77.7459,106.0,America/New_York,2022-05-06,2024-08-12,,,,,1249295.2197371114
Laughlin Air Force Base Auxiliary Airfield,US,TX,,KDLF,29.3665,-100.7847,330.0,America/Chicago,2022-04-23,2024-08-12,2022-04-23,2022-04-26,,,1249302.9222425388
Washington,US,IA,,KAWG,41.275,-91.6752,230.0,America/Chicago,2006-01-01,2024-08-12,2006-01-01,2022-04-24,2014-01-01,2022-01-01,1249964.009488951
Morgantown / Easton,US,WV,,KMGW,39.6429,-79.9163,379.0,America/New_York,1973-01-01,2024-08-12,1973-01-01,2022-04-24,1974-01-01,2021-01-01,1250870.457712548
"Fort Riley, Marshall Aaf Ft Riley",US,KS,72455,KFRI,39.05,-96.75,324.0,America/Chicago,1938-08-17,2024-08-12,1939-03-11,2022-04-25,1939-01-01,2021-01-01,1251397.0851641565
Suffolk / Russell,US,VA,,KSFQ,36.6824,-76.6019,21.0,America/New_York,2005-01-01,2024-08-12,2005-01-01,2022-04-25,2010-01-01,2022-01-01,1251544.4148811602
Luray / Westlu,US,VA,,KW45,38.6671,-78.5006,275.0,America/New_York,2011-10-01,2013-04-30,2011-10-01,2013-04-29,,,1251557.1432494435
Luray / Westlu,US,VA,,KLUA,38.6671,-78.5006,275.0,America/New_York,2014-07-31,2024-08-12,2014-08-06,2022-04-24,2020-01-01,2022-01-01,1251557.1432494435
Ottumwa / Keb (Historical),US,IA,,KOTM,41.1066,-92.4479,258.0,America/Chicago,1973-01-01,2024-08-12,1973-01-01,2022-04-24,1975-01-01,2021-01-01,1253083.2242812573
Richmond / Brown Grove,US,VA,,KOFP,37.7089,-77.4366,63.0,America/New_York,2005-01-01,2024-08-12,2005-01-01,2022-04-25,2006-01-01,2021-01-01,1253166.216102597
Michigan City / Davis,US,IN,,KMGC,41.7033,-86.8212,200.0,America/Chicago,2012-01-10,2024-08-12,2012-01-11,2022-04-24,2015-01-01,2022-01-01,1253763.0783239787
Manhattan / Eureka Lake,US,KS,,KMHK,39.141,-96.6708,325.0,America/Chicago,2006-01-01,2024-08-08,2006-01-01,2022-04-24,2006-01-01,2021-01-01,1254208.8872370524
Lamoni / Togo (Historical),US,IA,,KLWD,40.6333,-93.9022,345.0,America/Chicago,2006-01-01,2024-08-12,2006-01-01,2022-04-24,2006-01-01,2021-01-01,1254885.4095019628
Dare County Gunnery Range,US,NC,74695,K2DP,35.6667,-75.9,3.0,America/New_York,2017-01-21,2024-08-05,2017-01-22,2020-01-11,,,1256034.0926148798
New Philadelphia / Schoenbrunn Estates,US,OH,,KPHD,40.4702,-81.4199,273.0,America/New_York,2006-01-01,2024-08-12,2006-01-01,2022-04-24,2006-01-01,2022-01-01,1256427.2503740685
South Bend Regional Airport,US,IN,72535,KSBN,41.7,-86.3167,244.0,America/Indiana/Indianapolis,1973-01-01,2024-08-12,1893-12-01,2024-12-29,1893-01-01,2022-01-01,1257606.7708445815
Aurora / Sugar Grove,US,IL,,KARR,41.7719,-88.4757,217.0,America/Chicago,2006-01-01,2024-08-12,2006-01-01,2022-04-24,2006-01-01,2022-01-01,1258965.3210382864
Chicago Midway Airport,US,IL,72534,KMDW,41.7833,-87.75,189.0,America/Chicago,1973-01-01,2024-08-12,1928-02-29,2024-08-06,1928-01-01,2022-01-01,1259144.7467136646
Hatteras / Frisco,US,NC,,KHSE,35.2328,-75.6178,5.0,America/New_York,1996-01-01,2024-08-11,1996-01-01,2022-04-24,1996-01-01,2021-01-01,1260959.753423693
Quinton / Wrights Corner,US,VA,,KW96,37.5034,-77.1266,37.0,America/New_York,2020-01-14,2024-08-12,2020-01-14,2022-04-25,2020-01-01,2022-01-01,1261787.336180326
Del Rio International  Airport,US,TX,72261,KDRT,29.3667,-100.9167,304.0,America/Chicago,1946-08-09,2024-08-12,1946-08-09,2023-10-06,1946-01-01,2021-01-01,1261941.4318900784
Snyder,US,TX,,KSNK,32.6934,-100.9505,741.0,America/Chicago,2006-04-02,2024-08-12,2009-06-24,2022-04-24,2014-01-01,2022-01-01,1262235.7169146703
Elizabeth City / Hickory Village - Mobile Home Park,US,NC,72307,KECG,36.2606,-76.1746,3.0,America/New_York,1990-03-14,2024-08-12,1948-09-01,2024-12-30,1948-01-01,2022-01-01,1262407.9997721706
Wheeling Ohio County Airport,US,WV,,KHLG,40.1703,-80.6444,365.0,America/New_York,2022-04-23,2024-08-12,2022-04-24,2022-04-24,,,1262418.277663692
Elkhart / Simonton Lake,US,IN,,KEKM,41.7194,-86.0017,237.0,America/Indiana/Indianapolis,2006-01-02,2024-08-12,,,,,1263182.7208138988
"Davenport, Ia.",US,IA,74455,KDVN,41.6167,-90.5833,229.0,America/Chicago,2005-01-01,2024-08-12,2005-01-01,2022-04-25,2006-01-01,2022-01-01,1264014.872778544
Sterling Rock Falls Airport / Yeoward Addition,US,IL,,KSQI,41.7428,-89.6763,197.0,America/Chicago,2006-01-01,2024-08-12,2006-01-01,2022-04-24,2007-01-01,2021-01-01,1264874.69820893
"Woodward, West Woodward Airport",US,OK,74641,KWWR,36.4333,-99.5167,667.0,America/Chicago,2005-01-01,2024-08-12,1904-05-01,2024-12-29,1904-01-01,2022-01-01,1266402.6386998198
Oskaloosa / Cedar,US,IA,,KOOA,41.2261,-92.4938,256.0,America/Chicago,2006-01-01,2024-08-12,2006-01-04,2022-04-24,2012-01-01,2022-01-01,1266873.7701139646
Angola / Flint,US,IN,,KANQ,41.6397,-85.0835,303.0,America/Indiana/Indianapolis,2020-01-14,2024-08-12,2020-01-14,2022-04-24,2020-01-01,2022-01-01,1268033.8706991638
Cape Hatteras,US,NC,72304,KHAT,35.2667,-75.55,2.0,America/New_York,,,1957-03-01,2024-08-06,1951-01-01,2022-01-01,1268068.391013411
Chicago / Central Station,US,IL,,KCGX,41.8667,-87.6,181.0,America/Chicago,1973-01-01,1999-12-31,1994-06-17,1994-06-29,,,1268608.8078606592
Norfolk / Algren,US,VA,,KPVG,36.7801,-76.4488,7.0,America/New_York,2011-05-03,2024-08-10,2011-05-03,2022-04-24,2011-01-01,2021-01-01,1268805.5702472932
Maryville,US,MO,,KEVU,40.3533,-94.9166,349.0,America/Chicago,2017-01-05,2024-08-12,2017-01-09,2022-04-24,2020-01-01,2022-01-01,1270635.0323603025
Norfolk / Cornland,US,VA,,KCPK,36.6656,-76.3207,6.0,America/New_York,2006-01-01,2024-08-12,2006-12-31,2022-04-24,2015-01-01,2022-01-01,1272356.1106456784
Chicago / Surrey Woods,US,IL,,KDPA,41.9069,-88.2482,231.0,America/Chicago,2006-01-01,2024-08-12,2006-01-01,2022-04-24,2006-01-01,2021-01-01,1273269.3298183521
Chariton / Whitebreast,US,IA,,KCNC,41.0196,-93.3597,320.0,America/Chicago,2006-01-01,2024-08-12,2006-01-01,2022-04-24,2014-01-01,2022-01-01,1273464.5803885146
Ozona,US,TX,,KOZA,30.7353,-101.203,724.0,America/Chicago,2010-08-06,2024-08-12,2010-08-07,2022-04-24,2016-01-01,2022-01-01,1275081.6534944668
Williamsburg / Kingspoint,US,VA,,KJGG,37.2392,-76.7161,15.0,America/New_York,2006-01-01,2024-08-12,2006-01-04,2022-04-24,2010-01-01,2022-01-01,1275375.0051207072
Rochelle / Southgate,US,IL,,KRPJ,41.893,-89.0783,238.0,America/Chicago,2006-05-16,2024-08-12,2011-03-16,2022-04-24,2015-01-01,2022-01-01,1275816.476153942
Washington / Lagonda,US,PA,,KAFJ,40.1365,-80.2902,361.0,America/New_York,2006-01-01,2024-08-12,2006-01-01,2022-04-24,2006-01-01,2022-01-01,1276216.9295808868
Garrett County Airport,US,MD,,K2G4,39.5803,-79.3394,894.0,America/New_York,2022-05-06,2024-08-12,,,,,1276470.2369136405
Fort Eustis / Hoopes Landing,US,VA,,KFAF,37.1325,-76.6088,3.0,America/New_York,1960-11-01,2024-08-12,1960-11-02,2022-04-24,1960-01-01,2020-01-01,1276993.115091471
Falls City,US,NE,,KFNB,40.0788,-95.592,300.0,America/Chicago,2000-01-01,2024-08-12,2000-08-31,2022-04-24,2001-01-01,2021-01-01,1277260.397724963
Wooster / Smithville,US,OH,,KBJJ,40.8748,-81.8882,346.0,America/New_York,2006-01-01,2024-08-12,2006-01-01,2022-04-24,2006-01-01,2022-01-01,1277370.5492072916
De Kalb / Cortland,US,IL,,KDKB,41.9338,-88.7057,279.0,America/Chicago,2006-01-02,2024-08-12,2008-03-04,2022-04-24,2014-01-01,2022-01-01,1277974.7200070203
Gage Airport,US,OK,,KGAG,36.2967,-99.7689,678.0,America/Chicago,2022-04-23,2024-08-12,2022-04-24,2022-04-26,,,1279350.3845758925
Sturgis,US,MI,,KIRS,41.8133,-85.4389,282.0,America/Detroit,2006-01-01,2024-08-12,2006-01-01,2022-04-24,2006-01-01,2022-01-01,1281114.606258896
Chicago O’hare Airport,US,IL,72530,KORD,41.9833,-87.9167,204.0,America/Chicago,1946-10-01,2024-08-12,1946-10-09,2024-12-30,1946-01-01,2022-01-01,1281337.4036242417
Culpeper / Elkwood,US,VA,,KCJR,38.5255,-77.8596,96.0,America/New_York,2006-01-01,2024-08-12,2006-01-04,2022-04-24,2010-01-01,2022-01-01,1281836.5368080772
Schaumburg Regional Airport,US,IL,,K06C,41.9893,-88.1012,244.0,America/Chicago,2022-05-06,2024-08-12,,,,,1282156.010138585
Currituck / Maple,US,NC,,KONX,36.3999,-76.0154,5.0,America/New_York,2005-01-01,2024-08-12,2005-01-01,2022-04-25,2010-01-01,2022-01-01,1282206.603009792
Pratt Municipal,US,KS,74543,KPTT,37.7,-98.75,595.0,America/Chicago,2006-01-01,2024-08-12,2006-01-02,2022-04-25,2009-01-01,2022-01-01,1283258.411249527
Clinton / Elvira,US,IA,,KCWI,41.8311,-90.3291,216.0,America/Chicago,2006-01-01,2024-08-12,2006-01-01,2022-04-24,2008-01-01,2022-01-01,1283273.5118090576
Manteo / Sunny Side,US,NC,,KMQI,35.919,-75.6955,4.0,America/New_York,2005-01-01,2024-08-12,2005-02-17,2022-04-25,2011-01-01,2022-01-01,1284416.4880219358
Wauseon / Ottokee,US,OH,,KUSE,41.6101,-84.1272,238.0,America/New_York,2020-01-14,2024-08-12,2020-01-14,2022-04-25,2020-01-01,2022-01-01,1284497.2933662413
Diamond Shoals Coast Guard Station,US,NC,74696,K44W,35.15,-75.3,1.0,America/New_York,,,2001-06-04,2024-12-30,2001-01-01,2022-01-01,1284646.4987530548
"Smokey Hill Gunnery Range, Ks.",US,KS,74545,KSLN,38.65,-97.8,0.0,America/Chicago,1973-01-01,2024-08-12,1973-01-01,2022-04-25,1975-01-01,2022-01-01,1284936.9675437761
Newport News Airport,US,VA,,KPHF,37.1319,-76.493,13.0,America/New_York,2000-01-01,2024-08-12,2000-01-14,2024-08-07,2000-01-01,2022-01-01,1285657.1019312325
Iowa City / Baculis Mobile Home Park,US,IA,,KIOW,41.6398,-91.5481,204.0,America/Chicago,1997-01-23,2024-08-12,1997-02-13,2022-04-24,2005-01-01,2021-01-01,1285847.931076462
Front Royal / Mineral Springs,US,VA,,KFRR,38.9175,-78.2535,214.0,America/New_York,2020-01-14,2024-08-12,2020-01-14,2022-04-24,2020-01-01,2022-01-01,1286306.0048755975
Fentress / Mount Pleasant,US,VA,,KNFE,36.692,-76.1346,5.0,America/New_York,2007-06-03,2024-08-12,2008-10-23,2022-04-24,2009-01-01,2021-01-01,1288264.424114422
Osceola,US,IA,,KI75,41.0522,-93.6897,340.0,America/Chicago,2010-03-04,2024-08-12,2010-03-04,2022-04-24,2011-01-01,2022-01-01,1288502.5990013296
West Point / Brookeshire,US,VA,,KFYJ,37.5214,-76.7627,6.0,America/New_York,2006-01-01,2024-08-12,2008-01-29,2022-04-24,2011-01-01,2022-01-01,1289310.3287333297
Toledo Express Airport,US,OH,72536,KTOL,41.5833,-83.8,208.0,America/New_York,1973-01-01,2024-08-12,1955-01-01,2024-12-30,1955-01-01,2022-01-01,1289625.9018968719
Shannon / Sylvania Heights,US,VA,,KEZF,38.2662,-77.4494,26.0,America/New_York,2006-01-01,2024-08-12,2006-01-04,2022-04-24,2009-01-01,2022-01-01,1290479.3337541432
Lyons,US,KS,,KLYO,38.3428,-98.2269,515.0,America/Chicago,2018-07-19,2024-08-12,2018-07-20,2022-04-24,2018-01-01,2022-01-01,1290648.5989626255
Norfolk / Granby Shores,US,VA,69536,KNGU,36.93,-76.27,5.0,America/New_York,2001-06-27,2024-08-12,2022-04-20,2022-04-24,,,1290961.2492658785
Kill Devil Hills / Croatan Shores,US,NC,,KFFA,36.0182,-75.6713,4.0,America/New_York,2006-01-01,2024-08-12,2006-01-04,2022-04-24,2008-01-01,2022-01-01,1291038.656648958
Connellsville / Mount Braddock,US,PA,,KVVS,39.9592,-79.6571,385.0,America/New_York,2021-02-16,2024-08-12,2021-02-16,2022-04-18,2021-01-01,2022-01-01,1292237.81552759
Langley Air Force Base,US,VA,74598,KLFI,37.0833,-76.35,3.0,America/New_York,1936-10-01,2024-08-12,1918-11-01,2022-04-25,1918-01-01,2021-01-01,1293622.1921581032
Knoxville / Wheel Estates Mobile Home Park,US,IA,,KOXV,41.2991,-93.1137,283.0,America/Chicago,2006-01-01,2024-08-12,2006-01-01,2022-04-24,2014-01-01,2022-01-01,1293627.2277806776
Norfolk International Airport,US,VA,72308,KORF,36.9,-76.2,8.0,America/New_York,1973-01-01,2024-08-12,1946-01-01,2024-12-30,1946-01-01,2022-01-01,1294648.0576289133
Three Rivers / Meadow Lane Village Mobile Home Park,US,MI,,KHAI,41.9597,-85.5934,251.0,America/Detroit,2006-10-24,2024-08-12,2006-10-25,2022-04-24,2006-01-01,2022-01-01,1294874.8872651164
Chicago / Wood Oaks Glen,US,IL,,KPWK,42.1143,-87.9015,197.0,America/Chicago,2006-01-01,2024-08-12,2006-01-01,2022-04-24,2006-01-01,2021-01-01,1295900.8772933222
Warrenton / Midland,US,VA,,KHWY,38.5863,-77.7106,102.0,America/New_York,2008-01-15,2024-08-12,2008-01-22,2022-04-24,2009-01-01,2022-01-01,1296034.3857926137
Toledo / Cummings (Historical),US,OH,,KTDZ,41.5649,-83.4822,190.0,America/New_York,2006-01-01,2024-08-12,2006-01-01,2022-04-24,2006-01-01,2022-01-01,1296036.5192824886
Akron-Canton Regional Airport,US,OH,72521,KCAK,40.9167,-81.45,374.0,America/New_York,1973-01-01,2024-08-12,1948-07-01,2024-12-30,1948-01-01,2022-01-01,1298594.9289203368
Pella,US,IA,,KPEA,41.4012,-92.9459,270.0,America/Chicago,2006-01-01,2024-08-12,2006-01-01,2022-04-24,2011-01-01,2022-01-01,1298746.744505465
Stafford / Ramoth Church Estates,US,VA,,KRMN,38.3981,-77.4555,64.0,America/New_York,2006-01-01,2024-08-12,2006-01-04,2022-04-25,2010-01-01,2022-01-01,1299378.5723991338
Big Lake,US,TX,,KE41,31.1988,-101.4725,825.0,America/Chicago,2020-05-11,2024-08-12,2020-05-12,2022-04-24,2020-01-01,2022-01-01,1299912.5605695369
Coldwater / Countryside Mobile Court,US,MI,,KOEB,41.9336,-85.0523,292.0,America/Detroit,2006-01-01,2024-08-12,2006-01-01,2022-04-25,2008-01-01,2022-01-01,1300524.1191598538
Tappahannock / Pauls Crossroads,US,VA,,KXSA,37.8596,-76.8941,41.0,America/New_York,2008-04-07,2024-08-12,2008-04-16,2022-04-25,2008-01-01,2022-01-01,1301472.3069678177
Virginia Beach / Gatewood Park,US,VA,,KNTU,36.8227,-76.0319,7.0,America/New_York,1973-01-01,2024-08-12,1973-01-01,2022-04-24,1974-01-01,2021-01-01,1303352.9623969134
Savanna / Ayers,US,IL,,KSFY,42.0458,-90.1079,188.0,America/Chicago,2006-08-03,2024-08-12,2011-03-15,2022-04-24,2011-01-01,2022-01-01,1303583.2387457876
Benton Harbor Airport / Benton Heights,US,MI,,KBEH,42.1286,-86.4285,198.0,America/Detroit,2006-01-01,2024-08-12,2006-01-01,2022-04-24,2006-01-01,2022-01-01,1303908.4687714842
Hillsdale,US,MI,,KJYM,41.9213,-84.5858,361.0,America/Detroit,2006-01-01,2024-08-12,2006-01-01,2022-04-24,2008-01-01,2022-01-01,1307921.731878431
Port Clinton / Gypsum,US,OH,,KPCW,41.5163,-82.8695,180.0,America/New_York,2014-07-31,2024-08-12,2014-08-01,2022-04-25,2020-01-01,2022-01-01,1308717.9616850212
Lambertville / Elden Heights,US,MI,,KDUH,41.7359,-83.6558,204.0,America/Detroit,2006-01-01,2024-08-12,2006-01-01,2022-04-24,2006-01-01,2022-01-01,1309458.1333928881
Big Spring Airport,US,TX,,KBPG,32.2126,-101.5216,784.0,America/Chicago,2006-08-20,2024-08-12,2011-02-10,2022-04-23,2015-01-01,2022-01-01,1309537.5601420372
Akron / Derby Downs,US,OH,,KAKR,41.0375,-81.4669,325.0,America/New_York,1999-08-31,2024-08-12,1999-09-02,2022-04-24,2005-01-01,2022-01-01,1309749.553872139
Greater Rockford Airport,US,IL,72543,KRFD,42.2,-89.1,224.0,America/Chicago,1973-01-01,2024-08-12,1951-01-01,2024-12-30,1951-01-01,2022-01-01,1309975.4284872026
Clarinda,US,IA,,KICL,40.7222,-95.0266,303.0,America/Chicago,2006-01-01,2024-08-12,2006-01-01,2022-04-24,2015-01-01,2022-01-01,1310358.9539081566
Winchester / Bufflick Heights,US,VA,,KOKV,39.1435,-78.1444,221.0,America/New_York,2006-01-01,2024-08-12,2006-01-04,2022-04-25,2010-01-01,2022-01-01,1310597.1026137043
Creston / Country Court Mobile Home Park,US,IA,,KCSQ,41.0214,-94.3633,396.0,America/Chicago,2006-01-01,2024-08-12,2006-01-01,2022-04-24,2011-01-01,2022-01-01,1311202.6584094372
Canadian,US,TX,,KHHF,35.8951,-100.4039,730.0,America/Chicago,2006-03-13,2024-08-12,2011-04-02,2022-04-24,2016-01-01,2022-01-01,1311677.97780355
Marysville,US,KS,,KMYZ,39.8553,-96.6306,391.0,America/Chicago,2020-01-14,2024-08-12,2020-01-14,2022-04-24,2020-01-01,2022-01-01,1311773.5453119986
Cumberland / Wiley Ford,US,MD,,KCBE,39.6153,-78.7619,236.0,America/New_York,2006-06-08,2024-08-12,2006-06-14,2022-04-24,2020-01-01,2022-01-01,1311848.0802170364
Adrian / Maple Woods Manufactured Home Community,US,MI,,KADG,41.8677,-84.0773,243.0,America/Detroit,2006-01-01,2024-08-12,2006-01-01,2022-04-24,2006-01-01,2022-01-01,1313153.3595795324
Allegheny County Airport,US,PA,,KAGC,40.3552,-79.9214,382.0,America/New_York,2022-04-23,2024-08-12,2022-04-24,2022-04-26,,,1314143.184198848
Lorain / West Ridge Green,US,OH,,KLPR,41.35,-82.1833,241.0,America/New_York,2006-01-01,2024-08-12,2006-01-01,2022-04-24,2006-01-01,2022-01-01,1314219.1036487652
Dodge City Regional Airport,US,KS,72451,KDDC,37.7667,-99.1333,791.0,America/Chicago,1943-04-19,2024-08-12,1909-04-01,2024-12-30,1909-01-01,2022-01-01,1315071.5789226375
Cedar Rapids / Konigsmark,US,IA,72545,KCID,41.8851,-91.7123,265.0,America/Chicago,1973-01-01,2024-08-12,1953-06-01,2024-12-30,1953-01-01,2022-01-01,1315836.3746622673
Quantico,US,VA,,KNYG,38.5036,-77.305,3.0,America/New_York,1973-01-01,2024-08-12,1973-01-02,2022-04-24,1984-01-01,2021-01-01,1316954.7294704989
Saluda / Locklies,US,VA,,KW75,37.6024,-76.4467,9.0,America/New_York,2020-01-14,2024-08-12,2020-01-14,2022-04-25,2020-01-01,2022-01-01,1317443.1971345104
Manassas / Bristow,US,VA,,KHEF,38.7214,-77.5154,59.0,America/New_York,2006-01-01,2024-08-12,2006-01-01,2022-04-24,2007-01-01,2021-01-01,1318682.8717431002
Greater Pittsburgh International,US,PA,72520,KPIT,40.4833,-80.0667,367.0,America/New_York,1945-02-01,2024-08-12,1945-02-01,2024-12-30,1945-01-01,2022-01-01,1318696.1583417924
Freeport / South Freeport,US,IL,,KFEP,42.2462,-89.582,262.0,America/Chicago,2006-01-02,2024-08-12,2006-06-01,2022-04-24,2015-01-01,2022-01-01,1319348.1366607912
Grinnel / Westfield,US,IA,,KGGI,41.7099,-92.736,307.0,America/Chicago,2006-08-31,2024-08-12,2006-09-03,2022-04-24,2011-01-01,2022-01-01,1324330.318184413
Kalamazoo / Colonial Acres Mobile Home Park,US,MI,,KAZO,42.2344,-85.5516,266.0,America/Detroit,2006-01-01,2024-08-12,2006-01-01,2022-04-24,2006-01-01,2022-01-01,1325562.301246862
Newton / Coal Siding (Historical),US,IA,,KTNU,41.6744,-93.0217,291.0,America/Chicago,2006-01-01,2024-08-12,2006-01-01,2022-04-24,2011-01-01,2022-01-01,1329276.1392542678
South Haven / Mitchell Brothers Mobile Home Park,US,MI,,KLWA,42.3512,-86.2556,203.0,America/Detroit,2006-01-01,2024-08-12,2006-01-01,2022-04-24,2006-01-01,2022-01-01,1330104.1911067064
Chicago / Bancroft Corners,US,IL,,KUGN,42.4222,-87.8679,222.0,America/Chicago,2006-01-01,2024-08-12,2006-01-01,2022-04-24,2006-01-01,2021-01-01,1330136.1981998994
Beaver Falls / West Mayfield,US,PA,,KBVI,40.7725,-80.3914,382.0,America/New_York,2006-01-02,2024-08-11,2019-07-24,2022-04-24,2020-01-01,2022-01-01,1330192.5238919088
Shenandoah,US,IA,,KSDA,40.7516,-95.4137,296.0,America/Chicago,2006-01-01,2024-08-11,2006-01-01,2022-04-24,2015-01-01,2022-01-01,1330581.0636834647
Cleveland-Hopkins International,US,OH,72524,KCLE,41.4,-81.85,241.0,America/New_York,1973-01-01,2024-08-12,1938-05-01,2024-12-30,1938-01-01,2022-01-01,1331121.231945866
Latrobe / Manito,US,PA,,KLBE,40.2746,-79.4068,366.0,America/New_York,2006-01-01,2024-08-12,2014-05-16,2022-04-24,2020-01-01,2022-01-01,1333002.50952224
Somerset County Airport,US,PA,,K2G9,40.0389,-79.015,693.0,America/New_York,2022-05-06,2024-08-12,,,,,1333371.198720423
Great Bend / Anchorway,US,KS,,KGBD,38.3443,-98.8592,575.0,America/Chicago,2006-01-01,2024-08-12,2006-01-01,2022-04-24,2006-01-01,2021-01-01,1333769.887844469
Ravenna / Birchwood Manor,US,OH,,KPOV,41.2102,-81.2516,365.0,America/New_York,2009-03-18,2024-08-12,2009-03-19,2022-04-25,2009-01-01,2022-01-01,1335212.4110419806
Des Moines International,US,IA,72546,KDSM,41.5333,-93.6531,292.0,America/Chicago,1973-01-01,2024-08-12,1945-07-01,2024-12-30,1945-01-01,2022-01-01,1335608.1403562361
Marshall,US,MI,,KRMY,42.2512,-84.9554,287.0,America/Detroit,2006-01-01,2024-08-12,2006-01-01,2022-04-25,2008-01-01,2022-01-01,1336731.306694297
Monroe / Patterson Gardens,US,MI,,KTTF,41.9399,-83.4347,188.0,America/Detroit,2006-01-01,2024-08-12,2006-01-01,2022-04-25,2006-01-01,2022-01-01,1336764.83632757
Battle Creek / Avenue A Mobile Home Estates,US,MI,,KBTL,42.3073,-85.2515,290.0,America/Detroit,1942-10-01,2024-08-12,1942-11-02,2022-04-24,1942-01-01,2022-01-01,1337966.5169771449
Dulles International Airport,US,VA,72403,KIAD,38.9333,-77.45,95.0,America/New_York,1973-01-01,2024-08-12,1960-04-01,2024-12-30,1961-01-01,2022-01-01,1338490.990467404
Nebraska City / Paul,US,NE,,KAFK,40.6054,-95.8678,355.0,America/Chicago,2006-01-01,2024-08-12,2006-01-01,2022-04-24,2007-01-01,2022-01-01,1338558.2659592452
Monticello,US,IA,,KMXO,42.2204,-91.1633,254.0,America/Chicago,2006-01-01,2024-08-12,2006-01-01,2022-04-24,2014-01-01,2022-01-01,1340113.6950357726
Fort Belvoir,US,VA,,KDAA,38.7167,-77.1833,23.0,America/New_York,2022-04-23,2024-08-12,2022-04-24,2022-04-24,,,1340247.2258649643
Larned / Village Mobile Home Park,US,KS,,KLQR,38.2086,-99.086,613.0,America/Chicago,2017-06-15,2018-08-28,,,,,1340406.5961842763
Martinsburg / Grubbs Corner,US,WV,,KMRB,39.4019,-77.9847,172.0,America/New_York,1973-01-01,2024-08-12,1973-01-01,2022-04-24,2001-01-01,2022-01-01,1340573.2889911977
Dubuque Regional Airport,US,IL,72547,KDBQ,42.4,-90.0333,328.0,America/Chicago,1973-01-01,2024-08-12,1951-02-01,2024-12-30,1951-01-01,2022-01-01,1341476.639828338
Leesburg / Sycolin,US,VA,,KJYO,39.078,-77.5575,119.0,America/New_York,2006-01-01,2024-08-12,2006-01-08,2022-04-24,2009-01-01,2022-01-01,1342352.8533723315
Zelienople / Old Furnace,US,PA,,KPJC,40.802,-80.1609,274.0,America/New_York,2020-01-14,2024-08-12,2020-01-14,2022-04-12,2020-01-01,2021-01-01,1343559.622675036
"Concordia, Blosser Municipal Airport",US,KS,72458,KCNK,39.55,-97.65,453.0,America/Chicago,1973-01-01,2024-08-08,1885-05-01,2024-12-30,1885-01-01,2022-01-01,1345070.2878949104
Jackson / Coffman Trailer Court,US,MI,,KJXN,42.2604,-84.4604,305.0,America/Detroit,1973-01-01,2024-08-12,1973-01-03,2022-04-24,2000-01-01,2022-01-01,1347012.8482145504
Red Oak / Villa Village Mobile Home Park,US,IA,,KRDK,41.0108,-95.2589,319.0,America/Chicago,2006-01-01,2024-08-12,2006-01-01,2022-04-24,2011-01-01,2022-01-01,1347926.4766648398
Ankeny / Oakwood Heights Mobile Home Park,US,IA,,KIKV,41.6911,-93.5665,277.0,America/Chicago,2006-01-01,2024-08-12,2006-01-01,2022-04-24,2011-01-01,2022-01-01,1348633.3037067123
Perry Lefors Field Airport,US,TX,,KPPA,35.6128,-100.9961,989.0,America/Chicago,2022-04-23,2024-08-12,2022-04-23,2022-04-25,,,1348927.721690526
Brookville / Old Chinatown,US,PA,,KBKL,41.5175,-81.6833,178.0,America/New_York,2006-01-01,2024-08-12,2006-01-01,2022-04-24,2006-01-01,2022-01-01,1348962.0856076637
Kenosha / Pleasant Prairie Mobile Home Court,US,WI,,KENW,42.5957,-87.9278,226.0,America/Chicago,2006-01-01,2024-08-12,2006-01-01,2022-04-24,2006-01-01,2022-01-01,1349435.8297241228
Butler / Brownsdale,US,PA,,KBTP,40.7766,-79.9511,380.0,America/New_York,2006-01-01,2024-08-12,2006-01-01,2022-04-24,2008-01-01,2021-01-01,1351087.5545817008
New Castle / Parkstown,US,PA,,KUCP,41.0254,-80.4134,326.0,America/New_York,2006-05-01,2024-08-12,2006-05-02,2022-04-24,2008-01-01,2022-01-01,1352931.9944933178
Lamesa Municipal Airport,US,TX,,KLUV,32.7563,-101.9202,914.0,America/Chicago,2022-04-23,2024-08-12,2022-04-23,2022-04-26,,,1353084.6677488636
Webster Field,US,MD,,KNUI,38.1489,-76.42,6.0,America/New_York,2022-04-23,2024-08-12,2022-04-24,2022-04-24,,,1353982.05453721
St Marys County Airport,US,MD,,K2W6,38.3154,-76.5501,43.0,America/New_York,2022-05-06,2024-08-12,,,,,1355755.942278803
Janesville / Afton,US,WI,,KJVL,42.6202,-89.0416,246.0,America/Chicago,2006-01-01,2024-08-12,2020-01-14,2022-04-24,2020-01-01,2022-01-01,1356109.7271309562
Beatrice / Hoyle North 77 Mobile Homes,US,NE,,KBIE,40.3013,-96.7541,403.0,America/Chicago,2006-01-01,2024-08-12,2006-01-02,2022-04-24,2008-01-01,2022-01-01,1356742.8487064745
Vinton,US,IA,,KVTI,42.2186,-92.0259,257.0,America/Chicago,2006-01-01,2024-08-12,2006-01-01,2022-04-25,2015-01-01,2022-01-01,1358804.852864344
Ann Arbor / Pittsfield,US,MI,,KARB,42.223,-83.7456,256.0,America/Detroit,2006-01-01,2024-08-12,2006-01-01,2022-04-24,2006-01-01,2022-01-01,1358848.8059486388
Washington National Airport,US,DC,72405,KDCA,38.85,-77.0333,5.0,America/New_York,1936-09-01,2024-08-12,1936-09-01,2024-12-30,1936-01-01,2022-01-01,1359735.9371188174
Lubbock International Airport,US,TX,72267,KLBB,33.6667,-101.8167,1000.0,America/Chicago,1945-08-10,2024-08-12,1945-08-10,2024-12-30,1946-01-01,2022-01-01,1359874.999014944
Monroe / Swisshaven Mobile Home Park,US,WI,,KEFT,42.6149,-89.5904,331.0,America/Chicago,2006-01-01,2024-08-12,2006-01-01,2022-04-24,2006-01-01,2022-01-01,1360118.403935116
Burlington,US,WI,,KBUU,42.6907,-88.3046,238.0,America/Chicago,2006-01-01,2024-08-12,2006-01-01,2022-04-24,2006-01-01,2022-01-01,1360522.304365395
Grosse Ile / Gibraltar,US,MI,,KONZ,42.0991,-83.1615,180.0,America/Detroit,2006-01-01,2024-08-12,2006-01-01,2022-04-25,2008-01-01,2022-01-01,1360881.1271953462
Cleveland / White Hill,US,OH,,KCGF,41.5651,-81.4864,268.0,America/New_York,2006-01-08,2024-08-12,2020-01-14,2022-04-24,2020-01-01,2022-01-01,1361029.4984114089
Midland,US,TX,,KMDD,32.0365,-102.101,854.0,America/Chicago,2006-06-21,2024-08-12,2007-09-10,2022-04-24,2015-01-01,2022-01-01,1362480.8030607952
Plainview,US,TX,,KPVW,34.1681,-101.7173,1028.0,America/Chicago,2006-07-20,2024-08-12,2010-06-22,2022-04-24,2014-01-01,2022-01-01,1363082.2063526055
Youngstown-Warren Reg Airprt,US,OH,72525,KYNG,41.25,-80.6667,365.0,America/New_York,1948-01-01,2024-08-12,1934-08-01,2024-12-30,1934-01-01,2022-01-01,1363219.306610436
Pampa / Parnell (Historical),US,TX,,KBPC,35.8893,-101.0301,845.0,America/Chicago,2009-03-26,2024-08-12,2009-04-14,2022-04-24,2015-01-01,2022-01-01,1363275.857815076
Perryton / Twichell,US,TX,,KPYX,36.4129,-100.7516,889.0,America/Chicago,2006-01-01,2024-08-12,2006-02-06,2022-04-24,2012-01-01,2022-01-01,1364026.264484653
Tangier Island,US,VA,,KTGI,37.8251,-75.9978,2.0,America/New_York,2020-05-18,2024-08-12,2020-05-18,2022-04-25,2020-01-01,2022-01-01,1364037.6942668757
Bedford / Belden,US,PA,,KHMZ,40.0861,-78.5135,354.0,America/New_York,2020-01-14,2024-08-12,2020-01-14,2022-04-24,2020-01-01,2022-01-01,1365080.395444487
Detroit / Denton,US,MI,,KYIP,42.2393,-83.531,218.0,America/Detroit,1973-01-01,2024-08-12,1973-01-03,2022-04-24,2005-01-01,2022-01-01,1365882.1366226533
Johnstown / Wissingertown,US,PA,,KJST,40.3161,-78.8339,696.0,America/New_York,1973-01-01,2024-08-12,1991-03-23,2022-04-24,2005-01-01,2021-01-01,1366925.132199414
Russell / Homer,US,KS,,KRSL,38.8714,-98.8116,568.0,America/Chicago,1943-02-01,2024-08-08,1943-02-02,2022-04-23,1944-01-01,2021-01-01,1367297.923742646
Racine / Ives,US,WI,,KRAC,42.7612,-87.8139,205.0,America/Chicago,2006-01-01,2024-08-12,2006-01-01,2022-04-24,2006-01-01,2022-01-01,1367842.5082374392
Camp Springs / Andrews Air Force Base,US,MD,74594,KADW,38.8167,-76.85,86.0,America/New_York,1943-06-19,2024-08-12,1943-07-04,2022-04-25,1943-01-01,2021-01-01,1369583.9449857809
Melfa,US,VA,,KMFV,37.6469,-75.7611,14.0,America/New_York,2006-04-01,2024-08-12,2007-01-10,2022-04-24,2015-01-01,2021-01-01,1370838.0312953007
Midland International Airport,US,TX,72265,KMAF,31.9333,-102.2,875.0,America/Chicago,1948-02-01,2024-08-12,1930-06-01,2024-12-30,1930-01-01,2022-01-01,1371126.997627752
Marshalltown / Maulsby,US,IA,,KMIW,42.1127,-92.9178,297.0,America/Chicago,2006-01-01,2024-08-12,2006-01-01,2022-04-24,2006-01-01,2021-01-01,1371544.4721361042
Plattsmouth / Mynard,US,NE,,KPMV,40.9484,-95.9174,367.0,America/Chicago,2006-11-21,2024-08-12,2006-11-22,2022-04-24,2009-01-01,2022-01-01,1372291.8699349896
East Troy Municipal Airport,US,WI,,K57C,42.7972,-88.3726,262.0,America/Chicago,2022-05-06,2024-08-12,,,,,1372539.3982999849
Montgomery County Airport,US,MD,,KGAI,39.1696,-77.1655,164.0,America/New_York,2022-04-23,2024-08-06,2022-04-24,2022-04-24,,,1374304.7124114637
Charlotte / Meadows Mobile Home Park,US,MI,,KFPK,42.5745,-84.8114,272.0,America/Detroit,2006-01-01,2024-08-12,2006-01-01,2022-04-24,2006-01-01,2022-01-01,1374374.3255119044
Holland / Lincoln Estates Mobile Home Park,US,MI,,KBIV,42.7428,-86.1078,213.0,America/Detroit,2006-01-01,2024-08-12,2006-01-01,2022-04-24,2006-01-01,2022-01-01,1374793.2210852397
Atlantic,US,IA,,KAIO,41.4038,-95.0487,355.0,America/Chicago,2006-01-01,2024-08-12,2006-01-01,2022-04-24,2015-01-01,2022-01-01,1376342.4117699459
College Park / Lakeland,US,MD,,KCGS,38.9806,-76.9223,15.0,America/New_York,2006-10-26,2024-08-12,2011-06-03,2022-04-24,2020-01-01,2022-01-01,1376436.268625173
Willoughby / Woodbridge,US,OH,,KLNN,41.684,-81.3898,191.0,America/New_York,1983-11-03,2024-08-12,2015-01-09,2022-04-24,2015-01-01,2022-01-01,1376454.0777663111
Dryden / Mofeta,US,TX,,K6R6,30.046,-102.2129,708.0,America/Chicago,2006-01-01,2024-08-12,2006-01-01,2022-03-08,2006-01-01,2022-01-01,1376828.2020322145
Platteville / Ipswich,US,WI,,KPVB,42.6894,-90.4444,312.0,America/Chicago,2008-08-25,2024-08-12,2008-08-27,2022-04-24,2015-01-01,2022-01-01,1378844.8968761996
Janesville,US,WI,,KREE,33.5967,-102.0422,1030.0,America/Chicago,1942-03-09,1997-04-11,1942-03-12,1997-02-27,1942-01-01,1996-01-01,1378864.2157694283
Detroit Metropolitan,US,MI,72537,KDTW,42.2333,-83.0,195.0,America/Detroit,1942-08-01,2024-08-12,1942-08-01,2024-12-30,1942-01-01,2022-01-01,1379421.8897030493
Frederick / Olacin,US,MD,,KFDK,39.4176,-77.3743,93.0,America/New_York,2005-01-01,2024-08-12,2006-01-30,2022-04-24,2020-01-01,2022-01-01,1379557.9281202727
Indiana / Bryan Hill Manor,US,PA,,KIDI,40.6322,-79.1055,428.0,America/New_York,2006-01-01,2024-08-12,2006-01-29,2022-04-24,2015-01-01,2022-01-01,1380054.6552475542
Hagerstown / Fortney Mobile Home Park,US,MD,,KHGR,39.7085,-77.7265,214.0,America/New_York,2006-01-01,2024-08-12,2006-01-01,2022-04-24,2006-01-01,2022-01-01,1380324.300707054
Mason,US,MI,,KTEW,42.5658,-84.4232,280.0,America/Detroit,2006-01-01,2024-08-12,2006-01-01,2022-04-25,2007-01-01,2022-01-01,1380695.2775097617
Ames / Old Orchard Mobile Home Park,US,IA,,KAMW,41.9921,-93.6218,291.0,America/Chicago,2006-01-01,2024-08-12,2006-01-01,2022-04-24,2006-01-01,2022-01-01,1381101.511911934
Independence / Pine Ridge Mobile Home Court,US,IA,,KIIB,42.4569,-91.9477,298.0,America/Chicago,2006-01-01,2024-08-12,2006-01-01,2022-04-24,2014-01-01,2022-01-01,1382308.2565041103
Perry Municipal Airport,US,IA,,KPRO,41.828,-94.1599,309.0,America/Chicago,2022-04-23,2024-07-09,2022-04-23,2022-04-23,,,1383224.2389292147
Borger / Electric City,US,TX,,KBGD,35.7009,-101.3937,931.0,America/Chicago,2006-01-01,2024-08-12,2006-01-01,2022-04-24,2006-01-01,2022-01-01,1385960.7860726977
Omaha / Offutt Air Force Base,US,NE,72554,KOFF,41.1167,-95.9,319.0,America/Chicago,1948-01-12,2024-08-12,1948-01-13,2022-04-25,1948-01-01,2020-01-01,1386971.2648852584
Odessa,US,TX,,KODO,31.9214,-102.3871,916.0,America/Chicago,2006-01-01,2024-08-12,2006-01-01,2022-04-24,2006-01-01,2022-01-01,1388690.712919663
Nas Patuxent River Md,US,MD,72404,KNHK,38.3,-76.0667,12.0,America/New_York,1945-03-01,2024-08-12,1945-03-01,2024-08-06,1945-01-01,2022-01-01,1388861.4072593236
Gen Mitchell International Airport,US,WI,72640,KMKE,42.955,-87.9044,211.0,America/Chicago,1948-01-01,2024-08-12,1938-04-01,2024-12-30,1938-01-01,2022-01-01,1389382.7327025034
Hebron,US,NE,,KHJH,40.1523,-97.587,448.0,America/Chicago,2006-01-01,2024-08-12,2006-01-02,2022-04-24,2008-01-01,2022-01-01,1390185.241741216
Camp David / Flint,US,MD,,KRSP,39.6459,-77.4685,569.0,America/New_York,2006-05-01,2024-08-12,2006-05-02,2022-04-24,2006-01-01,2021-01-01,1391181.2285179088
Major Samuel B Cornelius Field Airport,US,TX,,KE42,36.221,-101.1945,941.0,America/Chicago,2022-04-23,2024-08-12,2022-04-23,2022-04-26,,,1391320.4967525087
Altoona / Martinsburg,US,PA,,KAOO,40.2964,-78.32,458.0,America/New_York,1973-01-01,2024-08-12,1973-01-01,2022-04-24,1999-01-01,2022-01-01,1393497.8541828184
Council Bluffs / Gilliatt,US,IA,,KCBF,41.2601,-95.7587,380.0,America/Chicago,2006-01-01,2024-08-12,2006-01-01,2022-04-24,2011-01-01,2022-01-01,1393766.3511030017
Boone,US,IA,,KBNW,42.0496,-93.8476,354.0,America/Chicago,2006-01-01,2024-08-12,2006-01-01,2022-04-24,2011-01-01,2022-01-01,1394534.1742791126
Fort Meade / Ft Meade / Portland Station (Historical),US,MD,,KFME,39.0854,-76.7594,46.0,America/New_York,1959-11-13,2024-08-12,1959-11-14,2022-04-24,1959-01-01,2022-01-01,1394705.0768458638
Waterloo Municipal Airport,US,IA,72548,KALO,42.55,-92.0667,266.0,America/Chicago,1960-03-01,2024-08-12,1950-03-01,2024-12-30,1950-01-01,2022-01-01,1395025.332447252
Amarillo International  Airport,US,TX,72363,KAMA,35.2167,-101.7167,1099.0,America/Chicago,1943-03-01,2024-08-12,1943-03-01,2024-12-30,1943-01-01,2022-01-01,1395359.3760121912
Hays / Buffalo Hills Mobile Home Park,US,KS,,KHYS,38.8422,-99.2732,609.0,America/Chicago,2006-01-01,2024-08-12,2006-01-01,2022-04-24,2008-01-01,2021-01-01,1396252.3805202404
Howell / Burkhart Ridge Mobile Home Park,US,MI,,KOZW,42.6294,-83.9822,293.0,America/Detroit,2006-01-01,2024-08-12,2006-01-01,2022-04-25,2007-01-01,2022-01-01,1396752.6092767667
Gerald R. Ford International,US,MI,72635,KGRR,42.8833,-85.5167,242.0,America/Detroit,1973-01-01,2024-08-12,1963-11-24,2024-12-30,1963-01-01,2022-01-01,1397188.2075248202
Detroit / Hamtramck,US,MI,,KDET,42.4092,-83.0099,191.0,America/Detroit,1973-01-01,2024-08-12,1973-01-01,2022-04-24,1981-01-01,2022-01-01,1397550.1306837327
Mineral Point / Linden,US,WI,,KMRJ,42.8868,-90.2362,357.0,America/Chicago,2006-01-01,2024-08-12,2006-01-01,2022-04-24,2007-01-01,2022-01-01,1397557.55824277
Waukesha,US,WI,,KUES,43.041,-88.2371,278.0,America/Chicago,2006-01-01,2024-08-12,2015-06-01,2022-04-24,2020-01-01,2022-01-01,1399307.254407874
Audubon / Nishna,US,IA,,KADU,41.7014,-94.9205,392.0,America/Chicago,2006-01-01,2024-08-12,2006-01-01,2022-04-24,2011-01-01,2022-01-01,1399859.7833433254
Capital City Airport,US,MI,72539,KLAN,42.7833,-84.5833,262.0,America/Detroit,1973-01-01,2024-08-12,1948-01-01,2024-12-30,1948-01-01,2022-01-01,1401141.4003244953
Lincoln Municipal Airport,US,NE,72551,KLNK,40.8333,-96.7647,372.0,America/Chicago,1942-10-01,2024-08-12,1942-10-01,2024-12-30,1942-01-01,2022-01-01,1403742.791806026
Omaha Eppley Airfield,US,NE,72550,KOMA,41.3,-95.9,300.0,America/Chicago,1975-01-01,2024-08-12,1948-01-01,2024-12-30,1948-01-01,2022-01-01,1403943.7333470273
Omaha / Millard,US,NE,,KMLE,41.196,-96.1123,320.0,America/Chicago,2006-01-01,2024-08-12,2006-01-01,2022-04-24,2006-01-01,2022-01-01,1404240.607091798
Andrews,US,TX,,KE11,32.3311,-102.5295,967.0,America/Chicago,2020-01-14,2024-08-12,2020-01-14,2022-04-24,2020-01-01,2022-01-01,1405067.5268953545
Baltimore-Washington International,US,MD,72406,KBWI,39.1667,-76.6833,45.0,America/New_York,1945-01-01,2024-08-12,1939-07-01,2024-12-29,1939-01-01,2022-01-01,1405548.9611599064
Annapolis / Naval Academy,US,MD,,KNAK,38.9833,-76.4833,12.0,America/New_York,2004-05-25,2024-08-12,2004-05-26,2022-04-24,2006-01-01,2021-01-01,1405888.0980206858
Harlan / Corley,US,IA,,KHNR,41.5844,-95.3397,375.0,America/Chicago,2006-01-01,2024-08-12,2006-01-01,2022-04-24,2012-01-01,2022-01-01,1405936.9743306017
Milwaukee / Butler,US,WI,,KMWC,43.1104,-88.0344,227.0,America/Chicago,1973-01-01,2024-08-12,2020-01-14,2022-04-24,2020-01-01,2022-01-01,1406729.3761809675
Oelwein,US,IA,,KOLZ,42.6808,-91.9745,328.0,America/Chicago,2006-01-01,2024-08-12,2006-01-05,2022-04-24,2012-01-01,2022-01-01,1406809.5552512405
Cambridge / Thompson,US,MD,,KCGE,38.5393,-76.0304,6.0,America/New_York,2006-10-03,2024-08-12,2011-06-05,2022-04-24,2020-01-01,2022-01-01,1406966.579800037
Troy / Birmingham,US,MI,,KVLL,42.5429,-83.1779,222.0,America/Detroit,2005-01-01,2024-08-12,2005-01-01,2022-04-25,2007-01-01,2022-01-01,1407052.0368574793
Wallops Flight Fac Airport,US,VA,72402,KWAL,37.9333,-75.4667,12.0,America/New_York,1973-01-01,2024-08-12,1966-10-01,2024-12-30,1966-01-01,2022-01-01,1409710.9315480657
Ionia / Canterbury Estates Mobile Home Park,US,MI,,KY70,42.938,-85.0606,249.0,America/Detroit,2014-07-31,2024-08-12,2014-08-01,2022-04-25,2020-01-01,2022-01-01,1409789.7145029625
Franklin / Mapledale,US,PA,,KFKL,41.3779,-79.8604,469.0,America/New_York,1973-01-01,2024-08-12,1991-09-20,2022-04-24,2007-01-01,2022-01-01,1410891.3537892292
Liberal / Western Mobile Home Park South,US,KS,,KLBL,37.0442,-100.9599,879.0,America/Chicago,2006-01-01,2024-08-12,2006-01-02,2022-04-24,2010-01-01,2021-01-01,1411839.574327215
Madison Dane County Rgnl,US,WI,72641,KMSN,43.1333,-89.0167,263.0,America/Chicago,1948-01-01,2024-08-12,1939-10-01,2024-12-30,1939-01-01,2022-01-01,1412815.8923389972
Ashtabula / Bulah,US,OH,,KHZY,41.778,-80.6955,282.0,America/New_York,2006-01-01,2024-08-12,2006-01-01,2022-04-24,2006-01-01,2021-01-01,1412878.094425939
Pontiac / Waterford,US,MI,,KPTK,42.6656,-83.4205,299.0,America/Detroit,2006-01-01,2024-08-12,2006-01-01,2022-04-24,2006-01-01,2022-01-01,1413786.976444451
Middleton,US,WI,,KC29,43.1143,-89.5315,283.0,America/Chicago,2020-01-14,2024-08-09,2020-01-14,2022-04-24,2020-01-01,2022-01-01,1414702.8281149704
Watertown,US,WI,,KRYV,43.1696,-88.7232,254.0,America/Chicago,2006-01-01,2024-08-02,2006-01-01,2022-04-24,2006-01-01,2022-01-01,1415227.0913600172
"Omaha, Ne.",US,NE,72553,KOVN,41.3667,-96.0167,399.0,America/Chicago,,,1954-10-01,2003-02-28,1954-01-01,2002-01-01,1415507.271096433
Stevensville / Kangaroo Beach,US,MD,,KW29,38.9764,-76.3296,5.0,America/New_York,2007-04-17,2024-08-12,2011-06-04,2022-04-25,2020-01-01,2022-01-01,1415777.1945410785
Westminster / Pinch Valley Estates,US,MD,,KDMW,39.6083,-77.0077,241.0,America/New_York,2011-01-01,2024-08-12,2013-02-07,2022-04-24,2020-01-01,2022-01-01,1417043.3628989675
Baltimore,US,MD,,KDMH,39.2833,-76.6167,6.0,America/New_York,1999-01-14,2024-08-12,1999-07-02,2020-06-03,1999-01-01,2020-01-01,1418302.059103264
Meadville / Onspaugh Corners,US,PA,,KGKJ,41.6265,-80.2147,426.0,America/New_York,2006-01-01,2024-08-12,2006-01-01,2022-04-24,2006-01-01,2022-01-01,1418510.1296161597
Iowa Falls / Racine,US,IA,,KIFA,42.4708,-93.27,347.0,America/Chicago,2007-10-16,2024-08-12,2007-10-19,2022-04-24,2014-01-01,2022-01-01,1419131.8952223954
Muskegon County Airport,US,MI,72636,KMKG,43.1667,-86.2333,191.0,America/Detroit,1973-01-01,2024-08-12,1896-06-02,2024-12-30,1896-01-01,2022-01-01,1420394.0026289818
Seminole,US,TX,,KGNC,32.6833,-102.6667,1024.0,America/Chicago,2006-07-10,2024-08-12,2011-02-10,2022-04-24,2012-01-01,2022-01-01,1421527.9893169024
Easton / Newman Field,US,MD,,KESN,38.8,-76.0667,22.0,America/New_York,2022-04-23,2024-08-12,2022-04-24,2022-04-24,,,1421732.1475453696
Selfridge Air National Guard Base,US,MI,,KMTC,42.6046,-82.8353,177.0,America/Detroit,2022-04-23,2024-08-12,2022-04-24,2022-04-25,,,1422843.3780028746
Blair / Bennington,US,NE,,KBTA,41.4148,-96.109,402.0,America/Chicago,2008-01-07,2024-08-12,2008-01-08,2022-04-24,2009-01-01,2022-01-01,1424230.9376877928
Prairie Du Chien / Selchs Mobile Home Park,US,WI,,KPDC,43.0193,-91.1237,201.0,America/Chicago,2006-01-01,2024-08-12,2006-01-01,2022-04-24,2007-01-01,2022-01-01,1425864.2008514982
Sublette Municipal Airport,US,KS,,K19S,37.4969,-100.8329,887.0,America/Chicago,2022-05-06,2024-08-12,,,,,1425927.6277174728
Valley,US,NE,72558,KOAX,41.3167,-96.3667,350.0,America/Chicago,2000-02-16,2005-04-20,,,,,1427375.0295916938
Carroll,US,IA,,KCIN,42.05,-94.7833,375.0,America/Chicago,2022-04-23,2024-08-12,2022-04-23,2022-04-25,,,1428557.376313521
Salisbury / Quail Ridge,US,MD,72398,KSBY,38.3402,-75.5095,16.0,America/New_York,2005-01-01,2024-08-12,1948-07-20,2024-12-30,1948-01-01,2022-01-01,1431376.9020606712
Wahoo,US,NE,,KAHQ,41.2406,-96.5946,373.0,America/Chicago,2011-05-17,2024-08-12,2011-05-18,2022-04-24,2014-01-01,2022-01-01,1431517.35399791
Smith Center,US,KS,,KK82,39.7611,-98.7934,548.0,America/Chicago,2020-08-12,2024-08-12,2020-08-12,2022-04-24,2020-01-01,2022-01-01,1431530.1574639538
Owosso / Middletown,US,MI,,KRNP,42.993,-84.1385,224.0,America/Detroit,2005-01-01,2024-08-12,2005-01-01,2022-04-25,2006-01-01,2022-01-01,1432463.1483450276
Lone Rock,US,WI,,KLNR,43.2119,-90.1798,219.0,America/Chicago,1973-01-01,2024-08-12,2004-01-03,2022-04-24,2005-01-01,2022-01-01,1432516.5980698084
Boscobel,US,WI,,KOVS,43.1608,-90.674,205.0,America/Chicago,2006-01-01,2024-08-12,2006-01-01,2022-04-24,2006-01-01,2022-01-01,1433808.5330596394
Webster City / Highview,US,IA,,KEBS,42.4365,-93.8691,342.0,America/Chicago,2006-01-01,2024-08-12,2006-01-01,2022-04-24,2010-01-01,2022-01-01,1434534.9797440919
Baltimore / Stansbury Estates,US,MD,,KMTN,39.3257,-76.4138,7.0,America/New_York,2006-01-01,2024-08-12,2019-11-15,2022-04-20,2020-01-01,2022-01-01,1434691.1665493958
Hereford / Joel,US,TX,,KHRX,34.8607,-102.3259,1155.0,America/Chicago,2007-06-04,2024-08-12,2011-02-28,2022-04-24,2014-01-01,2022-01-01,1436716.68666943
Aberdeen Proving Grounds,US,MD,74002,KAPG,39.5,-76.5667,5.0,America/New_York,2006-01-03,2024-08-09,2016-10-27,2022-04-22,2022-01-01,2022-01-01,1437250.4028108863
Fort Stockton / Little Mexico Colonia,US,TX,,KFST,30.9153,-102.9128,918.0,America/Chicago,2005-01-01,2024-08-12,2005-01-01,2022-04-24,2005-01-01,2021-01-01,1437579.1064593098
Guymon,US,OK,,KGUY,36.6851,-101.5078,953.0,America/Chicago,2006-01-01,2024-08-12,2006-01-01,2022-04-24,2006-01-01,2021-01-01,1438037.2175257881
Du Bois / Allens Mills,US,PA,,KDUJ,41.1783,-78.8987,554.0,America/New_York,1973-01-01,2024-08-12,1973-01-01,2022-04-24,2005-01-01,2022-01-01,1438887.0703884806
West Bend / Myra,US,WI,,KETB,43.4222,-88.1279,270.0,America/Chicago,2006-01-02,2024-08-12,2006-07-02,2022-04-24,2014-01-01,2022-01-01,1441501.3617189906
Garden City / Mansfield,US,KS,,KGCK,37.9275,-100.7244,881.0,America/Chicago,1943-02-01,2024-08-12,1943-02-02,2022-04-24,1943-01-01,2021-01-01,1441924.1869917342
Juneau,US,WI,,KUNU,43.4265,-88.7038,285.0,America/Chicago,2006-01-01,2024-08-12,2006-01-01,2022-04-24,2009-01-01,2022-01-01,1443658.5167206582
Hampton,US,IA,,KHPT,42.7237,-93.2263,358.0,America/Chicago,2020-01-14,2024-08-12,2020-01-14,2022-04-24,2020-01-01,2021-01-01,1444048.8219883032
Dumas,US,TX,,KDUX,35.8574,-102.0133,1130.0,America/Chicago,2006-01-09,2024-08-12,2010-07-25,2022-04-24,2014-01-01,2022-01-01,1444393.5114314724
Denison / Kimze,US,IA,,KDNS,41.9866,-95.3805,388.0,America/Chicago,2006-01-01,2024-08-12,2006-01-01,2022-04-24,2014-01-01,2022-01-01,1446228.4639592352
Fremont / Midway Trailer Court,US,NE,,KFET,41.4491,-96.5202,367.0,America/Chicago,2006-01-01,2024-08-12,2006-01-02,2022-04-24,2010-01-01,2022-01-01,1446781.5466393027
Ridgely / Oakland Acres,US,MD,,KRJD,38.9701,-75.8663,20.0,America/New_York,2007-05-22,2009-07-01,,,,,1446981.2349789434
York Airport,US,PA,,KTHV,39.9194,-76.8769,146.0,America/New_York,2022-04-23,2024-08-12,2022-04-24,2022-04-24,,,1448764.2272404283
Hugoton,US,KS,,KHQG,37.1631,-101.3705,955.0,America/Chicago,2015-10-20,2024-08-12,2015-10-21,2022-04-24,2020-01-01,2022-01-01,1450270.263272771
Clearfield / Kerr Addition,US,PA,,KFIG,41.0486,-78.4131,462.0,America/New_York,2006-01-01,2024-08-12,2006-01-01,2022-04-24,2006-01-01,2021-01-01,1452483.095401282
Fremont Muni / Reeman,US,MI,,KFFX,43.4393,-85.9949,235.0,America/Detroit,2008-02-29,2024-08-12,2008-03-02,2022-04-24,2008-01-01,2022-01-01,1452779.1314445224
Flint Bishop International  Airport,US,MI,72637,KFNT,42.9667,-83.0833,238.0,America/Detroit,1973-01-01,2024-08-12,1948-05-02,2024-12-30,1948-01-01,2022-01-01,1454167.3774885111
York,US,NE,,KJYR,40.8964,-97.6241,509.0,America/Chicago,2006-01-01,2024-08-12,2006-01-02,2022-04-24,2010-01-01,2022-01-01,1454544.172976791
Philipsburg / Beaver Mills,US,PA,72512,KPSB,40.8844,-78.0873,594.0,America/New_York,1985-05-31,1986-08-27,1985-06-08,2024-12-30,2002-01-01,2022-01-01,1455838.4211314877
Noorvik / Andrewsville,US,AK,,PFNO,38.8495,-75.6128,20.0,America/New_York,2011-05-25,2024-08-12,2011-05-26,2022-04-20,2011-01-01,2022-01-01,1456574.0884678701
Fort Dodge,US,IA,72549,KFOD,42.55,-94.1833,354.0,America/Chicago,2006-01-01,2024-08-12,2006-01-01,2022-04-25,2006-01-01,2022-01-01,1456616.8127897992
Ocean City / Morris Mobile Home Park,US,MD,,KOXB,38.3104,-75.124,3.0,America/New_York,2006-01-01,2024-08-12,2006-01-01,2022-04-24,2006-01-01,2021-01-01,1457590.752894106
Alma / Eugene,US,MI,,KAMN,43.3221,-84.6879,230.0,America/Detroit,2006-01-01,2024-08-12,2006-01-01,2022-04-24,2006-01-01,2022-01-01,1457734.2084331827
Tekamah / Westside Mobile Home Park,US,NE,,KTQE,41.7635,-96.1779,313.0,America/Chicago,2006-01-01,2024-08-12,2006-01-01,2022-04-24,2006-01-01,2021-01-01,1459719.0900506016
Lapeer / Lapeer Meadows Mobile Home Park,US,MI,,KD95,43.0664,-83.2718,255.0,America/Detroit,2013-01-01,2024-08-12,2013-01-01,2022-04-24,2013-01-01,2022-01-01,1459927.7674476788
Ocean City,US,MD,74595,KW30,38.3333,-75.0833,4.0,America/New_York,,,1898-04-01,1960-08-31,1898-01-01,1960-01-01,1461955.180323126
Baraboo / West Baraboo,US,WI,,KDLL,43.522,-89.7709,298.0,America/Chicago,2006-01-01,2024-08-12,2006-01-01,2022-04-24,2008-01-01,2022-01-01,1462021.78666722
Clarion,US,IA,,KCAV,42.7419,-93.7589,353.0,America/Chicago,2006-01-01,2024-08-12,2006-01-01,2022-04-24,2014-01-01,2022-01-01,1462153.7201495585
Erie International Airport,US,PA,72526,KERI,42.0833,-80.1833,223.0,America/New_York,1973-01-01,2024-08-12,1926-01-01,2024-12-30,1926-01-01,2022-01-01,1463427.8165129542
Port Huron / Marysville,US,MI,,KPHN,42.911,-82.5289,198.0,America/Detroit,2006-01-01,2024-08-12,2006-01-01,2022-04-25,2007-01-01,2022-01-01,1463482.6239987314
Charles City / Doubleday,US,IA,,KCCY,43.0726,-92.6108,343.0,America/Chicago,2006-01-01,2024-08-12,2006-01-01,2022-04-24,2014-01-01,2022-01-01,1463806.4225813358
Georgetown / Rogers Development,US,DE,,KGED,38.6879,-75.3583,16.0,America/New_York,2006-01-01,2024-08-12,2006-01-01,2022-04-24,2006-01-01,2021-01-01,1464102.6178696875
Reedsville / Woodland,US,PA,,KRVL,40.6774,-77.6268,250.0,America/New_York,2018-07-19,2024-08-12,2018-07-20,2022-04-25,2020-01-01,2022-01-01,1464154.2660693459
Reedsburg / Maple Aire Mobile Village,US,WI,,KC35,43.5259,-89.9832,276.0,America/Chicago,2020-01-14,2024-08-12,2020-01-14,2022-04-24,2020-01-01,2022-01-01,1464713.3243741079
Wink,US,TX,,KINK,31.7798,-103.2017,860.0,America/Chicago,1946-08-01,2024-08-12,1946-08-02,2022-04-24,1947-01-01,2022-01-01,1464932.4745632166
Decorah / Freeport,US,IA,,KDEH,43.2755,-91.7394,353.0,America/Chicago,2006-01-01,2024-08-12,2006-01-01,2022-04-24,2014-01-01,2022-01-01,1465398.0707936562
State College / Hunter Park,US,PA,,KUNV,40.8493,-77.8487,378.0,America/New_York,2005-01-01,2024-08-12,2005-01-01,2022-04-24,2015-01-01,2022-01-01,1465974.4729964964
Hill City,US,KS,,KHLC,39.3802,-99.8315,682.0,America/Chicago,1973-01-01,2024-08-08,1996-05-18,2022-04-23,2005-01-01,2021-01-01,1471214.5302804941
Hobbs,US,NM,,KHOB,32.6875,-103.217,1116.0,America/Denver,1942-11-01,2024-08-12,1942-11-02,2022-04-24,1943-01-01,2022-01-01,1472810.6599568548
Harrisburg / New Market,US,PA,72511,KCXY,40.2171,-76.8515,106.0,America/New_York,1991-01-01,2024-08-12,1939-01-01,2024-08-06,1939-01-01,2022-01-01,1473148.9047007645
Ulysses,US,KS,,KULS,37.604,-101.3736,936.0,America/Chicago,2018-05-24,2024-08-12,2018-05-25,2022-04-24,2020-01-01,2022-01-01,1473381.6160208555
Hobbs / Air Base City,US,NM,,KHBB,32.77,-103.22,1128.0,America/Denver,2007-04-01,2012-02-27,2007-04-24,2012-02-25,,,1474009.5754527359
Aurora,US,NE,,KAUH,40.8941,-97.9946,550.0,America/Chicago,2006-01-01,2024-08-12,2006-01-01,2022-04-24,2007-01-01,2022-01-01,1474669.7792521773
Hastings / Ingleside,US,NE,,KHSI,40.6052,-98.4279,598.0,America/Chicago,2006-01-01,2024-08-12,2006-01-01,2022-04-24,2006-01-01,2021-01-01,1475538.0052165654
Harrisburg,US,PA,72399,KMDT,40.1932,-76.7626,95.0,America/New_York,2005-01-01,2024-08-12,1941-01-01,2024-12-30,1941-01-01,2022-01-01,1476754.140292762
St Marys / Kaulmont,US,PA,,KOYM,41.4125,-78.5026,590.0,America/New_York,2020-01-14,2024-08-12,2020-01-14,2022-04-25,2020-01-01,2022-01-01,1479647.6366860522
Fond Du Lac / Fond Du Lac,US,WI,,KFLD,43.7712,-88.4884,246.0,America/Chicago,1999-01-01,2024-08-12,1999-01-01,2022-04-24,2005-01-01,2022-01-01,1481118.2057582166
Acacia Falls Mobile Home Court,US,WI,72642,KSBM,43.78,-87.85,228.0,America/Chicago,2006-01-01,2024-08-12,2006-01-01,2022-04-25,2006-01-01,2022-01-01,1481118.3337888005
Delaware Airpark,US,DE,,K33N,39.2187,-75.6005,16.0,America/New_York,2022-05-06,2024-08-12,,,,,1481974.5788302636
Viroqua,US,WI,,KY51,43.5794,-90.8965,394.0,America/Chicago,2014-07-31,2024-08-12,2014-08-06,2022-04-25,2020-01-01,2022-01-01,1482947.9163515691
Elkhart-Morton County Airport,US,KS,,KEHA,37.0,-101.8833,1099.0,America/Chicago,2022-04-23,2024-08-12,2022-04-23,2022-04-26,,,1483133.1216184578
Dover Air Force Base,US,DE,,KDOV,39.1333,-75.4667,9.0,America/New_York,2022-04-23,2024-08-12,2022-04-24,2022-04-24,,,1485465.942870302
Saginaw / Robin Glen Mobile Home Community,US,MI,,KHYX,43.4334,-83.8623,183.0,America/Detroit,2006-01-01,2024-08-12,2006-01-01,2022-04-24,2006-01-01,2022-01-01,1485537.8123590187
Scott City,US,KS,,KTQK,38.4743,-100.8849,905.0,America/Chicago,2020-01-14,2024-08-12,2020-01-14,2022-04-24,2020-01-01,2022-01-01,1486144.8606211368
Columbus Municipal Airport,US,NE,,KOLU,41.45,-97.3333,440.0,America/Chicago,2022-04-23,2024-08-12,2022-04-24,2022-04-24,,,1487120.919779628
Central Nebraska Regional,US,NE,72552,KGRI,40.9667,-98.15,563.0,America/Chicago,1944-03-01,2024-08-12,1938-03-21,2024-12-30,1938-01-01,2022-01-01,1489361.7782052094
Mt Pleasant / Broadway Acres Mobile Home Park,US,MI,,KMOP,43.6216,-84.7373,230.0,America/Detroit,2006-01-01,2024-08-12,2006-01-01,2022-04-24,2006-01-01,2022-01-01,1489484.1184162078
Big Rapids / Havenview Mobile Home Court,US,MI,,KRQB,43.7226,-85.5041,302.0,America/Detroit,2006-01-01,2024-08-12,2006-01-01,2022-04-25,2007-01-01,2022-01-01,1489495.420368867
Clovis / Texico,US,NM,,KCVN,34.4251,-103.0793,1285.0,America/Denver,2006-01-01,2024-08-12,2006-01-01,2022-04-24,2006-01-01,2021-01-01,1491413.4457112132
Saginaw / Falconview Estates Mobile Home Park,US,MI,,KMBS,43.5329,-84.0796,204.0,America/Detroit,1973-01-01,2024-08-12,1973-01-01,2022-04-24,1974-01-01,2022-01-01,1491793.618295312
Mason City / Orchard Park Mobile Home Court,US,IA,,KMCW,43.1578,-93.3313,370.0,America/Chicago,1973-01-01,2024-08-12,1973-01-01,2022-04-24,1975-01-01,2022-01-01,1492205.9168265804
Pecos / Locker,US,TX,74916,KPEQ,31.3824,-103.5107,797.0,America/Chicago,2006-02-10,2024-08-12,2007-05-01,2022-04-25,2013-01-01,2022-01-01,1493583.7362993034
Dalhart / Rehm,US,TX,74736,KDHT,36.0226,-102.5473,1217.0,America/Chicago,2005-01-01,2024-08-12,1948-12-10,2024-12-30,1949-01-01,2022-01-01,1495855.483507365
Caro / Wahjamega,US,MI,,KCFS,43.45,-83.45,214.0,America/Detroit,2005-02-01,2024-08-12,2005-02-04,2022-04-24,2011-01-01,2022-01-01,1496419.944121953
Storm Lake / Casino Beach,US,IA,,KSLB,42.5973,-95.2407,454.0,America/Chicago,2006-01-01,2024-08-12,2006-01-01,2022-04-24,2014-01-01,2022-01-01,1499946.830659611
Johnson,US,KS,,KJHN,37.5854,-101.7323,1014.0,America/Chicago,2020-01-14,2024-08-12,2020-01-14,2022-04-24,2020-01-01,2022-01-01,1500254.6319724056
Johnson,US,KS,,K2K3,37.5854,-101.7323,1014.0,America/Chicago,2016-03-02,2024-08-06,2016-03-03,2022-03-08,,,1500254.6319724056
Lancaster / Kissell Hill,US,PA,,KLNS,40.1224,-76.2944,123.0,America/New_York,2006-01-01,2024-08-12,2006-01-01,2022-04-24,2006-01-01,2021-01-01,1500544.2809177686
New Lisbon Mauston Airport,US,WI,,K82C,43.8387,-90.1377,276.0,America/Chicago,2022-05-06,2024-08-12,,,,,1500909.5042400295
Midland / Alpine Mobile Home Village,US,MI,,KIKW,43.6629,-84.2613,194.0,America/Detroit,2009-04-06,2024-08-12,2009-04-07,2022-04-24,2009-01-01,2022-01-01,1502326.5067904915
Oshkosh / Stony Beach,US,WI,,KOSH,43.9844,-88.557,246.0,America/Chicago,2006-01-01,2024-08-12,2006-01-01,2022-04-24,2006-01-01,2022-01-01,1505034.1776729466
Ludington / Hidden Forest Mobile Home Park,US,MI,,KLDM,43.9625,-86.4079,197.0,America/Detroit,2005-01-01,2024-08-12,2005-01-01,2022-04-24,2006-01-01,2022-01-01,1506964.2743126345
Indiantown / Fort Indiantown Gap,US,PA,,KMUI,40.4348,-76.5693,148.0,America/New_York,2006-01-03,2024-08-12,2007-06-21,2022-04-24,2009-01-01,2021-01-01,1507172.0658273047
Bradford / Mount Alton,US,PA,,KBFD,41.8031,-78.6401,653.0,America/New_York,1973-01-01,2024-08-12,1973-01-01,2022-04-24,1981-01-01,2022-01-01,1507529.135075047
Norton,US,KS,,KNRN,39.8504,-99.8947,727.0,America/Chicago,2018-10-17,2024-08-12,2020-07-16,2022-04-24,2020-01-01,2022-01-01,1508591.871904386
Forest City,US,IA,,KFXY,43.2348,-93.6241,375.0,America/Chicago,2009-07-14,2024-08-12,2009-07-16,2022-04-24,2015-01-01,2022-01-01,1508748.790677916
Jamestown / Kimball Stand,US,NY,,KJHW,42.1534,-79.258,525.0,America/New_York,2006-01-01,2024-08-12,2006-02-28,2022-04-24,2008-01-01,2022-01-01,1510396.395852561
Clovis / Cannon Air Force Base,US,NM,,KCVS,34.3829,-103.3222,1309.0,America/Denver,1943-01-25,2024-08-12,1943-01-26,2022-04-24,1943-01-01,2021-01-01,1512115.9887994477
Sioux Gateway Airport,US,IA,72557,KSUX,42.3833,-96.05,335.0,America/Chicago,1942-10-01,2024-08-12,1942-10-01,2024-12-30,1942-01-01,2022-01-01,1512325.71849136
Algona / Hobarton,US,IA,,KAXA,43.0779,-94.272,371.0,America/Chicago,2006-01-01,2024-08-12,2006-01-01,2022-04-24,2011-01-01,2022-01-01,1513067.0118072052
Wilmington / Duross Heights,US,DE,72418,KILG,39.6787,-75.6066,24.0,America/New_York,1942-08-01,2024-08-12,1931-04-16,2024-12-30,1943-01-01,2022-01-01,1513126.8639759969
Volk / Camp Douglas,US,WI,,KVOK,43.9392,-90.2532,278.0,America/Chicago,1961-10-01,2024-08-12,1962-10-25,2022-04-22,1966-01-01,2021-01-01,1513337.3083539386
La Crosse / Cold Springs,US,WI,,KARX,43.8228,-91.1911,389.0,America/Chicago,1942-01-01,1980-03-14,1942-01-03,1980-01-31,1942-01-01,1953-01-01,1514279.7882110632
Alpine,US,TX,,KE38,30.3842,-103.6836,1376.0,America/Chicago,2006-04-01,2024-08-12,2009-06-24,2022-04-24,2014-01-01,2022-01-01,1514406.8447959116
Wautoma,US,WI,,KY50,44.0416,-89.3045,262.0,America/Chicago,2014-07-31,2024-08-12,2014-08-01,2022-04-24,2020-01-01,2022-01-01,1515413.3956881869
Wildwood / Sally Marshall Crossing,US,NJ,,KWWD,39.0085,-74.9083,6.0,America/New_York,2006-01-01,2024-08-12,2006-01-11,2022-04-24,2012-01-01,2022-01-01,1516458.1255015025
Coatesville / Westwood,US,PA,,KMQS,39.979,-75.8655,201.0,America/New_York,2007-12-03,2024-08-12,2007-12-05,2022-04-25,2008-01-01,2022-01-01,1517436.8021546993
Holdrege / Dewaynes Trailer Court,US,NE,,KHDE,40.4521,-99.3365,705.0,America/Chicago,2006-01-01,2024-08-12,2006-01-01,2022-04-24,2007-01-01,2022-01-01,1517793.3790158823
Preston / Carimona,US,MN,,KFKA,43.6767,-92.1797,389.0,America/Chicago,2006-01-01,2024-08-12,2006-01-01,2022-04-24,2007-01-01,2022-01-01,1517816.0248417917
Kearney / Buda,US,NE,,KEAR,40.727,-99.0068,650.0,America/Chicago,2006-01-01,2024-08-12,2006-01-01,2022-04-24,2006-01-01,2021-01-01,1519250.1041912704
Selinsgrove / Dogtown,US,PA,,KSEG,40.8212,-76.8642,141.0,America/New_York,1999-01-14,2024-08-12,1999-01-16,2022-04-24,2005-01-01,2021-01-01,1519820.9409785434
Manitowac / Kellners Corners,US,WI,,KMTW,44.1288,-87.6806,198.0,America/Chicago,2006-01-01,2024-08-12,2006-01-01,2022-04-24,2008-01-01,2022-01-01,1519999.2094200558
Oakley / Patterson Mobile Home Park,US,KS,,KOEL,39.1099,-100.8164,928.0,America/Chicago,2020-01-14,2024-08-12,2020-01-14,2022-04-24,2020-01-01,2022-01-01,1520867.6619657346
La Crosse Municipal Airport,US,WI,72643,KLSE,43.8833,-91.25,199.0,America/Chicago,1948-01-01,2024-08-12,1938-04-01,2024-12-30,1938-01-01,2022-01-01,1521858.6584832144
Sparta / Angelo,US,WI,,KCMY,43.9583,-90.7379,255.0,America/Chicago,2006-01-01,2024-08-12,2006-01-01,2022-04-24,2006-01-01,2021-01-01,1521907.1493067027
Syracuse-Hamilton County Municipal Airport,US,KS,,K3K3,37.9986,-101.7476,1013.0,America/Denver,2022-05-06,2024-08-12,,,,,1523371.7102016122
Cherokee / Onawa Junction,US,IA,,KCKP,42.7312,-95.5561,374.0,America/Chicago,2006-01-01,2024-08-12,2006-01-04,2022-04-24,2014-01-01,2022-01-01,1525381.6720329004
Millville / Farmingdale,US,NJ,,KMIV,39.3678,-75.0722,26.0,America/New_York,1973-01-01,2024-08-12,1973-01-02,2022-04-24,1999-01-01,2021-01-01,1528283.7801838857
Lajitas International Airport,US,TX,,KT89,29.2771,-103.6858,235.0,America/Chihuahua,2022-04-23,2024-08-12,2022-04-23,2022-04-26,,,1528771.5285623567
Austin,US,MN,,KAUM,43.6626,-92.9329,376.0,America/Chicago,2006-01-01,2024-08-12,2006-01-01,2022-04-24,2007-01-01,2022-01-01,1534274.9138321544
Appleton / Greenville,US,WI,,KATW,44.2581,-88.5191,280.0,America/Chicago,2006-01-01,2024-08-12,2020-01-14,2022-04-24,2020-01-01,2022-01-01,1535313.940492973
West Chester / Commons At Goshen,US,PA,,KOQN,39.9901,-75.5819,141.0,America/New_York,2020-01-14,2024-08-12,2020-01-14,2022-04-25,2020-01-01,2022-01-01,1536702.5521809082
Reading Wbo City / Wyomissing,US,PA,,KRDG,40.3333,-75.9667,88.0,America/New_York,1990-03-14,2024-08-12,1999-02-19,2022-04-24,2005-01-01,2021-01-01,1536910.4694078949
Karl Stefan Memorial Airport,US,NE,72556,KOFK,41.9833,-97.4333,479.0,America/Chicago,1973-01-01,2024-08-12,1945-10-01,2024-12-30,1945-01-01,2022-01-01,1539354.2967176358
Wayne,US,NE,,KLCG,42.2416,-96.9823,436.0,America/Chicago,2006-01-01,2024-08-12,2006-01-04,2022-04-19,2009-01-01,2022-01-01,1540950.108588482
Cook Corners,US,NY,74498,KDKK,42.5,-79.28,211.0,America/New_York,1999-01-14,2024-08-12,1999-01-17,2022-04-25,2005-01-01,2022-01-01,1541755.2167355262
Manistee / Newland,US,MI,,KMBL,44.2725,-86.2469,189.0,America/Detroit,2006-01-01,2024-08-12,2006-01-01,2022-04-24,2008-01-01,2022-01-01,1542531.191725757
Bad Axe,US,MI,,KBAX,43.7802,-82.9854,233.0,America/Detroit,2006-01-01,2024-08-12,2006-01-01,2022-04-24,2008-01-01,2022-01-01,1542569.8818094984
Waupaca,US,WI,,KPCZ,44.3332,-89.0198,256.0,America/Chicago,2006-01-01,2024-08-12,2006-01-04,2022-04-24,2008-01-01,2022-01-01,1545884.7271818172
Marfa,US,TX,72264,KMRF,30.3667,-104.0167,1478.0,America/Chicago,1936-12-01,2024-07-09,1942-12-02,2022-04-25,1943-01-01,2021-01-01,1546416.5312516678
Albert Lea / Bancroft,US,MN,,KAEL,43.6815,-93.3672,384.0,America/Chicago,2006-01-01,2024-08-12,2006-01-02,2022-04-24,2006-01-01,2022-01-01,1547810.0198606756
Albion / Loretto,US,NE,,KBVN,41.7286,-98.0558,551.0,America/Chicago,2006-01-01,2024-08-12,2006-01-04,2022-04-24,2008-01-01,2022-01-01,1548775.3913792835
Rochester International Airport,US,MN,72644,KRST,43.9,-92.5,401.0,America/Chicago,1973-01-01,2024-08-12,1893-01-18,2024-12-30,1893-01-01,2022-01-01,1548876.749086377
Oberlin,US,KS,,KOIN,39.8339,-100.5393,824.0,America/Chicago,2020-01-14,2024-08-12,2020-01-14,2022-04-24,2020-01-01,2022-01-01,1550074.7884925955
Philadelphia International Airport,US,PA,72408,KPHL,39.8667,-75.2333,6.0,America/New_York,1973-01-01,2024-08-12,1940-07-01,2024-12-30,1940-01-01,2022-01-01,1551097.0309072481
Winona / Country Valley Mobile Home Park,US,MN,,KONA,44.0772,-91.7083,200.0,America/Chicago,2006-01-01,2024-08-12,2006-01-01,2022-04-24,2006-01-01,2022-01-01,1551170.8554454965
Cadillac / Cadillac Leisure Mobile Home Community,US,MI,,KCAD,44.2753,-85.4189,398.0,America/Detroit,1990-07-24,2024-08-12,1993-12-02,2022-04-24,2005-01-01,2022-01-01,1551270.082686072
Williamsport-Lycoming County,US,PA,72514,KIPT,41.25,-76.9167,161.0,America/New_York,1973-01-01,2024-08-12,1901-01-30,2024-12-31,1948-01-01,2022-01-01,1551378.9567888267
Spencer / Birchwood Estates,US,IA,72650,,43.1667,-95.15,408.0,America/Chicago,,,1895-02-01,2024-08-06,1895-01-01,2022-01-01,1552649.6689556881
Melrose Gunnery Range,US,NM,74638,K4MR,34.3,-103.8,1326.0,America/Denver,1963-07-01,2024-08-12,2017-01-22,2020-01-05,,,1553103.6469137655
Spencer / Birchwood Estates,US,IA,,KSPW,43.1655,-95.2028,408.0,America/Chicago,2006-01-01,2024-08-12,2006-01-01,2022-04-24,2006-01-01,2021-01-01,1554473.1968974792
Wisconsin Rapids / Port Edwards,US,WI,,KISW,44.3603,-89.839,311.0,America/Chicago,2006-01-01,2024-08-12,2006-01-01,2022-04-24,2006-01-01,2022-01-01,1555195.415081165
Black River Falls / Charter Oak Mills (Historical),US,WI,,KBCK,44.2507,-90.8553,255.0,America/Chicago,2010-11-18,2024-08-12,2010-11-19,2022-04-24,2011-01-01,2022-01-01,1555588.724264165
Le Mars / Armel Acres Mobile Home Estates,US,IA,,KLRJ,42.7779,-96.1937,365.0,America/Chicago,2006-01-01,2024-08-12,2006-01-01,2022-04-24,2011-01-01,2022-01-01,1555947.045560757
Pottstown / Herritage Ridge,US,PA,,KPTW,40.2396,-75.5567,94.0,America/New_York,2006-01-01,2024-08-12,2006-01-01,2022-04-22,2006-01-01,2022-01-01,1556225.4242015525
Tucumcari,US,NM,74731,,35.0833,-103.6167,1241.0,America/Denver,,,1953-11-15,1970-12-30,1953-01-01,1970-01-01,1556684.2872401027
Colby,US,KS,,KCBK,39.4274,-101.0466,971.0,America/Chicago,2012-04-03,2024-08-12,2012-04-06,2022-04-24,2013-01-01,2022-01-01,1557510.9004528087
Tucumcari Municipal Airport,US,NM,,KTCC,35.1805,-103.6014,1239.0,America/Denver,2022-04-23,2024-08-12,2022-04-24,2022-04-24,,,1558148.196258291
Austin Straubel International  Airport,US,WI,72645,KGRB,44.4833,-88.1333,212.0,America/Chicago,1950-01-01,2024-08-12,1886-09-01,2024-12-30,1886-01-01,2022-01-01,1559481.5815043983
Olean / Ischua,US,NY,,KOLE,42.2413,-78.3714,651.0,America/New_York,2012-04-23,2024-08-12,2012-04-23,2022-04-25,2015-01-01,2022-01-01,1559983.282284401
Springfield,US,CO,,KSPD,37.4,-102.6167,1335.0,America/Denver,2006-01-01,2024-08-09,2006-01-01,2022-04-24,2006-01-01,2021-01-01,1560863.1539335444
St. Mary's Hospital Heliport,US,MN,,K9MN,44.0206,-92.4829,355.0,America/Chicago,2022-05-06,2024-08-12,,,,,1561330.1717722078
Estherville / Gruver,US,IA,,KEST,43.4074,-94.7464,402.0,America/Chicago,2006-01-01,2024-08-12,2006-01-01,2022-04-24,2006-01-01,2022-01-01,1562379.7480975443
Clayton Municipal Airpark,US,NM,72360,KCAO,36.45,-103.15,1513.0,America/Denver,1978-01-01,2024-08-12,1896-02-01,2024-12-30,1896-01-01,2022-01-01,1563138.3264816264
Wellsboro / Dexter,US,PA,,KN38,41.7279,-77.3965,577.0,America/New_York,2020-01-14,2024-08-12,2020-01-14,2022-04-25,2020-01-01,2022-01-01,1564711.342202346
West Branch / Twin Pines Mobile Home Park,US,MI,,KY31,44.2448,-84.1798,269.0,America/Detroit,2020-01-14,2024-08-12,2020-01-14,2022-04-25,2020-01-01,2022-01-01,1566792.5586375955
Wellsville / Norton Summit,US,NY,,KELZ,42.1095,-77.99,647.0,America/New_York,2006-01-01,2024-08-12,2006-01-01,2022-04-24,2006-01-01,2021-01-01,1567014.878368419
Carlsbad / Livingston Wheeler,US,NM,,KCNM,32.3375,-104.2633,1004.0,America/Denver,1942-09-10,2024-08-12,1942-09-11,2022-04-24,1942-01-01,2021-01-01,1567621.9351837982
Ambler / Five Points,US,PA,,KLOM,40.1376,-75.2651,92.0,America/New_York,2005-01-01,2024-08-12,2005-01-06,2022-04-24,2008-01-01,2022-01-01,1567929.8493416694
Dodge Center,US,MN,,KTOB,44.018,-92.8315,398.0,America/Chicago,2006-01-01,2024-08-12,2006-01-01,2022-03-30,2007-01-01,2022-01-01,1569286.0414452637
Roscommon County Airport,US,MI,72638,KHTL,44.35,-84.6667,351.0,America/Detroit,1973-01-01,2024-08-05,1964-07-01,2024-12-30,1964-01-01,2022-01-01,1569963.095688373
Lexington / Donald Price Mobile Home Park,US,NE,,KLXN,40.7904,-99.7759,736.0,America/Chicago,2005-01-01,2024-08-12,2005-01-01,2022-04-24,2010-01-01,2022-01-01,1570583.8024741863
Orange City / Candlelight Trailer Court,US,IA,,KORC,42.9903,-96.0628,431.0,America/Chicago,2006-01-01,2019-02-28,2006-01-01,2019-02-27,2011-01-01,2017-01-01,1570841.8430570834
Stevens Point / Park Ridge,US,WI,,KSTE,44.5451,-89.5303,338.0,America/Chicago,2006-01-01,2024-08-12,2006-01-01,2022-04-24,2006-01-01,2022-01-01,1572872.7850329177
Port Hope / Huron City,US,MI,,KP58,44.0219,-82.7931,180.0,America/Detroit,2006-01-01,2024-08-12,2006-01-01,2022-04-24,2006-01-01,2021-01-01,1572895.018542605
Fairmont / Fairmont Estates,US,MN,,KFRM,43.6439,-94.4156,354.0,America/Chicago,2006-01-01,2024-08-09,2006-01-01,2022-04-24,2006-01-01,2022-01-01,1575320.1523250018
Clintonville,US,WI,,KCLI,44.6133,-88.7307,251.0,America/Chicago,2006-01-01,2024-08-12,2006-01-01,2022-04-01,2007-01-01,2022-01-01,1575548.859447219
Willow Grove / Meetinghouse Village,US,PA,,KNXX,40.1998,-75.1482,109.0,America/New_York,1973-01-01,2011-04-11,1973-01-01,2011-04-10,1981-01-01,2011-01-01,1579995.969227895
Philadelphia / Ashton Wooden Bridge,US,PA,,KPNE,40.0819,-75.0106,37.0,America/New_York,1973-01-01,2024-08-12,1973-01-02,2022-04-24,2005-01-01,2021-01-01,1580850.1150157873
Quakertown / Milford Square,US,PA,,KUKT,40.4352,-75.3819,160.0,America/New_York,2006-01-01,2024-08-12,2006-01-04,2022-04-25,2009-01-01,2022-01-01,1581623.5981661854
Frankfort / Elberta,US,MI,72034,KFKS,44.6252,-86.2008,193.0,America/Detroit,2006-01-01,2024-08-12,2006-01-01,2022-04-25,2006-01-01,2022-01-01,1581918.1894775024
Mount Holly / Springville,US,NJ,,KVAY,39.9429,-74.8457,16.0,America/New_York,2006-01-01,2024-08-12,2006-01-01,2022-04-24,2006-01-01,2021-01-01,1582337.6492971762
Sheldon,US,IA,,KSHL,43.2084,-95.8334,433.0,America/Chicago,2006-01-01,2024-08-12,2006-01-01,2022-04-24,2015-01-01,2022-01-01,1582724.5572779845
Perkasie,US,PA,,KCKZ,40.3892,-75.2905,173.0,America/New_York,2020-01-14,2024-08-12,2020-01-14,2022-04-24,2020-01-01,2022-01-01,1584195.8663172028
Atwood / North Atwood,US,KS,,KADT,39.8399,-101.0424,911.0,America/Chicago,2020-10-15,2024-08-12,2020-10-15,2022-04-24,2020-01-01,2022-01-01,1584463.2844017132
Hazleton / Hollywood,US,PA,,KHZL,40.9868,-75.9949,489.0,America/New_York,2020-01-14,2024-08-12,2020-01-14,2022-04-24,2020-01-01,2022-01-01,1584609.994560357
Allentown / Alton Park,US,PA,,KXLL,40.5703,-75.4883,122.0,America/New_York,2020-01-14,2024-08-12,2020-01-14,2022-04-25,2020-01-01,2022-01-01,1584678.9219954028
Lehighton Jake Arner Memorial Airport,US,PA,,K22N,40.8095,-75.7615,163.0,America/New_York,2022-05-06,2024-08-12,,,,,1585368.0375395222
Presidio,US,TX,,KPRS,29.6342,-104.3615,896.0,America/Chicago,2013-07-31,2024-08-12,2013-08-01,2022-04-24,2015-01-01,2022-01-01,1587913.7907005171
Ord / Manchester Trailer Court,US,NE,,KODX,41.6237,-98.9519,631.0,America/Chicago,2006-01-01,2024-08-12,2006-01-01,2022-04-24,2006-01-01,2022-01-01,1588475.9178730857
Marshfield / Bakerville,US,WI,,KMFI,44.6369,-90.1893,390.0,America/Chicago,2006-01-01,2024-08-12,2006-01-01,2022-04-24,2006-01-01,2022-01-01,1589338.9398077906
Cozad,US,NE,,KCZD,40.8696,-100.0043,763.0,America/Chicago,1985-11-06,1991-04-05,,,,,1590636.839004881
Artesia,US,NM,,KATS,32.8525,-104.4677,1080.0,America/Denver,2006-01-01,2024-08-12,2006-01-01,2022-04-24,2007-01-01,2022-01-01,1590953.2171489142
Doylestown / Cross Keys,US,PA,,KDYL,40.3331,-75.1223,120.0,America/New_York,2006-01-01,2024-08-12,2006-01-01,2022-04-24,2006-01-01,2021-01-01,1591115.9646290592
Owatonna / Clinton Falls,US,MN,,KOWA,44.123,-93.2588,349.0,America/Chicago,2006-01-01,2024-08-12,2006-01-01,2022-04-24,2006-01-01,2022-01-01,1591158.4747022293
Lehigh Valley International  Airport,US,PA,72517,KABE,40.65,-75.45,120.0,America/New_York,1973-01-01,2024-08-12,1948-01-01,2024-12-30,1948-01-01,2022-01-01,1592962.5220953203
Waseca / Vista-Villa Mobilehome Community,US,MN,,KACQ,44.0735,-93.5529,344.0,America/Chicago,2006-01-01,2024-08-12,2006-01-01,2022-04-19,2006-01-01,2022-01-01,1593858.7941041056
Shawano,US,WI,,KEZS,44.7873,-88.56,248.0,America/Chicago,2009-02-01,2024-08-12,2009-03-12,2022-04-24,2012-01-01,2022-01-01,1594241.7457065089
Jackson,US,MN,,KMJQ,43.65,-94.9865,441.0,America/Chicago,2006-01-01,2024-08-12,2006-01-01,2022-04-24,2006-01-01,2022-01-01,1595042.2855654133
Lamar / Beta,US,CO,,KLAA,38.0697,-102.6885,1130.0,America/Denver,2006-01-01,2024-08-12,2006-01-01,2022-04-23,2006-01-01,2021-01-01,1599635.270982113
Goodland Renner Field,US,KS,72465,KGLD,39.3667,-101.7,1114.0,America/Denver,1973-01-01,2024-08-08,1895-06-09,2024-12-30,1895-01-01,2022-01-01,1599705.257922796
Mosinee,US,WI,,KCWA,44.7776,-89.6668,389.0,America/Chicago,2006-01-01,2024-08-12,2009-10-05,2022-04-24,2020-01-01,2022-01-01,1599716.8170895865
Sturgeon Bay / Highland Heights Mobile Village,US,WI,,KSUE,44.8437,-87.4216,221.0,America/Chicago,2006-01-01,2024-08-12,2006-01-01,2022-04-24,2008-01-01,2022-01-01,1599889.5049459753
Traverse City / Treverse City [Misspelling] / Town And Country Mobile Village,US,MI,,KTVC,44.7416,-85.5824,190.0,America/Detroit,1973-01-01,2024-08-12,1973-01-02,2022-04-24,1981-01-01,2022-01-01,1600670.9829525766
Roswell Industrial Air Centr,US,NM,72268,KROW,33.3,-104.5333,1118.0,America/Denver,1942-07-13,2024-08-12,1942-07-13,2024-12-30,1942-01-01,2022-01-01,1602245.0492267006
Oconto,US,WI,,KOCQ,44.8742,-87.9096,184.0,America/Chicago,2014-07-31,2024-08-12,2014-08-06,2022-04-24,2020-01-01,2022-01-01,1602788.4422509363
Atlantic City International,US,NJ,72407,KACY,39.4667,-74.0833,23.0,America/New_York,1947-01-01,2024-08-12,1947-01-01,2024-12-30,1947-01-01,2022-01-01,1603875.4664479794
Wrightstown / Pointville,US,NJ,,KWRI,40.0156,-74.5917,40.0,America/New_York,1942-08-01,2024-08-12,1942-08-12,2022-04-24,1942-01-01,2021-01-01,1604422.8716560015
Oscoda / Whispering Woods Mobile Home Community,US,MI,,KOSC,44.4515,-83.3942,193.0,America/Detroit,1943-07-01,2024-08-12,1943-07-02,2022-04-25,1943-01-01,2022-01-01,1604634.1593349017
Grayling,US,MI,,KGOV,44.6803,-84.7289,353.0,America/Detroit,2006-01-01,2024-08-12,2006-01-01,2022-04-24,2006-01-01,2021-01-01,1605037.7462436012
Buffalo Airport,US,NY,72528,KBUF,42.9333,-78.7333,221.0,America/New_York,1942-02-01,2024-08-12,1938-05-01,2024-12-30,1938-01-01,2022-01-01,1606471.6606296133
Trenton / Altura,US,NJ,,KTTN,40.2767,-74.8135,65.0,America/New_York,1973-01-01,2024-08-12,1975-07-10,2022-04-24,2005-01-01,2021-01-01,1607455.6162574096
Burwell / Rainbow Trailer Court,US,NE,,KBUB,41.7767,-99.1497,665.0,America/Chicago,1981-01-21,1981-04-29,,,,,1612110.2515095156
Broken Bow,US,NE,,KBBW,41.4365,-99.6422,776.0,America/Chicago,2006-01-01,2024-08-12,2006-01-02,2022-04-24,2006-01-01,2022-01-01,1612795.72668426
Niagara Falls / Walmore,US,NY,,KIAG,43.1073,-78.9462,180.0,America/New_York,1951-06-12,2024-08-12,1951-06-13,2022-04-24,1951-01-01,2022-01-01,1613362.5767390186
Faribault,US,MN,,KFBL,44.3275,-93.3107,323.0,America/Chicago,2006-01-01,2024-08-12,2006-01-01,2022-04-24,2007-01-01,2022-01-01,1614002.3402208225
St James / Grogan,US,MN,,KJYG,43.9863,-94.5579,325.0,America/Chicago,2006-01-01,2024-08-12,2006-01-03,2022-04-24,2008-01-01,2022-01-01,1614779.285015914
Van Horn,US,TX,,KVHN,31.0578,-104.7838,1206.0,America/Chicago,2020-08-04,2024-08-12,2020-08-04,2022-04-25,2020-01-01,2022-01-01,1615302.7849551758
Wausau / Wausau Junction,US,WI,72646,KAUW,44.9263,-89.627,366.0,America/Chicago,1990-03-14,2024-08-12,1941-12-01,2024-08-06,1941-01-01,2022-01-01,1615822.6913509485
Worthington / Sungold Heights Mobile Home Park,US,MN,,KOTG,43.6551,-95.5792,480.0,America/Chicago,2006-01-01,2024-08-12,2006-01-01,2022-04-24,2006-01-01,2022-01-01,1616792.8443067842
Guadalupe Pass,US,TX,72262,KGDP,31.8333,-104.8167,1663.0,America/Chicago,1977-08-27,2023-12-11,1948-01-01,2023-12-10,1948-01-01,2022-01-01,1617641.6478931652
Toms River / Dover Forge,US,NH,,KMJX,39.9275,-74.2924,25.0,America/New_York,2007-11-14,2024-08-12,2007-11-15,2022-04-07,2008-01-01,2021-01-01,1618957.0836808388
Mankato / Knollwood Park,US,MN,,KMKT,44.2228,-93.9193,311.0,America/Menominee,2006-01-01,2024-08-12,2006-01-01,2022-04-24,2006-01-01,2022-01-01,1619701.7586227588
"Dansville / Municipal, Ny.",US,NY,72523,,42.5667,-77.7167,202.0,America/New_York,,,1945-11-01,2024-08-06,1945-01-01,2022-01-01,1621068.5068792512
Cumminsville,US,NY,72498,KDSV,42.57,-77.72,201.0,America/New_York,2004-01-01,2024-08-12,2004-01-01,2022-04-25,2005-01-01,2022-01-01,1621197.740980455
Yankton / Yangton [Misspelling],US,SD,,KYKN,42.9167,-97.3859,398.0,America/Chicago,2006-01-01,2024-08-12,2006-01-01,2022-04-24,2009-01-01,2022-01-01,1621512.156979518
Barnegat Coast Guard Station,US,NJ,74590,KN78,39.7667,-74.1,6.0,America/New_York,,,2004-03-05,2024-12-30,2004-01-01,2022-01-01,1621788.9174858949
Red Wing / Oak Hill Mobile Home Park,US,MN,,KRGK,44.5894,-92.485,237.0,America/Chicago,2006-01-01,2024-08-12,2006-01-01,2022-04-24,2006-01-01,2022-01-01,1622093.350226578
Stanton,US,MN,,KSYN,44.4755,-93.0163,280.0,America/Chicago,2006-01-01,2024-08-12,2006-01-04,2022-04-24,2006-01-01,2022-01-01,1622221.876191525
Lakehurst Naval Air Station,US,NJ,72409,KNEL,40.0333,-74.3167,31.0,America/New_York,1973-01-01,2024-08-12,1973-01-01,2022-04-21,2010-01-01,2021-01-01,1624298.9126059324
Windom / Bingham Lake,US,MN,,KMWM,43.9134,-95.1094,430.0,America/Chicago,2006-01-01,2024-08-12,2006-01-01,2022-04-24,2007-01-01,2022-01-01,1625726.5314113512
Elmira / Big Flats Airport,US,NY,,KELM,42.1599,-76.8916,291.0,America/New_York,1973-01-01,2024-08-12,1973-01-01,2022-04-24,2005-01-01,2021-01-01,1628356.3437754698
Menominee / Bayside Mobile Estates,US,MI,,KMNM,45.1267,-87.6384,191.0,America/Chicago,2005-01-01,2024-08-12,2005-01-01,2022-04-24,2005-01-01,2022-01-01,1630995.315146192
"Gaylord, Mi.",US,MI,72634,KAPX,44.9167,-84.7167,446.0,America/Detroit,1973-01-01,2001-05-02,1998-08-01,2024-08-06,1998-01-01,2022-01-01,1631033.3050724957
St Francis / Saint Francis,US,KS,,KSYF,39.7611,-101.7959,1045.0,America/Chicago,2012-04-23,2024-08-12,2012-04-24,2022-04-24,2014-01-01,2022-01-01,1631338.274647115
Bellaire,US,MI,,KACB,44.9886,-85.1984,190.0,America/Detroit,2006-01-01,2024-08-12,2006-01-01,2022-04-24,2008-01-01,2022-01-01,1632337.0237287532
Eau Claire County / Pinehurst,US,WI,,KEAU,44.8658,-91.4843,278.0,America/Chicago,1973-01-01,2024-08-12,1973-01-01,2022-04-24,1973-01-01,2022-01-01,1632561.0808608308
Ephraim-Gibraltar Airport,US,WI,,K3D2,45.1357,-87.1881,234.0,America/Menominee,2022-05-06,2024-08-12,,,,,1632968.3068464678
Mt Pocono / Pocono Summit Estates,US,PA,,KMPO,41.1375,-75.3789,584.0,America/New_York,2006-01-01,2024-08-12,2006-01-01,2022-04-24,2006-01-01,2021-01-01,1633706.8144755648
Burlington / West Burlington,US,CO,,KITR,39.2425,-102.2854,1286.0,America/Denver,2006-01-01,2024-08-12,2006-01-01,2022-04-23,2006-01-01,2022-01-01,1634325.5016699983
Antigo,US,WI,,KAIG,45.1542,-89.1107,464.0,America/Chicago,2006-01-01,2024-08-12,2006-01-01,2022-04-24,2006-01-01,2022-01-01,1637455.8645655406
Luverne,US,MN,,KLYV,43.6168,-96.2177,437.0,America/Chicago,2006-01-01,2024-08-12,2006-01-04,2022-04-24,2007-01-01,2022-01-01,1637513.6093311664
Buffalo / Daws,US,NY,,KGVQ,43.0318,-78.1697,279.0,America/New_York,2020-01-14,2024-08-12,2020-01-14,2022-04-24,2020-01-01,2022-01-01,1641214.2494498827
Somerville / Burnt Mills,US,NJ,,KSMQ,40.626,-74.6702,32.0,America/New_York,2006-01-01,2024-08-12,2006-01-01,2022-04-24,2006-01-01,2021-01-01,1641337.992486029
Medford / Little Black,US,WI,,KMDZ,45.1015,-90.3008,451.0,America/Chicago,2006-01-01,2024-08-12,2006-01-01,2022-04-24,2006-01-01,2022-01-01,1641724.2634086425
Gaylord / Nottingham Forest Mobile Home Park,US,MI,,KGLR,45.0136,-84.7036,405.0,America/Detroit,2006-01-01,2024-08-12,2006-01-01,2022-04-24,2006-01-01,2022-01-01,1641810.2955681025
Menomonie / Rusk,US,WI,,KLUM,44.8923,-91.8678,273.0,America/Chicago,2006-01-01,2024-08-12,2006-01-01,2022-04-24,2006-01-01,2022-01-01,1642221.5856547088
Santa Rosa,US,NM,,KSXU,34.9357,-104.6426,1460.0,America/Denver,2020-01-14,2024-08-11,2020-01-14,2022-04-24,2020-01-01,2022-01-01,1643452.0209507667
Minneapolis / Lakeville,US,MN,,KLVN,44.6279,-93.2281,293.0,America/Chicago,2006-01-01,2024-08-12,2006-01-01,2022-04-24,2007-01-01,2022-01-01,1643545.2308914864
O'neill / Douthit Trailer Court,US,NE,,KONL,42.4695,-98.6873,620.0,America/Chicago,2006-01-01,2024-08-12,2006-01-03,2022-04-24,2007-01-01,2022-01-01,1645535.5484414534
Merrill,US,WI,,KRRL,45.1989,-89.7129,402.0,America/Chicago,2006-01-01,2024-08-01,2006-01-02,2022-04-24,2008-01-01,2022-01-01,1646680.487537325
New Ulm / Traulich Estates,US,MN,,KULM,44.3197,-94.5023,308.0,America/Chicago,2006-01-01,2024-08-12,2006-01-01,2022-04-24,2006-01-01,2022-01-01,1647096.1463962106
Belmar / Carmerville,US,NJ,,KBLM,40.1868,-74.1246,47.0,America/New_York,1983-04-21,2024-08-12,1992-04-17,2022-04-24,2020-01-01,2022-01-01,1647600.732866335
North Platte Regional Airport,US,NE,72562,KLBF,41.1167,-100.6667,847.0,America/Chicago,1973-01-01,2024-08-12,1948-01-01,2024-12-30,1948-01-01,2022-01-01,1650232.009989356
Sioux Falls Foss Field,US,SD,72651,KFSD,43.5833,-96.75,436.0,America/Chicago,1942-10-01,2024-08-12,1932-01-01,2024-12-30,1932-01-01,2022-01-01,1655930.4527917865
Davenport / Slayton,US,IA,,KDVP,43.9868,-95.7826,495.0,America/Chicago,2005-08-11,2024-08-12,2005-08-12,2022-04-24,2006-01-01,2022-01-01,1657047.056986227
Penn Yan,US,NY,,KPEO,42.6371,-77.0529,301.0,America/New_York,2006-01-01,2024-08-12,2006-01-01,2022-04-24,2006-01-01,2022-01-01,1660713.2149851357
Washington Island,US,WI,,K2P2,45.3883,-86.924,199.0,America/Detroit,2022-05-06,2024-08-12,,,,,1662020.894444684
La Junta / La Junta Village,US,CO,72463,KLHX,38.05,-103.5097,1289.0,America/Denver,1942-11-01,2024-08-12,1942-11-02,2022-04-25,1943-01-01,2021-01-01,1662903.2484968237
Saint Paul / Inver Grove Heights,US,MN,,KSGS,44.8571,-93.0329,250.0,America/Chicago,2006-01-01,2024-08-12,2006-01-01,2022-04-24,2006-01-01,2022-01-01,1663052.9091225003
Andover / Wawayanda,US,NJ,,K12N,41.0086,-74.738,178.0,America/New_York,2006-01-01,2024-08-12,2006-01-01,2022-03-09,2006-01-01,2022-01-01,1664326.1293184257
Minneapolis-St Paul International,US,MN,72658,KMSP,44.8667,-93.05,256.0,America/Chicago,1945-01-01,2024-08-12,1938-04-09,2024-12-30,1938-01-01,2022-01-01,1664476.0651827138
Charlevoix / Boulder Park,US,MI,,KCVX,45.3048,-85.2753,204.0,America/Detroit,2006-01-01,2024-08-12,2006-01-01,2022-04-24,2006-01-01,2022-01-01,1666135.620964655
Wilkes-Barre/Scranton International,US,PA,72513,KAVP,41.3333,-75.0667,293.0,America/New_York,1973-01-01,2024-08-12,1949-01-01,2024-12-30,1949-01-01,2022-01-01,1667662.453713532
Linden,US,NJ,,KLDJ,40.6174,-74.2446,7.0,America/New_York,2017-01-01,2024-07-04,2017-01-01,2022-04-24,2020-01-01,2022-01-01,1668713.7477432431
Imperial / Carmans Mobile Park,US,NE,,KIML,40.5103,-101.6201,999.0,America/Denver,1973-04-01,2024-08-12,2004-01-01,2022-04-24,2005-01-01,2022-01-01,1668743.5869464714
Alpena County Regional Airport,US,MI,72639,KAPN,45.0833,-83.5667,210.0,America/Detroit,1973-01-01,2024-08-12,1916-10-21,2024-12-30,1916-01-01,2022-01-01,1668924.5066877333
Morristown / Birch Hills,US,NJ,,KMMU,40.7993,-74.4149,57.0,America/New_York,2006-01-03,2024-08-12,2020-01-14,2022-04-24,2020-01-01,2022-01-01,1670195.1097118752
Minneapolis / Eden Prairie,US,MN,,KFCM,44.8275,-93.4586,276.0,America/Chicago,2006-01-01,2024-08-12,2006-01-02,2022-04-24,2006-01-01,2022-01-01,1670392.0901383576
Canandaigua Airport,US,NY,,KIUA,42.9089,-77.3252,248.0,America/New_York,2022-04-23,2024-08-12,2022-04-23,2022-04-25,,,1670713.899336439
Greater Rochester International,US,NY,72529,KROC,43.1167,-77.6833,170.0,America/New_York,1973-01-01,2024-08-12,1926-01-02,2024-12-29,1926-01-01,2022-01-01,1671797.5801586974
Saint Paul,US,MN,,KSTP,44.9346,-93.0603,215.0,America/Chicago,1983-11-03,2024-08-12,1991-12-16,2022-04-24,2005-01-01,2022-01-01,1671920.976502145
Lake Elmo Airport,US,MN,,K21D,45.0002,-92.8549,285.0,America/Chicago,2022-05-06,2024-08-12,,,,,1674141.0493542156
Pipestone,US,MN,,KPQN,43.9833,-96.3003,529.0,America/Chicago,2006-01-01,2022-08-02,2006-01-01,2022-04-24,2012-01-01,2022-01-01,1676308.8985516925
Tracy,US,MN,,KTKC,44.2491,-95.6073,408.0,America/Chicago,2006-01-01,2024-08-12,2006-01-04,2022-04-01,2008-01-01,2022-01-01,1676700.0147389818
Tomahawk / Jersey City,US,WI,,KTKV,45.4694,-89.8057,453.0,America/Chicago,2006-01-01,2024-08-12,2006-01-04,2022-04-24,2008-01-01,2022-01-01,1677373.175850681
Ithaca / Lansing,US,NY,,KITH,42.4914,-76.4587,335.0,America/New_York,2006-01-01,2024-08-12,2006-01-01,2022-04-24,2006-01-01,2022-01-01,1679509.9518550425
Glencoe / Plato,US,MN,,KGYL,44.756,-94.0812,303.0,America/Chicago,2006-01-01,2024-08-12,2006-01-02,2022-04-24,2006-01-01,2022-01-01,1679647.9962776555
Chetek,US,WI,,KY23,45.3062,-91.6362,322.0,America/Chicago,2020-01-14,2024-08-12,2020-01-14,2022-04-25,2020-01-01,2022-01-01,1682950.3023998023
New Richmond / Woodbridge Trailer Court,US,WI,,KRNH,45.1478,-92.5392,304.0,America/Chicago,2006-01-01,2024-08-12,2006-01-02,2022-04-24,2007-01-01,2022-01-01,1683010.583208534
Harbor Springs / Menonaqua Beach,US,MI,,KMGN,45.4256,-84.9134,209.0,America/Detroit,2006-01-01,2024-08-12,2006-01-01,2022-04-24,2006-01-01,2022-01-01,1683944.3874291428
Wray Municipal Airport,US,CO,,K2V5,40.0993,-102.2431,1118.0,America/Denver,2022-05-06,2024-08-12,,,,,1684151.9987382006
Caldwell / Fairfield,US,NJ,,KCDW,40.8752,-74.2814,52.0,America/New_York,2006-01-01,2024-08-12,2006-01-01,2022-04-24,2006-01-01,2021-01-01,1684232.533989361
Lewisburg,US,NJ,74000,KFWN,41.2,-74.62,128.0,America/New_York,2006-01-01,2024-08-12,2006-01-01,2022-04-25,2006-01-01,2022-01-01,1685713.1420495631
Raton / Hebron,US,NM,,KRTN,36.7415,-104.5022,1936.0,America/Denver,2004-01-01,2024-08-12,2004-01-01,2022-04-25,2005-01-01,2021-01-01,1687620.3841190317
Redwood Falls Municipal Airport,US,MN,,KRWF,44.5483,-95.0804,312.0,America/Chicago,2022-04-23,2024-08-12,2022-04-24,2022-04-24,,,1688783.7083913614
Newark Airport,US,NJ,72502,KEWR,40.6833,-74.0,5.0,America/New_York,1973-01-01,2024-08-12,1893-01-01,2024-12-30,1893-01-01,2022-01-01,1689471.3807474268
"Pickstown, Sd.",US,SD,72652,,43.0667,-98.5333,453.0,America/Chicago,,,1948-01-01,2017-04-16,1948-01-01,2017-01-01,1689810.3612611159
New York / Wall Street,US,NY,,KJRB,40.7012,-74.009,2.0,America/New_York,2016-07-20,2024-08-12,2016-07-21,2022-04-24,2019-01-01,2021-01-01,1690097.482251016
Minneapolis / Brooklyn Center,US,MN,,KMIC,45.062,-93.3539,265.0,America/Chicago,2006-01-01,2024-08-12,2006-01-01,2022-04-24,2006-01-01,2021-01-01,1692486.5127710772
Rhinelander,US,WI,,KRHI,45.6309,-89.4666,495.0,America/Chicago,2006-01-01,2024-08-12,2006-01-01,2022-04-24,2006-01-01,2022-01-01,1692565.029839743
Ladysmith / Tony,US,WI,,KRCX,45.4968,-91.0005,378.0,America/Chicago,2009-06-17,2024-08-12,2009-06-17,2022-04-24,2009-01-01,2022-01-01,1693918.0888604915
Trinidad / Hoehne,US,CO,,KTAD,37.2594,-104.3407,1756.0,America/Denver,1973-01-01,2024-08-12,1973-01-01,2022-04-24,2001-01-01,2022-01-01,1694491.226303606
Ruidoso / Fort Stanton,US,NM,,KSRR,33.4629,-105.5348,2077.0,America/Denver,2006-01-01,2024-08-12,2006-01-01,2022-04-24,2014-01-01,2022-01-01,1696712.85337797
Teterboro,US,NJ,,KTEB,40.8501,-74.0608,3.0,America/New_York,1973-01-01,2024-08-12,1973-01-01,2022-04-24,2005-01-01,2022-01-01,1696929.1268006326
Minneapolis / Blaine,US,MN,,KANE,45.1426,-93.2127,278.0,America/Chicago,2022-04-23,2024-08-12,2022-04-24,2022-04-26,,,1697587.3274576636
Rice Lake / Cameron,US,WI,,KRPD,45.4201,-91.7733,338.0,America/Chicago,2006-01-01,2024-08-12,2006-01-01,2022-04-24,2011-01-01,2022-01-01,1697657.2273700535
New York City / Yorkville,US,NY,,KNYC,40.7789,-73.9692,3.0,America/New_York,1943-12-01,2024-08-12,1943-12-02,2022-04-24,1944-01-01,2021-01-01,1698064.2703068203
Hutchinson / Heatwole,US,MN,,KHCD,44.8599,-94.3825,324.0,America/Chicago,2006-01-01,2024-08-12,2006-01-01,2022-04-24,2006-01-01,2022-01-01,1699061.623810575
Presque Isle / Rogers City,US,MI,,KPZQ,45.4071,-83.8129,204.0,America/Detroit,2006-01-01,2024-08-12,2006-01-01,2022-04-25,2006-01-01,2022-01-01,1699224.227822212
Cortland / Cortland West,US,NY,,KN03,42.5926,-76.2149,365.0,America/New_York,2020-01-14,2024-08-12,2020-01-14,2022-04-25,2020-01-01,2022-01-01,1701122.642275656
Pellston,US,MI,,KPLN,45.5709,-84.7967,220.0,America/Detroit,1973-01-01,2024-08-12,1973-01-01,2022-04-24,2000-01-01,2021-01-01,1701431.3036643453
John F. Kennedy Airport,US,NY,74486,KJFK,40.6333,-73.7667,4.0,America/New_York,1973-01-01,2024-08-12,1948-07-17,2024-12-30,1948-01-01,2022-01-01,1701677.4889022869
Escanaba,US,MI,72648,KESC,45.75,-87.0333,180.0,America/Detroit,2006-01-01,2024-08-12,1871-05-25,2024-08-07,1948-01-01,2022-01-01,1701745.1736698914
Osceola,US,WI,,KOEO,45.3095,-92.69,276.0,America/Chicago,2006-01-01,2024-08-12,2006-01-01,2022-04-24,2006-01-01,2022-01-01,1703518.5986388107
Marshall,US,MN,,KMML,44.4517,-95.8244,361.0,America/Chicago,2006-01-01,2024-08-12,2006-01-01,2022-04-24,2008-01-01,2022-01-01,1704575.8917274247
Beaver Island / Bonner Landing,US,MI,,KSJX,45.6923,-85.5666,204.0,America/Detroit,2006-01-01,2024-08-12,2006-01-01,2022-04-25,2006-01-01,2022-01-01,1705582.9230981944
Las Vegas / Arriba,US,NM,,KLVS,35.6542,-105.1424,2096.0,America/Denver,1946-08-01,2024-08-12,1946-08-02,2022-04-24,1946-01-01,2021-01-01,1706680.4641308885
Iron Mountain,US,MI,,KIMT,45.8184,-88.1146,360.0,America/Menominee,2006-01-01,2024-08-12,2006-01-01,2022-04-24,2006-01-01,2022-01-01,1707900.4096274583
Thedford,US,NE,,KTIF,41.9627,-100.5703,892.0,America/Chicago,2006-01-01,2024-08-12,2006-01-04,2022-04-24,2007-01-01,2022-01-01,1708675.6469346478
Williamson / East Williamson,US,NY,,KSDC,43.2346,-77.1195,129.0,America/New_York,2020-01-14,2024-08-12,2020-01-14,2022-04-25,2020-01-01,2022-01-01,1709627.7335687173
Phillips,US,WI,,KPBH,45.7089,-90.4025,456.0,America/Chicago,2006-01-01,2024-08-12,2006-01-01,2022-04-24,2007-01-01,2022-01-01,1709705.020363286
Olivia,US,MN,,KOVL,44.7786,-95.0328,328.0,America/Chicago,2006-01-01,2024-08-12,2006-01-01,2022-04-24,2006-01-01,2022-01-01,1710617.6215290797
Cumberland,US,WI,,KUBE,45.506,-91.9811,379.0,America/Chicago,2011-03-09,2024-08-12,2011-03-12,2022-04-24,2012-01-01,2022-01-01,1710645.2570968135
Madison,US,SD,,KMDS,44.0164,-97.0856,524.0,America/Chicago,2009-03-14,2024-08-12,2009-03-30,2022-04-24,2010-01-01,2022-01-01,1711074.690637571
Monticello / Kauneonga Lake,US,NY,,KMSV,41.7016,-74.795,428.0,America/New_York,2006-01-01,2024-03-05,2006-01-01,2022-04-24,2008-01-01,2022-01-01,1712020.8251096348
Cheboygan,US,MI,,KSLH,45.6537,-84.5193,195.0,America/Detroit,2006-01-01,2024-08-12,2006-01-01,2022-04-25,2006-01-01,2022-01-01,1714425.7803616931
Buffalo / Buffalo Manor East,US,MN,,KCFE,45.1592,-93.8433,295.0,America/Chicago,2005-01-01,2024-08-12,2005-01-01,2022-04-24,2007-01-01,2022-01-01,1715195.4775627847
Skaneateles Aero Drome,US,NY,,K6B9,42.914,-76.4408,316.0,America/New_York,2022-05-06,2024-08-12,,,,,1716227.6251036434
Holyoke,US,CO,,KHEQ,40.5694,-102.2727,1137.0,America/Denver,2010-11-29,2024-08-12,2010-12-06,2022-04-24,2018-01-01,2022-01-01,1716711.755324298
Yuma Municipal Airport,US,CO,,K2V6,40.1046,-102.7128,1256.0,America/Denver,2022-05-06,2024-08-12,,,,,1717393.0693329452
Ogallala / L And L Mobile Home Park,US,NE,,KOGA,41.1195,-101.7697,1000.0,America/Denver,2006-01-01,2024-08-12,2006-01-01,2022-04-24,2009-01-01,2022-01-01,1720718.3456284343
Eagle River,US,WI,,KEGV,45.9323,-89.2683,501.0,America/Chicago,2006-01-01,2024-08-12,2006-01-01,2022-04-24,2006-01-01,2022-01-01,1724657.196127643
Ainsworth / Sandridge,US,NE,,KANW,42.5792,-99.993,789.0,America/Chicago,2006-01-01,2024-08-12,2006-01-01,2022-04-24,2007-01-01,2022-01-01,1724856.136624728
Granite Falls / Lorne,US,MN,,KGDB,44.7533,-95.556,319.0,America/Chicago,2006-01-01,2024-08-12,2006-01-04,2022-04-24,2006-01-01,2022-01-01,1725315.747851575
Maple Lake,US,MN,,KMGG,45.236,-93.9856,313.0,America/Chicago,2006-01-01,2024-08-12,2006-01-01,2022-04-24,2007-01-01,2021-01-01,1727015.1699346327
Litchfield / Evergreen Mobile Home Park,US,MN,,KLJF,45.1,-94.5,347.0,America/Chicago,2006-01-01,2024-08-12,2006-01-01,2022-04-24,2007-01-01,2022-01-01,1727283.0358030172
Minocqua / Woodruff,US,WI,,KARV,45.9279,-89.7309,497.0,America/Chicago,2006-01-01,2024-07-07,2006-01-01,2022-04-24,2009-01-01,2022-01-01,1727433.0380281874
Brookings,US,SD,,KBKX,44.3048,-96.8169,502.0,America/Chicago,2006-01-01,2024-08-12,2006-01-01,2022-04-24,2006-01-01,2022-01-01,1727729.4551601342
Binghamton Regional Airport,US,NY,72515,KBGM,42.2,-75.15,499.0,America/New_York,1973-01-01,2024-08-12,1951-05-25,2024-12-30,1951-01-01,2022-01-01,1729194.9796786986
Mitchell / River Bluff Addition,US,SD,,KMHE,43.7748,-98.0386,398.0,America/Chicago,2006-01-01,2024-08-12,2006-01-01,2022-04-24,2006-01-01,2022-01-01,1730043.396858467
Montgomery / Kaisertown,US,NY,,KMGJ,41.51,-74.2646,111.0,America/New_York,2006-01-01,2024-08-12,2006-01-01,2022-04-24,2006-01-01,2022-01-01,1730702.816712503
Manistique,US,MI,,KISQ,45.9746,-86.1718,209.0,America/Detroit,2006-01-01,2024-08-12,2006-01-01,2022-04-24,2006-01-01,2022-01-01,1731452.1888860469
Farmingdale / East Farmingdale,US,NY,,KFRG,40.7288,-73.4134,24.0,America/New_York,2006-01-01,2024-08-12,2006-01-01,2022-04-24,2006-01-01,2022-01-01,1731867.2857313105
Alamogordo-White,US,NM,,KALM,32.8351,-105.9941,1279.0,America/Denver,2022-04-23,2024-08-12,2022-04-23,2022-04-24,,,1732950.852260969
Park Falls,US,WI,72741,KPKF,45.9333,-90.45,462.0,America/Chicago,1973-01-01,2001-02-03,1910-05-01,2024-08-04,1910-01-01,2021-01-01,1734927.1213894957
White Plains / Sarosca Farm Estates,US,NY,,KHPN,41.0669,-73.7076,134.0,America/New_York,1973-01-01,2024-08-12,1973-01-02,2022-04-24,1974-01-01,2021-01-01,1735147.134783423
"Limon, County",US,CO,74532,,39.1833,-103.7,0.0,America/Denver,,,1948-08-01,2024-08-02,1948-01-01,2022-01-01,1735761.674558353
Mackinac Island / British Landing,US,MI,,KMCD,45.8649,-84.6373,226.0,America/Detroit,2006-01-01,2024-08-12,2006-01-01,2022-04-24,2008-01-01,2022-01-01,1735805.117438643
Clines Corner / Clines Corners,US,NM,,KCQC,35.0028,-105.6628,2160.0,America/Denver,2006-01-01,2024-08-12,2006-01-01,2022-04-24,2006-01-01,2021-01-01,1735841.6914035925
Norwich,US,NY,,KOIC,42.5665,-75.5242,312.0,America/New_York,2022-04-23,2024-08-12,2022-04-23,2022-04-26,,,1737020.1754569355
Limon,US,CO,,KLIC,39.2748,-103.6659,1638.0,America/Denver,1973-01-01,2024-08-12,1986-12-03,2022-04-24,1989-01-01,2021-01-01,1738182.1791251246
Newburgh / Stewart,US,NY,,KSWF,41.5,-74.1,150.0,America/New_York,2022-04-23,2024-08-12,,,,,1740374.5265768066
Cambridge / Pine Village Mobile Home Park,US,MN,,KCBG,45.5575,-93.2642,288.0,America/Chicago,2006-01-01,2024-08-12,2006-01-01,2022-04-20,2007-01-01,2022-01-01,1742783.6407480438
Holloman Air Force Base,US,NM,74732,KHMN,32.85,-106.1,1248.0,America/Denver,2006-01-03,2024-08-12,1949-01-01,2022-04-24,1949-01-01,2018-01-01,1742933.7837444383
Angel Fire / Agua Fria,US,NM,,KAXX,36.422,-105.2899,2554.0,America/Denver,2008-01-07,2024-08-12,2008-01-08,2022-04-24,2015-01-01,2022-01-01,1743092.2177913077
Mullen / Wright City Trailer Court,US,NE,,KMHN,42.05,-101.0671,994.0,America/Denver,1973-01-01,2022-08-31,,,,,1744998.5584496877
Canby,US,MN,,KCNB,44.7295,-96.266,364.0,America/Chicago,2006-10-18,2024-08-12,2006-10-20,2022-04-24,2009-01-01,2022-01-01,1748041.8838805556
Willmar / Parkwood Estates,US,MN,,KBDH,45.117,-95.1293,343.0,America/Chicago,2007-07-24,2024-08-12,2007-07-25,2022-04-24,2009-01-01,2022-01-01,1748114.1487377656
Land O Lakes / Land O' Lakes,US,WI,,KLNL,46.154,-89.2121,520.0,America/Chicago,2006-01-01,2024-08-12,2006-01-04,2022-04-24,2009-01-01,2022-01-01,1748907.078886276
Spanish Peaks Airfield,US,CO,,K4V1,37.6966,-104.7848,1844.0,America/Denver,2022-05-06,2024-08-12,,,,,1749046.9042174437
Manitowish Waters,US,WI,,KD25,46.122,-89.8823,491.0,America/Chicago,2011-12-15,2024-07-08,2011-12-16,2022-04-24,2012-01-01,2022-01-01,1750149.021472801
Rush City / Stenger's Mobile Home Park,US,MN,,KROS,45.6971,-92.9522,282.0,America/Chicago,2006-01-01,2024-08-12,2006-01-01,2022-04-24,2006-01-01,2022-01-01,1750594.6366560676
Princeton / Princetown [Misspelling],US,MN,,KPNM,45.5599,-93.6082,299.0,America/Chicago,2006-01-01,2024-08-12,2006-01-01,2022-04-24,2006-01-01,2022-01-01,1751296.340390827
Syracuse Hancock International  Airport,US,NY,72519,KSYR,43.1167,-76.1,125.0,America/New_York,1942-10-01,2024-08-12,1938-05-01,2024-12-29,1938-01-01,2022-01-01,1751324.8180423775
Siren,US,WI,,KRZN,45.8227,-92.3725,302.0,America/Chicago,2006-01-02,2024-08-06,2006-12-14,2022-04-24,2007-01-01,2022-01-01,1752146.4296547475
Montevideo,US,MN,,KMVE,44.9691,-95.7103,316.0,America/Chicago,2006-01-01,2024-08-12,2006-01-01,2022-04-24,2006-01-01,2022-01-01,1752210.4352644552
Pueblo Memorial Airport,US,CO,72464,KPUB,38.2833,-104.5,1440.0,America/Denver,1942-10-01,2024-08-12,1942-10-01,2024-12-30,1942-01-01,2022-01-01,1752260.7607153708
Fulton / Volney,US,NY,,KFZY,43.3508,-76.3881,145.0,America/New_York,2006-01-01,2024-08-12,2006-01-01,2022-04-24,2006-01-01,2022-01-01,1756412.5817688014
Islip / Lakeland,US,NY,72505,KISP,40.7953,-73.1002,30.0,America/New_York,1973-01-01,2024-08-12,1963-09-05,2024-12-30,1963-01-01,2022-01-01,1757480.977980581
Hamilton / Pecksport,US,NY,,KVGC,42.8434,-75.5612,346.0,America/New_York,2020-07-16,2024-08-12,2020-07-16,2022-04-25,2020-01-01,2022-01-01,1757542.570128409
Akron,US,CO,,KAKO,40.1756,-103.222,1438.0,America/Denver,1973-01-01,2024-08-12,1973-01-01,2022-04-23,1999-01-01,2022-01-01,1757819.948075863
Hayward,US,WI,,KHYR,46.0253,-91.4442,371.0,America/Chicago,2006-01-01,2024-08-12,2006-01-01,2022-04-24,2006-01-01,2021-01-01,1758104.2206118526
Ellicott / Truckton,US,CO,,KABH,38.75,-104.3,1840.0,America/Denver,2006-05-01,2024-08-12,2006-05-01,2022-04-24,2007-01-01,2020-01-01,1759085.986191138
LaGuardia Airport,US,NY,72503,KLGA,40.7833,-73.05,7.0,America/New_York,1973-01-01,2024-08-12,1939-10-07,2024-12-30,1939-01-01,2022-01-01,1760109.1812300326
Saint Cloud / St Cloud / Cable,US,MN,72655,KSTC,45.5466,-94.0599,314.0,America/Chicago,1973-01-01,2024-08-12,1904-09-01,2024-12-30,1904-01-01,2022-01-01,1761458.5526455436
Paynesville,US,MN,,KPEX,45.3721,-94.7447,361.0,America/Chicago,2005-08-12,2024-08-12,2005-08-13,2022-04-24,2011-01-01,2022-01-01,1762511.6156013096
Poughkeepsie  /  New Hackensack,US,NY,,KPOU,41.6266,-73.8842,50.0,America/New_York,1973-01-01,2024-08-12,1973-01-04,2022-04-24,1974-01-01,2022-01-01,1763171.5822925067
Moriarty Municipal Airport,US,NM,,K0E0,34.9837,-105.9958,1889.0,America/Denver,2022-05-06,2024-08-12,,,,,1765116.088873278
El Paso / Aero Vista,US,TX,,KBIF,31.8495,-106.38,1203.0,America/Denver,2010-06-15,2024-08-12,2012-03-19,2022-04-24,2017-01-01,2018-01-01,1765322.4242652801
El Paso International Airport,US,TX,72270,KELP,31.8167,-106.3833,1206.0,America/Denver,1941-04-01,2024-08-12,1938-04-01,2024-12-30,1938-01-01,2022-01-01,1765628.089146536
Drummond Island,US,MI,,KDRM,46.0093,-83.7439,204.0,America/Detroit,2006-08-31,2024-08-12,2006-10-04,2022-04-24,2008-01-01,2021-01-01,1765629.138111446
K. I. Sawyer Air Force Base,US,MI,72628,KSAW,46.34,-87.38,372.0,America/Detroit,2006-01-01,2024-08-12,2006-01-04,2022-04-25,2020-01-01,2022-01-01,1766296.6442985747
Madison,US,MN,,KDXX,44.9864,-96.1778,330.0,America/Chicago,2006-01-01,2024-08-12,2006-01-01,2022-04-24,2007-01-01,2022-01-01,1770231.9415840497
Danbury / Miry Brook,US,CT,,KDXR,41.3715,-73.4822,139.0,America/New_York,2006-01-01,2024-08-12,2006-01-01,2022-04-24,2006-01-01,2021-01-01,1770984.6931528419
La Veta Pass,US,CO,,KVTP,37.5011,-105.1669,3114.0,America/Denver,2022-04-23,2024-08-12,2022-04-23,2022-04-24,,,1772266.2809347583
Luce County Airport,US,MI,,KERY,46.3111,-85.4572,265.0,America/Detroit,2022-04-23,2024-08-12,2022-04-23,2022-04-25,,,1774903.7530978376
Shirley,US,NY,,KHWV,40.8219,-72.8669,25.0,America/New_York,2006-01-01,2024-08-12,2006-01-01,2022-04-24,2006-01-01,2022-01-01,1775111.5139341448
White Sands,US,NM,72269,K2C2,32.3833,-106.4833,1244.0,America/Denver,,,1949-01-01,1962-12-31,1949-01-01,1962-01-01,1776148.159295695
Taos / Los Cordovas,US,NM,,KSKX,36.4582,-105.6724,2163.0,America/Denver,2006-01-01,2024-08-12,2006-01-02,2022-04-22,2006-01-01,2021-01-01,1776979.1023756035
Munsing Lakeshore,US,MI,72019,KP53,46.4167,-86.65,187.0,America/Detroit,2006-01-01,2024-08-11,2006-01-01,2022-04-24,2006-01-01,2022-01-01,1777459.1817777893
Mora,US,MN,,KJMR,45.8861,-93.2718,308.0,America/Chicago,2006-01-01,2024-08-12,2006-01-01,2022-04-24,2006-01-01,2022-01-01,1777850.0870483723
Millbrook / Moores Mill,US,NY,,K44N,41.7074,-73.738,213.0,America/New_York,1989-07-14,1996-02-14,,,,,1778245.96611338
"Miller Field - Valentine, Ne",US,NE,72567,KVTN,42.8667,-100.55,789.0,America/Chicago,1948-01-01,2024-08-12,1948-01-01,2024-12-30,1948-01-01,2022-01-01,1779256.4044331994
"Verona, Ny. Af",US,NY,74480,KRME,43.1333,-75.6,0.0,America/New_York,1942-07-01,2024-08-12,1942-07-02,2022-04-25,1942-01-01,2022-01-01,1779360.064823386
Sikorsky Memorial Airport,US,CT,72504,KBDR,41.1667,-73.1333,3.0,America/New_York,1942-12-08,2024-08-12,1942-12-08,2024-12-30,1943-01-01,2022-01-01,1779957.9152136168
Sault Ste Marie / Kinross,US,MI,,KCIU,46.2507,-84.4724,244.0,America/Detroit,2006-01-01,2024-08-12,2006-01-02,2022-04-24,2008-01-01,2021-01-01,1780309.6467713108
"Winner, Bob Wiley Field Airport",US,SD,72656,KSFD,43.3833,-99.8333,619.0,America/Chicago,,,1893-01-01,2024-12-30,1893-01-01,2022-01-01,1783321.3776315635
Winner,US,SD,,KICR,43.3903,-99.8422,620.0,America/Chicago,2006-01-01,2024-08-12,2006-01-04,2022-04-24,2007-01-01,2022-01-01,1784380.1609248545
Hinckley Field Of Dreams Airport,US,MN,,K04W,46.0244,-92.8991,311.0,America/Chicago,2022-05-06,2024-08-12,,,,,1784425.8549100657
Benson,US,MN,,KBBB,45.3319,-95.6506,317.0,America/Chicago,2006-01-01,2024-08-12,2006-01-01,2022-04-24,2006-01-01,2022-01-01,1786692.6682969953
Marquette,US,MI,72743,KMQT,46.5333,-87.55,434.0,America/Detroit,1973-01-01,2024-07-23,1857-09-01,2024-08-06,1857-01-01,2022-01-01,1787491.62988939
Sterling,US,CO,,KSTK,40.6153,-103.2648,1231.0,America/Denver,2010-11-29,2024-08-12,2010-12-15,2022-04-24,2016-01-01,2022-01-01,1787988.650367842
Appleton,US,MN,,KAQP,45.2275,-96.0043,311.0,America/Chicago,2006-01-01,2024-08-12,2006-01-01,2022-04-24,2007-01-01,2022-01-01,1788132.2477636896
Santa Fe / Cieneguilla,US,NM,,KSAF,35.6171,-106.0894,1935.0,America/Denver,1946-08-01,2024-08-12,1946-08-02,2022-04-24,1946-01-01,2021-01-01,1788643.5548449748
India - Sidney,US,NE,,K1IW,41.05,-102.87,1293.0,America/Denver,2022-05-06,2024-08-12,,,,,1788886.7875830466
Colorado Springs / Falcon,US,CO,,KFLY,38.9457,-104.5699,2095.0,America/Denver,2010-12-01,2024-08-12,2010-12-02,2022-04-24,2011-01-01,2022-01-01,1789741.7684532849
Chamberlain Municipal Airport,US,SD,72653,K9V9,43.7667,-99.3167,517.0,America/Chicago,2006-01-01,2024-08-12,1998-02-01,2024-08-06,1998-01-01,2022-01-01,1790091.8236626578
Utica / Colemans Mills,US,NY,,KUCA,43.15,-75.3833,228.0,America/New_York,1973-01-01,2007-01-18,1973-01-01,2007-01-17,2001-01-01,2006-01-01,1792490.7708685854
Westhampton Beach / Suffolk Pines,US,NY,,KFOK,40.8437,-72.6318,20.0,America/New_York,1943-07-18,2024-08-12,1943-09-08,2022-04-24,1943-01-01,2021-01-01,1792620.0804201332
Fort Carson,US,CO,72468,KFCS,38.7,-104.7667,1789.0,America/Denver,1966-09-15,2024-08-12,1966-09-15,2022-04-25,1970-01-01,2020-01-01,1792990.155895
Colorado Springs Muni,US,CO,72466,KCOS,38.8167,-104.7167,1885.0,America/Denver,1942-09-01,2024-08-12,1942-09-01,2024-12-30,1942-01-01,2022-01-01,1794744.7077482366
Huron Regional Airport,US,SD,72654,KHON,44.3833,-98.2333,393.0,America/Chicago,1973-01-01,2024-08-12,1881-07-01,2024-12-30,1881-01-01,2022-01-01,1794745.3567508063
Solon Springs,US,WI,,KOLG,46.3148,-91.8164,336.0,America/Chicago,2020-01-14,2024-08-12,2020-01-14,2022-04-24,2020-01-01,2022-01-01,1795485.279163712
Santa Teresa,US,NM,72364,KDNA,31.8667,-106.7,1252.0,America/Denver,1995-09-11,2024-08-12,2017-07-07,2022-04-25,,,1795547.844587743
Santa Teresa / Strauss,US,NM,,K5T6,31.881,-106.7048,1253.0,America/Denver,2006-01-07,2006-11-15,,,,,1796002.9576004427
Ironwood / Hautala Corner,US,MI,,KIWD,46.5275,-90.1314,375.0,America/Menominee,2006-01-01,2024-08-12,2006-01-01,2022-04-24,2008-01-01,2022-01-01,1797160.255046845
Watertown,US,SD,,KATY,44.914,-97.1547,533.0,America/Chicago,1948-01-01,2024-08-12,1948-01-24,2022-04-24,1948-01-01,2022-01-01,1799773.1158458
Sidney Municipal Airport,US,NE,72561,KSNY,41.1,-102.9833,1315.0,America/Denver,1977-08-27,2024-08-12,1948-01-01,2024-08-06,1948-01-01,2022-01-01,1799831.128930026
Oxford / Southford,US,CT,,KOXC,41.4786,-73.1352,221.0,America/New_York,2006-01-01,2024-08-12,2006-01-14,2022-04-24,2007-01-01,2022-01-01,1801054.607709758
Cheyenne Mountain,US,CO,,KCWN,38.7434,-104.8433,2040.0,America/Denver,2022-04-23,2024-08-12,2022-04-24,2022-04-26,,,1801068.695958395
Sauk Centre,US,MN,,KD39,45.7066,-94.9334,379.0,America/Chicago,2020-01-14,2024-08-12,2020-01-14,2022-04-24,2020-01-01,2022-01-01,1802501.7646221793
New Haven / Morris Cove,US,CT,,KHVN,41.2638,-72.8868,4.0,America/New_York,1973-01-01,2024-08-12,2004-01-01,2022-04-24,2005-01-01,2021-01-01,1802912.029549556
Hotel (Gurley),US,NE,,K1HW,41.32,-102.83,1263.0,America/Denver,2022-05-06,2024-07-28,,,,,1804206.703101665
Fremont County Airport,US,CO,,K1V6,38.4286,-105.1068,1658.0,America/Denver,2022-05-06,2024-08-12,,,,,1807110.7736716792
Sault Ste. Marie Muni,US,MI,72734,KANJ,46.4833,-84.35,218.0,America/Detroit,1973-01-01,2024-08-12,1931-01-01,2024-12-30,1931-01-01,2022-01-01,1807475.8999287814
Glenwood / Pine Hill Park,US,MN,,KGHW,45.6439,-95.3204,425.0,America/Chicago,2006-01-01,2024-07-31,2006-01-01,2022-04-15,2006-01-01,2022-01-01,1807779.357817026
Ashland / Ashland Junction,US,WI,,KASX,46.5485,-90.919,252.0,America/Chicago,2006-01-01,2024-08-12,2006-01-01,2022-04-24,2006-01-01,2022-01-01,1808064.7125640924
Mike (Haxtun),US,CO,,K1MW,40.7,-103.48,1336.0,America/Denver,2022-05-06,2024-07-28,,,,,1808295.5596714441
Monument / Elbert,US,CO,,KMNH,39.2167,-104.6333,2152.0,America/Denver,2006-01-01,2024-08-12,2006-01-02,2022-04-24,2010-01-01,2022-01-01,1808338.615555645
Fort Morgan / Saddle Ridge,US,CO,,KFMM,40.334,-103.8041,1392.0,America/Denver,2012-07-26,2024-08-12,2012-07-27,2022-04-24,2020-01-01,2022-01-01,1808890.5994303464
Air Force Academy,US,CO,74531,KAFF,38.9667,-104.8167,2003.0,America/Denver,1967-11-27,2024-08-12,1970-08-01,2022-04-25,2008-01-01,2022-01-01,1809876.207658466
Ortonville / Hilltop Manor Mobile Home Park,US,MN,,KVVV,45.3057,-96.4244,336.0,America/Chicago,2006-01-01,2024-08-12,2006-01-01,2022-04-25,2008-01-01,2022-01-01,1810648.3707788966
Little Falls / Gregory,US,MN,,KLXL,45.9494,-94.3471,342.0,America/Chicago,2006-01-01,2024-08-12,2006-01-01,2022-04-24,2007-01-01,2022-01-01,1811175.6677123501
Los Alamos,US,NM,,KLAM,35.8798,-106.2694,2186.0,America/Denver,2006-01-01,2024-08-12,2006-01-04,2022-04-24,2006-01-01,2022-01-01,1811403.613168782
Golf (Sidney),US,NE,,K1GW,41.22,-103.1,1334.0,America/Denver,2022-05-06,2024-08-12,,,,,1815608.1092933437
Las Cruces / Fairacres,US,NM,,KLRU,32.2894,-106.922,1358.0,America/Denver,2006-01-01,2024-08-12,2006-01-01,2022-04-24,2006-01-01,2022-01-01,1817043.666864877
Albuquerque International  Airport,US,NM,72365,KABQ,35.0333,-106.6,1631.0,America/Denver,1941-07-01,2024-08-12,1931-03-01,2024-12-30,1931-01-01,2022-01-01,1820166.6666914602
Albuquerque / Edith Endave,US,NM,,KZAB,35.1734,-106.5672,1625.0,America/Denver,2010-05-12,2010-05-12,,,,,1820267.0532250202
Morris,US,MN,,KMOX,45.566,-95.9672,346.0,America/Chicago,2006-01-01,2024-08-12,2006-01-01,2022-04-24,2006-01-01,2022-01-01,1820761.6815466322
Todd Field Airport,US,MN,,K14Y,45.9017,-94.8727,406.0,America/Chicago,2022-05-06,2024-08-01,,,,,1820836.90092512
Meriden / South Meriden,US,CT,,KMMK,41.5087,-72.8295,31.0,America/New_York,2006-01-01,2024-08-03,2006-01-01,2022-04-24,2006-01-01,2021-01-01,1823211.935628265
Moose Lake,US,MN,,KMZH,46.4186,-92.8048,328.0,America/Chicago,2006-01-01,2024-08-12,2006-01-01,2022-04-24,2006-01-01,2022-01-01,1824720.7354246138
Spaceport America Awos,US,NM,,K0A0,32.99,-106.9674,1401.0,America/Denver,2022-05-06,2024-08-12,,,,,1824750.4608869436
Easthampton / Midhampton,US,NY,,KHTO,40.9594,-72.2517,17.0,America/New_York,2006-01-02,2024-06-09,2016-01-08,2022-04-24,2016-01-01,2022-01-01,1826161.9373958546
Ray S Miller Aaf / Camp Ripley Junction,US,MN,,KRYM,46.0912,-94.3605,351.0,America/Chicago,2012-07-13,2024-08-12,2014-02-02,2022-04-24,,,1826330.688850727
San Luis Valley Regional,US,CO,72462,KALS,37.4333,-105.8667,2297.0,America/Denver,1973-01-01,2024-08-12,1948-01-01,2024-12-29,1948-01-01,2022-01-01,1827504.5979431418
November (Grover),US,CO,,K1NW,40.63,-103.83,1459.0,America/Denver,2022-05-06,2024-08-12,,,,,1828556.9392947308
Socorro Municipal,US,NM,72362,KONM,34.0167,-106.9,1478.0,America/Denver,2007-06-08,2024-08-12,2009-10-15,2022-04-25,2014-01-01,2022-01-01,1829436.0522174698
Watertown / Breezy Knoll Mobile Home Park,US,NY,,KART,43.9919,-76.0217,100.0,America/New_York,1949-05-01,2024-08-12,1949-05-05,2022-04-24,1949-01-01,2022-01-01,1830401.5737434875
Colorado Air and Space Port,US,CO,,KCFO,39.7852,-104.5431,1680.0,America/Denver,2006-01-08,2024-08-12,2010-09-02,2022-04-24,,,1831587.6182522855
La Pointe,US,WI,,K4R5,46.7887,-90.7587,198.0,America/Chicago,2016-11-11,2024-08-12,2016-11-12,2022-03-08,,,1832504.7850584965
Alexandria / Mobile Park Estates,US,MN,,KAXN,45.8663,-95.3947,434.0,America/Chicago,1973-01-01,2024-08-12,1973-01-01,2022-04-24,1999-01-01,2022-01-01,1832759.4590889495
Belen Regional Airport,US,NM,,KBRG,34.6459,-106.8363,1585.0,America/Denver,2022-04-23,2024-08-12,2022-04-23,2022-04-26,,,1833779.5580815142
Chester / Cedar Lake,US,CT,,KSNC,41.3839,-72.5059,127.0,America/New_York,2008-08-17,2024-08-12,2008-08-17,2022-04-25,2015-01-01,2022-01-01,1836386.606048212
Johnstown / Hale Mills,US,NY,,KNY0,42.9982,-74.3296,269.0,America/New_York,2020-01-14,2024-08-12,2020-01-14,2022-04-24,2020-01-01,2022-01-01,1839401.62842856
Albuquerque / Taylor Ranch,US,NM,,KAEG,35.1452,-106.7952,1779.0,America/Denver,2006-01-01,2024-08-12,2006-01-02,2022-04-24,2010-01-01,2022-01-01,1839979.9009004326
Superior / South Superior,US,WI,,KSUW,46.6897,-92.0947,205.0,America/Chicago,2006-01-01,2024-08-12,2006-01-01,2022-04-24,2007-01-01,2022-01-01,1840809.9368927395
Denver / Aurora / Side Creek,US,CO,,KBKF,39.7017,-104.7517,1726.0,America/Denver,1944-03-01,2024-08-12,1961-03-02,2022-04-24,1961-01-01,2021-01-01,1842684.3755564534
Denver / Dove Valley,US,CO,,KAPA,39.5701,-104.8493,1794.0,America/Denver,2006-01-01,2024-08-12,2006-01-01,2022-04-24,2006-01-01,2022-01-01,1843077.2472749297
Duluth / East End,US,MN,,KDYT,46.7219,-92.0434,186.0,America/Chicago,2006-01-01,2024-08-12,2006-01-01,2022-04-24,2010-01-01,2022-01-01,1843437.441504381
Denver International Airport,US,CO,72565,KDEN,39.8667,-104.6667,1655.0,America/Denver,1994-07-18,2024-08-12,1994-07-19,2024-12-30,1995-01-01,2022-01-01,1845228.590224753
Cloquet,US,MN,,KCOQ,46.7011,-92.5036,390.0,America/Chicago,2006-01-01,2024-08-12,2006-01-01,2022-04-24,2007-01-01,2022-01-01,1849300.5898229603
Fort Drum / Wheeler-Sack U. S. Army Airfield,US,NY,74370,KGTB,44.05,-75.7333,207.0,America/New_York,2006-01-01,2024-08-12,1952-01-04,2022-04-25,1953-01-01,2022-01-01,1849931.5847113084
Hartford / Colonial Mobile Home Park,US,CT,,KHFD,41.7367,-72.6494,6.0,America/New_York,1974-01-01,2024-08-12,1979-06-22,2022-04-24,2005-01-01,2022-01-01,1850552.9804690606
Schenectady / Stoodley Corners,US,NY,,KSCH,42.8525,-73.9289,115.0,America/New_York,1981-04-21,2024-08-11,,,,,1851511.0244868833
Kimball,US,NE,,KIBM,41.1881,-103.6774,1502.0,America/Denver,2006-01-01,2024-08-12,2006-01-01,2022-04-24,2007-01-01,2022-01-01,1852756.0244662985
Alliance / Meadows Trailer Court,US,NE,,KAIA,42.0532,-102.8038,1198.0,America/Denver,2006-01-01,2024-08-12,2006-01-02,2022-04-24,2006-01-01,2021-01-01,1852986.5076353855
Brainerd / Lazy Acre's Trailer Court,US,MN,,KBRD,46.4017,-94.1356,376.0,America/Chicago,2006-01-01,2024-08-12,2006-01-01,2022-04-24,2006-01-01,2022-01-01,1853040.1524929556
Truth Or Consequences Muni,US,NM,72271,KTCS,33.2333,-107.2667,1478.0,America/Denver,1979-01-01,2024-08-12,1950-05-26,2024-08-06,1950-01-01,2022-01-01,1854454.1162516614
"Denver / Stapleton International, Co.",US,CO,72469,KDNR,39.7833,-104.8667,1626.0,America/Denver,1940-05-15,1995-03-01,1940-05-15,2023-09-19,1940-01-01,2021-01-01,1855665.9856918394
Montauk Airport / Ditch Plains,US,NY,,KMTP,41.0765,-71.9208,2.0,America/New_York,2006-01-01,2024-08-09,2006-01-01,2022-04-24,2006-01-01,2021-01-01,1856406.2722032832
McGregor,US,MN,,KHZX,46.6188,-93.3098,374.0,America/Chicago,2006-01-01,2024-08-12,2006-01-01,2022-04-24,2007-01-01,2022-01-01,1856688.8552213176
Aitkin / Welshons Company Mobile Home Park,US,MN,,KAIT,46.5484,-93.6768,368.0,America/Chicago,2006-01-01,2024-08-12,2006-01-01,2022-04-24,2009-01-01,2022-01-01,1857439.2842346625
Hancock Houghton Cty. Memo,US,MI,72744,KCMX,47.1667,-88.4833,334.0,America/Detroit,1973-01-01,2024-08-12,1948-01-01,2024-08-06,1948-01-01,2022-01-01,1858427.3032893457
Duluth International Airport,US,MN,72745,KDLH,46.8333,-92.2167,435.0,America/Chicago,1948-01-01,2024-08-12,1948-01-01,2024-12-30,1948-01-01,2022-01-01,1858457.0863514377
Barkerville,US,MA,74410,KPSF,42.42,-73.28,364.0,America/New_York,2006-01-01,2024-08-12,2006-01-01,2022-04-25,2006-01-01,2022-01-01,1858491.3752511994
Bradley International Airport,US,CT,72508,KBDL,41.9333,-72.6833,53.0,America/New_York,1941-09-12,2024-08-12,1942-01-08,2024-12-30,1942-01-01,2022-01-01,1861819.1270870056
Wheaton,US,MN,,KETH,45.7805,-96.5439,312.0,America/Chicago,2006-01-01,2024-08-12,2006-01-01,2022-04-24,2006-01-01,2022-01-01,1861916.7396717179
Elbow Lake,US,MN,,KY63,45.9861,-95.992,368.0,America/Chicago,2014-07-31,2024-08-12,2014-08-01,2022-04-25,2020-01-01,2022-01-01,1863841.6203297642
Groton / Midway,US,CT,,KGON,41.3301,-72.0451,3.0,America/New_York,1943-01-19,2024-08-12,1943-01-20,2022-04-24,1943-01-01,2021-01-01,1864013.0283019275
Sisseton,US,SD,,K8D3,45.6708,-96.9962,354.0,America/Chicago,2006-01-01,2024-08-12,2006-01-01,2022-03-09,2006-01-01,2021-01-01,1867314.6699178223
Wilkerson Pass,US,CO,,K4BM,39.0503,-105.5144,3438.0,America/Denver,2022-05-06,2024-08-12,,,,,1868178.9160515391
Staples,US,MN,,KSAZ,46.3809,-94.8066,393.0,America/Chicago,2006-01-01,2024-08-12,2006-01-01,2022-04-24,2006-01-01,2022-01-01,1868559.7951227222
Chama,US,NM,72367,KE33,36.9,-106.58,2393.0,America/Denver,2006-01-01,2012-09-30,,,,,1868734.833189057
Gordon / Clark Trailer Court,US,NE,,KGRN,42.806,-102.1753,1086.0,America/Denver,1974-01-01,2024-08-12,2017-04-28,2022-04-24,2020-01-01,2022-01-01,1868849.0670694443
Two Harbors / Waldo,US,MN,,KTWM,47.0491,-91.7452,327.0,America/Chicago,2006-01-01,2024-08-12,2006-01-03,2022-04-24,2007-01-01,2021-01-01,1874250.081708314
Greeley / Cloverly,US,CO,,KGXY,40.4374,-104.6332,1432.0,America/Denver,2006-01-01,2024-08-12,2006-01-01,2022-04-23,2007-01-01,2022-01-01,1874673.6361092748
Westfield / Owen District,US,MA,,KBAF,42.1577,-72.7156,82.0,America/New_York,1973-01-05,2024-08-12,1998-08-08,2022-04-24,2005-01-01,2022-01-01,1875332.3772638314
Charlie (Gering),US,NE,,K1CW,41.59,-103.67,1371.0,America/Denver,2022-05-06,2024-08-12,,,,,1878275.194012631
Astronaut Kent Rominger - Del Norte,US,CO,,KRCV,37.7138,-106.352,2424.0,America/Denver,2022-04-23,2024-08-12,2022-04-23,2022-04-26,,,1878327.806474037
Sagauche / Saguache,US,CO,,K04V,38.0993,-106.1745,2393.0,America/Denver,2006-01-01,2024-08-12,2006-01-04,2022-03-09,2013-01-01,2021-01-01,1878887.0541746507
Denver / Broomfield / Countryside,US,CO,,KBJC,39.9088,-105.1172,1729.0,America/Denver,2006-01-01,2024-08-12,2017-06-15,2022-04-24,2020-01-01,2022-01-01,1881124.3245460778
Erie / Lafayette,US,CO,,KEIK,40.0102,-105.048,1564.0,America/Denver,2014-07-01,2024-08-12,2014-07-01,2022-04-24,2016-01-01,2022-01-01,1881391.2181832467
Westerly / Dunn Corner,US,RI,,KWST,41.3496,-71.8034,25.0,America/New_York,2006-01-01,2024-08-12,2006-01-01,2022-04-24,2006-01-01,2021-01-01,1881759.8774353918
Pine Bluffs Municipal Airport,US,WY,,K82V,41.1533,-104.1302,1570.0,America/Denver,2022-05-06,2024-08-12,,,,,1881781.5799955812
Willimantic / Mansfield Hollow,US,CT,,KIJD,41.744,-72.1802,75.0,America/New_York,2006-01-01,2024-08-12,2006-01-01,2022-04-24,2006-01-01,2021-01-01,1882025.8139020468
Star Lake Johnson Ranch / Lagunitas,US,NM,,K4SL,35.95,-107.0833,2195.0,America/Denver,2006-01-02,2013-02-20,,,,,1884449.88205227
North Adams / Blackinton,US,MA,,KAQW,42.6962,-73.1702,199.0,America/New_York,2006-01-01,2024-08-10,2006-01-01,2022-04-23,2006-01-01,2022-01-01,1885476.3971314472
Block Island / New Shoreham Center,US,RI,,KBID,41.1681,-71.5778,33.0,America/New_York,1990-01-01,2024-08-12,1990-01-01,2022-04-24,1990-01-01,2021-01-01,1885894.3902431987
Salida / Smeltertown,US,CO,,KANK,38.5383,-106.0486,2293.0,America/Denver,2009-11-21,2024-08-12,2010-10-05,2022-04-24,2020-01-01,2022-01-01,1887133.1865905698
Wadena / West Wind Estates,US,MN,,KADC,46.4503,-95.211,417.0,America/Chicago,2006-01-01,2024-08-12,2006-01-01,2022-04-24,2006-01-01,2022-01-01,1887154.175985639
Chicopee Falls / Westover Air Force Base,US,MA,74491,KCEF,42.2,-72.5333,75.0,America/New_York,1941-04-01,2024-08-12,1941-06-06,2022-04-25,1941-01-01,2021-01-01,1889980.4915837557
Copper Harbor,US,MI,72538,KP59,47.4667,-87.8833,191.0,America/Detroit,2006-01-01,2024-08-12,2004-11-11,2024-12-30,2004-01-01,2022-01-01,1891058.8356967778
Silver Bay / Beaver Crossing,US,MN,,KBFW,47.249,-91.4156,332.0,America/Chicago,2006-01-01,2021-07-09,2006-01-01,2021-07-09,2006-01-01,2021-01-01,1891301.9636894825
Albany International Airport,US,NY,72518,KALB,42.75,-73.1333,87.0,America/New_York,1946-01-01,2024-08-12,1938-06-01,2024-12-30,1938-01-01,2022-01-01,1891693.7958163517
Pierre / Alto,US,SD,,KPIR,44.3827,-100.286,532.0,America/Chicago,1944-03-01,2024-08-12,1973-01-01,2022-04-24,1981-01-01,2020-01-01,1891952.8862779855
Scottsbluff Heilig Field,US,NE,72566,KBFF,41.8667,-103.6,1209.0,America/Denver,1943-01-13,2024-08-12,1893-01-01,2024-12-30,1893-01-01,2022-01-01,1891954.8012109725
Deming,US,NM,,KDMN,32.2623,-107.7206,1315.0,America/Denver,2006-01-01,2024-08-12,2006-01-01,2022-04-24,2006-01-01,2021-01-01,1892052.2264757736
Pine River,US,MN,,KPWC,46.7248,-94.3817,395.0,America/Chicago,2006-01-01,2024-08-12,2006-01-01,2022-04-24,2006-01-01,2022-01-01,1893167.2615785522
Bennington Morse State Airport,US,VT,,KDDH,42.8935,-73.2486,252.0,America/New_York,2022-04-23,2024-08-12,,,,,1895298.2701462226
Bravo (Pine Bluffs),US,NE,,K1BW,41.52,-104.0,1607.0,America/Denver,2022-05-06,2023-11-06,,,,,1896025.014611893
Boulder / Valmont,US,CO,,KBDU,40.0394,-105.2258,1612.0,America/Denver,2010-02-01,2024-08-12,2010-02-02,2022-04-24,2011-01-01,2022-01-01,1896214.3031776734
Lemoore / Marnett,US,CA,,KLMO,40.1643,-105.1637,1541.0,America/Denver,2010-12-02,2024-08-12,2010-12-17,2022-04-24,2011-01-01,2022-01-01,1898331.8359784042
Fergus Falls / French,US,MN,,KFFM,46.2844,-96.1567,361.0,America/Chicago,2005-01-01,2024-08-12,2005-01-01,2022-04-24,2008-01-01,2022-01-01,1899267.6300834764
Aberdeen Regional Airport,US,SD,72659,KABR,45.45,-98.4167,397.0,America/Chicago,1973-01-01,2024-08-12,1893-01-01,2024-12-30,1893-01-01,2022-01-01,1901962.4475881269
Alpha (Burns),US,WY,,K1AW,41.33,-104.27,1667.0,America/Denver,2022-05-06,2024-08-12,,,,,1902479.9130316689
Fort Collins / Redmond,US,CO,,KFNL,40.4518,-105.0113,1529.0,America/Denver,2006-01-01,2024-08-12,2006-01-01,2022-04-24,2006-01-01,2022-01-01,1903005.421572929
Buena Vista / Johnson Village,US,CO,,KAEJ,38.8142,-106.1207,2423.0,America/Denver,2010-04-01,2024-08-12,2010-04-01,2022-04-24,2011-01-01,2022-01-01,1905011.5821719824
Pine Ridge,US,SD,,KIEN,43.0225,-102.511,1016.0,America/Denver,2006-01-01,2024-08-12,2006-01-01,2022-04-24,2006-01-01,2021-01-01,1905269.2177899105
Wolf Creek Pass / Lucky Seven Summer Homes,US,CO,,KCPW,37.4514,-106.8003,3584.0,America/Denver,2006-01-01,2024-08-12,2006-01-01,2022-04-24,2020-01-01,2022-01-01,1906036.0210094436
Monarch Pass / Garfield,US,CO,,KMYP,38.4833,-106.3167,3667.0,America/Denver,2006-01-01,2024-08-12,2006-01-01,2022-04-23,2006-01-01,2021-01-01,1906309.7067487831
Glens Falls / Dix Mobile Home Park,US,NY,72522,KGFL,43.3412,-73.6103,100.0,America/New_York,1973-01-01,2024-08-12,1944-05-01,2024-12-30,1944-01-01,2022-01-01,1907768.200464453
Britton,US,SD,,KBTN,45.8152,-97.7431,401.0,America/Chicago,2022-04-23,2024-08-12,2022-04-23,2022-04-25,,,1909547.7603352445
Wahpeton / Boise De Sioux Mobile Estates,US,ND,,KBWP,46.2443,-96.6072,295.0,America/Chicago,2006-01-01,2024-08-12,2006-01-06,2022-04-24,2006-01-01,2022-01-01,1910237.4229970688
Cottonwood Pass,US,CO,,K7BM,38.7825,-106.2181,2995.0,America/Denver,2022-05-06,2024-08-12,,,,,1911344.8748191674
Longville,US,MN,,KXVG,47.0,-94.2,407.0,America/Chicago,2006-01-01,2024-08-12,2006-01-02,2022-04-06,2008-01-01,2022-01-01,1917572.0047385187
Ogdensburg / Morley Mobile Home Park,US,NY,,KOGS,44.6819,-75.4655,91.0,America/New_York,1977-05-02,2024-08-12,2016-09-15,2022-04-25,2019-01-01,2022-01-01,1917943.9275436176
"West Dover, Vt.",US,NY,74484,KN66,42.9333,-72.8667,0.0,America/New_York,2022-05-06,2024-08-12,,,,,1921476.6157199172
Stevens Field,US,CO,,KPSO,37.2862,-107.056,2334.0,America/Denver,2022-04-23,2024-08-12,2022-04-23,2022-04-25,,,1921833.0556606622
Grand Rapids / Country Acres Mobile Home Park,US,MN,,KGPZ,47.2093,-93.5099,413.0,America/Chicago,2006-01-01,2024-08-12,2006-01-01,2022-04-24,2006-01-01,2022-01-01,1923961.212558681
Berthoud Pass,US,CO,,K0CO,39.7945,-105.7639,3807.0,America/Denver,2022-05-06,2024-08-12,,,,,1923995.6102542842
Quonset Point / Kiefer Park,US,RI,,KOQU,41.5971,-71.4121,6.0,America/New_York,2006-01-03,2024-08-11,2010-08-23,2010-08-27,,,1924240.276443938
Chadron / J And L Trailer Court,US,NE,,KCDR,42.8376,-103.0954,1005.0,America/Denver,1973-01-01,2024-08-12,1973-01-01,2022-04-24,2005-01-01,2022-01-01,1927315.5862996452
Eveleth / Genoa,US,MN,,KEVM,47.4251,-92.4981,420.0,America/Chicago,2006-01-01,2024-08-12,2006-01-01,2022-04-24,2009-01-01,2022-01-01,1927393.9951047013
Cheyenne Airport,US,WY,72564,KCYS,41.15,-104.8,1878.0,America/Denver,1948-01-01,2024-08-12,1915-01-01,2024-12-30,1915-01-01,2022-01-01,1928426.2689675519
Newport / Middletown,US,RI,,KUUU,41.5324,-71.2815,52.0,America/New_York,2006-01-01,2024-08-12,2006-01-01,2022-04-24,2006-01-01,2021-01-01,1929106.1865518678
Hibbing-Chisholm / Wilpen,US,MN,,KHIB,47.3866,-92.839,413.0,America/Chicago,1973-01-01,2024-08-12,1973-01-01,2022-04-24,1973-01-01,2022-01-01,1929436.8600777702
Park Rapids,US,MN,,KPKD,46.9007,-95.0731,440.0,America/Chicago,1990-01-11,2024-08-12,1995-07-05,2022-04-24,1998-01-01,2022-01-01,1929806.1864019865
Orange / Partridgeville,US,MA,,KORE,42.5701,-72.2886,169.0,America/New_York,1996-08-09,2024-08-12,1996-08-11,2022-04-24,2005-01-01,2022-01-01,1931469.620325952
Providence Green State Airport,US,RI,72507,KPVD,41.7333,-71.4333,17.0,America/New_York,1942-08-01,2024-08-12,1942-08-01,2024-12-30,1942-01-01,2022-01-01,1931480.479025956
Cheyenne F E Warren / Warren Air Force Base,US,WY,,KFEW,41.1333,-104.8672,1878.0,America/Denver,2009-04-23,2024-08-10,2011-07-22,2022-04-24,2016-01-01,2022-01-01,1932167.5045102793
Philip,US,SD,,KPHP,44.0486,-101.5991,673.0,America/Denver,1998-08-10,2024-08-12,1998-08-11,2022-04-24,2005-01-01,2022-01-01,1933000.6360609743
Silver City / Grant,US,NM,72272,KSVC,32.6333,-108.15,1659.0,America/Denver,2005-01-01,2024-08-12,1948-07-02,2024-10-30,1948-01-01,2022-01-01,1933258.5206441896
Grand Marais,US,MN,,KGNA,47.7472,-90.3444,186.0,America/Chicago,2006-01-01,2024-08-12,2006-01-01,2022-04-24,2006-01-01,2021-01-01,1933736.3998269176
Worcester / West Tatnuck,US,MA,72510,KORH,42.2673,-71.8757,308.0,America/New_York,1973-01-01,2024-08-12,1948-06-01,2024-12-30,1948-01-01,2022-01-01,1937206.3405295692
Leadville / Stringtown,US,CO,,KLXV,39.2203,-106.3167,3028.0,America/Denver,2006-01-01,2024-08-12,2006-01-01,2022-04-24,2006-01-01,2022-01-01,1938894.8466492917
Grants-Milan,US,NM,,KGNT,35.1673,-107.9021,1993.0,America/Denver,1948-01-01,2024-08-12,1948-01-02,2022-04-24,1948-01-01,2022-01-01,1939357.4028240347
Pawtucket / Stillwater,US,RI,,KSFZ,41.9208,-71.4914,134.0,America/New_York,2006-01-01,2024-08-12,2006-01-01,2022-04-24,2006-01-01,2022-01-01,1939663.7708693736
Torrington,US,WY,,KTOR,42.0645,-104.1527,1282.0,America/Denver,2006-01-01,2024-08-12,2006-01-01,2022-04-24,2006-01-01,2022-01-01,1941735.7341354392
Potsdam,US,NY,,KPTD,44.6767,-74.9484,144.0,America/New_York,2020-01-14,2024-08-12,2020-01-14,2022-04-25,2020-01-01,2022-01-01,1943398.8082931777
Grand Marais / Pine Mountain Trailer Court,US,MN,,KCKC,47.8383,-90.3829,548.0,America/Chicago,2006-01-01,2024-08-12,2006-01-01,2022-04-24,2006-01-01,2022-01-01,1944145.9929212253
Gwinner,US,ND,,KGWR,46.2187,-97.6435,386.0,America/Chicago,2014-07-01,2024-08-12,2014-07-01,2022-04-24,2015-01-01,2022-01-01,1944779.5945649184
Walker / Benedict,US,MN,,KY49,47.1596,-94.6454,411.0,America/Chicago,2020-01-14,2024-08-12,2020-01-14,2022-04-25,2020-01-01,2022-01-01,1945429.5758369137
Detroit Lakes / Richards,US,MN,,KDTL,46.8252,-95.8856,426.0,America/Chicago,2006-01-01,2024-08-12,2006-01-01,2022-04-24,2006-01-01,2022-01-01,1945568.0852297659
Granby,US,CO,,KGNB,40.09,-105.9165,2502.0,America/Denver,2017-07-03,2024-08-12,2017-07-05,2022-04-24,2020-01-01,2022-01-01,1950664.2936565455
Keene / Spragueville,US,NH,,KEEN,42.8984,-72.2708,149.0,America/New_York,2006-01-01,2024-08-12,2006-01-01,2022-04-24,2007-01-01,2022-01-01,1955810.947249713
Oakes Municipal Airport,US,ND,,K2D5,46.1731,-98.0799,407.0,America/Chicago,2022-05-06,2024-08-12,,,,,1957029.2965863429
Harrietstown,US,NY,72622,KSLK,44.38,-74.19,507.0,America/New_York,2006-01-01,2024-08-12,2006-01-01,2022-04-25,2006-01-01,2022-01-01,1958144.1180737019
Gunnison,US,CO,,KGUC,38.5339,-106.933,2341.0,America/Denver,2005-01-01,2024-08-12,2005-01-02,2022-04-24,2005-01-01,2021-01-01,1958155.375055906
Ely Municipal Airport / Northern Terrace Mobile Home Park,US,MN,,KELO,47.8246,-91.8307,444.0,America/Chicago,2006-01-01,2024-08-12,2006-01-01,2022-04-24,2006-01-01,2021-01-01,1960043.6428994564
New Bedford / Plainville,US,MA,,KEWB,41.6766,-70.9578,24.0,America/New_York,2006-01-01,2024-08-12,2006-01-01,2022-04-24,2006-01-01,2022-01-01,1960378.5590888923
Copper Mountain / Slate Creek,US,CO,,KCCU,39.7833,-106.25,3680.0,America/Denver,2006-01-01,2024-08-12,2006-01-01,2022-04-24,2007-01-01,2022-01-01,1960551.5677428187
Rutland / East Clarendon,US,VT,,KRUT,43.5299,-72.9496,240.0,America/New_York,2006-01-01,2024-08-12,2006-01-01,2022-04-23,2007-01-01,2022-01-01,1960945.5504418924
Fitchburg / West Leominster,US,MA,,KFIT,42.5541,-71.759,106.0,America/New_York,1999-01-14,2024-08-12,1999-01-16,2022-04-24,2005-01-01,2021-01-01,1964292.8669928815
Jaffrey,US,NH,,KAFN,42.8051,-72.003,317.0,America/New_York,2006-01-01,2024-08-12,2006-01-01,2022-04-24,2006-01-01,2022-01-01,1966065.0329364345
Marthas Vineyard / Tississa,US,MA,,KMVY,41.393,-70.6143,20.0,America/New_York,2006-01-01,2024-08-12,2006-01-01,2022-04-24,2006-01-01,2021-01-01,1966910.1934535545
Boston / East Taunton,US,MA,,KTAN,41.8744,-71.0166,13.0,America/New_York,2006-01-01,2024-08-12,2006-01-01,2022-04-24,2006-01-01,2022-01-01,1968779.3011097042
Massena / Massena Center,US,NY,,KMSS,44.9358,-74.8456,68.0,America/New_York,1991-01-01,2024-08-12,1991-01-01,2022-04-24,1991-01-01,2022-01-01,1970721.7091115075
Vedauwoo / Sherman,US,WY,,KVDW,41.1567,-105.4033,2560.0,America/Denver,2003-06-22,2024-08-12,,,,,1971609.9494650671
Moorhead / Park Lane Mobile Home Park,US,MN,,KJKJ,46.8393,-96.664,280.0,America/Chicago,2006-01-01,2024-08-12,2006-01-01,2022-04-24,2006-01-01,2022-01-01,1971627.722296836
Springfield / Kendricks Corner,US,VT,,KVSF,43.3436,-72.5173,176.0,America/New_York,2006-01-01,2024-08-12,2006-01-01,2022-04-20,2006-01-01,2021-01-01,1972907.327084168
Cook,US,MN,,KCQM,47.8218,-92.6906,405.0,America/Chicago,2006-01-01,2024-08-12,2006-01-01,2022-04-24,2006-01-01,2022-01-01,1973660.7101902016
Ayer / Ft. Devens,US,MA,,KAYE,42.5667,-71.6,82.0,America/New_York,1960-10-21,1993-02-01,1961-09-20,1978-01-30,1961-01-01,1963-01-01,1975441.8315695487
Norwood,US,MA,,KOWD,42.1905,-71.1729,15.0,America/New_York,2006-01-01,2024-08-12,2006-01-01,2022-04-24,2006-01-01,2022-01-01,1978535.3356660383
Aspen / Woody Creek,US,CO,,KASE,39.2232,-106.8689,2389.0,America/Denver,2006-01-01,2024-08-12,2006-01-02,2022-04-24,2006-01-01,2022-01-01,1982460.2140462487
Kremmling,US,CO,,K20V,40.0537,-106.3689,2259.0,America/Denver,2006-01-01,2024-08-12,2006-01-01,2022-03-09,,,1983046.3079671203
Lordsburg,US,NM,,KLSB,32.3335,-108.6917,1307.0,America/Denver,2012-02-15,2024-08-10,2012-02-16,2016-08-23,2012-01-01,2016-01-01,1983410.4088905596
"Durango, County",US,CO,74521,KDRO,37.2,-107.8167,0.0,America/Denver,2006-01-01,2024-08-12,2006-01-01,2022-04-24,2006-01-01,2022-01-01,1983442.500848086
Blue Hill Obs. Ma.,US,MA,74492,,42.2167,-71.1167,195.0,America/New_York,,,1998-04-01,2024-03-31,1976-01-01,2022-01-01,1983993.9923340452
Hector International Airport,US,ND,72753,KFAR,46.9333,-96.8167,274.0,America/Chicago,1948-01-01,2024-08-12,1891-05-19,2024-12-30,1891-01-01,2022-01-01,1986084.3219422426
Bordeaux / Ferguson Corner,US,WY,,KBRX,41.93,-104.94,1432.0,America/Denver,2003-03-19,2024-08-12,,,,,1986093.4037499113
Middlebury State Airport,US,VT,,K6B0,43.9848,-73.0959,149.0,America/New_York,2022-05-06,2024-08-12,,,,,1987279.9145636447
Bigfork,US,MN,,KFOZ,47.7828,-93.6502,412.0,America/Chicago,2006-01-01,2024-08-12,2006-01-01,2022-04-24,2007-01-01,2022-01-01,1988103.908605566
Bedford Hanscom Field,US,MA,74490,KBED,42.4667,-71.3,41.0,America/New_York,2006-01-01,2024-08-12,1949-01-01,2024-08-06,1949-01-01,2022-01-01,1988299.104690397
Bemidji,US,MN,72755,KBJI,47.5,-94.9333,423.0,America/Chicago,2006-01-01,2024-08-12,1896-02-01,2024-08-07,1896-01-01,2022-01-01,1988413.6645206648
Otis Air National Guard Base,US,MA,72506,KFMH,41.65,-70.5167,40.0,America/New_York,2006-01-01,2024-08-11,1949-01-01,2022-04-25,1949-01-01,2021-01-01,1989256.8921691093
Plymouth / Pinehurst Mobile Home Village,US,MA,,KPYM,41.909,-70.7288,45.0,America/New_York,2006-01-01,2024-08-12,2006-01-01,2022-04-24,2006-01-01,2022-01-01,1990596.986274236
Mahnomen County Airport,US,MN,,K3N8,47.2605,-95.9281,383.0,America/Chicago,2022-05-06,2024-08-12,,,,,1991289.430381385
South Weymouth / Southfield,US,MA,,KNZW,42.15,-70.9333,49.0,America/New_York,1973-01-01,1996-09-28,1973-01-02,1993-05-18,1981-01-01,1993-01-01,1991986.0365649196
Camp Guernsey,US,WY,,KGUR,42.2597,-104.7283,1358.0,America/Denver,2022-04-23,2024-08-12,2022-04-23,2022-04-26,,,1992867.4497386569
Wheatland / Chugcreek,US,WY,,KEAN,42.0555,-104.9286,1456.0,America/Denver,2016-03-31,2024-08-12,2016-04-01,2022-04-24,2017-01-01,2022-01-01,1993246.4494218016
Broad Acres,US,NH,74394,KASH,42.78,-71.52,61.0,America/New_York,2006-01-01,2024-08-12,2006-01-01,2022-04-25,2006-01-01,2022-01-01,1995152.8417247217
Orr / Glendale,US,MN,,KORB,48.0159,-92.8561,400.0,America/Chicago,2006-01-01,2024-08-12,2006-01-01,2022-04-11,2006-01-01,2022-01-01,1997572.2406530532
Nantucket / Surfside,US,MA,74493,KACK,41.2531,-70.0603,14.0,America/New_York,1990-03-14,2024-08-12,1997-06-23,2022-04-25,2005-01-01,2021-01-01,1997931.9768606382
Mobridge,US,SD,,KMBG,45.5463,-100.4063,523.0,America/Chicago,2006-01-01,2024-08-12,2006-01-01,2022-04-24,2006-01-01,2022-01-01,1999405.2255467873
Laramie Regional Airport,US,WY,,KLAR,41.3165,-105.6729,2218.0,America/Denver,2022-04-23,2024-08-12,,,,,2000115.062048482
Boston Logan International,US,MA,72509,KBOS,42.3667,-71.0167,6.0,America/New_York,1943-11-21,2024-08-12,1936-01-01,2024-12-30,1936-01-01,2022-01-01,2000432.4688499635
Eagle County / Gypsum,US,CO,,KEGE,39.6428,-106.9159,1996.0,America/Denver,1973-01-01,2024-08-12,1973-01-01,2022-04-24,1981-01-01,2022-01-01,2005251.2361819977
Farmington,US,NM,,KFMN,36.7413,-108.2299,1678.0,America/Denver,1973-01-01,2024-08-12,1973-01-01,2022-04-24,1982-01-01,2021-01-01,2005304.5952355845
Marshfield Municipal Airport / Fieldston,US,MA,,KGHG,42.0983,-70.6721,3.0,America/New_York,2005-12-19,2024-08-12,2005-12-20,2022-04-24,2015-01-01,2022-01-01,2006358.1846654725
Lebanon / West Lebanon,US,NH,72611,KLEB,43.6261,-72.3042,184.0,America/New_York,1993-01-01,2024-08-12,1993-01-03,2022-04-25,2005-01-01,2022-01-01,2006613.77530318
Hyannis,US,MA,,KHYA,41.6693,-70.2804,17.0,America/New_York,2006-01-01,2024-08-12,2006-01-01,2022-04-24,2006-01-01,2021-01-01,2006897.6921165504
Manchester Airport,US,NH,,KMHT,42.9296,-71.4356,71.0,America/New_York,2022-04-23,2024-08-12,2022-04-24,2022-04-26,,,2010830.5020884061
Walden-Jackson County Airport,US,CO,,K33V,40.7454,-106.2754,2486.0,America/Denver,2022-05-06,2023-11-07,,,,,2011933.038713627
Rapid City Regional Airport,US,SD,72662,KRAP,44.05,-103.05,976.0,America/Denver,1973-01-01,2024-08-12,1948-05-01,2024-12-30,1948-01-01,2022-01-01,2014898.50064758
Telluride / Lime,US,CO,,KTEX,37.9538,-107.9085,2765.0,America/Denver,2006-01-01,2024-08-12,2006-01-02,2022-04-24,2006-01-01,2022-01-01,2016200.6643688641
Lawrence / Suttons Mills,US,MA,,KLWM,42.7172,-71.1234,45.0,America/New_York,2006-01-01,2024-08-12,2006-01-01,2022-04-24,2006-01-01,2022-01-01,2016586.0559869632
Crane Lake,US,MN,,KCDD,48.2666,-92.4835,341.0,America/Chicago,2006-01-01,2024-08-12,2006-02-23,2022-04-24,2010-01-01,2021-01-01,2018260.731461749
Plattsburgh / Plattsburgh West,US,NY,,KPLB,44.6875,-73.5245,113.0,America/New_York,2006-01-01,2007-05-24,2006-01-01,2007-04-28,2006-01-01,2007-01-01,2019083.056411682
Plattsburgh / Lts Mobile Home Park,US,NY,,KPBG,44.6509,-73.4681,71.0,America/New_York,1956-01-15,2024-08-12,1956-01-16,2022-04-24,1956-01-01,2021-01-01,2019189.39692079
Fosston,US,MN,,KFSE,47.5928,-95.7735,390.0,America/Chicago,2006-01-01,2024-08-12,2006-01-01,2022-04-24,2007-01-01,2022-01-01,2020882.9763274933
Beverly / Danvers,US,MA,,KBVY,42.5841,-70.9161,33.0,America/New_York,2006-01-01,2024-08-12,2006-01-01,2022-04-24,2006-01-01,2022-01-01,2021348.2599861724
Burlington International,US,VT,72617,KBTV,44.4667,-73.15,102.0,America/New_York,1948-01-01,2024-08-12,1940-12-01,2024-12-30,1940-01-01,2022-01-01,2021989.6579890861
"Concord, Concord Municipal Airport",US,NH,72605,KCON,43.1833,-71.5,105.0,America/New_York,1973-01-01,2024-08-12,1939-04-01,2024-12-30,1939-01-01,2022-01-01,2024323.2156589155
Custer,US,SD,,KCUT,43.7333,-103.6177,1708.0,America/Denver,2005-01-01,2024-08-12,2005-01-01,2022-04-24,2005-01-01,2022-01-01,2024624.666793921
Gallup / Allison,US,NM,,KGUP,35.5111,-108.7893,1973.0,America/Denver,1973-01-01,2024-08-12,1973-01-09,2022-04-24,1981-01-01,2021-01-01,2025279.407526326
Ellsworth Air Force Base,US,SD,,KRCA,44.15,-103.1,999.0,America/Denver,2022-04-23,2024-08-12,2022-04-23,2022-04-24,,,2025453.71801321
Chatham,US,MA,74494,KCHH,41.6667,-69.9667,14.0,America/New_York,1973-01-01,1995-03-21,1972-08-01,2021-03-31,1972-01-01,2021-01-01,2028732.529361923
Valley City / North Valley City,US,ND,,KBAC,46.9412,-98.018,427.0,America/Chicago,2010-12-15,2024-08-12,2010-12-16,2022-04-24,2014-01-01,2022-01-01,2028908.7867675424
Sunlight,US,CO,,K5SM,39.4256,-107.3792,3232.0,America/Denver,2022-05-06,2024-08-12,,,,,2031688.3891187592
Montpelier / Berlin Corners,US,VT,,KMPV,44.2035,-72.5623,355.0,America/New_York,1973-01-01,2024-08-12,1973-01-02,2022-04-24,1999-01-01,2022-01-01,2034852.4504012193
Montrose,US,CO,,KMTJ,38.5098,-107.8942,1755.0,America/Denver,2006-01-01,2024-08-12,2006-01-01,2022-04-24,2006-01-01,2021-01-01,2035385.7178984913
Provincetown,US,MA,,KPVC,42.0723,-70.2207,2.0,America/New_York,2006-01-01,2024-08-12,2006-01-01,2022-04-24,2007-01-01,2021-01-01,2035572.6443711964
Faith,US,SD,,KD07,45.0361,-102.0199,788.0,America/Denver,2006-01-01,2024-08-12,2006-01-01,2022-04-24,2006-01-01,2021-01-01,2036375.8214300808
Steamboat Springs / Steamboat Ii,US,CO,,KSBS,40.5162,-106.8663,2098.0,America/Denver,2011-02-14,2024-08-12,2011-02-15,2022-04-24,2011-01-01,2022-01-01,2043984.412181316
Waskish Municipal Airport,US,MN,,KVWU,48.1501,-94.512,360.0,America/Chicago,2022-04-23,2024-08-12,2022-04-23,2022-04-25,,,2046265.452501911
Plymouth Municipal Airport / West Plymouth,US,NH,,K1P1,43.7792,-71.7537,154.0,America/New_York,2006-10-19,2024-08-12,2006-10-29,2022-03-09,2015-01-01,2015-01-01,2051108.6660965064
Springerville Municipal Airport,US,AZ,,KJTC,34.1294,-109.3109,2150.0,America/Phoenix,2022-04-23,2024-08-12,2022-04-23,2022-04-24,,,2051503.8074916252
Linton,US,ND,,K7L2,46.2206,-100.2456,542.0,America/Chicago,2011-05-13,2024-08-12,2011-05-14,2022-03-09,,,2052302.4753224012
Window Rock Airport,US,AZ,72276,KRQE,35.65,-109.0667,2054.0,America/Shiprock,2006-01-01,2024-08-12,2002-09-15,2024-12-30,2002-01-01,2022-01-01,2052706.8359784698
Jamestown,US,ND,,KJMS,46.9297,-98.6782,457.0,America/Chicago,1973-01-01,2024-08-12,1973-01-01,2022-04-24,2000-01-01,2022-01-01,2052738.1142008696
Cortez-Montezuma County Airport,US,CO,,KCEZ,37.3071,-108.6264,1803.0,America/Denver,2022-04-23,2024-08-12,2022-04-24,2022-04-25,,,2055617.3495615725
Bennington / Napoleon,US,VT,72516,K5B5,46.4944,-99.7601,604.0,America/New_York,,,2006-06-03,2024-12-24,2006-01-01,2021-01-01,2055992.8194420862
Laconia / Dockham Shore,US,NH,,KLCI,43.573,-71.4178,166.0,America/New_York,2006-01-01,2024-08-02,2006-01-01,2022-04-24,2006-01-01,2021-01-01,2056909.9889652764
Morrisville / Morristown,US,VT,,KMVL,44.5346,-72.614,223.0,America/New_York,2006-01-01,2024-08-12,2006-01-01,2022-04-24,2006-01-01,2022-01-01,2057440.9339447622
Delta / North Delta,US,CO,,KAJZ,38.7864,-108.0636,1583.0,America/Denver,2012-02-09,2024-02-09,2012-02-10,2022-04-24,2016-01-01,2022-01-01,2059856.2494766738
Portsmouth / South Newington,US,NH,,KPSM,43.0779,-70.8233,31.0,America/New_York,2006-01-01,2024-08-12,2006-01-01,2022-04-24,2008-01-01,2021-01-01,2060297.39363772
St Johns / Saint Johns,US,AZ,,KSJN,34.5186,-109.3787,1748.0,America/Phoenix,2006-01-01,2022-06-10,2006-01-01,2022-04-24,2006-01-01,2021-01-01,2062286.9226506883
Highgate / Swanton,US,VT,,KFSO,44.9403,-73.0975,70.0,America/New_York,2008-04-01,2024-06-17,2008-04-02,2022-04-24,2009-01-01,2022-01-01,2062659.2846489272
Rifle / Antlers,US,CO,,KRIL,39.5263,-107.7269,1688.0,America/Denver,2006-01-01,2024-08-12,2006-01-01,2022-04-24,2006-01-01,2021-01-01,2063528.0459423487
Falls International Airport,US,MN,72747,KINL,48.5667,-93.4,361.0,America/Chicago,1973-01-01,2024-08-12,1906-07-01,2024-12-29,1906-01-01,2022-01-01,2066968.613187846
Rochester / Pickering,US,NH,,KDAW,43.2841,-70.9293,98.0,America/New_York,2006-01-01,2024-08-12,2006-01-01,2022-04-24,2006-01-01,2022-01-01,2067497.0734048537
Hayden,US,CO,,KHDN,40.4812,-107.2177,2014.0,America/Denver,2005-01-01,2024-08-12,2005-01-01,2022-04-24,2005-01-01,2021-01-01,2068734.068108834
Douglas / Double Adobe,US,AZ,,KDUG,31.469,-109.6037,1265.0,America/Phoenix,2010-08-01,2024-08-12,2010-08-01,2020-06-23,2010-01-01,2020-01-01,2071265.940011035
Crookston / Shirley,US,MN,,KCKN,47.8417,-96.6215,274.0,America/Chicago,2006-01-01,2024-08-12,2006-01-01,2022-04-24,2007-01-01,2022-01-01,2071370.9958083641
Douglas Converse County,US,WY,72568,KDGW,42.8,-105.3833,1502.0,America/Denver,2006-01-01,2024-08-12,2006-01-01,2022-04-24,2006-01-01,2022-01-01,2071519.3286801206
Safford / Solomon,US,AZ,,KSAD,32.8533,-109.6351,969.0,America/Phoenix,2006-01-01,2024-08-12,2006-01-01,2022-04-24,2006-01-01,2021-01-01,2072795.5539249252
Newcastle,US,WY,,KECS,43.8855,-104.3179,1273.0,America/Denver,2020-01-14,2024-08-12,2020-01-14,2022-04-24,2020-01-01,2021-01-01,2078139.9371102955
Cooperstown,US,ND,,KS32,47.4228,-98.1059,434.0,America/Chicago,2015-09-26,2024-08-12,2015-09-27,2022-04-24,2020-01-01,2022-01-01,2079051.718551009
Elk Mountain Awos,US,WY,,KEHY,41.7253,-106.4594,2225.0,America/Denver,2022-04-23,2024-08-12,2022-04-23,2022-04-24,,,2079675.083848235
Nucla / Naturita,US,CO,,KAIB,38.2388,-108.5633,1811.0,America/Denver,2008-07-04,2024-07-31,2012-12-07,2021-10-16,2020-01-01,2020-01-01,2080570.7252921856
Thief River Falls Regional Airport,US,MN,,KTVF,48.0667,-96.1833,340.0,America/Chicago,2022-04-23,2024-08-12,2022-04-23,2022-04-24,,,2081284.0052644578
St Johnsbury Fairbanks,US,VT,72614,K1V4,44.4167,-72.0167,212.0,America/New_York,1973-01-01,2024-08-12,1894-03-01,2024-08-04,1894-01-01,2022-01-01,2082734.010866266
"Franconia, Nh",US,NH,72604,K1B5,44.2167,-71.75,0.0,America/New_York,,,1941-05-01,1981-11-30,1941-01-01,1981-01-01,2083455.4838521418
Sanford / South Sanford,US,ME,,KSFM,43.3939,-70.708,74.0,America/New_York,2006-01-01,2024-08-12,2006-01-01,2022-04-24,2007-01-01,2022-01-01,2089119.2557964777
Saratoga,US,WY,,KSAA,41.4435,-106.8275,2138.0,America/Denver,2013-05-02,2024-08-12,2013-05-03,2022-04-24,2016-01-01,2022-01-01,2090243.9447733965
Spearfish,US,SD,,KSPF,44.4811,-103.786,1199.0,America/Denver,2008-10-01,2024-08-12,2008-10-05,2022-04-24,2020-01-01,2022-01-01,2090437.1737579429
Craig Moffat Airport,US,CO,72570,KCAG,40.5,-107.5167,1888.0,America/Denver,2006-01-01,2024-08-12,1996-09-01,2024-07-31,1996-01-01,2022-01-01,2092328.7824679464
Lyndonville / Egypt,US,VT,,KCDA,44.5691,-72.018,362.0,America/New_York,2008-04-22,2024-08-12,2008-04-23,2022-04-24,2008-01-01,2022-01-01,2094210.558591384
Meeker,US,CO,,KEEO,40.0488,-107.8859,1959.0,America/Denver,2006-01-01,2024-08-12,2006-01-01,2022-04-24,2006-01-01,2022-01-01,2099327.9051254997
Grand Forks / Powell,US,ND,,KGFK,47.9473,-97.1738,257.0,America/Chicago,2010-08-01,2024-08-12,2010-08-01,2022-04-24,2010-01-01,2022-01-01,2099334.067024635
Newport / Coventry,US,VT,,KEFK,44.8888,-72.2292,284.0,America/New_York,2008-04-23,2024-08-12,2008-04-25,2022-04-24,2011-01-01,2022-01-01,2106711.8674377403
Whitefield / Hazens,US,NH,,KHIE,44.3676,-71.5445,327.0,America/New_York,2008-01-01,2024-08-12,2008-01-01,2022-04-24,2008-01-01,2021-01-01,2106831.393539494
Grand Forks Air Force Base,US,ND,,KRDR,47.9667,-97.4,278.0,America/Chicago,2022-04-23,2024-08-12,2022-04-23,2022-04-24,,,2108597.476386369
Baudette,US,MN,,KBDE,48.7284,-94.6122,331.0,America/Chicago,1983-11-04,2024-08-12,1995-02-11,2022-04-24,1998-01-01,2022-01-01,2109649.2341130343
Grand Junction Walker Field,US,CO,72476,KGJT,39.1333,-108.5333,1481.0,America/Denver,1973-01-01,2024-08-12,1900-01-01,2024-12-30,1900-01-01,2022-01-01,2111486.739628456
Newport,US,VT,72612,K9B2,44.9333,-72.2,233.0,America/New_York,,,1930-02-01,2023-02-02,1930-01-01,2022-01-01,2111812.8816416455
Mount Washington,US,NH,72613,KMWN,44.2667,-71.3,1909.0,America/New_York,2006-01-01,2024-08-12,1948-01-01,2024-12-29,1948-01-01,2022-01-01,2114023.4834823357
Belle Fourche,US,SD,,KEFC,44.7346,-103.8618,972.0,America/Denver,1992-10-24,2024-07-10,,,,,2114060.3032723516
Lemmon,US,SD,,KLEM,45.9187,-102.1062,784.0,America/Denver,1977-03-01,2024-07-10,1985-11-19,1996-06-29,,,2114528.285301038
Fryeburg,US,ME,,KIZG,43.9833,-70.95,138.0,America/New_York,2006-01-01,2024-08-12,2006-01-01,2022-04-24,2006-01-01,2022-01-01,2114940.311609757
Dixon,US,WY,,KDWX,41.0374,-107.4925,1996.0,America/Denver,2013-07-31,2024-08-12,2013-08-01,2022-04-24,2015-01-01,2022-01-01,2117448.327100634
Show Low,US,AZ,,KSOW,34.25,-110.0333,1962.0,America/Phoenix,2006-01-01,2024-08-12,2006-01-02,2022-04-24,2014-01-01,2022-01-01,2118919.828757475
Carrington,US,ND,,K46D,47.4511,-99.1513,490.0,America/Chicago,2010-06-10,2024-08-12,2010-06-11,2022-03-09,2020-01-01,2020-01-01,2120843.968281524
Bismarck Municipal Airport,US,ND,72764,KBIS,46.7833,-100.75,511.0,America/Chicago,1936-07-01,2024-08-12,1936-07-01,2024-12-30,1936-01-01,2022-01-01,2125633.8722327347
Taylor,US,AZ,,KTYL,34.4527,-110.115,1775.0,America/Phoenix,2020-01-14,2024-08-12,2020-01-14,2022-04-24,2020-01-01,2022-01-01,2128576.141609946
Mandan / On-A-Slant Village (Historical),US,ND,,KY19,46.768,-100.8944,593.0,America/North_Dakota/New_Salem,2010-11-18,2024-08-12,2010-11-19,2022-04-25,2015-01-01,2022-01-01,2130735.483631601
Blanding,US,UT,,KBDG,37.5833,-109.4833,1789.0,America/Denver,2014-07-24,2024-08-12,2014-08-03,2022-04-24,2020-01-01,2022-01-01,2136717.795587208
Rawlins / Sinclair,US,WY,72669,KRWL,41.8056,-107.1999,2078.0,America/Denver,2010-08-01,2024-08-12,1951-03-06,2024-12-29,1951-01-01,2022-01-01,2137122.223572514
Portland International  Jetport,US,ME,72606,KPWM,43.65,-70.1333,23.0,America/New_York,1973-01-01,2024-08-12,1940-11-07,2024-12-30,1940-01-01,2022-01-01,2143212.908742388
Mack,US,CO,,KC07,39.2681,-108.864,1440.0,America/Denver,2020-01-14,2024-08-06,2020-01-14,2022-04-23,2020-01-01,2022-01-01,2143448.244576025
Pioneer Airfield,US,AZ,,KALK,31.6056,-110.4281,1433.0,America/Phoenix,2022-04-23,2024-08-12,,,,,2148643.5794987152
Roseau Municipal Airport,US,MN,,KROX,48.85,-95.7,323.0,America/Chicago,2022-04-23,2024-08-12,2022-04-23,2022-04-25,,,2148927.671242816
Warroad / Longworth,US,MN,,KRRT,48.9415,-95.3485,328.0,America/Chicago,2006-01-01,2024-08-12,2006-01-01,2022-04-24,2006-01-01,2022-01-01,2149565.9329740573
Hulett Muni,US,WY,,KW43,44.6629,-104.5678,1300.0,America/Denver,2020-01-14,2024-08-12,2020-01-14,2022-04-24,2020-01-01,2022-01-01,2149881.884753158
Natrona County International  Airport,US,WY,72569,KCPR,42.9,-106.4667,1630.0,America/Denver,1940-01-01,2024-08-12,1940-01-01,2024-12-30,1940-01-01,2022-01-01,2150370.536159276
Hettinger,US,ND,,KHEI,46.0149,-102.656,825.0,America/Denver,2006-01-01,2024-08-12,2006-01-01,2022-04-24,2006-01-01,2021-01-01,2150515.5549921677
Grafton,US,ND,,KGAF,48.4047,-97.3709,251.0,America/Chicago,2010-11-18,2024-08-12,2010-11-19,2022-04-24,2014-01-01,2022-01-01,2151539.50792946
"Gray, Me.",US,ME,74389,KGYX,43.9,-70.25,125.0,America/New_York,,,1995-10-01,2024-08-06,1995-01-01,2022-01-01,2152780.913812733
Berlin Municipal Airport,US,NH,72616,KBML,44.5833,-71.0167,353.0,America/New_York,2006-01-01,2024-08-12,1996-07-01,2024-08-06,1996-01-01,2022-01-01,2154105.7524563367
Auburn / Marston Corner,US,ME,,KLEW,44.0485,-70.2835,88.0,America/New_York,2006-01-01,2024-08-12,2006-01-01,2022-04-24,2007-01-01,2021-01-01,2160900.2355348244
Buffalo,US,SD,,K2WX,45.6044,-103.5464,916.0,America/Denver,2022-05-06,2024-08-01,,,,,2164150.3493242017
Rangely Airport,US,CO,,K4V0,40.094,-108.7631,1608.0,America/Denver,2022-05-06,2024-08-12,,,,,2169705.5331451097
Hallock / Viking Land Terrace,US,MN,,KHCO,48.7527,-96.943,250.0,America/Chicago,2006-01-01,2024-08-12,2006-01-01,2022-04-24,2006-01-01,2022-01-01,2173556.7937348336
Devils Lake Municipal Airport,US,ND,,KDVL,48.1167,-98.9167,443.0,America/Chicago,2022-04-23,2024-08-12,2022-04-23,2022-04-26,,,2175918.8167097294
Flag Island / Penasse,US,MN,,KFGN,49.3183,-94.9028,329.0,America/Winnipeg,2006-01-01,2024-08-12,2006-01-01,2022-04-24,2011-01-01,2022-01-01,2178579.517482558
Glen Ullin,US,ND,,KD57,46.8128,-101.8602,637.0,America/North_Dakota/New_Salem,2013-10-16,2024-08-12,2013-10-17,2022-04-24,2014-01-01,2022-01-01,2179283.16844344
Harvey Municipal Airport,US,ND,,K5H4,47.7912,-99.9317,490.0,America/Chicago,2022-05-06,2024-08-12,,,,,2183763.323184598
Gillette-Campbell Cty Airport,US,WY,72665,KGCC,44.3333,-105.55,1330.0,America/Denver,2006-01-01,2024-08-12,1998-07-15,2024-08-06,1998-01-01,2022-01-01,2185644.167043356
Nogales / Beyerville,US,AZ,,KOLS,31.4177,-110.8479,1206.0,America/Phoenix,2006-01-01,2024-08-12,2006-01-01,2022-04-24,2006-01-01,2021-01-01,2189435.8491401197
Winslow Municipal Airport,US,AZ,72374,KINW,35.0333,-110.7167,1505.0,America/Phoenix,1973-01-01,2024-08-12,1898-10-01,2024-12-30,1898-01-01,2022-01-01,2190420.555836302
Wiscasset Airport / Montsweag,US,ME,,KIWI,43.9614,-69.7126,21.0,America/New_York,2006-01-01,2024-08-12,2006-01-01,2022-04-24,2006-01-01,2022-01-01,2191040.4704318047
Tucson International Airport,US,AZ,72274,KTUS,32.1333,-110.95,805.0,America/Phoenix,1973-01-01,2024-08-12,1946-06-01,2024-12-30,1946-01-01,2022-01-01,2195966.7345774826
Bowman Regional Airport,US,ND,,KBWW,46.1655,-103.3007,904.0,America/Denver,2022-04-23,2024-08-12,2022-04-23,2022-04-26,,,2196299.118517337
Moab / Crescent Junction,US,UT,,KCNY,38.755,-109.7548,1389.0,America/Denver,2006-01-01,2024-08-12,2006-01-01,2022-04-24,2006-01-01,2021-01-01,2197023.9246752043
Cavalier,US,ND,,K2C8,48.7837,-97.632,272.0,America/Chicago,2010-11-18,2024-08-12,2010-11-19,2022-03-09,2014-01-01,2019-01-01,2197843.690626405
Bowman,US,ND,,KBPP,46.187,-103.4281,902.0,America/Denver,2007-05-21,2010-06-03,2007-05-22,2010-06-01,2008-01-01,2009-01-01,2204721.107344481
Rangeley / Loon Lake,US,ME,,K8B0,44.9919,-70.6646,556.0,America/New_York,2017-01-16,2024-08-12,2017-01-17,2022-03-08,,,2204930.461117324
Hazen,US,ND,,KHZE,47.2899,-101.581,553.0,America/Denver,2010-11-18,2024-08-12,2010-11-19,2022-04-24,2015-01-01,2022-01-01,2208352.806970233
Augusta,US,ME,,KAUG,44.3206,-69.7973,107.0,America/New_York,1973-01-01,2024-08-12,1973-01-01,2022-04-24,1974-01-01,2022-01-01,2210076.8735546493
Tucson / Valencia West,US,AZ,,KRYN,32.1422,-111.1746,737.0,America/Phoenix,2007-11-15,2024-08-12,,,,,2217086.2015390573
Langdon,US,ND,,KD55,48.7531,-98.3937,490.0,America/Chicago,2020-01-14,2024-06-22,2020-01-14,2022-04-24,2020-01-01,2022-01-01,2219721.2723947633
Tucson / Marana,US,AZ,,KAVQ,32.4096,-111.2184,619.0,America/Phoenix,2020-01-14,2024-08-12,2020-01-14,2022-04-24,2020-01-01,2022-01-01,2220688.1618814995
Walhalla,US,ND,,K96D,48.9406,-97.9028,291.0,America/Chicago,2010-11-18,2024-08-12,2010-11-19,2022-03-09,2016-01-01,2016-01-01,2222175.757745221
Cando,US,ND,,K9D7,48.48,-99.2364,452.0,America/Chicago,2010-11-18,2024-08-12,2010-11-19,2021-10-18,2014-01-01,2016-01-01,2222725.591479052
Dickinson / Eland,US,ND,72763,KDIK,46.7973,-102.8019,790.0,America/Denver,2005-01-01,2024-08-12,1938-11-14,2024-12-30,1948-01-01,2022-01-01,2223482.062166673
Brunswick Naval Air Stn,US,ME,74392,KNHZ,43.9,-69.1,23.0,America/New_York,1952-01-01,2024-07-23,1940-09-01,2010-02-07,1940-01-01,2010-01-01,2226407.671604227
Pinal Airpark,US,AZ,,KMZJ,32.5098,-111.3253,577.0,America/Phoenix,2022-04-23,2024-08-12,2022-04-23,2022-04-24,,,2230615.210321807
Waterville / Oakland,US,ME,,KWVL,44.5333,-69.6755,102.0,America/New_York,2006-01-01,2024-08-12,2006-01-01,2022-04-24,2006-01-01,2022-01-01,2232308.8825743063
Garrison,US,ND,,KN60,47.65,-101.4333,587.0,America/Chicago,2006-01-01,2024-08-12,2006-01-01,2022-04-23,2006-01-01,2021-01-01,2233943.4392358125
Knox County Regional Airport,US,ME,,KRKD,44.0667,-69.1,17.0,America/New_York,2022-04-23,2024-08-11,2022-04-24,2022-04-24,,,2237316.927090769
Payson / Fort McDonald,US,AZ,,KPAN,34.2568,-111.3393,1572.0,America/Phoenix,2010-01-15,2024-08-12,2010-01-16,2022-04-24,2020-01-01,2022-01-01,2238588.8489799765
Coolidge / Valley Farms,US,AZ,,KP08,32.9359,-111.4265,480.0,America/Phoenix,1944-07-16,2024-08-12,1944-07-17,2022-04-24,1944-01-01,2022-01-01,2240197.5011809003
Vernal / Naples,US,UT,,KVEL,40.4409,-109.5099,1609.0,America/Denver,2006-01-01,2024-08-12,2006-01-01,2022-04-24,2006-01-01,2022-01-01,2243095.7379431427
Rugby,US,ND,,KRUG,48.3904,-100.0243,472.0,America/Chicago,2010-12-10,2024-04-17,2010-12-10,2022-04-24,2014-01-01,2022-01-01,2243885.042194783
Rock Springs-Sweetwater Co,US,WY,72574,KRKS,41.6,-109.05,2060.0,America/Denver,1991-01-01,2024-08-12,1991-01-01,2024-12-30,1991-01-01,2022-01-01,2261742.6591991377
Baker,US,MT,,KBHK,46.3476,-104.2594,908.0,America/Denver,2006-01-01,2024-08-12,2006-01-01,2022-04-24,2006-01-01,2022-01-01,2261759.48033582
Chandler / Germann,US,AZ,,KIWA,33.3078,-111.6555,421.0,America/Phoenix,1942-03-01,2024-08-12,1942-03-03,2022-04-24,1942-01-01,2022-01-01,2262335.5699103475
Buffalo,US,WY,,KBYG,44.3811,-106.7218,1515.0,America/Denver,2006-01-01,2024-08-12,2006-01-01,2022-04-24,2006-01-01,2022-01-01,2262462.6175549976
Hanksville,US,UT,,KHVE,38.418,-110.704,1355.0,America/Denver,2014-07-24,2024-08-12,2014-07-25,2022-04-24,2014-01-01,2022-01-01,2264832.7299569063
Mesa / Apache Wells,US,AZ,,KFFZ,33.4608,-111.7283,425.0,America/Phoenix,2006-01-01,2024-08-09,2018-10-18,2022-04-24,2019-01-01,2021-01-01,2269611.0967715643
Casa Grande,US,AZ,,KCGZ,32.9549,-111.7668,446.0,America/Phoenix,2006-01-01,2024-08-05,2006-01-01,2022-04-24,2006-01-01,2021-01-01,2271973.1702587055
Roosevelt,US,UT,74420,KU67,40.3,-109.9833,1553.0,America/Denver,,,1948-07-14,2024-08-06,1948-01-01,2022-01-01,2274235.8930547913
Rolla,US,ND,,K06D,48.8844,-99.6208,556.0,America/Chicago,2010-11-18,2024-08-12,2010-11-19,2022-03-09,2017-01-01,2017-01-01,2275776.691569833
Chandler / Rancho De Chandler,US,AZ,,KCHD,33.2691,-111.8111,379.0,America/Phoenix,2006-01-01,2024-08-12,,,,,2276683.6835364522
Flagstaff / Fort Tuthill,US,AZ,,KFLG,35.1403,-111.6693,2138.0,America/Phoenix,2005-01-01,2024-08-12,2005-01-01,2022-04-24,2005-01-01,2022-01-01,2277893.0163087673
Minot,US,ND,,KMOT,48.2576,-101.278,523.0,America/Chicago,1973-01-01,2024-08-12,1973-01-01,2022-04-24,1973-01-01,2022-01-01,2282333.3943448635
Sedona / West Sedona,US,AZ,,KSEZ,34.8486,-111.7884,1472.0,America/Phoenix,2009-03-02,2024-08-12,2009-03-03,2022-04-24,2011-01-01,2022-01-01,2285272.705129253
Phoenix / Bon,US,AZ,,KA39,32.9908,-111.9185,396.0,America/Phoenix,2020-01-14,2024-08-12,2020-01-14,2022-04-24,2020-01-01,2022-01-01,2286162.532333423
Scottsdale / Country Trace,US,AZ,,KSDL,33.6229,-111.9105,460.0,America/Phoenix,2006-01-01,2024-08-12,2006-01-01,2022-04-24,2006-01-01,2021-01-01,2287143.9296526904
Page Municipal Airport,US,AZ,72371,KPGA,36.9333,-111.45,1314.0,America/Phoenix,2006-01-01,2024-08-12,1997-06-01,2024-08-06,1997-01-01,2022-01-01,2289390.317814146
South Pass / Atlantic City,US,WY,,KFWZ,42.5167,-108.7833,2588.0,America/Denver,2012-01-30,2024-02-17,2012-01-30,2021-07-25,2014-01-01,2021-01-01,2289643.646221304
"Flagstaff, Az.",US,AZ,72376,KFGZ,35.2333,-111.8167,2192.0,America/Phoenix,1998-10-02,2024-07-22,,,,,2292377.7086658357
Beach,US,ND,,K20U,46.9252,-103.9821,840.0,America/Denver,2010-11-18,2024-08-12,2010-11-19,2022-03-09,2015-01-01,2017-01-01,2293711.192821274
Riverton Regional Airport,US,WY,72672,KRIW,43.0667,-108.45,1684.0,America/Denver,2007-04-01,2024-08-12,2007-04-01,2022-04-24,2007-01-01,2022-01-01,2296568.476699732
Phoenix Sky Harbor Airport,US,AZ,72278,KPHX,33.4333,-112.05,345.0,America/Phoenix,1973-01-01,2024-08-12,1933-06-01,2024-12-30,1933-01-01,2022-01-01,2299348.1010596585
Minot / Minot Air Force Base,US,ND,,KMIB,48.4158,-101.358,508.0,America/Chicago,1959-10-01,2024-08-12,1959-10-02,2022-04-24,1959-01-01,2022-01-01,2300161.8695912226
Duchesne,US,UT,,KU69,40.1919,-110.381,1776.0,America/Denver,2020-11-05,2024-08-12,2020-11-05,2022-04-24,2020-01-01,2022-01-01,2301270.832648797
Lander Hunt Field,US,WY,72576,KLND,42.8167,-108.7333,1703.0,America/Denver,1973-01-01,2024-08-12,1948-01-01,2024-12-30,1948-01-01,2022-01-01,2302453.616755201
Phoenix / Wild Flower,US,AZ,,KDVT,33.6883,-112.0826,451.0,America/Phoenix,2006-01-01,2024-08-12,2006-01-01,2022-04-24,2006-01-01,2022-01-01,2303349.9124161247
Sheridan County Airport,US,WY,72666,KSHR,44.7667,-106.9667,1226.0,America/Denver,1973-01-01,2024-08-12,1948-01-01,2024-12-30,1948-01-01,2022-01-01,2303752.2796398154
Bangor / Martells Mobile Home Court,US,ME,72607,KBGR,44.8074,-68.8281,59.0,America/New_York,2010-08-01,2024-08-12,1953-01-01,2024-12-30,1953-01-01,2022-01-01,2303928.4034533775
Boysen,US,WY,,KTBX,43.4667,-108.2333,2225.0,America/Denver,2022-04-25,2024-04-06,2022-04-25,2022-04-25,,,2304812.3453052887
Greenville,US,ME,72619,KGNR,45.463,-69.5516,427.0,America/New_York,2006-01-01,2024-08-12,1920-01-01,2024-08-06,1920-01-01,2021-01-01,2305188.679882304
Price Carbon County Airport,US,UT,72470,KPUC,39.6167,-110.75,1814.0,America/Denver,2006-01-01,2024-08-12,1998-09-10,2024-08-05,1998-01-01,2022-01-01,2308918.6433394286
Bar Harbor / Trenton,US,ME,,KBHB,44.4498,-68.3616,25.0,America/New_York,2006-01-01,2024-08-12,2006-01-01,2022-04-24,2007-01-01,2022-01-01,2309929.3719553133
Worland / Airport Road,US,WY,,KWRL,43.9657,-107.9508,1296.0,America/Denver,2000-01-01,2024-08-12,2000-12-03,2022-04-24,2001-01-01,2021-01-01,2315876.0922732293
Glendale / Country Greens At Villa De Paz,US,AZ,,KGEU,33.5269,-112.2951,326.0,America/Phoenix,2006-01-01,2024-08-12,,,,,2322379.952788992
Williams,US,AZ,,KCMR,35.3055,-112.1944,2039.0,America/Phoenix,2009-05-08,2024-08-12,2009-05-08,2022-04-24,2014-01-01,2022-01-01,2327357.856819872
Valle,US,AZ,72005,K40G,35.65,-112.15,1829.0,America/Phoenix,2004-04-08,2004-06-14,,,,,2327994.2843180276
Phoenix / Litchfield Junction,US,AZ,,KGYR,33.4237,-112.3745,296.0,America/Phoenix,2006-01-02,2024-08-12,,,,,2329421.9958851617
Hot Springs County Airport,US,WY,,KHSG,43.7136,-108.3897,1492.0,America/Denver,2022-04-28,2024-08-12,,,,,2330110.1647761334
Watford City,US,ND,,KS25,47.7966,-103.2552,643.0,America/Chicago,2010-12-10,2024-08-12,2010-12-10,2022-04-24,2016-01-01,2022-01-01,2330500.0677661104
Phoenix / Glendale / Webb,US,AZ,,KLUF,33.535,-112.3832,331.0,America/Phoenix,1941-12-01,2024-08-12,1941-12-02,2022-04-24,1942-01-01,2021-01-01,2330569.5648233397
Grand Canyon Park,US,AZ,72378,,36.05,-112.13,2126.0,America/Phoenix,,,1957-10-29,2012-06-18,1957-01-01,2012-01-01,2332345.328179484
Grand Canyon National Park Airport,US,AZ,,KGCN,35.9458,-112.1554,2014.0,America/Phoenix,2022-04-23,2024-08-12,2022-04-24,2022-04-24,,,2332931.7483144146
Stanley,US,ND,,K08D,48.3008,-102.4064,684.0,America/Chicago,2010-12-07,2024-08-12,2010-12-08,2022-03-09,2017-01-01,2017-01-01,2335219.9292895156
Prescott / Tutt,US,AZ,,KPRC,34.6544,-112.4196,1537.0,America/Phoenix,1991-01-01,2024-08-12,1991-01-01,2022-04-24,1991-01-01,2021-01-01,2340791.485342283
Glendive / Landtsheim (Historical),US,MT,,KGDV,47.1387,-104.8072,749.0,America/Denver,2006-01-01,2024-08-12,2006-01-01,2022-04-23,2006-01-01,2022-01-01,2353921.6711148988
Fort Bridger / Carter,US,WY,,KFBR,41.3934,-110.4061,2145.0,America/Denver,2013-08-01,2024-08-12,2013-08-02,2022-04-24,2014-01-01,2022-01-01,2354237.9055613657
Miles City,US,MT,74230,KMLS,46.4333,-105.8833,801.0,America/Denver,1984-01-01,2024-08-12,1937-01-16,2024-08-06,1937-01-01,2022-01-01,2357864.0770003055
Gila Bend U. S. Army Airfield,US,AZ,74724,KGBN,32.4333,-112.6833,262.0,America/Phoenix,2005-02-25,2019-12-04,,,,,2358122.363537427
Buckeye / Conger,US,AZ,,KBXK,33.4204,-112.6862,315.0,America/Phoenix,2013-01-01,2024-08-12,2013-01-01,2022-04-24,2020-01-01,2022-01-01,2358333.5568253505
South Big Horn County Airport,US,WY,,KGEY,44.5174,-108.0752,1199.0,America/Denver,2022-04-23,2024-08-12,2022-04-24,2022-04-25,,,2358531.4261946334
Gila Bend,US,AZ,,KGXF,32.8875,-112.7199,269.0,America/Phoenix,2020-01-14,2024-08-12,2020-01-15,2022-04-24,,,2360907.8225538307
Tioga,US,ND,,KD60,48.3803,-102.8974,692.0,America/Chicago,2010-11-18,2024-08-12,2010-11-19,2022-04-23,2020-01-01,2022-01-01,2364354.0401019948
Bryce Canyon / Bryce Canyon City,US,UT,,KBCE,37.7064,-112.1458,2313.0,America/Denver,1973-01-01,2024-08-12,1973-01-01,2022-04-24,2005-01-01,2021-01-01,2367491.90245533
Sidney / Wagon Wheel Trailer Court,US,MT,,KSDY,47.7069,-104.1926,605.0,America/Denver,2006-01-01,2024-08-12,2006-01-01,2022-04-23,2006-01-01,2022-01-01,2368705.829923058
Manti-Ephraim Airport,US,UT,,K41U,39.3313,-111.6127,1676.0,America/Denver,2022-05-06,2024-08-12,,,,,2369366.0054989783
Millinocket / Little Italy,US,ME,,KMLT,45.6478,-68.6856,124.0,America/New_York,1943-03-01,2024-08-12,1943-03-02,2022-04-24,1943-01-01,2022-01-01,2370329.6905412097
Ajo / Childs,US,AZ,,KP01,32.4529,-112.8614,444.0,America/Phoenix,1942-01-15,1946-01-20,1942-08-13,1946-01-19,1943-01-01,1945-01-01,2374780.6283261497
Pinedale,US,WY,,KPNA,42.7974,-109.811,2163.0,America/Denver,2006-01-01,2024-08-12,2006-01-04,2022-04-24,2009-01-01,2022-01-01,2378390.975784506
Sloulin Field International  Airport,US,ND,72767,KISN,48.1833,-103.65,604.0,America/Chicago,1973-01-01,2019-10-18,1894-01-01,2019-12-29,1894-01-01,2019-01-01,2382341.154677469
Kanab,US,UT,,KKNB,37.0111,-112.5312,1484.0,America/Denver,2017-08-14,2024-08-12,2019-03-02,2022-04-24,2020-01-01,2022-01-01,2385332.648459096
Kemmerer / Frontier,US,WY,,KEMM,41.8241,-110.557,2221.0,America/Denver,2013-06-27,2024-08-12,2013-06-28,2022-04-24,2018-01-01,2022-01-01,2385359.1002249615
Big Piney-Marbleton Airport,US,WY,72671,KBPI,42.5833,-110.1,2131.0,America/Denver,1999-01-01,2024-08-12,1998-02-26,2024-08-06,1998-01-01,2022-01-01,2388324.5722892294
Clayton Lake,US,ME,72711,K40B,46.61,-69.52,314.0,America/New_York,2008-11-25,2024-08-10,2017-01-22,2020-01-12,,,2390928.4519535564
Panguitch,US,UT,,KU55,37.8452,-112.3919,2061.0,America/Denver,2020-01-30,2023-08-20,2020-01-30,2022-04-24,2020-01-01,2022-01-01,2391985.0690191104
Williston Basin International Airport,US,ND,,KXWA,48.2609,-103.7511,717.0,America/Chicago,2022-04-23,2024-08-12,2022-04-23,2022-04-23,,,2393765.2826905837
Heber City / Daniel,US,UT,,K36U,40.4818,-111.4288,1718.0,America/Denver,2010-04-12,2024-08-06,2010-04-13,2022-03-08,2018-01-01,2021-01-01,2395742.2742208266
Evanston,US,WY,,KEVW,41.2748,-111.0346,2177.0,America/Denver,1973-01-01,2024-08-12,1973-01-01,2022-04-24,2005-01-01,2022-01-01,2397225.3291393183
Spanish Fork Municipal Airport,US,UT,,KSPK,40.145,-111.6677,1380.0,America/Denver,2022-04-23,2024-08-12,2022-04-23,2022-04-24,,,2402156.2486340557
Cowley/Lovell/Byron,US,WY,,KU68,44.9117,-108.4455,1248.0,America/Denver,2020-01-14,2024-08-12,2020-01-14,2022-04-24,2020-01-01,2022-01-01,2407562.846709236
Provo / Lakeview,US,UT,,KPVU,40.2192,-111.7234,1371.0,America/Denver,2006-01-01,2024-08-12,2006-01-01,2022-04-22,2019-01-01,2022-01-01,2409342.6992496303
Dubois,US,WY,,KDUB,43.5484,-109.6903,2224.0,America/Denver,2013-05-14,2024-08-12,2013-05-15,2022-04-24,2016-01-01,2021-01-01,2410236.0480537484
Big Horn County Airport,US,MT,,K00U,45.7444,-107.6604,922.0,America/Denver,2022-05-06,2024-08-12,,,,,2413053.16368634
Cody,US,WY,72670,KCOD,44.5167,-109.0167,1551.0,America/Denver,2006-01-01,2024-08-12,2006-01-01,2022-04-24,2006-01-01,2022-01-01,2420486.4609585414
Culbertson,US,MT,,KS85,48.1533,-104.5041,595.0,America/Denver,2020-03-31,2024-06-17,2020-03-31,2022-04-25,2020-01-01,2020-01-01,2421195.348103577
Beaver / Greenville,US,UT,,KU52,38.2306,-112.6754,1787.0,America/Denver,2021-02-22,2024-08-12,2021-02-22,2022-04-24,2021-01-01,2022-01-01,2425857.0175361265
Colorado City / Centennial Park,US,AZ,,KAZC,36.9599,-113.0139,1486.0,America/Phoenix,2014-02-27,2024-08-12,2014-05-09,2022-04-24,2020-01-01,2022-01-01,2426514.614019797
Powell,US,WY,,KPOY,44.8672,-108.7934,1553.0,America/Denver,2014-07-07,2024-08-12,2014-07-08,2022-04-24,2015-01-01,2022-01-01,2427349.3914490463
Eastport,US,ME,72608,KEPO,44.9167,-67.0,24.0,America/New_York,,,1889-09-01,2013-04-19,1889-01-01,2013-01-01,2427879.9025109997
Crosby,US,ND,,KD50,48.9285,-103.2973,594.0,America/Chicago,2010-11-18,2024-08-12,2010-11-19,2022-04-23,2020-01-01,2022-01-01,2430471.098989627
Delta,US,UT,72479,KDTA,39.3806,-112.5077,1451.0,America/Denver,2014-08-20,2024-08-12,1938-06-01,2024-06-30,1938-01-01,2022-01-01,2444612.7832613084
Salt Lake City / April Meadows,US,UT,,KU42,40.6195,-111.9929,1404.0,America/Denver,2016-08-15,2024-08-12,2016-08-16,2022-04-24,2020-01-01,2022-01-01,2445762.01064907
Cedar City,US,UT,,KCDC,37.701,-113.0988,1714.0,America/Denver,1973-01-01,2024-08-12,1973-01-01,2022-04-24,1981-01-01,2022-01-01,2449326.488774093
Delta,US,UT,,KU24,39.3333,-112.5833,1414.0,America/Denver,1973-01-01,2012-10-01,,,,,2449382.792417203
Salt Lake City International  Airport,US,UT,72572,KSLC,40.7833,-111.9667,1288.0,America/Denver,1941-11-01,2024-08-12,1941-11-01,2024-12-30,1941-01-01,2022-01-01,2449945.8168230783
Poplar,US,MT,,KPO1,48.1344,-105.1621,621.0,America/Denver,2020-03-31,2024-08-12,2020-03-31,2022-03-30,2020-01-01,2022-01-01,2452524.9361561444
Afton,US,WY,,KAFO,42.7088,-110.9422,1896.0,America/Denver,2013-11-13,2024-08-12,2013-11-14,2022-04-24,2015-01-01,2022-01-01,2456169.025679933
East Hodgdon,US,ME,72703,KHUL,46.12,-67.8,150.0,America/New_York,2000-01-01,2024-08-12,2000-09-02,2022-04-25,2001-01-01,2022-01-01,2456663.1901314096
Milford / Yellow Banks,US,UT,72475,KMLF,38.4266,-113.0125,1536.0,America/Denver,2005-01-01,2024-08-12,1928-01-01,2023-09-24,1928-01-01,2022-01-01,2459521.9798893584
Hill Air Force Base,US,UT,,KHIF,41.1111,-111.9623,1459.0,America/Denver,2022-04-23,2024-08-12,2022-04-23,2022-04-25,,,2462474.532724821
Bear Lake County Airport,US,ID,,K1U7,42.2497,-111.3416,1806.0,America/Boise,2022-05-06,2024-08-12,,,,,2463969.149508235
Ogden-Hinckley Airport,US,UT,72575,KOGD,41.2,-112.0167,1362.0,America/Denver,1973-01-01,2024-08-12,1948-01-01,2024-08-05,1948-01-01,2022-01-01,2470286.2192848134
Wolf Point / Pleasant Valley (Historical),US,MT,,KOLF,48.0945,-105.5751,606.0,America/Denver,2006-01-01,2024-08-12,2006-01-01,2022-04-24,2006-01-01,2022-01-01,2470384.5987266786
St George / Bloomington Hills,US,UT,,KDXZ,37.0364,-113.5103,879.0,America/Denver,2011-01-13,2011-12-14,2011-01-14,2011-12-12,2011-01-01,2011-01-01,2471402.537785321
Logan International Airport,US,MT,72677,KBIL,45.8167,-108.55,1112.0,America/Denver,1935-05-01,2024-08-12,1935-05-01,2024-12-30,1935-01-01,2022-01-01,2472868.912083703
Tooele / Marshall,US,UT,,KTVY,40.6126,-112.3508,1317.0,America/Denver,2015-05-06,2024-08-12,2015-05-07,2022-04-24,2020-01-01,2022-01-01,2473953.761851118
Plentywood,US,MT,,KPWD,48.7886,-104.5232,690.0,America/Denver,2020-03-31,2024-08-12,2020-03-31,2022-04-24,2020-01-01,2022-01-01,2475295.5478416663
"Aquadilla, Rafael Hernandez Airport",US,,78514,TJBQ,18.5,-67.1333,72.0,America/Puerto_Rico,2006-01-01,2024-08-12,2006-06-25,2021-02-23,,,2478108.2034468157
Laurel Municipal Airport,US,MT,,K6S8,45.7052,-108.7608,1072.0,America/Denver,2022-05-06,2024-06-17,,,,,2478746.0493765753
St George / Saint George,US,UT,,KSGU,37.0906,-113.5931,896.0,America/Denver,2006-01-01,2024-08-12,2006-01-01,2022-04-24,2006-01-01,2022-01-01,2479658.1717922655
Presque Isle,US,ME,72713,KPQI,46.6833,-68.05,163.0,America/New_York,1941-11-01,2024-08-12,1941-11-02,2022-04-25,1942-01-01,2022-01-01,2481056.6624218426
Logan / Greenville,US,UT,,KLGU,41.7913,-111.8516,1359.0,America/Denver,1999-01-01,2024-07-28,1999-01-02,2022-04-24,2005-01-01,2022-01-01,2482140.7218763498
Kingman Airport,US,AZ,72370,KIGM,35.25,-113.9333,1050.0,America/Phoenix,1999-01-01,2024-08-12,1996-07-01,2024-08-06,1996-01-01,2022-01-01,2483804.753240223
Jordan,US,MT,,KJDN,47.3287,-106.9527,811.0,America/Denver,2006-04-02,2024-08-12,2020-01-17,2022-04-24,,,2485010.019858334
Alpine,US,WY,,K46U,43.1846,-111.0424,1717.0,America/Denver,2022-05-06,2024-08-12,,,,,2487109.0468104216
Jackson Hole / Moose,US,WY,72577,KJAC,43.6073,-110.7378,1966.0,America/Denver,2006-01-01,2024-08-12,2006-01-01,2024-12-30,2007-01-01,2022-01-01,2487143.799231799
Brigham City / Corinne,US,UT,,KBMC,41.5524,-112.0622,1289.0,America/Denver,2014-07-24,2024-08-12,2014-07-25,2022-04-24,2015-01-01,2022-01-01,2488219.9644788145
Caribou Municipal Airport,US,ME,72712,KCAR,46.8667,-68.0167,191.0,America/New_York,1973-01-01,2024-08-12,1939-01-16,2024-12-30,1939-01-01,2022-01-01,2496054.0652877586
Soda Springs,US,ID,,KU78,42.6485,-111.5818,1780.0,America/Boise,2006-01-01,2012-09-28,,,,,2500441.904347115
Dugway Proving Grounds,US,UT,74003,KDPG,40.1667,-112.9333,1326.0,America/Denver,2006-01-03,2024-08-08,1949-12-07,2018-10-23,1950-01-01,1967-01-01,2504962.5143064805
Frenchville / Saint Agatha,US,ME,,KFVE,47.2855,-68.3127,301.0,America/New_York,2006-01-01,2024-08-12,2006-01-03,2022-04-24,2006-01-01,2022-01-01,2509316.7171356166
Yellowstone / Lake,US,WY,,KP60,44.55,-110.4167,2368.0,America/Denver,1979-03-22,2024-07-07,1980-11-10,2022-03-15,2001-01-01,2021-01-01,2516620.0702319923
Lake Havasu / Desert Hills,US,AZ,,KHII,34.5711,-114.3583,239.0,America/Phoenix,2020-01-14,2024-08-12,2020-01-14,2022-04-24,2020-01-01,2022-01-01,2517198.093185199
Yuma / Laguna,US,AZ,,KLGF,32.86,-114.3967,132.0,America/Phoenix,2020-01-14,2024-08-12,2020-01-15,2022-04-24,,,2517525.0343665835
Driggs,US,ID,,KDIJ,43.7424,-111.0975,1899.0,America/Boise,2006-10-24,2024-08-12,2006-10-25,2022-04-24,2007-01-01,2022-01-01,2519737.1855925205
Yuma Auxiliary Airfield,US,AZ,,KNOZ,32.5,-114.45,105.0,America/Phoenix,2022-04-23,2024-08-11,2022-04-24,2022-04-26,,,2523584.7076682765
Malad City,US,ID,,KMLD,42.1704,-112.2893,1373.0,America/Boise,1973-01-01,2005-10-05,,,,,2531863.5037864787
Glasgow International Airport,US,MT,72768,KGGW,48.2167,-106.6167,699.0,America/Denver,1942-12-10,2024-08-12,1942-12-10,2024-12-30,1943-01-01,2022-01-01,2534432.735149024
Yuma / Yuma International,US,AZ,72280,KYUM,32.65,-114.6,65.0,America/Phoenix,1942-01-16,2007-01-05,1942-11-02,2006-12-25,1942-01-01,1995-01-01,2537098.4889703235
Yuma / Desert Royal Mobile Park,US,AZ,,KNYL,32.6566,-114.606,65.0,America/Phoenix,1988-01-01,2024-08-12,1988-01-01,2022-04-24,1988-01-01,2020-01-01,2537638.3677807744
Bullhead City,US,AZ,,KIFP,35.156,-114.5594,214.0,America/Phoenix,2006-01-01,2024-08-12,2009-05-30,2022-04-24,2011-01-01,2022-01-01,2539662.533806743
Needles / Parker Junction,US,CA,72380,KEED,34.7663,-114.6233,300.0,America/Los_Angeles,1977-02-17,2024-08-12,1977-03-09,2022-04-24,2001-01-01,2022-01-01,2542598.8530935016
Blythe / Mesa Verde,US,CA,,KBLH,33.6192,-114.7169,122.0,America/Los_Angeles,1942-06-13,2024-08-12,1942-06-30,2022-04-24,1942-01-01,2022-01-01,2546904.7204859434
Big Timber Airport,US,MT,,K6S0,45.8065,-109.9783,1369.0,America/Denver,2022-05-06,2024-08-12,,,,,2562600.1652971637
N Bar Ranch Airport,US,MT,,KMVH,46.8381,-108.9368,1355.0,America/Denver,2022-04-23,2024-08-12,2022-04-23,2022-04-25,,,2565106.5913273864
Caliente,US,NV,72487,KP38,37.6,-114.5167,1333.0,America/Los_Angeles,2012-01-23,2012-01-23,1997-10-27,2002-11-06,1997-01-01,2002-01-01,2569811.838544233
West Yellowstone,US,MT,,KWYS,44.6884,-111.1176,2027.0,America/Denver,2006-06-08,2024-08-12,2010-06-13,2021-11-12,2014-01-01,2021-01-01,2572246.732884402
Boulder City,US,NV,,KBVU,35.9475,-114.8611,672.0,America/Los_Angeles,2010-06-24,2024-08-12,2010-06-25,2022-04-24,2012-01-01,2022-01-01,2574680.343485455
Rexburg,US,ID,,KRXE,43.8339,-111.8051,1482.0,America/Boise,1999-01-14,2024-08-12,1999-01-18,2022-04-24,2002-01-01,2022-01-01,2574766.2340145144
Idaho Falls / Orvin,US,ID,,KIDA,43.5137,-112.0708,1446.0,America/Boise,1973-01-01,2024-08-12,1973-01-01,2022-04-24,1999-01-01,2022-01-01,2577848.3647791683
Livingston / Urback Place,US,MT,,KLVM,45.6994,-110.4483,1420.0,America/Denver,1973-01-01,2024-08-12,1973-01-01,2022-04-24,2000-01-01,2021-01-01,2586396.7283340762
Pocatello Regional Airport,US,ID,72578,KPIH,42.9167,-112.6,1356.0,America/Boise,1943-01-01,2024-08-12,1939-01-03,2024-12-30,1939-01-01,2022-01-01,2588407.643577884
Las Vegas / Nellis Air Force Base,US,NV,,KLSV,36.2362,-115.0343,570.0,America/Los_Angeles,2005-01-01,2024-08-12,2005-01-04,2022-04-24,2006-01-01,2021-01-01,2593610.423255365
Roy,US,MT,,K1OM,47.3,-108.9,1086.0,America/Denver,2022-04-28,2024-08-05,,,,,2594695.323026899
Kilo - Harlowton,US,MT,,K1KM,46.5,-109.8,1330.0,America/Denver,2022-05-06,2024-08-08,,,,,2595422.049285084
Las Vegas / Sloan,US,NV,,KHND,35.9729,-115.1344,760.0,America/Los_Angeles,2006-01-01,2024-08-12,2006-01-01,2022-04-24,2006-01-01,2021-01-01,2599438.135226082
Lima - Judith Gap,US,MT,,K1LM,46.7,-109.7,1414.0,America/Denver,2022-10-19,2024-08-12,,,,,2602293.6630646265
Las Vegas / Eastland Heights,US,NV,,KVGT,36.2107,-115.1944,672.0,America/Los_Angeles,2006-01-01,2024-08-12,2006-01-01,2022-04-24,2006-01-01,2021-01-01,2607569.724788176
Lewistown / Lewlistown [Misspelling] / Lewistown Heights,US,MT,,KLWT,47.0493,-109.4667,1271.0,America/Denver,1942-04-01,2024-08-12,1942-04-02,2022-04-24,1942-01-01,2022-01-01,2611315.955147661
Wendover / Air Force Auxillary Field,US,UT,72581,KENV,40.7333,-114.0333,1291.0,America/Denver,1942-08-01,2024-08-12,1911-05-25,2022-04-18,1911-01-01,2021-01-01,2612761.7065273016
McCarran International Airport,US,NV,72386,KLAS,36.1167,-115.2667,663.0,America/Los_Angeles,1973-01-01,2024-08-12,1948-09-06,2024-12-30,1948-01-01,2022-01-01,2612907.6488162586
Malta / Riverside Trailer Court,US,MT,,KM75,48.3669,-107.9193,687.0,America/Denver,2020-01-14,2024-08-12,2020-01-14,2022-04-24,2020-01-01,2022-01-01,2616009.4850580622
Imperial,US,CA,,KIPL,32.8342,-115.5787,-16.0,America/Los_Angeles,2006-01-01,2024-08-12,2006-01-01,2022-04-24,2006-01-01,2021-01-01,2627980.748425025
"El Centro, Naval Air Facility",US,CA,72281,KNJK,32.8167,-115.65,-13.0,America/Los_Angeles,1984-04-13,2024-08-12,1945-02-01,2024-08-05,1945-01-01,2022-01-01,2634700.0413878704
Echo,US,MT,,K1EM,47.4535,-109.4163,1116.0,America/Denver,2022-05-06,2024-08-12,,,,,2635769.174574875
Ely Airport (Yelland Field),US,NV,72486,KELY,39.3,-114.85,1907.0,America/Los_Angeles,1973-01-01,2024-08-12,1888-04-01,2024-12-30,1888-01-01,2022-01-01,2636925.484705155
Bozeman / Belgrade Village Mobile Home Park,US,MT,,KBZN,45.7776,-111.152,1363.0,America/Denver,1973-01-01,2024-08-12,1973-01-01,2022-04-24,1999-01-01,2022-01-01,2637086.2231404902
Ennis / Cameron,US,MT,,KEKS,45.2744,-111.6489,1653.0,America/Denver,2020-01-14,2024-08-12,2020-01-14,2022-04-24,2020-01-01,2022-01-01,2641145.180127968
"Indian Springs, Indian Springs Auxiliary Afld Nellis Afb",US,NV,74614,KINS,36.5833,-115.6667,955.0,America/Los_Angeles,2005-01-03,2024-08-12,2005-06-03,2022-04-24,2006-01-01,2021-01-01,2654259.1224845834
Delta,US,MT,,K1DM,47.38,-109.82,1093.0,America/Denver,2022-05-06,2024-08-05,,,,,2654817.678986187
Windham,US,MT,,K1CM,47.1,-110.2,1337.0,America/Denver,2022-05-06,2024-07-29,,,,,2659212.241320103
Burley / Heyburn,US,ID,,KBYI,42.5426,-113.7715,1266.0,America/Boise,1973-01-01,2024-08-12,1973-01-01,2022-04-24,2001-01-01,2022-01-01,2660232.138640638
Roosevelt Roads Puerto Rico,US,,78535,TJNR,18.25,-65.1333,12.0,America/Puerto_Rico,1973-01-01,2024-08-12,1973-03-04,2022-04-25,1981-01-01,2021-01-01,2665855.31013826
Thermal,US,CA,,KTRM,33.6267,-116.1597,-35.0,America/Los_Angeles,1943-07-12,2024-08-12,1943-07-13,2022-04-24,1943-01-01,2022-01-01,2680497.0434636083
Twentynine Palms / Sunfair Heights,US,CA,69015,KNXP,34.2962,-116.1622,625.0,America/Los_Angeles,1990-01-02,2024-08-12,1945-05-01,2022-04-24,1945-01-01,2021-01-01,2681380.6425674665
Desert Rock Airport,US,NV,72387,KDRA,36.6333,-116.0333,1010.0,America/Los_Angeles,1978-05-15,2024-08-12,1978-05-15,2024-08-06,1978-01-01,2022-01-01,2687404.983277225
Nevada Test Site / Sugar Bunker,US,NV,72385,KUCC,36.95,-116.05,1197.0,America/Los_Angeles,,,2008-06-17,2024-12-30,2008-01-01,2022-01-01,2693105.2181969807
Borrego Springs,US,CA,,KL08,33.259,-116.321,159.0,America/Los_Angeles,2020-01-14,2024-08-12,2020-01-14,2022-04-24,2020-01-01,2022-01-01,2695959.9036541483
Ruby Valley Field Airport,US,MT,,KRVF,45.5354,-112.3023,1459.0,America/Denver,2022-04-23,2024-08-12,2022-04-23,2022-04-25,,,2699830.9453604915
Dillon / Bishop Place,US,MT,72770,KDLN,45.2554,-112.5525,1599.0,America/Denver,1973-01-01,2024-08-12,1940-01-01,2024-12-30,1940-01-01,2022-01-01,2701532.6618197183
"Fort Huachuca, Libby Aaf Ft Huachuca",US,AZ,72273,KFHU,47.6333,-110.3333,1438.0,America/Phoenix,1954-10-11,2024-08-12,1900-02-01,2022-04-25,1900-01-01,2022-01-01,2702558.799116297
Chinook / Sprinkle Trailer Court,US,MT,,KS71,48.5921,-109.2506,736.0,America/Denver,2020-03-31,2024-06-17,2020-03-31,2022-04-24,2020-01-01,2020-01-01,2706260.5978874383
Raynesford,US,MT,,K1AM,47.3,-110.8,1219.0,America/Denver,2022-05-06,2024-08-12,,,,,2708982.6133536883
Campo,US,CA,,KCZZ,32.6167,-116.4667,802.0,America/Los_Angeles,2006-01-01,2020-10-26,2006-01-01,2020-10-25,2006-01-01,2020-01-01,2711911.957944337
Twin Falls / Berger,US,ID,,KTWF,42.4818,-114.4878,1266.0,America/Boise,2006-01-01,2024-08-12,2006-01-01,2022-04-24,2006-01-01,2022-01-01,2712472.23100342
Palm Springs,US,CA,,KPSP,33.8297,-116.5067,145.0,America/Los_Angeles,2006-01-01,2024-08-12,2006-01-01,2022-04-24,2006-01-01,2021-01-01,2712542.0288877664
Jerome / Barrymore,US,ID,,KJER,42.7267,-114.4566,1235.0,America/Boise,2006-01-01,2024-08-12,2006-01-01,2022-04-24,2006-01-01,2022-01-01,2719877.019504528
"Las Vegas, Tonopah Range #74 Nellis Afb",US,NV,72282,KBJN,37.6167,-116.25,1756.0,America/Los_Angeles,2006-01-01,2015-01-28,2006-01-04,2024-08-05,2006-01-01,2021-01-01,2720794.9200381357
Julian CDF,US,CA,,,33.0833,-116.63,1285.0,America/Los_Angeles,,,1893-01-01,2024-06-30,1893-01-01,2022-01-01,2725195.5373971136
"Fort Irwin/Barstow, Bicycle Lake Army Airfield",US,CA,74611,KBYS,35.2833,-116.6167,716.0,America/Los_Angeles,2005-08-14,2024-08-12,2006-05-07,2022-04-24,2017-01-01,2021-01-01,2727069.477254097
Havre City-County Airport,US,MT,72777,KHVR,48.55,-109.7667,789.0,America/Denver,1973-01-01,2024-08-12,1961-02-01,2024-12-29,1961-01-01,2022-01-01,2732406.5982856546
Eureka,US,NV,,KP68,39.5167,-115.9667,1993.0,America/Los_Angeles,2010-08-01,2024-08-12,2010-08-01,2022-04-24,2010-01-01,2021-01-01,2735832.6487311646
Butte / Valley Vista Mobile Home Community,US,MT,72774,KBTM,45.9548,-112.4975,1692.0,America/Denver,1977-03-01,2024-08-12,1894-04-02,2024-12-28,1894-01-01,2022-01-01,2736359.766032963
Helena Regional Airport,US,MT,72772,KHLN,46.6,-111.9667,1180.0,America/Denver,1973-01-01,2024-08-12,1938-04-01,2024-12-30,1938-01-01,2022-01-01,2738943.3351191333
Daggett / Minneola,US,CA,,KDAG,34.8537,-116.7867,588.0,America/Los_Angeles,1949-01-01,2024-08-12,1949-01-01,2022-04-24,1949-01-01,2021-01-01,2740344.521281644
Hailey,US,ID,,KSUN,43.5038,-114.2956,1622.0,America/Boise,2006-01-01,2024-08-12,2010-01-24,2022-04-24,2020-01-01,2022-01-01,2740468.691710165
Eureka / Eunice Place,US,NV,72477,K05U,39.6042,-116.0051,1816.0,America/Los_Angeles,2017-01-21,2024-08-12,1997-08-13,2024-12-30,1997-01-01,2022-01-01,2741221.7485644957
Big Bear City,US,CA,,KL35,34.2638,-116.856,2058.0,America/Los_Angeles,2014-07-31,2024-08-12,2014-08-06,2022-04-24,2020-01-01,2022-01-01,2745053.5434573404
Great Falls / Malmstrom Air Force Base,US,MT,,KGFA,47.5047,-111.1873,1058.0,America/Denver,1942-12-01,2024-08-12,1942-12-02,2022-04-24,1943-01-01,2020-01-01,2745927.866713399
Gooding / Fuller,US,ID,72586,KGNG,42.9172,-114.7652,1138.0,America/Boise,2020-12-29,2024-08-12,2020-12-29,2022-04-25,2021-01-01,2022-01-01,2751027.6791241076
Ramona / Rosemont,US,CA,,KRNM,33.0392,-116.9153,425.0,America/Los_Angeles,2006-01-01,2024-08-12,2006-01-01,2022-04-24,2006-01-01,2021-01-01,2751924.5263065877
Great Falls International,US,MT,72775,KGTF,47.4667,-111.3833,1120.0,America/Denver,1973-01-01,2024-08-12,1937-04-01,2024-12-30,1937-01-01,2022-01-01,2755551.846341624
"Great Falls, Mt.",US,MT,72776,KTFX,47.4667,-111.3833,1131.0,America/Denver,1994-09-21,2024-07-23,,,,,2755551.846341624
Elko / Coin,US,NV,70580,KEKO,40.8249,-115.7917,1567.0,America/Los_Angeles,1977-01-01,2024-08-12,1977-02-26,2022-04-24,1981-01-01,2021-01-01,2757488.1236039614
San Diego / Town And Country Mobile Home Park,US,CA,,KSEE,32.8262,-116.9724,118.0,America/Los_Angeles,2006-01-02,2024-08-11,2013-10-23,2022-04-24,2014-01-01,2022-01-01,2758146.9507193174
San Diego / Bandini,US,CA,,KSDM,32.5723,-116.9802,160.0,America/Tijuana,2006-01-01,2024-08-12,2006-01-01,2022-04-24,2006-01-01,2021-01-01,2760201.620816491
Hemet / Egan,US,CA,,KHMT,33.734,-117.0225,461.0,America/Los_Angeles,2020-01-14,2024-08-12,2020-01-14,2022-04-24,2020-01-01,2022-01-01,2760255.3421999896
Murrieta/Temecula / Murrieta Hot Springs (Historical),US,CA,,KF70,33.5742,-117.1285,412.0,America/Los_Angeles,2020-01-14,2024-08-12,2020-01-14,2022-04-24,2020-01-01,2022-01-01,2770276.180969095
Imperial Beach,US,CA,,KNRS,32.5667,-117.1167,7.0,America/Los_Angeles,1973-01-01,2024-08-12,1973-01-12,2022-04-24,2008-01-01,2018-01-01,2773007.8606208893
MCAS Miramar,US,CA,72293,KNKX,32.8667,-117.15,146.0,America/Los_Angeles,2005-04-01,2024-08-12,1947-07-01,2024-07-21,1947-01-01,2022-01-01,2774533.6670306344
Apple Valley / Bell Mountain,US,CA,,KAPV,34.5753,-117.1862,933.0,America/Los_Angeles,1973-06-22,2024-07-10,,,,,2775944.4099589065
San Diego International Airport,US,CA,72290,KSAN,32.7333,-117.1833,5.0,America/Los_Angeles,1942-01-01,2024-08-12,1939-07-01,2024-12-30,1939-01-01,2022-01-01,2778305.924806595
San Bernardino / North Norton,US,CA,,KSBD,34.0954,-117.2349,353.0,America/Los_Angeles,1943-01-06,2024-08-12,1943-03-17,2022-04-24,1943-01-01,2022-01-01,2779752.3277291115
Riverside / March Air Force Base,US,CA,72286,KRIV,33.9,-117.25,469.0,America/Los_Angeles,1933-01-01,2024-08-12,1936-02-16,2024-08-06,1936-01-01,2022-01-01,2781155.9236112772
Challis / Garden City (Historical),US,ID,,KLLJ,44.5236,-114.2179,1546.0,America/Boise,2001-09-01,2024-08-12,2001-09-02,2022-04-24,2005-01-01,2022-01-01,2781246.5183564103
Fallbrook / Deluz,US,CA,,KL18,33.3542,-117.2509,216.0,America/Los_Angeles,2020-01-14,2024-08-12,2020-01-14,2022-04-24,2020-01-01,2022-01-01,2782117.5569091258
Juliett,US,MT,,K1JM,47.7515,-111.5467,1152.0,America/Denver,2022-05-06,2024-08-06,,,,,2783755.4287295635
Carlsbad / Rancho Carlsbad Trailer Park,US,CA,,KCRQ,33.1283,-117.2801,101.0,America/Los_Angeles,2006-01-01,2024-08-12,2006-01-01,2022-04-24,2006-01-01,2021-01-01,2785561.083857238
Salmon / Baker,US,ID,72686,KSMN,45.1238,-113.8813,1232.0,America/Boise,2006-01-01,2024-08-12,2006-01-01,2022-04-24,2009-01-01,2021-01-01,2786693.5722098476
Golf,US,MT,,K1GM,47.33,-112.1,1311.0,America/Denver,2022-05-06,2024-08-08,,,,,2791614.7602379513
Oceanside / El Camino 76 Trailer Park,US,CA,,KOKB,33.218,-117.3515,9.0,America/Los_Angeles,2006-01-01,2024-08-12,2006-01-01,2022-04-22,2006-01-01,2021-01-01,2791883.8847590927
Oceanside / Chappo,US,CA,,KNFG,33.3011,-117.3551,24.0,America/Los_Angeles,1973-01-02,2024-08-12,1977-08-23,2022-04-24,1987-01-01,2020-01-01,2791949.5406460273
Victorville Airport,US,CA,,KVCV,34.5972,-117.3828,876.0,America/Los_Angeles,2022-04-23,2024-08-12,2022-04-23,2022-04-23,,,2793989.162359395
Riverside / Arlanza,US,CA,,KRAL,33.9519,-117.4451,250.0,America/Los_Angeles,2006-01-01,2024-08-12,2006-01-01,2022-04-24,2006-01-01,2021-01-01,2799132.261887627
Tonopah / Valley View,US,NV,72485,KTPH,38.0602,-117.0868,1655.0,America/Los_Angeles,1942-10-01,2024-08-12,1942-10-02,2022-04-24,1943-01-01,2022-01-01,2800849.833504393
Cuddleback Gunnery Range,US,CA,74618,K4CB,35.2667,-117.4333,864.0,America/Los_Angeles,1977-01-18,1982-09-10,,,,,2801015.269573608
Oceanside / Las Flores,US,CA,,KNXF,33.2856,-117.4565,27.0,America/Los_Angeles,2009-10-29,2024-07-22,2009-10-30,2022-04-24,,,2801419.1299265176
Hotel,US,MT,,K1HM,47.6975,-111.9429,1179.0,America/Denver,2022-05-06,2024-08-08,,,,,2804671.0155629474
Ontario International Airport,US,CA,,KONT,34.0532,-117.5768,287.0,America/Los_Angeles,2022-04-23,2024-08-12,2022-04-24,2022-04-26,,,2811239.2351894355
Corona,US,CA,,KAJO,33.8977,-117.6024,163.0,America/Los_Angeles,2006-09-07,2024-08-12,2006-09-08,2022-04-24,2007-01-01,2021-01-01,2813681.402432443
Chino,US,CA,,KCNO,33.9748,-117.6365,198.0,America/Los_Angeles,2006-01-01,2024-08-12,2006-01-01,2022-04-24,2006-01-01,2021-01-01,2816771.8793412657
Stanley,US,ID,,KSNT,44.2086,-114.9344,1980.0,America/Denver,1999-01-14,2024-08-12,2001-05-24,2022-04-24,2001-01-01,2021-01-01,2818597.9430657187
Palmdale / El Mirage,US,CA,,KGXA,34.5666,-117.6704,923.0,America/Los_Angeles,2011-08-25,2024-08-12,2011-08-26,2021-12-24,2017-01-01,2020-01-01,2820251.6771184425
Foxtrot,US,MT,,K1FM,47.6,-112.3,1343.0,America/Denver,2022-05-06,2024-07-24,,,,,2820757.751628726
Cable Arpt / College Heights,US,CA,,KCCB,34.1116,-117.6874,440.0,America/Los_Angeles,2017-12-07,2024-08-12,2017-12-07,2022-04-24,2020-01-01,2022-01-01,2821417.2748621097
Irvine,US,CA,69014,KNZJ,33.6667,-117.7167,119.0,America/Los_Angeles,1989-01-01,1999-06-06,1945-03-01,1998-12-10,1945-01-01,1998-01-01,2824565.395519231
Choteau / Truchot Hill,US,MT,,KCII,47.8283,-112.1683,1203.0,America/Denver,2020-04-02,2024-06-17,2020-04-02,2022-04-24,2020-01-01,2022-01-01,2826787.760480157
Naws China Lake,US,CA,74612,KNID,35.6833,-117.7,696.0,America/Los_Angeles,1973-01-01,2024-08-12,1944-02-01,2024-08-05,1944-01-01,2022-01-01,2827490.1376742064
La Verne,US,CA,,KPOC,34.0916,-117.7818,309.0,America/Los_Angeles,2006-01-03,2024-08-10,,,,,2830112.364462935
Austin / Jacobsville (Historical),US,NV,,KTMT,39.468,-117.1954,1748.0,America/Los_Angeles,2017-05-10,2024-08-12,2017-05-13,2022-04-24,2020-01-01,2022-01-01,2837731.1926526213
Santa Ana / Paularino,US,CA,,KSNA,33.6757,-117.8682,17.0,America/Los_Angeles,1940-06-17,2024-08-12,1942-10-06,2022-04-24,1943-01-01,2021-01-01,2838565.1670329063
Edwards Afb / North Edwards,US,CA,,K9L2,34.9908,-117.8631,701.0,America/Los_Angeles,2006-01-01,2024-08-12,2006-01-04,2022-03-09,2006-01-01,2016-01-01,2838933.121566309
Inyokern,US,CA,,KIYK,35.6587,-117.8295,749.0,America/Los_Angeles,2006-01-01,2024-07-10,2006-10-21,2006-10-21,,,2839017.567644594
Battle Mountain / Rosny,US,NV,,KBAM,40.599,-116.8743,1381.0,America/Los_Angeles,1973-01-01,2024-08-12,2017-03-04,2022-04-24,2017-01-01,2022-01-01,2839120.2598485914
Mountain Home / Mountain Home Air Force Base,US,ID,,KMUO,43.0436,-115.8724,913.0,America/Boise,1932-01-01,2024-08-12,1932-01-02,2022-04-24,1932-01-01,2021-01-01,2840225.4107054872
Edwards Air Force Base,US,CA,72381,KEDW,34.9167,-117.9,702.0,America/Los_Angeles,1941-12-01,2024-08-12,1941-12-21,2022-04-24,1942-01-01,2020-01-01,2842062.229293122
Fullerton / Fuller Park,US,CA,,KFUL,33.872,-117.9798,29.0,America/Los_Angeles,2006-01-01,2024-08-12,2006-01-01,2022-04-24,2006-01-01,2022-01-01,2848545.7505283756
El Monte / Hayes,US,CA,,KEMT,34.086,-118.0348,90.0,America/Los_Angeles,2006-01-01,2024-08-12,,,,,2853412.8018954745
Los Alamitos,US,CA,,KSLI,33.79,-118.0514,10.0,America/Los_Angeles,2006-01-01,2024-08-12,2008-04-24,2022-04-24,2008-01-01,2021-01-01,2855286.6072977902
Mount Wilson,US,CA,72289,KMWS,34.2333,-118.0667,1739.0,America/Los_Angeles,1950-01-01,2015-05-13,2010-03-23,2015-05-12,,,2856308.0959715475
Palmdale Prod Flight Plant,US,CA,72382,KPMD,34.6333,-118.0833,775.0,America/Los_Angeles,1973-01-01,2024-08-12,1934-01-02,2024-08-06,1934-01-01,2022-01-01,2858153.240713865
Ravalli County Airport,US,MT,,KHRF,46.2546,-114.1246,1110.0,America/Denver,2022-04-23,2024-08-12,2022-04-23,2022-04-25,,,2861945.3448689855
Long Beach Airport,US,CA,72297,KLGB,33.8167,-118.15,17.0,America/Los_Angeles,1943-01-01,2024-08-12,1943-01-01,2024-12-30,1943-01-01,2022-01-01,2864348.880289118
Mojave / Chaffee,US,CA,,KMHV,35.0586,-118.1506,854.0,America/Los_Angeles,2006-01-02,2024-08-12,2011-01-14,2022-04-21,2011-01-01,2022-01-01,2865322.900382377
Lancaster / Antelope Acres,US,CA,,KWJF,34.7411,-118.2186,717.0,America/Los_Angeles,1974-06-01,2024-08-12,1974-06-03,2022-04-24,1975-01-01,2022-01-01,2870710.3990284535
Los Angeles / Jefferson,US,CA,,KCQT,34.0167,-118.2833,56.0,America/Los_Angeles,2000-01-01,2024-05-20,2000-01-01,2022-04-24,2000-01-01,2021-01-01,2876363.2150887186
Hawthorne / Cypave,US,CA,,KHHR,33.9228,-118.3352,20.0,America/Los_Angeles,2006-01-01,2024-08-12,2006-01-01,2022-04-24,2006-01-01,2022-01-01,2881271.816268269
Torrance / Walteria,US,CA,,KTOA,33.8034,-118.3396,31.0,America/Los_Angeles,1944-06-01,2024-08-12,1944-06-02,1944-08-29,1944-01-01,1944-01-01,2881888.605378839
Burbank-Glendale-Pasadena,US,CA,72288,KBUR,34.2,-118.3667,236.0,America/Los_Angeles,1943-06-01,2024-08-12,1943-06-02,2024-08-06,1943-01-01,2022-01-01,2883900.065838191
Los Angeles Airport,US,CA,72295,KLAX,33.9333,-118.3833,38.0,America/Los_Angeles,1944-01-01,2024-08-12,1944-01-01,2024-12-30,1944-01-01,2022-01-01,2885693.204832157
Boise Air Terminal,US,ID,72681,KBOI,43.5667,-116.2333,871.0,America/Boise,1931-01-01,2024-08-12,1931-01-01,2024-12-30,1931-01-01,2022-01-01,2887956.3900968754
Los Angeles / Pacoima,US,CA,,KWHP,34.2593,-118.4134,306.0,America/Los_Angeles,2006-01-01,2024-08-12,,,,,2888172.2541393996
Cut Bank / Little Browning,US,MT,72769,KCTB,48.6084,-112.3761,1176.0,America/Denver,2005-01-01,2024-08-12,1903-12-01,2024-12-30,1903-01-01,2022-01-01,2888952.808568399
Avalon Catalina Airport,US,CA,72292,KAVX,33.4,-118.4167,488.0,America/Los_Angeles,1943-06-12,2024-08-12,1943-06-13,2024-08-06,1943-01-01,2022-01-01,2890175.2474283157
Tehachapi Municipal Airport,US,CA,,KTSP,35.135,-118.4392,1220.0,America/Los_Angeles,2022-04-23,2024-08-12,2022-04-23,2022-04-24,,,2891813.658734451
Santa Monica Municipal Airport,US,CA,,KSMO,34.0158,-118.4514,53.0,America/Los_Angeles,2022-04-23,2024-08-12,2022-04-24,2022-04-25,,,2891856.696096611
Van Nuys / Raymer,US,CA,,KVNY,34.2098,-118.49,245.0,America/Los_Angeles,1942-12-11,2024-08-12,1942-12-12,2022-04-24,1943-01-01,2022-01-01,2895233.9794240417
Missoula International Airport,US,MT,72773,KMSO,46.9167,-114.1,976.0,America/Denver,1973-01-01,2024-08-12,1948-01-01,2024-12-29,1948-01-01,2022-01-01,2896256.3449047715
Bishop Airport,US,CA,72480,KBIH,37.3667,-118.3667,1256.0,America/Los_Angeles,1943-01-16,2024-08-12,1895-01-04,2024-12-30,1895-01-01,2022-01-01,2902424.6901452863
Stevenson Ranch,US,CA,72004,K3A6,34.37,-118.57,427.0,America/Los_Angeles,2004-02-24,2011-09-04,2004-02-26,2010-08-28,,,2902540.423801018
San Clemente / Avalon,US,CA,,KNUC,33.0227,-118.5885,56.0,America/Los_Angeles,1943-06-10,2024-08-11,1943-06-10,2022-04-23,1945-01-01,1986-01-01,2907848.7958802544
Nampa,US,ID,,KMAN,43.5813,-116.5231,773.0,America/Boise,2010-05-14,2024-08-12,2010-05-15,2022-04-24,2015-01-01,2022-01-01,2910376.8350417027
Sandberg,US,CA,72383,KSDB,34.75,-118.7167,1379.0,America/Los_Angeles,1973-01-01,2024-08-11,1934-07-01,2024-08-06,1934-01-01,2022-01-01,2916230.262954923
Caldwell / Midway,US,ID,,KEUL,43.6419,-116.6358,741.0,America/Boise,2006-01-01,2024-08-12,2006-01-01,2022-04-24,2008-01-01,2022-01-01,2921233.3626096575
Winnemucca Municipal Airport,US,NV,72583,KWMC,40.9,-117.8,1312.0,America/Los_Angeles,1973-01-01,2024-08-12,1877-07-01,2024-12-29,1877-01-01,2022-01-01,2922884.943972537
Browning / Starr School,US,MT,,K8S0,48.6014,-113.1148,1420.0,America/Denver,2014-09-28,2015-08-04,,,,,2933135.865522816
Mc Call,US,ID,,KMYL,44.8887,-116.1017,1531.0,America/Boise,2008-01-01,2024-08-12,2008-01-02,2022-04-24,2008-01-01,2021-01-01,2933616.637949299
Hawthorne / Babbitt,US,NV,,KHTH,38.5444,-118.6343,1289.0,America/Los_Angeles,1983-11-03,2024-08-12,2017-03-09,2022-04-24,2017-01-01,2022-01-01,2942401.469181109
Mammoth / Whitmore Hot Springs,US,CA,,KMMH,37.6241,-118.8388,2175.0,America/Los_Angeles,2006-01-03,2024-08-12,2008-09-27,2022-04-24,2009-01-01,2022-01-01,2946974.496687323
Bakersfield Meadows Field,US,CA,72384,KBFL,35.4333,-119.05,155.0,America/Los_Angeles,1941-10-01,2024-08-12,1937-10-01,2024-12-30,1937-01-01,2022-01-01,2948245.6342632384
Camarillo / Springville,US,CA,,KCMA,34.2137,-119.0944,24.0,America/Los_Angeles,2005-01-01,2024-08-12,2005-01-01,2022-04-24,2005-01-01,2022-01-01,2950806.105195542
Porterville / Lois,US,CA,,KPTV,36.0296,-119.0627,135.0,America/Los_Angeles,2006-01-01,2024-08-12,2006-01-01,2022-04-24,2006-01-01,2022-01-01,2952234.9337412915
"Nawcwpns Point Mugu, Ca",US,CA,72391,KNTD,34.1167,-119.1167,4.0,America/Los_Angeles,1973-01-01,2024-08-12,1946-03-01,2024-08-05,1946-01-01,2022-01-01,2952990.7881420413
Lowell,US,ID,,KP69,46.1442,-115.5964,451.0,America/Los_Angeles,2006-01-01,2024-08-12,2006-01-01,2022-04-24,2006-01-01,2021-01-01,2956750.754908466
Oxnard,US,CA,,KOXR,34.2008,-119.2072,14.0,America/Los_Angeles,1944-04-01,2024-08-12,1944-04-02,2022-04-24,1944-01-01,2022-01-01,2961194.6590136974
Fallon / Fallon Station,US,NV,,KNFL,39.4178,-118.6986,1199.0,America/Los_Angeles,1973-01-01,2024-08-12,1984-07-20,2022-04-24,1990-01-01,2021-01-01,2963471.8269980303
Ontario / Cairo,US,OR,,KONO,44.0194,-117.013,668.0,America/Boise,1973-01-01,2024-08-12,1997-06-03,2022-04-24,2005-01-01,2021-01-01,2964315.4807784962
Lovelock / Granite Point,US,NV,72580,KLOL,40.0664,-118.5652,1191.0,America/Los_Angeles,1977-01-01,2024-08-12,1977-02-26,2024-12-30,1981-01-01,2022-01-01,2965735.0574470637
Delano / Delano Mobile Home Park,US,CA,,KDLO,35.7456,-119.2365,96.0,America/Los_Angeles,2020-01-14,2024-08-12,2020-01-14,2022-04-24,2020-01-01,2021-01-01,2966381.6710651983
Rome / Basque,US,OR,,KREO,42.5777,-117.8854,1235.0,America/Boise,1998-05-14,2024-08-12,2004-01-02,2022-04-24,2005-01-01,2021-01-01,2979341.0483736834
Grangeville,US,ID,,KGIC,45.9426,-116.1234,1010.0,America/Los_Angeles,2011-03-25,2024-08-12,2011-03-26,2022-04-24,2014-01-01,2022-01-01,2983570.0296727577
Visalia / Midvalley,US,CA,,KVIS,36.3187,-119.3929,90.0,America/Los_Angeles,2006-01-01,2024-08-12,2006-01-18,2022-04-24,2006-01-01,2022-01-01,2983635.6144553525
Glacier Park International  Airport,US,MT,72779,KGPI,48.3,-114.2667,906.0,America/Denver,1973-01-01,2024-08-12,1896-06-01,2024-12-30,1896-01-01,2022-01-01,2986022.985186631
San Nicolas Island,US,CA,72291,KNSI,33.2333,-119.4667,154.0,America/Los_Angeles,1943-06-16,2024-08-12,1933-08-22,2022-04-24,1933-01-01,2021-01-01,2988411.5013334225
Hanford / Shell,US,CA,,KHJO,36.3167,-119.6277,73.0,America/Los_Angeles,2006-01-01,2024-08-12,2006-01-01,2022-04-24,2006-01-01,2022-01-01,3004624.340309202
Bridgeport / Sonora Junction,US,CA,,KBAN,38.3557,-119.5188,2057.0,America/Los_Angeles,2009-08-27,2024-08-12,2009-08-28,2022-04-24,2012-01-01,2021-01-01,3015842.0486666495
Fresno Air Terminal,US,CA,72389,KFAT,36.7833,-119.7167,101.0,America/Los_Angeles,1941-12-04,2024-08-12,1941-12-04,2024-12-30,1942-01-01,2022-01-01,3015870.6570608504
Santa Barbara / La Patera,US,CA,72392,KSBA,34.4262,-119.8415,4.0,America/Los_Angeles,1973-01-01,2024-08-12,1941-01-02,2024-08-06,1941-01-01,2022-01-01,3019166.808281942
Fresno / West Park,US,CA,,KFCH,36.7321,-119.8203,85.0,America/Los_Angeles,1995-04-23,2024-08-12,1995-05-06,2022-03-05,,,3024680.6021922855
Santa Cruz / Isla Vista,US,CA,,KSZN,34.0606,-119.9151,15.0,America/Los_Angeles,1973-01-03,1980-06-17,1976-03-15,1979-09-30,,,3026618.31723688
Mullan Pass / Borax (Historical),US,ID,,KMLP,47.45,-115.6667,1837.0,America/Denver,1999-01-14,2024-08-12,1999-01-17,2022-04-24,2005-01-01,2022-01-01,3028537.3620117162
Lemoore Naval Air Station,US,CA,74702,KNLC,36.3333,-119.95,71.0,America/Los_Angeles,1961-07-01,2024-08-12,1961-07-01,2024-07-21,1961-01-01,2022-01-01,3033555.79352763
Joseph,US,OR,,KJSY,45.3595,-117.2538,1256.0,America/Los_Angeles,2020-08-04,2024-08-12,2020-08-04,2022-04-24,2020-01-01,2022-01-01,3037308.858525706
Santa Ynez,US,CA,,KIZA,34.6068,-120.0756,205.0,America/Los_Angeles,2006-01-05,2024-08-12,2009-09-16,2022-04-24,2015-01-01,2022-01-01,3040445.550671046
Minden / Buckeye,US,NV,,KMEV,39.0009,-119.7519,1439.0,America/Los_Angeles,2014-05-23,2024-08-12,2014-05-24,2022-04-24,2015-01-01,2022-01-01,3045645.130344867
Carson / New Empire,US,NV,,KCXP,39.1923,-119.7326,1434.0,America/Los_Angeles,2010-07-14,2024-08-12,2010-07-15,2022-04-24,2011-01-01,2022-01-01,3047154.3826583284
Madera / Notarb,US,CA,,KMAE,36.9886,-120.1124,78.0,America/Los_Angeles,2006-01-01,2024-08-12,2006-01-01,2022-04-24,2006-01-01,2021-01-01,3052620.2890877984
Reno/Tahoe International  Airport,US,NV,72488,KRNO,39.4833,-119.7667,1345.0,America/Los_Angeles,1943-01-05,2024-08-12,1937-03-01,2024-12-30,1937-01-01,2022-01-01,3055102.7616624553
Baker / Estes (Historical),US,OR,,KBKE,44.8373,-117.8091,1028.0,America/Los_Angeles,1973-01-01,2024-08-12,1973-01-01,2022-04-24,2001-01-01,2022-01-01,3055905.9349324894
Libby / Pioneer Junction,US,MT,,KS59,48.2838,-115.4902,794.0,America/Denver,2020-03-31,2024-06-11,2020-04-19,2022-04-06,,,3062593.797199348
South Lake Tahoe / Tahoe Valley,US,CA,,KTVL,38.8939,-119.9953,1911.0,America/Los_Angeles,2000-01-02,2024-08-12,2000-10-19,2022-04-24,2001-01-01,2021-01-01,3064799.025151417
Lewiston Nez Perce Co Airport,US,ID,72783,KLWS,46.3667,-117.0167,438.0,America/Los_Angeles,1973-01-01,2024-08-12,1948-01-01,2024-12-29,1948-01-01,2022-01-01,3065892.1734742858
Reno / Reno-Stead,US,NV,,KRTS,39.6682,-119.8764,1539.0,America/Los_Angeles,2011-09-21,2024-08-12,2011-09-22,2022-04-24,2012-01-01,2022-01-01,3067726.9559940076
Santa Maria Public Airport,US,CA,72394,KSMX,34.9,-120.4667,79.0,America/Los_Angeles,1973-01-01,2024-08-12,1948-01-01,2024-12-30,1948-01-01,2022-01-01,3076062.4358561593
Lompoc Airport,US,CA,,KLPC,34.6667,-120.4667,27.0,America/Los_Angeles,2022-04-23,2024-08-12,2022-04-24,2022-04-24,,,3076176.402713153
Truckee / Polaris,US,CA,,KTRK,39.32,-120.1396,1799.0,America/Los_Angeles,2006-01-01,2024-08-12,2009-04-21,2022-04-24,2020-01-01,2022-01-01,3083936.9659366324
"Lompoc, Vandenberg Air Force Base",US,CA,72393,KVBG,34.7167,-120.5667,112.0,America/Los_Angeles,2006-01-01,2024-08-12,1951-10-01,2022-04-25,1951-01-01,2021-01-01,3085274.761628
La Grande / Island City,US,OR,,KLGD,45.2902,-118.0071,828.0,America/Los_Angeles,1988-05-06,2024-08-12,1992-03-02,2022-04-23,2005-01-01,2021-01-01,3088854.6517989226
Columbia / Springfield,US,CA,,KO22,38.0304,-120.4146,646.0,America/Los_Angeles,2009-01-20,2024-08-12,2009-01-21,2022-04-24,2011-01-01,2022-01-01,3089433.7041553664
Pullman / Sunshine,US,WA,,KPUW,46.7439,-117.1096,779.0,America/Los_Angeles,2006-01-01,2024-08-12,2006-01-01,2022-04-24,2006-01-01,2022-01-01,3090176.299838311
Oceano / Oceano Beach,US,CA,,KL52,35.1015,-120.6224,4.0,America/Los_Angeles,2020-01-14,2023-04-09,2020-01-14,2022-04-24,2020-01-01,2022-01-01,3090290.378549722
Merced,US,CA,,KMCE,37.2848,-120.5139,47.0,America/Los_Angeles,2006-01-01,2024-08-12,2006-01-01,2022-04-24,2006-01-01,2022-01-01,3090600.5015910063
Paso Robles / Estrella,US,CA,,KPRB,35.6729,-120.6271,256.0,America/Los_Angeles,1941-12-01,2024-08-12,1942-02-02,2022-04-24,1942-01-01,2022-01-01,3091608.9524931205
San Luis Obispo / Steele (Historical),US,CA,,KSBP,35.2373,-120.6426,65.0,America/Los_Angeles,2006-01-01,2024-08-12,2006-01-01,2022-04-24,2006-01-01,2021-01-01,3092228.503106841
Burns Municipal Airport,US,OR,72683,KBNO,43.6,-118.95,1263.0,America/Los_Angeles,1973-01-01,2024-08-12,1973-01-01,2024-12-30,1973-01-01,2022-01-01,3095766.6181161003
Merced / Castle Air Force Base,US,CA,72481,KMER,37.3667,-120.5667,57.0,America/Los_Angeles,1942-01-01,2024-08-09,1942-01-20,2022-04-25,1942-01-01,2022-01-01,3095974.438757946
San Andreas / Fourth Crossing,US,CA,,KCPU,38.1461,-120.6482,405.0,America/Los_Angeles,2016-05-26,2024-08-12,2016-05-27,2022-04-24,2017-01-01,2022-01-01,3111106.314494856
Coeur D'alene / Hayden,US,ID,,KCOE,47.7743,-116.8196,707.0,America/Los_Angeles,2006-01-01,2024-08-12,2006-01-01,2022-04-24,2006-01-01,2022-01-01,3121760.094404827
John Day,US,OR,,KGCD,44.4029,-118.9679,1129.0,America/Los_Angeles,2005-01-03,2024-08-12,2006-11-09,2022-04-24,2014-01-01,2022-01-01,3125327.792693276
Jackson / Sutter Hill,US,CA,,KJAQ,38.3768,-120.7939,515.0,America/Los_Angeles,2020-01-14,2024-08-12,2020-01-14,2022-04-24,2020-01-01,2022-01-01,3126504.3149794703
Meacham,US,OR,,KMEH,45.5167,-118.4,1236.0,America/Los_Angeles,1973-01-01,2024-08-12,1973-01-01,2022-04-24,1977-01-01,2021-01-01,3126683.300313119
Placerville / Smithflat,US,CA,,KPVF,38.7242,-120.7533,788.0,America/Los_Angeles,2009-07-11,2024-08-12,2009-07-11,2022-04-24,2020-01-01,2022-01-01,3127472.2374733593
Blue Canyon,US,CA,,KBLU,39.275,-120.7097,1611.0,America/Los_Angeles,1973-01-01,2024-08-12,1973-01-02,2022-04-24,1981-01-01,2022-01-01,3131751.6885496946
Sandpoint / Ponderay,US,ID,,KSZT,48.2995,-116.5601,650.0,America/Los_Angeles,2006-01-01,2024-08-12,2006-01-02,2022-04-24,2010-01-01,2022-01-01,3132338.957112997
Modesto City / Riverside,US,CA,,KMOD,37.6258,-120.9544,30.0,America/Los_Angeles,1973-01-01,2024-08-12,1998-05-16,2022-04-24,1999-01-01,2021-01-01,3132420.629530744
Bonners Ferry / Threemile Corner,US,ID,,K65S,48.726,-116.2952,712.0,America/Los_Angeles,2011-01-18,2024-08-12,2011-01-19,2022-03-07,2011-01-01,2021-01-01,3138547.928133217
Susanville / Johnstonville,US,CA,72584,KSVE,40.3757,-120.5727,1265.0,America/Los_Angeles,1977-03-01,2024-04-26,2016-12-22,2022-04-25,2020-01-01,2022-01-01,3139601.731631628
Walla Walla Regional Airport,US,WA,,KALW,46.0946,-118.2858,367.0,America/Los_Angeles,2022-04-23,2024-08-12,2022-04-24,2022-04-26,,,3142884.215774959
"Walla Walla, Wa",US,WA,72788,,46.0333,-118.3333,289.0,America/Los_Angeles,,,1916-06-01,1988-08-31,1916-01-01,1988-01-01,3143622.280263767
Crows Landing / Jet,US,CA,,KNRC,37.408,-121.1094,51.0,America/Los_Angeles,1973-01-02,1994-03-09,,,,,3144133.3388339197
Hunter Ligget / Hunter-Liggett,US,CA,69002,KHGT,35.9935,-121.2367,310.0,America/Los_Angeles,1964-07-15,1997-04-01,1964-07-15,1971-07-31,1964-01-01,1971-01-01,3147452.230776597
Spokane / Yardley,US,WA,,KSFF,47.6828,-117.3226,597.0,America/Los_Angeles,2006-01-01,2024-08-12,2006-01-01,2022-04-24,2006-01-01,2022-01-01,3150582.875310862
Point Piedras Blanca,US,CA,72390,K87Q,35.65,-121.2833,17.0,America/Los_Angeles,1999-01-01,2005-04-07,1998-01-07,2005-05-27,1998-01-01,2005-01-01,3150830.7871855074
Grass Valley / Forest Knolls,US,CA,,KGOO,39.224,-121.0031,961.0,America/Los_Angeles,2011-09-21,2024-08-12,2011-09-22,2022-04-24,2020-01-01,2022-01-01,3156000.2940392825
Auburn Municipal Airport,US,CA,,KAUN,38.9554,-121.0864,467.0,America/Los_Angeles,2022-04-23,2024-08-12,2022-04-23,2022-04-24,,,3159267.1330347448
Stockton Metropolitan Airport,US,CA,72492,KSCK,37.9,-121.2333,9.0,America/Los_Angeles,1941-01-03,2024-08-12,1941-02-20,2024-12-30,1941-01-01,2022-01-01,3159474.5148996566
Spokane International Airport,US,WA,72785,KGEG,47.6167,-117.5333,723.0,America/Los_Angeles,1941-08-11,2024-08-12,1889-08-01,2024-12-30,1889-01-01,2022-01-01,3161409.909101626
Alturas / Juniper,US,CA,,KAAT,41.483,-120.5654,1334.0,America/Los_Angeles,2006-01-01,2024-08-09,2006-01-01,2022-04-23,2006-01-01,2021-01-01,3162927.6691945074
Lakeview Lake Co Airport / Five Corners,US,OR,,KLKV,42.1611,-120.3991,1443.0,America/Los_Angeles,2006-01-01,2024-08-12,2006-01-12,2022-04-24,2009-01-01,2022-01-01,3166335.081558173
Hollister / Cottage Corners,US,CA,,KCVH,36.8933,-121.4103,70.0,America/Los_Angeles,2009-02-01,2024-08-12,2009-02-01,2022-04-24,2009-01-01,2022-01-01,3167057.3533690567
Spokane / Fairchild Air Force Base,US,WA,,KSKA,47.6151,-117.6558,750.0,America/Los_Angeles,1940-04-01,2024-08-12,1940-04-02,2022-04-24,1940-01-01,2021-01-01,3169562.371164867
Deer Park / T Bridge Corner,US,WA,72787,,47.9689,-117.4211,654.0,America/Los_Angeles,,,1998-11-01,2024-12-30,1998-01-01,2022-01-01,3171551.338515628
Sacramento / Mather Field,US,CA,,KMHR,38.5553,-121.2973,30.0,America/Los_Angeles,2004-01-01,2024-08-12,2010-06-11,2022-04-24,2010-01-01,2022-01-01,3172240.3783186674
Deer Park,US,WA,,KDEW,47.9667,-117.4333,669.0,America/Los_Angeles,2006-01-01,2024-08-12,2007-02-02,2022-04-24,2007-01-01,2022-01-01,3172248.462587032
Tracy Municipal Airport,US,CA,,KTCY,37.6889,-121.4416,58.0,America/Los_Angeles,2022-04-23,2024-08-12,2022-04-23,2022-04-24,,,3175738.2449352876
"Sheridan, Ca",US,CA,74500,KBAB,39.0,-121.3333,0.0,America/Los_Angeles,1959-07-01,2024-08-12,1959-07-02,2022-04-24,1959-01-01,2021-01-01,3181058.5824348163
Lincoln / Ewing,US,CA,,KLHM,38.9092,-121.3513,37.0,America/Los_Angeles,2009-05-10,2024-08-12,2009-05-22,2022-04-24,2009-01-01,2022-01-01,3181383.3172615096
Sacramento / McClellan Park,US,CA,,KMCC,38.6676,-121.4006,23.0,America/Los_Angeles,1939-11-09,2024-08-12,1941-02-09,2022-04-24,1941-01-01,2022-01-01,3182534.159512681
Salinas / Spreckels Junction,US,CA,72593,KSNS,36.6628,-121.6064,26.0,America/Los_Angeles,1941-08-05,2024-08-12,1930-06-14,2024-12-30,1930-01-01,2022-01-01,3183232.0525527685
San Martin,US,CA,,KE16,37.0816,-121.5968,86.0,America/Los_Angeles,2011-10-01,2024-08-12,2011-10-01,2022-04-24,2012-01-01,2022-01-01,3184773.7532989844
Sacramento Executive Airport,US,CA,72483,KSAC,38.5,-121.5,6.0,America/Los_Angeles,1973-01-01,2024-08-12,1941-11-10,2024-12-30,1941-01-01,2022-01-01,3189116.9208605504
Byron,US,CA,,KC83,37.8284,-121.6258,24.0,America/Los_Angeles,2020-01-14,2024-08-12,2020-01-14,2022-04-24,2020-01-01,2022-01-01,3193126.9083091584
Chester,US,CA,,KO05,40.2824,-121.2412,1382.0,America/Los_Angeles,2021-06-22,2024-08-12,2021-06-22,2022-04-24,2021-01-01,2022-01-01,3193672.583591705
Fort Ord / Blanco,US,CA,69007,KOAR,36.6815,-121.7617,42.0,America/Los_Angeles,1973-01-02,2024-08-12,1983-03-31,2022-04-25,2020-01-01,2022-01-01,3197160.79098275
Sacramento / Kiesel,US,CA,,KSMF,38.6954,-121.5908,8.0,America/Los_Angeles,1973-01-01,2024-08-12,1973-01-01,2022-04-24,1974-01-01,2022-01-01,3199284.0030596354
Watsonville / Monterey Vista Mobile Home Park,US,CA,,KWVI,36.9357,-121.7896,50.0,America/Los_Angeles,2006-01-01,2024-08-12,2006-01-01,2022-04-24,2006-01-01,2021-01-01,3200980.4812611043
Hermiston Municipal Airport,US,OR,,KHRI,45.8282,-119.2592,196.0,America/Los_Angeles,2006-01-01,2024-08-12,2006-01-01,2022-04-24,2006-01-01,2021-01-01,3201490.081936264
Marysville / Alicia,US,CA,,KMYV,39.0978,-121.5698,20.0,America/Los_Angeles,2006-01-01,2024-08-12,2006-01-03,2022-04-24,2008-01-01,2021-01-01,3202658.3147983616
Monterey Regional Airport,US,CA,,KMRY,36.5905,-121.8487,77.0,America/Los_Angeles,2022-04-23,2024-08-12,2022-04-24,2022-04-24,,,3204496.498294314
"Monterey / Naf, Ca.",US,CA,72491,,36.6,-121.85,46.0,America/Los_Angeles,,,1945-03-01,1969-01-31,1945-01-01,1969-01-01,3204654.45146778
Monterey / Del Monte,US,CA,69542,KQNM,36.59,-121.86,152.0,America/Los_Angeles,2001-11-01,2002-08-20,,,,,3205502.381508441
San Jose / Alum Rock,US,CA,,KRHV,37.3329,-121.8198,41.0,America/Los_Angeles,2006-01-01,2024-08-12,,,,,3206185.292078155
Livermore / East Pleasanton,US,CA,,KLVK,37.6934,-121.8204,122.0,America/Los_Angeles,2000-01-01,2024-08-12,2000-01-02,2022-04-24,2000-01-01,2021-01-01,3209008.4096883135
Pasco,US,WA,,KPSC,46.2647,-119.119,125.0,America/Los_Angeles,1973-01-01,2024-08-12,1998-02-01,2022-04-24,2005-01-01,2021-01-01,3209386.310883213
Monterey / Pacific Grove Acres,US,CA,74505,,36.6333,-121.9333,6.0,America/Los_Angeles,,,2008-08-15,2024-12-30,2008-01-01,2022-01-01,3212230.93814796
Beale Afb / Oroville Junction,US,CA,72751,,39.4961,-121.6317,53.0,America/Los_Angeles,2022-04-19,2022-04-23,2008-07-30,2024-12-30,2008-01-01,2022-01-01,3213609.113939815
Davis / Briggston (Historical),US,CA,,KEDU,38.5315,-121.7865,21.0,America/Los_Angeles,2008-07-21,2024-08-12,2008-07-22,2022-04-24,2013-01-01,2022-01-01,3214271.4332403797
San Jose / Santa Clara Trailer Village,US,CA,,KSJC,37.3627,-121.9291,19.0,America/Los_Angeles,1973-01-01,2024-08-12,1973-01-01,2022-04-24,2000-01-01,2022-01-01,3216037.2079695575
Lexington Airport,US,OR,,K9S9,45.4541,-119.6903,498.0,America/Los_Angeles,2022-05-06,2024-08-12,,,,,3218151.9129172876
Davis / Plainfield,US,CA,,KDWA,38.5794,-121.8569,31.0,America/Los_Angeles,2020-09-23,2024-08-12,2020-09-23,2022-04-24,2020-01-01,2022-01-01,3220903.5516608288
Pendleton Municipal Airport,US,OR,72688,KPDT,46.1667,-119.3833,455.0,America/Los_Angeles,1942-01-01,2024-08-12,1928-01-01,2024-12-30,1928-01-01,2022-01-01,3224184.909617651
Richland,US,WA,,KRLD,46.3056,-119.3042,120.0,America/Los_Angeles,1981-02-03,2024-08-12,2015-10-21,2022-04-24,2016-01-01,2022-01-01,3224283.5446361713
Fairfield / Travis Air Force Base,US,CA,74516,KSUU,38.2667,-121.95,19.0,America/Los_Angeles,1943-08-11,2024-08-12,1943-08-12,2023-01-07,1943-01-01,2021-01-01,3225617.112993437
Leisure Town,US,CA,72482,KVCB,38.36,-121.94,34.0,America/Los_Angeles,2006-01-01,2024-08-12,2006-01-04,2022-04-24,2008-01-01,2021-01-01,3225709.394457813
Moffett Field,US,CA,74509,KNUQ,37.4333,-122.05,10.0,America/Los_Angeles,1973-01-01,2024-08-12,1945-03-01,2022-04-25,1945-01-01,2022-01-01,3227193.4892483144
Colville Municipal Airport,US,WA,,K63S,48.5442,-117.8835,571.0,America/Los_Angeles,2022-05-06,2024-08-12,,,,,3231294.6283665965
Concord Buchanan Field,US,CA,,KCCR,37.9917,-122.0519,7.0,America/Los_Angeles,2022-04-23,2024-08-12,2022-04-24,2022-04-26,,,3231862.243468453
Palo Alto / Runnymeade (Historical),US,CA,,KPAO,37.4611,-122.1151,2.0,America/Los_Angeles,2006-01-01,2024-08-12,,,,,3233126.037970938
Hayward / Russell City,US,CA,72585,KHWD,37.6589,-122.1218,16.0,America/Los_Angeles,2000-01-01,2024-08-12,1998-09-19,2024-08-06,1998-01-01,2022-01-01,3235186.9268359155
Chico,US,CA,72497,KCIC,39.7954,-121.8584,73.0,America/Los_Angeles,2006-01-01,2024-08-11,2003-08-17,2024-12-30,2003-01-01,2022-01-01,3237388.0848027766
San Carlos / Silver Penny Mobile Home Park,US,CA,,KSQL,37.5119,-122.2495,2.0,America/Los_Angeles,2006-01-01,2024-08-12,2019-03-04,2022-04-24,2020-01-01,2022-01-01,3245320.9260480828
Metro Oakland International  Airport,US,CA,72493,KOAK,37.7167,-122.2333,2.0,America/Los_Angeles,1943-01-01,2024-08-12,1943-01-02,2024-08-06,1943-01-01,2022-01-01,3245425.105222418
Alameda Naval Air Station,US,CA,74506,KNGZ,37.7833,-122.3167,4.0,America/Los_Angeles,1973-01-01,1997-01-01,1945-03-01,1996-12-31,1945-01-01,1996-01-01,3253264.2537064278
Napa / Middleton,US,CA,,KAPC,38.2132,-122.2807,11.0,America/Los_Angeles,2000-01-01,2024-08-12,2000-01-02,2022-04-24,2001-01-01,2022-01-01,3253862.1487726034
Hanford,US,WA,72784,KHMS,46.5667,-119.6,223.0,America/Los_Angeles,2006-01-01,2013-03-26,2008-06-20,2012-07-19,,,3256190.8531264076
San Francisco Airport,US,CA,72494,KSFO,37.6167,-122.3667,3.0,America/Los_Angeles,1973-01-01,2024-08-12,1945-07-01,2024-12-30,1945-01-01,2022-01-01,3256383.579618685
Moses Lake / Moses Lake North,US,WA,,KMWH,47.2086,-119.3191,362.0,America/Los_Angeles,1943-06-10,2024-08-12,1943-06-11,2022-04-24,1943-01-01,2022-01-01,3264147.499443377
Half Moon Bay / El Granada Mobile Home Park,US,CA,,KHAF,37.5134,-122.5012,20.0,America/Los_Angeles,2009-07-17,2024-08-12,2009-07-18,2022-04-24,2011-01-01,2022-01-01,3267488.605406834
Prineville,US,OR,,KS39,44.287,-120.9038,991.0,America/Los_Angeles,2020-01-14,2024-08-12,2020-01-14,2022-04-24,2020-01-01,2022-01-01,3267805.616254486
Sunnyside Municipal Airport,US,WA,,K1S5,46.3271,-119.9704,234.0,America/Los_Angeles,2022-05-06,2024-08-12,,,,,3272726.4036952816
Klamath Falls / Falcon Heights,US,OR,,KLMT,42.1561,-121.7332,1248.0,America/Los_Angeles,1959-09-01,2024-08-12,1959-09-02,2022-04-24,1959-01-01,2022-01-01,3273383.039915778
Red Bluff Municipal Airport,US,CA,72591,KRBL,40.15,-122.25,106.0,America/Los_Angeles,1973-01-01,2024-08-12,1892-01-01,2024-12-30,1892-01-01,2022-01-01,3276030.3488931023
Novato / Burdell,US,CA,,KDVO,38.1436,-122.5561,1.0,America/Los_Angeles,2014-07-31,2024-08-12,2014-07-31,2022-04-24,2015-01-01,2022-01-01,3277215.6065562065
Ephrata / Lakeview,US,WA,72790,KEPH,47.3081,-119.5169,389.0,America/Los_Angeles,1942-01-01,2024-08-12,1942-01-02,2024-12-30,1942-01-01,2022-01-01,3282244.0013470664
Petaluma / East Petaluma,US,CA,,KO69,38.2578,-122.6053,27.0,America/Los_Angeles,2014-07-31,2024-08-12,2014-08-01,2022-04-24,2020-01-01,2022-01-01,3282528.748149153
Bend / Deschutes,US,OR,,KBDN,44.0946,-121.2002,1055.0,America/Los_Angeles,2009-05-24,2024-08-12,2009-05-25,2022-04-24,2017-01-01,2022-01-01,3284403.3234603577
Redding Municipal Airport,US,CA,72592,KRDD,40.5,-122.2833,153.0,America/Los_Angeles,1992-01-01,2024-08-12,1986-09-01,2024-12-30,1986-01-01,2022-01-01,3284656.347604649
Robert Field Arpt / Redmond,US,OR,72692,,44.2539,-121.15,937.0,America/Los_Angeles,,,1948-05-01,2024-12-30,1948-01-01,2022-01-01,3285535.2570545548
Redmond,US,OR,,KRDM,44.2541,-121.15,939.0,America/Los_Angeles,1942-01-01,2024-08-12,1942-01-02,2022-04-24,1943-01-01,2021-01-01,3285541.562448194
Sunriver,US,OR,,KS21,43.8763,-121.4531,1269.0,America/Los_Angeles,1980-05-14,2024-08-12,2020-01-14,2022-04-24,2020-01-01,2022-01-01,3297247.35641882
Madras,US,OR,,KS33,44.6702,-121.1551,743.0,America/Los_Angeles,2020-01-14,2024-08-12,2020-01-14,2022-04-24,2020-01-01,2022-01-01,3299316.8385687806
Mount Shasta,US,CA,,KMHS,41.3149,-122.317,1080.0,America/Los_Angeles,2022-04-23,2024-08-12,2022-04-24,2022-04-24,,,3302571.234279683
Santa Rosa / Shiloh,US,CA,,KSTS,38.509,-122.8129,39.0,America/Los_Angeles,2000-01-01,2024-08-12,2000-01-02,2022-04-24,2000-01-01,2022-01-01,3302929.783548034
Farallon Island,US,CA,72495,K50Q,37.7,-123.0,12.0,America/Los_Angeles,,,1999-06-06,2024-12-30,1999-01-01,2022-01-01,3312605.6429974553
Yakima / Pomona Heights,US,WA,,K1YT,46.6665,-120.454,418.0,America/Los_Angeles,2003-06-17,2024-08-12,2003-08-02,2008-09-10,,,3320905.670340007
Yakima Air Terminal,US,WA,72781,KYKM,46.5667,-120.5333,334.0,America/Los_Angeles,1973-01-01,2024-08-12,1946-09-06,2024-12-30,1946-01-01,2022-01-01,3322556.9976253533
Montague / Snowden,US,CA,,KSIY,41.7814,-122.4681,808.0,America/Los_Angeles,1950-01-01,2024-08-12,1950-01-02,2022-04-24,1950-01-01,2021-01-01,3324498.96877075
Trinity Center,US,CA,,KO86,40.9828,-122.6937,729.0,America/Los_Angeles,2014-07-31,2024-08-12,2014-08-01,2022-01-22,2020-01-01,2021-01-01,3327333.5293590315
Montague / Horizon Hills Mobile Home Park,US,CA,,K1O5,41.7304,-122.5456,770.0,America/Los_Angeles,1948-01-01,1996-03-12,1948-01-02,1949-12-31,1948-01-01,1949-01-01,3329741.2786983573
The Dalles / Dallesport,US,OR,,KDLS,45.6186,-121.1673,75.0,America/Los_Angeles,1973-01-01,2024-08-12,1973-01-01,2022-04-24,2001-01-01,2022-01-01,3332726.185113
Malaga,US,WA,72782,KEAT,47.4,-120.2,379.0,America/Los_Angeles,2000-01-01,2024-08-12,2000-01-03,2022-04-22,2001-01-01,2022-01-01,3333592.6637495784
Omak,US,WA,72789,,48.4167,-119.5333,374.0,America/Los_Angeles,,,1980-11-01,2015-06-04,1980-01-01,1991-01-01,3334041.140643524
Omak / Cherokee,US,WA,,KOMK,48.4644,-119.5181,398.0,America/Los_Angeles,2006-01-01,2024-08-12,2006-01-01,2022-04-24,2006-01-01,2022-01-01,3335284.357830162
Ellensburg,US,WA,,KELN,47.033,-120.5307,538.0,America/Los_Angeles,1988-01-06,2024-08-12,1998-10-07,2022-04-24,2005-01-01,2021-01-01,3341267.6776546882
Weaverville,US,CA,,KO54,40.7473,-122.9223,716.0,America/Los_Angeles,2010-10-30,2024-08-12,2010-10-31,2020-08-12,2011-01-01,2020-01-01,3342176.261494203
Ukiah / Asylum,US,CA,,KUKI,39.126,-123.2009,188.0,America/Los_Angeles,1973-01-01,2024-08-12,1973-01-01,2022-04-24,2005-01-01,2022-01-01,3342856.030119432
Hood Canal Bridge / Rockford,US,OR,69033,K4S2,45.6726,-121.5365,195.0,America/Los_Angeles,1991-03-07,2024-08-12,,,,,3361844.2408402106
Rogue Valley International  Airport,US,OR,72597,KMFR,42.3833,-122.8833,406.0,America/Los_Angeles,1973-01-01,2024-08-12,1928-01-01,2024-12-30,1928-01-01,2022-01-01,3371195.313176091
Winthrop / Horseshoe Mobile Home Park,US,WA,,KS52,48.4249,-120.1459,520.0,America/Los_Angeles,2020-01-14,2024-08-12,2020-01-14,2022-04-24,2020-01-01,2022-01-01,3375468.461035526
Cascade Locks,US,OR,,KCZK,45.6769,-121.8789,46.0,America/Los_Angeles,2006-01-16,2013-09-30,,,,,3387261.851774934
Stampede Pass,US,WA,,KSMP,47.2765,-121.3382,1209.0,America/Los_Angeles,2022-04-23,2024-08-12,2022-04-23,2022-04-26,,,3407999.7489683228
Grants Pass Airport,US,OR,,K3S8,42.5101,-123.388,343.0,America/Los_Angeles,2022-05-06,2024-08-12,,,,,3414583.2939422242
Sexton Summit / Hugo,US,OR,,KSXT,42.6,-123.3667,1170.0,America/Los_Angeles,1973-01-01,2024-07-23,1973-01-04,2022-04-24,1979-01-01,2021-01-01,3414853.5569792907
Hobby Field Airport,US,OR,,K77S,43.9308,-123.0067,164.0,America/Los_Angeles,2022-05-06,2024-08-12,,,,,3419145.022646833
Portland / Troutdale,US,OR,,KTTD,45.5494,-122.4013,12.0,America/Los_Angeles,2006-01-01,2024-08-12,2006-01-01,2022-04-24,2006-01-01,2022-01-01,3421678.3981531775
Edenbower,US,OR,72690,KRBG,43.23,-123.35,160.0,America/Los_Angeles,1980-05-14,2024-08-12,1997-06-26,2022-04-25,2005-01-01,2022-01-01,3428131.3746058205
Portland International  Airport,US,OR,72698,KPDX,45.5833,-122.6,8.0,America/Los_Angeles,1936-05-01,2024-08-12,1936-05-01,2024-12-30,1936-01-01,2022-01-01,3437569.2496149037
Aurora,US,OR,,KUAO,45.2471,-122.7701,61.0,America/Los_Angeles,2006-01-01,2024-08-12,2006-01-01,2022-04-24,2006-01-01,2022-01-01,3439499.8139142245
Fortuna / Alton,US,CA,,KFOT,40.5539,-124.1327,120.0,America/Los_Angeles,2011-09-21,2024-08-12,2011-09-22,2022-04-24,2012-01-01,2022-01-01,3440224.2586475704
Mahlon Sweet Field,US,OR,72693,KEUG,44.1333,-123.2167,111.0,America/Los_Angeles,1973-01-01,2024-08-12,1938-06-01,2024-12-30,1938-01-01,2022-01-01,3440912.532510631
Vancouver / Officers Row,US,WA,,KVUO,45.6205,-122.6565,9.0,America/Los_Angeles,2006-01-01,2024-08-12,2006-01-01,2022-04-24,2006-01-01,2021-01-01,3442987.7118251035
Arcata / Clam Beach,US,CA,,KACV,40.9781,-124.1086,68.0,America/Los_Angeles,1973-01-01,2024-08-12,1973-01-01,2022-04-24,1981-01-01,2022-01-01,3444632.0598879517
Salem McNary Field,US,OR,72694,KSLE,44.9,-123.0,64.0,America/Los_Angeles,1973-01-01,2024-08-11,1892-12-01,2024-12-30,1892-01-01,2022-01-01,3446208.728503545
Eureka,US,CA,72594,KEKA,40.8,-124.1667,13.0,America/Los_Angeles,2006-01-01,2024-07-23,1941-12-01,2024-12-30,1941-01-01,2022-01-01,3446708.7800942967
Corvallis / Dry Creek,US,OR,,KCVO,44.4971,-123.2895,76.0,America/Los_Angeles,2006-01-01,2024-08-12,2006-01-01,2022-04-24,2008-01-01,2022-01-01,3456593.628687689
Portland / Orenco,US,OR,,KHIO,45.5406,-122.9502,63.0,America/Los_Angeles,2006-01-01,2024-08-12,2006-01-01,2022-04-24,2006-01-01,2022-01-01,3462274.5365121886
Scappoose,US,OR,,KSPB,45.771,-122.8618,18.0,America/Los_Angeles,2006-01-01,2024-08-12,2006-01-01,2022-04-24,2006-01-01,2022-01-01,3463154.7599465465
McMinnville / Eola Village,US,OR,,KMMV,45.1945,-123.1361,50.0,America/Los_Angeles,2006-01-01,2024-08-12,2006-01-01,2022-04-24,2006-01-01,2021-01-01,3465402.2359171733
Puyallup / Country Aire Manor Mobile Home Park,US,WA,,KPLU,47.1039,-122.2872,164.0,America/Los_Angeles,2007-04-01,2024-08-12,2007-04-24,2022-04-24,2015-01-01,2022-01-01,3468427.0770886685
Crescent City / Crescent City North,US,CA,,KCEC,41.7802,-124.2365,19.0,America/Los_Angeles,1973-01-01,2024-08-12,1992-08-13,2022-04-24,2005-01-01,2022-01-01,3468800.2359332847
Southwest Washington Regional Airport,US,WA,,KKLS,46.1155,-122.8927,5.0,America/Los_Angeles,2022-04-23,2024-08-12,2022-04-24,2022-04-24,,,3476888.7905898667
Renton,US,WA,,KRNT,47.4931,-122.2157,10.0,America/Los_Angeles,2006-01-01,2024-08-12,2006-01-01,2022-04-24,2006-01-01,2021-01-01,3478309.2755191484
Brookings,US,OR,,KBOK,42.0746,-124.2901,140.0,America/Los_Angeles,2005-08-02,2024-08-12,2005-08-02,2022-04-24,2008-01-01,2022-01-01,3478633.3019045247
Toledo/Winlock / Cowlitz,US,WA,,KTDO,46.4772,-122.8065,114.0,America/Los_Angeles,2006-01-01,2007-10-01,,,,,3483006.267881147
Seattle-Tacoma Airport,US,WA,72793,KSEA,47.45,-122.3167,131.0,America/Los_Angeles,1948-01-01,2024-08-12,1948-01-01,2024-12-30,1948-01-01,2022-01-01,3483747.9170389026
Tacoma / McChord Air Force Base,US,WA,74206,KTCM,47.15,-122.4833,98.0,America/Los_Angeles,1940-07-22,2024-08-12,1940-07-23,2022-04-25,1940-01-01,2022-01-01,3484122.2705657603
Seattle / South Park,US,WA,,KBFI,47.53,-122.302,6.0,America/Los_Angeles,1943-10-01,2024-08-12,1943-10-02,2022-04-24,1944-01-01,2022-01-01,3485817.8901165803
Fort Lewis / Gray U. S. Army Airfield,US,WA,74207,KGRF,47.1167,-122.55,92.0,America/Los_Angeles,1939-04-01,2024-08-12,1939-04-02,2022-04-25,1939-01-01,2022-01-01,3487629.038098174
Tacoma Narrows / Wollochet,US,WA,,KTIW,47.2679,-122.5781,90.0,America/Los_Angeles,2006-01-01,2024-08-12,2006-01-02,2022-04-24,2006-01-01,2022-01-01,3495291.8485716423
Gold Beach Municipal Airport,US,OR,,K4S1,42.4154,-124.4249,5.0,America/Los_Angeles,2022-05-06,2024-08-12,,,,,3496162.693556369
Everett / Loganberry Mobile Home Park,US,WA,,KPAE,47.907,-122.2816,185.0,America/Los_Angeles,2006-01-01,2024-08-12,2006-01-01,2022-04-24,2006-01-01,2022-01-01,3499277.1513245786
Arlington / Airway Mobile Home Park,US,WA,,KAWO,48.1608,-122.159,43.0,America/Los_Angeles,2006-01-01,2024-08-02,2006-01-01,2022-04-24,2007-01-01,2022-01-01,3501067.523684825
Chehalis-Centralia,US,WA,,KCLS,46.677,-122.9827,54.0,America/Los_Angeles,2007-02-16,2024-08-12,2007-02-17,2022-04-24,2015-01-01,2022-01-01,3502789.5616774517
North Bend,US,OR,72691,KOTH,43.4169,-124.247,5.0,America/Los_Angeles,1977-01-01,2024-08-12,1977-02-26,2022-04-25,1981-01-01,2022-01-01,3503453.113227176
Florence Municipal Airport,US,OR,,K6S2,43.9828,-124.1114,16.0,America/Los_Angeles,2022-05-06,2024-08-12,,,,,3506465.898382658
Olympia Airport,US,WA,72792,KOLM,46.9667,-122.9,63.0,America/Los_Angeles,1973-01-01,2024-08-12,1941-05-13,2024-12-30,1941-01-01,2022-01-01,3507157.312615655
Bremerton / Belfair,US,WA,,KPWT,47.4903,-122.7648,135.0,America/Los_Angeles,2006-01-01,2024-08-12,2006-01-01,2022-04-24,2006-01-01,2022-01-01,3516912.722533178
Newport / Holiday Beach,US,OR,,KONP,44.5804,-124.0579,49.0,America/Los_Angeles,2011-03-01,2024-08-12,2011-03-01,2022-04-24,2015-01-01,2022-01-01,3517889.217979965
Tillamook / Hathaway Mead,US,OR,,KTMK,45.4182,-123.8144,12.0,America/Los_Angeles,2005-01-03,2024-08-12,2006-11-17,2022-04-24,2011-01-01,2022-01-01,3523212.4998523635
Burlington / Fredonia,US,WA,,KBVS,48.4709,-122.4209,44.0,America/Los_Angeles,2006-01-01,2024-08-12,2006-01-02,2022-04-24,2006-01-01,2022-01-01,3531815.410468574
Shelton / Hidden Haven Mobile Home Park,US,WA,,KSHN,47.2336,-123.1476,83.0,America/Los_Angeles,1999-01-01,2024-08-12,1999-01-01,2022-04-24,2002-01-01,2022-01-01,3534554.5532827633
Coupeville / Keystone,US,WA,,KNRA,48.1833,-122.6333,61.0,America/Los_Angeles,2006-03-24,2015-05-13,,,,,3534732.5414677337
Oak Harbor / Penn Cove Park,US,WA,,KOKH,48.2515,-122.6737,59.0,America/Los_Angeles,1981-03-10,2008-12-31,,,,,3540260.0543273403
Port Townsend Jefferson County International Airport,US,WA,,K0S9,48.0552,-122.8116,34.0,America/Los_Angeles,2022-05-06,2024-08-12,,,,,3542009.0194819183
Whidbey Island / Ault Field,US,WA,69023,KNUW,48.3518,-122.656,14.0,America/Los_Angeles,2005-01-01,2024-08-12,1945-04-01,2022-04-24,1945-01-01,2022-01-01,3543084.10857029
Port Of Astoria Airport,US,OR,72791,KAST,46.15,-123.8833,3.0,America/Los_Angeles,1973-01-01,2024-08-12,1953-01-16,2024-12-28,1953-01-01,2022-01-01,3550955.7144002626
Bellingham / Marietta-Alderwood,US,WA,,KBLI,48.7927,-122.5375,52.0,America/Los_Angeles,1948-01-01,2024-08-12,1948-01-02,2022-04-24,1948-01-01,2022-01-01,3553147.031623873
Argyle,US,WA,72798,KFHR,48.51,-123.02,33.0,America/Los_Angeles,2006-01-01,2024-08-12,2006-01-01,2022-04-25,2006-01-01,2022-01-01,3574490.7012929306
Eastsound,US,WA,,KORS,48.7083,-122.9106,9.0,America/Los_Angeles,2006-01-01,2024-08-12,2006-01-02,2022-04-24,2012-01-01,2022-01-01,3575038.70089607
Hoquiam / Aberdeen / Grays Harbor City,US,WA,,KHQM,46.9712,-123.9366,6.0,America/Los_Angeles,1991-01-08,2024-08-12,2001-03-02,2022-04-24,2001-01-01,2022-01-01,3581944.1631284673
Port Angeles Coast Guard Air Station,US,WA,74201,KNOW,48.1333,-123.4,5.0,America/Los_Angeles,1973-01-01,2024-08-12,2015-09-09,2022-04-25,2017-01-01,2022-01-01,3585987.75929915
Port Angeles / Firwest Mobile Home Park,US,WA,,KCLM,48.1202,-123.4997,89.0,America/Los_Angeles,2006-01-01,2024-08-12,2006-01-01,2022-04-24,2006-01-01,2022-01-01,3592434.9832148124
Quillayute State Airport,US,WA,72797,KUIL,47.9333,-124.5667,59.0,America/Los_Angeles,1973-01-01,2024-08-12,1966-08-01,2024-12-30,1966-01-01,2022-01-01,3660427.4956218787
Annette Island Airport,US,AK,70398,PANT,55.0333,-131.5833,36.0,America/Juneau,1941-07-14,2019-10-01,1941-01-16,2019-10-01,1941-01-01,2019-01-01,4383048.263713412
Metlakatla,US,AK,,PAMM,55.131,-131.5781,0.0,America/Juneau,2006-01-01,2024-08-06,2006-01-01,2022-04-24,2006-01-01,2020-01-01,4386514.248771398
Ketchikan International Airport,US,AK,70395,PAKT,55.35,-131.7167,27.0,America/Juneau,1973-01-01,2024-08-12,1910-09-01,2024-08-05,1910-01-01,2022-01-01,4403255.492818913
Nikolai,US,AK,,PAFS,54.2553,-133.0583,41.0,America/Juneau,2006-10-24,2024-08-12,1992-11-01,2024-04-28,1992-01-01,2021-01-01,4444487.05097793
Hydaburg,US,AK,,PAHY,55.2063,-132.8283,0.0,America/Juneau,2006-01-01,2024-08-12,2006-01-01,2022-04-14,,,4464061.493539289
Wrangell,US,AK,70387,PAWG,56.4833,-132.3667,13.0,America/Juneau,2006-01-01,2024-08-12,1917-11-02,2024-06-12,1917-01-01,2017-01-01,4485850.322946392
Klawock Airport,US,AK,70389,PAKW,55.5833,-133.0833,24.0,America/Juneau,2000-01-01,2024-08-12,2000-01-01,2022-04-24,2000-01-01,2021-01-01,4493082.377583214
Petersburg,US,AK,70386,PAPG,56.8167,-132.9667,0.0,America/Juneau,1973-01-01,2024-08-12,1924-05-01,2024-08-04,1924-01-01,2022-01-01,4533352.985217664
Five Finger Light,US,AK,70385,,57.2667,-133.6167,0.0,America/Juneau,,,1941-04-12,1984-07-31,1941-01-01,1984-01-01,4587819.2983698845
Kake,US,AK,,PAFE,56.9614,-133.9103,52.0,America/Juneau,2006-01-01,2024-08-12,2006-01-01,2022-04-24,2008-01-01,2016-01-01,4592683.888062315
Port Alexander,US,AK,,PAAP,56.2468,-134.6482,0.0,America/Juneau,2006-01-01,2015-11-17,,,,,4609220.151688559
Angoon,US,AK,70383,PAGN,57.5,-134.5833,0.0,America/Juneau,1973-01-01,2024-08-12,1932-04-01,2022-04-25,1932-01-01,2016-01-01,4651147.3839304885
Sitka Airport,US,AK,70371,PASI,57.05,-135.3667,6.0,America/Juneau,1973-01-01,2024-08-12,1944-09-01,2024-08-05,1944-01-01,2022-01-01,4679188.760902618
Juneau International Airport,US,AK,70381,PAJN,58.35,-134.5667,6.0,America/Juneau,1973-01-01,2024-08-12,1936-09-01,2024-12-30,1936-01-01,2022-01-01,4682979.941785378
Hoonah,US,AK,,PAOH,58.0961,-135.4097,6.0,America/Juneau,2006-01-01,2024-05-29,2006-01-01,2022-04-06,2006-01-01,2021-01-01,4719595.05685358
"Gustavus, Gustavus Airport",US,AK,70367,PAGS,58.4167,-135.7,10.0,America/Juneau,1976-08-01,2024-08-12,1923-04-01,2024-08-05,1923-01-01,2022-01-01,4747548.827464441
Skagway Airport,US,AK,70362,PAGY,59.4667,-135.3167,13.0,America/Juneau,1943-10-01,2024-08-12,1898-11-01,2024-08-05,1898-01-01,2022-01-01,4767511.703616491
Haines / Gantegastaki (Historical),US,AK,,PAHN,59.2438,-135.5235,5.0,America/Juneau,1996-06-13,2024-08-12,1998-06-06,2022-03-20,1999-01-01,2021-01-01,4769643.336891451
Elfin Cove,US,AK,,PAEL,58.1952,-136.3474,0.0,America/Juneau,2006-01-01,2024-08-12,,,,,4775193.544832613
Yakutat Airport,US,AK,70361,PAYA,59.5,-139.6667,10.0,America/Juneau,1941-05-01,2024-08-12,1917-04-01,2024-12-30,1917-01-01,2022-01-01,5001124.915849508
Yakataga,US,AK,70298,PACY,60.0833,-142.5,4.0,America/Juneau,1973-03-15,1983-06-01,1943-03-09,1983-05-31,1943-01-01,1983-01-01,5171185.670491309
McCarthy,US,AK,,PAMX,61.4333,-142.9333,455.0,America/Juneau,2006-01-01,2014-09-01,,,,,5232153.96297636
Eagle / Eagle Village,US,AK,,PAEG,64.7781,-141.1496,277.0,America/Juneau,2006-01-01,2024-08-12,2006-01-01,2022-04-24,2006-01-01,2021-01-01,5258618.623237609
Nabesna,US,AK,,PABN,62.4018,-142.9955,878.0,America/Juneau,2006-01-11,2014-09-30,,,,,5264149.797744348
Cape Saint Elias,US,AK,70360,PACP,59.8,-144.6,18.0,America/Yakutat,,,1936-07-01,1974-07-31,1936-01-01,1974-01-01,5277866.346064962
Slana,US,AK,,PADT,62.7246,-143.9205,738.0,America/Juneau,2006-01-01,2011-07-01,,,,,5319457.441423749
Merle K. Smith Airport,US,AK,70296,PACV,60.5,-145.4833,13.0,America/Juneau,1942-06-11,2024-08-12,1909-05-05,2024-08-04,1909-01-01,2022-01-01,5341789.505357663
Middleton Island Airport,US,AK,70343,PAMD,59.4333,-146.3,27.0,America/Anchorage,1945-01-01,2024-08-12,1942-12-01,2022-04-25,1942-01-01,2022-01-01,5363862.7141411835
Gulkana Airport,US,AK,70271,PAGK,62.15,-145.45,481.0,America/Juneau,1945-01-01,2024-08-12,1907-03-02,2024-12-31,1909-01-01,2021-01-01,5379940.648042934
Valdez / Old Valdez,US,AK,,PAVD,61.1342,-146.2448,37.0,America/Juneau,2006-01-01,2024-08-12,2006-01-02,2022-04-24,2011-01-01,2022-01-01,5396550.857475283
Cape Hinchinbrook,US,AK,70279,,60.2333,-146.65,5.0,America/Anchorage,,,1944-05-01,1974-08-18,1944-01-01,1974-01-01,5398992.850119318
Valdez,US,AK,70275,PAVW,61.1333,-146.35,11.0,America/Juneau,1973-01-01,2007-03-07,1917-05-01,2014-03-14,1917-01-01,2014-01-01,5402062.895715411
Paxson,US,AK,,PAXK,63.0246,-145.5006,809.0,America/Juneau,2006-01-01,2010-10-03,,,,,5405394.896430133
Allen Army Airfield,US,AK,70267,PABI,64.0,-145.7167,389.0,America/Juneau,1945-10-15,2024-08-12,1917-06-01,2024-12-30,1917-01-01,2022-01-01,5442569.93455619
Central,US,AK,,PACE,65.5739,-144.7809,286.0,America/Juneau,2005-01-10,2011-03-31,,,,,5447366.095971528
Eureka / Eureka Roadhouse,US,AK,,PAZK,61.9333,-147.1667,1002.0,America/Juneau,2006-01-01,2024-08-06,2006-01-01,2022-04-24,2010-01-01,2022-01-01,5462198.653757715
Sheep Mountain / Glacier View,US,AK,,PASP,61.812,-147.5069,838.0,America/Juneau,2005-01-01,2011-11-01,,,,,5477066.3432815885
Fort Yukon Airport,US,AK,70194,PFYU,66.5667,-145.2667,433.0,America/Juneau,1973-01-01,2024-08-12,1899-01-01,2022-04-24,1899-01-01,2022-01-01,5500646.055607279
Whittier,US,AK,,PAWR,60.7772,-148.7216,12.0,America/Juneau,2006-01-01,2011-07-01,,,,,5520988.186920497
Fairbanks Air Force Base,US,AK,70265,PAEI,64.65,-147.1,167.0,America/Juneau,2006-01-02,2024-08-12,1949-01-01,2022-04-24,1949-01-01,2022-01-01,5524896.873215772
Whittier,US,AK,70000,PATO,60.78,-148.83,29.0,America/Anchorage,2006-01-01,2024-08-12,2006-01-01,2022-04-24,2006-01-01,2020-01-01,5526849.509914006
Sutton / Jonesville,US,AK,,PAJV,61.7314,-148.9278,265.0,America/Juneau,2006-01-01,2011-10-01,,,,,5548990.077184904
Seward,US,AK,70277,PAWD,60.1167,-149.45,9.0,America/Juneau,2006-01-01,2024-08-12,1908-02-01,2024-08-04,1908-01-01,2022-01-01,5549823.987698077
Fairbanks / Hamilton Acres,US,AK,,PAFB,64.8376,-147.6145,140.0,America/Juneau,2006-01-03,2024-08-12,2012-03-10,2022-04-24,2018-01-01,2022-01-01,5553526.324642917
Palmer Municipal Airport,US,AK,70274,PAAQ,61.6,-149.1,76.0,America/Juneau,1999-01-01,2024-08-12,1997-10-01,2024-08-04,1997-01-01,2022-01-01,5555555.745257369
Fairbanks Airport,US,AK,70261,PAFA,64.8,-147.8667,132.0,America/Juneau,1946-01-01,2024-08-12,1929-12-01,2024-12-30,1929-01-01,2022-01-01,5564178.792265454
Arctic Village,US,AK,,PARC,68.1147,-145.5794,638.0,America/Juneau,2006-01-01,2023-07-26,2006-01-01,2022-04-24,2011-01-01,2021-01-01,5565621.271202792
Barter Island Airport,US,AK,70086,PABA,70.1333,-143.5667,2.0,America/Juneau,1947-10-01,2024-08-12,1947-09-23,2024-12-27,1947-01-01,2022-01-01,5567256.347099353
Birchwood,US,AK,,PABV,61.4161,-149.5083,25.0,America/Anchorage,2006-01-01,2024-08-12,2006-01-01,2022-04-24,2010-01-01,2022-01-01,5573729.394973743
Wasilla / Cottonwood,US,AK,,PAWS,61.572,-149.5396,108.0,America/Juneau,2005-01-01,2024-08-08,2005-01-04,2022-04-24,2010-01-01,2022-01-01,5578030.765836571
Ft. Richardson Heliport,US,AK,70270,PAFR,61.2667,-149.65,115.0,America/Juneau,2013-04-23,2024-08-12,2015-05-07,2022-04-25,2018-01-01,2022-01-01,5578701.846469521
Cantwell,US,AK,,PATW,63.3912,-148.9556,668.0,America/Juneau,2006-01-02,2011-08-27,,,,,5583257.664988951
Anchorage Air Force Base,US,AK,70272,PAED,61.25,-149.7833,65.0,America/Juneau,2006-01-01,2024-08-12,1947-01-14,2022-04-23,1949-01-01,2022-01-01,5585478.976569781
McKinley / Mckinley Park,US,AK,,PAIN,63.7326,-148.9106,524.0,America/Juneau,2006-01-01,2024-08-12,2006-01-01,2022-04-24,2010-01-01,2021-01-01,5588372.125353767
Summit,US,AK,70264,PAST,63.3333,-149.1333,734.0,America/Juneau,1973-01-01,1984-01-07,1905-08-01,1984-01-03,1905-01-01,1976-01-01,5590750.972291023
Healy River,US,AK,,PAHV,63.8676,-148.9688,385.0,America/Juneau,2006-01-01,2012-06-08,,,,,5594109.409390493
Anchorage / Turnagain Heights,US,AK,,PALH,61.18,-149.9719,22.0,America/Juneau,2002-01-01,2024-08-12,2002-01-01,2022-04-24,2002-01-01,2022-01-01,5594353.318512881
Anchorage Ted Stevens Airport,US,AK,70273,PANC,61.1667,-150.0333,44.0,America/Juneau,1973-01-01,2024-08-12,1952-04-01,2024-12-30,1951-01-01,2022-01-01,5597403.501114255
Willow,US,AK,,PAUO,61.7542,-150.0517,66.0,America/Juneau,2006-01-01,2011-11-01,,,,,5607815.348527553
Clear / Anderson,US,AK,,PACL,64.3012,-149.1201,170.0,America/Juneau,1947-10-10,1947-11-30,,,,,5610851.274988916
Nenana Municipal Airport,US,AK,70260,PANN,64.55,-149.0667,110.0,America/Juneau,1943-07-06,2024-08-12,1916-12-01,2024-08-04,1916-01-01,2022-01-01,5613919.721499734
Chulitna Airport,US,AK,,PAEC,62.8833,-149.8333,412.0,America/Anchorage,2022-04-23,2024-01-16,,,,,5616549.91214732
Talkeetna Airport,US,AK,70251,PATK,62.3167,-150.1,109.0,America/Juneau,1973-01-01,2024-08-12,1918-06-18,2024-12-30,1918-01-01,2022-01-01,5619820.607815124
Soldotna,US,AK,,PASX,60.475,-151.0382,34.0,America/Juneau,2006-01-01,2024-08-12,2006-01-01,2022-04-23,2010-01-01,2017-01-01,5641619.284621232
Kenai Municipal Airport,US,AK,70259,PAEN,60.5833,-151.2333,28.0,America/Juneau,1973-01-01,2024-08-12,1899-05-01,2024-08-04,1899-01-01,2022-01-01,5653594.769761747
Homer / Municipal,US,AK,70341,PAHD,59.6333,-151.5,24.0,America/Juneau,1973-01-01,2024-07-15,1932-09-01,2024-12-30,1932-01-01,2022-01-01,5657269.928494152
Chandalar Lake,US,AK,,PALR,67.5045,-148.4832,585.0,America/Juneau,2006-01-01,2023-06-27,,,,,5663442.2492564665
Point Thomson Airstrip,US,AK,,PAAD,70.136,-146.2901,8.0,America/Anchorage,2022-04-23,2024-08-12,2022-04-23,2022-04-24,,,5663815.45584647
Seldovia,US,AK,,PASO,59.4424,-151.7041,9.0,America/Juneau,2006-01-01,2024-08-12,2006-01-01,2022-04-24,2006-01-01,2022-01-01,5666759.6528109275
Skwentna,US,AK,70255,PASW,61.9667,-151.2167,46.0,America/Juneau,1973-01-01,2016-10-01,,,,,5671625.2285835715
Manley Hot Springs,US,AK,70179,PAML,64.9976,-150.6441,82.0,America/Juneau,2006-01-01,2014-05-01,1909-06-04,2014-03-31,1909-01-01,2014-01-01,5696898.596094862
Kodiak Airport,US,AK,70350,PADQ,57.75,-152.4833,22.0,America/Juneau,1945-01-01,2024-08-12,1945-01-01,2024-12-30,1945-01-01,2022-01-01,5698272.419544379
Hayes River / Skwentna,US,AK,,PAHZ,61.9833,-152.0833,305.0,America/Juneau,2006-01-01,2011-01-27,,,,,5716773.347806411
Galbraith Lake,US,AK,,PAGB,68.4797,-149.4899,812.0,America/Juneau,2006-01-05,2024-08-07,,,,,5731315.466406817
Prospect Creek / Coldfoot,US,AK,,PAPR,66.8141,-150.6436,334.0,America/Juneau,1973-08-25,2024-07-30,1975-08-09,1976-05-08,,,5736447.196265501
Prudhoe Bay,US,AK,,PAUD,70.25,-148.3333,14.0,America/Juneau,1973-01-01,1999-06-13,1973-06-09,1992-12-06,,,5740952.942941806
Deadhorse,US,AK,,PASC,70.1947,-148.4652,20.0,America/Juneau,1973-01-01,2024-08-12,1978-06-30,2022-04-24,1999-01-01,2021-01-01,5743917.143481094
Puntilla,US,AK,70249,PAPT,62.1,-152.75,560.0,America/Juneau,2006-01-01,2024-08-12,1942-01-01,2024-12-27,1942-01-01,2022-01-01,5752785.785851653
Minchumina Airport,US,AK,70246,PAMH,63.8667,-152.3,208.0,America/Juneau,1973-01-01,2024-08-12,1945-01-01,2024-06-30,1945-01-01,2022-01-01,5754888.686390714
Tanana Calhoun Memorial Airport,US,AK,70178,PATA,65.1667,-152.1,72.0,America/Juneau,1943-06-01,2024-08-12,1901-08-24,2024-08-04,1901-01-01,2022-01-01,5767326.501888612
Bettles Airport,US,AK,70174,PABT,66.9,-151.5167,196.0,America/Juneau,1945-01-01,2024-08-12,1945-01-01,2024-12-30,1945-01-01,2022-01-01,5775745.166309434
Kuparuk / Prudhoe Bay,US,AK,,PAKU,70.3308,-149.5976,23.0,America/Juneau,2006-01-01,2024-08-12,,,,,5788976.081657087
Akhiok,US,AK,,PAKH,56.9387,-154.1826,13.0,America/Anchorage,2007-05-21,2024-08-12,2007-09-14,2022-04-24,2012-01-01,2022-01-01,5796944.065501564
Merrill Pass West / Old Village (Historical),US,AK,,PAER,61.2667,-153.8,357.0,America/Anchorage,2006-01-01,2014-06-15,,,,,5799029.945499732
Farewell Lake / Nikolai,US,AK,,PAFK,62.5425,-153.6225,321.0,America/Juneau,1998-02-27,1999-12-17,,,,,5802807.329646709
Oliktok Distant Early Warning,US,AK,70063,POLI,70.5,-149.8833,5.0,America/Anchorage,1973-01-01,1999-09-29,,,,,5804307.25729109
Anaktuvuk Pass / Anatuvuk Pass,US,AK,,PAKP,68.1336,-151.7433,642.0,America/Juneau,2006-01-01,2024-08-06,2006-01-01,2022-04-24,2011-01-01,2021-01-01,5812710.512613457
Farewell / Nikolai,US,AK,,PAFW,62.5066,-153.8936,468.0,America/Juneau,1985-01-30,1996-04-25,,,,,5816249.3651416395
Port Alsworth,US,AK,,PALJ,60.2,-154.3,81.0,America/Juneau,2005-01-01,2024-08-12,,,,,5817746.162925758
Farewell / Intermediate Field,US,AK,70248,PAFL,63.5,-153.8833,468.0,America/Juneau,,,1941-12-17,1981-07-31,1942-01-01,1971-01-01,5827190.561389622
Nuiqsut Airport,US,AK,70364,PAQT,70.2167,-150.9833,12.0,America/Juneau,2006-01-01,2024-08-12,2006-01-04,2022-04-25,2006-01-01,2020-01-01,5835927.970932798
Deadhorse (Alpine Airstrip),US,AK,,PALP,70.3333,-150.9333,5.0,America/Anchorage,2022-04-23,2024-08-12,,,,,5837317.485419895
Iliamna Airport,US,AK,70340,PAIL,59.75,-154.9167,63.0,America/Juneau,1973-01-01,2024-08-12,1920-02-11,2023-10-04,1920-01-01,2021-01-01,5849414.3503520265
Umiat,US,AK,70162,PAUM,69.3667,-152.1333,81.0,America/Juneau,1946-01-01,2013-04-10,1945-04-01,2001-04-30,1945-01-01,2001-01-01,5857059.358379683
Utopia Creek Airport,US,AK,70173,PAIM,66.9833,-153.7,372.0,America/Juneau,2005-01-01,2024-08-12,1951-11-20,2022-04-24,1951-01-01,2021-01-01,5870965.685892556
Sparrevohn,US,AK,70235,PASV,61.1,-155.5667,484.0,America/Juneau,2006-01-01,2024-08-12,1951-07-25,2022-04-24,1951-01-01,2021-01-01,5892264.308342543
Igiugig,US,AK,70306,PAIG,59.324,-155.9018,27.0,America/Juneau,2006-01-01,2024-08-12,2006-01-04,2022-04-25,2007-01-01,2022-01-01,5903313.864231672
McGrath Airport,US,AK,70231,PAMC,62.95,-155.6,103.0,America/Juneau,1973-01-01,2024-08-12,1939-04-01,2024-12-30,1939-01-01,2021-01-01,5907120.963921231
Ruby,US,AK,72908,PARY,64.7272,-155.4699,201.0,America/Juneau,2006-10-24,2024-08-12,2006-10-25,2022-04-24,2007-01-01,2021-01-01,5918195.96574105
Tatalina / Takotna,US,AK,,PATL,62.8944,-155.9765,294.0,America/Juneau,2006-01-01,2024-08-12,2006-01-01,2022-04-24,2006-01-01,2022-01-01,5925681.3634819845
King Salmon Airport,US,AK,70326,PAKN,58.6833,-156.65,17.0,America/Juneau,1942-01-10,2024-08-12,1942-01-12,2024-12-30,1942-01-01,2022-01-01,5945179.125851092
South Naknek,US,AK,,PFWS,58.7021,-157.0026,49.0,America/Anchorage,1994-08-18,2024-08-12,2016-03-03,2022-04-24,,,5965555.216295703
Huslia Airport,US,AK,,PAHL,65.6975,-156.3511,67.0,America/Anchorage,2022-04-23,2024-08-12,2022-04-24,2022-04-24,,,5969839.282394018
Sleetmute,US,AK,,PASL,61.7005,-157.1659,58.0,America/Juneau,2006-01-01,2024-08-10,2006-01-01,2022-04-24,,,5980201.802874118
Koliganek,US,AK,,PAJZ,59.7266,-157.2595,82.0,America/Juneau,2007-05-21,2024-08-12,2007-05-22,2022-04-24,2011-01-01,2021-01-01,5980577.395469554
New Stuyahok,US,AK,,PANW,59.4515,-157.3732,111.0,America/Juneau,2006-10-10,2024-08-12,2006-10-12,2022-04-24,2012-01-01,2021-01-01,5986807.774019001
Galena Airport,US,AK,70222,PAGA,64.7333,-156.9333,46.0,America/Nome,2006-01-01,2024-08-12,1953-06-01,2024-08-04,1953-01-01,2021-01-01,5987442.615048249
Egegik,US,AK,,PAII,58.1855,-157.3754,28.0,America/Juneau,2006-01-01,2024-08-12,2006-01-01,2022-04-24,2012-01-01,2020-01-01,5987661.884750389
Pilot Point,US,AK,,PAPN,57.58,-157.58,17.0,America/Anchorage,2006-10-24,2024-06-14,2006-10-25,2022-04-24,2010-01-01,2013-01-01,6001008.164939834
Shungnak,US,AK,,PAGH,66.8881,-157.1624,63.0,America/Nome,2009-12-10,2024-08-12,2009-12-10,2021-10-30,2011-01-01,2020-01-01,6019125.714024464
Ambler Airport,US,AK,70171,PAFM,67.1,-157.85,88.0,America/Anchorage,2006-01-01,2024-08-12,2006-01-05,2022-04-25,2010-01-01,2016-01-01,6051134.423351466
Dillingham Airport,US,AK,70321,PADL,59.05,-158.5167,26.0,America/Juneau,2006-01-01,2024-08-12,1919-02-01,2022-04-24,1919-01-01,2021-01-01,6052179.747875938
Clarks Point / Clark's Point,US,AK,,PFCL,58.8337,-158.5294,24.0,America/Anchorage,2020-01-14,2024-08-12,2020-01-15,2022-04-22,2020-01-01,2020-01-01,6053405.475816544
Chignik,US,AK,,PAJC,56.3115,-158.3732,6.0,America/Juneau,2006-01-01,2024-08-12,2006-01-01,2022-04-21,2012-01-01,2015-01-01,6054392.539968793
Port Heiden Airport,US,AK,70333,PAPH,56.95,-158.6333,29.0,America/Juneau,2006-01-01,2024-08-12,1942-09-01,2022-04-24,1942-01-01,2022-01-01,6066790.4274423625
Post Rogers Memorial Airport,US,AK,70026,PABR,71.2833,-156.7667,13.0,America/Juneau,1945-01-01,2024-08-12,1901-09-01,2024-12-29,1901-01-01,2022-01-01,6067576.855017056
Kaltag,US,AK,,PAKV,64.319,-158.7413,55.0,America/Juneau,2006-01-01,2024-08-12,2006-01-01,2022-04-24,2006-01-01,2022-01-01,6070987.782639195
Manokotak,US,AK,,PAMB,58.9321,-158.9019,31.0,America/Juneau,2005-09-29,2024-08-12,2005-10-04,2022-03-11,2011-01-01,2021-01-01,6074539.1408441765
Atqasuk,US,AK,,PATQ,70.4673,-157.4357,31.0,America/Juneau,2006-05-01,2024-08-12,2006-05-02,2022-04-23,2007-01-01,2016-01-01,6078003.087345171
Aniak Airport,US,AK,70232,PANI,61.5667,-159.5333,27.0,America/Juneau,1973-01-01,2024-08-12,1920-08-01,2022-04-24,1920-01-01,2022-01-01,6105015.201028457
Shageluk,US,AK,,PAHX,62.6923,-159.5692,24.0,America/Nome,2020-01-14,2024-08-12,2020-01-14,2022-04-24,,,6107279.897916398
Holy Cross,US,AK,,PAHC,62.1883,-159.7749,21.0,America/Juneau,2006-01-01,2024-08-12,2006-01-04,2022-04-24,2007-01-01,2021-01-01,6117575.086926953
Big Spring / Holy Cross,US,TX,,KHCA,62.1883,-159.7749,21.0,America/Chicago,1947-01-01,1974-11-30,1947-01-02,1953-11-14,1947-01-01,1953-01-01,6117575.086926953
Anvik,US,AK,,PANV,62.6473,-160.1901,91.0,America/Juneau,2006-01-01,2024-06-11,2006-01-01,2022-04-24,2011-01-01,2021-01-01,6138953.783671747
Selawik,US,AK,70019,PASK,66.6001,-159.9857,5.0,America/Juneau,2006-01-01,2024-08-12,2006-01-06,2022-04-24,2010-01-01,2021-01-01,6140292.821202601
Kalskag,US,AK,,PALG,61.5363,-160.3413,17.0,America/Juneau,2006-01-17,2024-08-12,2006-01-20,2022-04-24,2007-01-01,2021-01-01,6147845.582944242
Togiak Village / Togiac Village,US,AK,,PATG,59.0536,-160.3969,6.0,America/Anchorage,2006-01-01,2024-08-12,2006-01-01,2022-04-24,2007-01-01,2007-01-01,6159620.389420993
Kiana,US,AK,,PAIK,66.976,-160.4365,52.0,America/Juneau,2008-08-22,2024-08-12,2017-07-09,2022-04-24,2019-01-01,2021-01-01,6162089.22466398
Unalakleet,US,AK,70207,PAUN,63.8833,-160.8,6.0,America/Juneau,1943-06-01,2024-08-12,1941-09-01,2022-04-24,1941-01-01,2022-01-01,6169782.543515104
Wainwright Airport,US,AK,70030,PAWI,70.6333,-160.0333,9.0,America/Nome,2005-01-01,2024-07-11,1935-09-20,2024-08-03,1935-01-01,2022-01-01,6175687.583928896
Koyuk,US,AK,,PAKK,64.9395,-161.1543,47.0,America/Nome,2006-01-01,2024-06-28,2006-01-02,2022-04-24,2006-01-01,2021-01-01,6187800.6629530685
Buckland Airport,US,AK,,PABL,65.9667,-161.15,7.0,America/Anchorage,2006-01-01,2024-08-12,2006-01-05,2022-04-23,2010-01-01,2016-01-01,6189682.349036866
Shaktoolik,US,AK,,PFSH,64.3711,-161.224,7.0,America/Nome,2010-11-01,2024-08-12,2010-11-02,2022-04-24,2014-01-01,2021-01-01,6190605.303137934
Sand Point,US,AK,,PASD,55.3137,-160.5214,6.0,America/Juneau,2005-01-01,2024-08-12,2005-01-04,2022-04-24,2011-01-01,2021-01-01,6196282.368942319
Russian Mission,US,AK,,PARS,61.7749,-161.3194,18.0,America/Juneau,2006-01-01,2024-08-12,2006-01-04,2022-04-24,2007-01-01,2022-01-01,6198879.979545974
Kwethluk,US,AK,,PFKW,60.7903,-161.4437,8.0,America/Nome,2020-01-14,2024-08-12,2020-01-14,2022-04-24,,,6209346.537353978
Nelson Lagoon,US,AK,,PAOU,56.008,-161.16,4.0,America/Anchorage,2022-04-23,2024-08-12,2022-04-23,2022-04-24,,,6228939.937915375
Bethel Airport,US,AK,70219,PABE,60.7833,-161.8333,37.0,America/Juneau,1945-01-01,2024-08-12,1923-08-01,2024-12-30,1923-01-01,2022-01-01,6230503.710194707
St Michael / Saint Michael,US,AK,,PAMK,63.4901,-162.1104,30.0,America/Juneau,2006-05-01,2024-08-11,2006-05-22,2022-04-24,2008-01-01,2021-01-01,6234700.246894455
Marshall,US,AK,,PADM,61.8643,-162.0261,31.0,America/Nome,2022-04-23,2024-08-12,2022-04-24,2022-04-26,,,6235641.125808304
Quinhagak / Kwinhagak,US,AK,,PAQH,59.7551,-161.845,13.0,America/Nome,2014-02-11,2024-08-12,2014-02-12,2022-04-24,,,6237295.16845144
Napakiak,US,AK,,PANA,60.6903,-161.9785,5.0,America/Nome,1994-08-30,2024-08-12,2016-03-03,2022-04-24,,,6238896.055516649
Elim,US,AK,,PFEL,64.615,-162.2705,49.0,America/Nome,2013-07-31,2024-08-12,2013-08-01,2022-04-24,2014-01-01,2022-01-01,6240643.090853844
Platinum,US,AK,,PAPM,59.0115,-161.8194,6.0,America/Nome,2006-03-23,2024-08-12,2006-03-24,2022-04-24,2011-01-01,2022-01-01,6241142.35278636
Wien Memorial Airport,US,AK,70133,PAOT,66.8833,-162.6,3.0,America/Nome,1973-01-01,2024-08-12,1897-09-12,2024-12-30,1897-01-01,2022-01-01,6256004.096450787
Cape Newenham Airport,US,AK,70305,PAEH,58.65,-162.0667,165.0,America/Juneau,2006-01-01,2024-08-12,1953-07-26,2022-04-24,1953-01-01,2022-01-01,6258234.681807717
Nunapitchuk Airport,US,AK,,PPIT,60.906,-162.4406,4.0,America/Nome,2022-04-23,2024-08-04,,,,,6262656.303659751
Deering,US,AK,,PADE,66.0696,-162.7664,9.0,America/Juneau,1999-01-03,2024-08-12,1999-01-17,2022-04-24,2005-01-01,2016-01-01,6262865.830479517
Red Dog Mine,US,AK,,PADG,68.0321,-162.8992,295.0,America/Juneau,2006-01-03,2024-08-11,,,,,6270815.773479924
Noatak,US,AK,,PAWN,67.5611,-162.9804,28.0,America/Juneau,2006-01-01,2024-06-10,2006-01-01,2022-04-24,2014-01-01,2021-01-01,6273338.212620104
Golovin,US,AK,70199,PAGL,64.5505,-163.0072,18.0,America/Juneau,2005-01-01,2024-08-12,2005-03-06,2022-04-25,2013-01-01,2016-01-01,6275909.764310162
Point Lay Airport,US,AK,70121,PPIZ,69.7167,-163.0,8.0,America/Nome,2006-01-01,2024-08-12,2006-01-04,2022-04-25,2006-01-01,2021-01-01,6280340.78280296
White Mountain,US,AK,,PAWM,64.6892,-163.4127,81.0,America/Nome,2011-12-01,2024-08-12,2011-12-01,2022-04-24,2012-01-01,2021-01-01,6294858.97947003
Saint Marys / St Marys / Andreafsky / Pitkas Point,US,AK,,PASM,62.0608,-163.3018,95.0,America/Juneau,2006-01-01,2024-08-12,2006-01-01,2022-04-24,2010-01-01,2022-01-01,6301231.662380108
King Cove,US,AK,,PAVC,55.1163,-162.2662,47.0,America/Juneau,2005-09-30,2024-08-12,2005-10-20,2022-04-24,2015-01-01,2022-01-01,6308668.759408969
Kwigillingok,US,AK,,PAGG,59.8765,-163.169,6.0,America/Nome,2021-07-07,2021-07-07,,,,,6310209.179359347
Mountain Village,US,AK,70209,PAMO,62.0954,-163.6821,103.0,America/Juneau,2006-01-03,2024-08-12,2006-01-20,2022-04-24,2007-01-01,2015-01-01,6320779.052291795
Cold Bay Airport,US,AK,70316,PACD,55.2167,-162.7333,30.0,America/Juneau,1942-03-04,2024-08-12,1942-03-25,2024-12-30,1942-01-01,2022-01-01,6336756.234411793
Kivalina,US,AK,70148,PAVL,67.7362,-164.5635,4.0,America/Nome,2006-01-01,2024-08-12,2006-01-01,2022-04-24,2007-01-01,2021-01-01,6340314.2234259695
Emmonak,US,AK,,PAEM,62.7861,-164.4907,4.0,America/Juneau,2006-01-01,2023-09-14,2006-01-01,2021-08-15,2011-01-01,2014-01-01,6357499.931161157
Kipnuk,US,AK,,PAKI,59.933,-164.0305,0.0,America/Juneau,2006-05-01,2024-08-12,2006-05-03,2022-04-24,2011-01-01,2022-01-01,6357548.214536609
False Pass,US,AK,,PAKF,54.8474,-163.4103,6.0,America/Juneau,1973-01-01,2024-08-12,1992-08-31,2022-04-24,2021-01-01,2022-01-01,6384903.27101857
Nome Airport,US,AK,70200,PAOM,64.5167,-165.4333,11.0,America/Juneau,1940-01-01,2024-08-12,1900-08-13,2024-12-30,1900-01-01,2022-01-01,6391955.631010164
Cape Lisburne Airport,US,AK,70104,PALU,68.8833,-166.1,4.0,America/Nome,2006-01-01,2024-08-12,1953-04-01,2022-04-25,1953-01-01,2022-01-01,6401418.771545077
Tooksok Bay / Toksook Bay,US,AK,,PAOO,60.5413,-165.0872,22.0,America/Nome,2006-01-01,2024-08-12,2006-01-04,2022-04-24,2006-01-01,2022-01-01,6409252.168375226
Shishmaref,US,AK,,PASH,66.2496,-166.0893,4.0,America/Nome,2006-01-01,2024-08-12,2006-01-01,2022-04-24,2011-01-01,2021-01-01,6411631.825620869
Scammon Bay,US,AK,,PACM,61.8445,-165.5737,4.0,America/Juneau,2005-09-29,2024-08-12,2005-10-18,2022-04-24,2011-01-01,2021-01-01,6421450.539694118
Teller,US,AK,74923,PATE,65.2404,-166.3393,90.0,America/Juneau,2009-02-01,2024-07-02,2009-02-03,2022-04-25,2010-01-01,2021-01-01,6429584.051918838
Point Hope,US,AK,,PAPO,68.3488,-166.7994,6.0,America/Nome,2006-01-01,2024-08-12,2006-01-01,2022-04-24,2021-01-01,2021-01-01,6431575.780076165
Brevig Mission,US,AK,,PFKT,65.3313,-166.4657,12.0,America/Nome,2020-01-14,2024-08-12,2020-01-14,2022-04-24,2020-01-01,2021-01-01,6434776.713770539
Cape Romanzof Airport,US,AK,70212,PACZ,61.7833,-166.0333,139.0,America/Juneau,1953-04-01,2024-08-12,1953-07-01,2022-04-25,1953-01-01,2022-01-01,6446127.109516821
"Port Clarence, Port Clarence Coast Guard Station",US,AK,70119,PAPC,65.25,-166.85,3.0,America/Juneau,1973-01-01,2023-11-21,1895-07-21,1995-08-31,1895-01-01,1995-01-01,6453230.4085177705
Hooper Bay,US,AK,,PAHP,61.5239,-166.1466,4.0,America/Juneau,2006-01-01,2022-09-17,2006-01-01,2022-04-24,2013-01-01,2022-01-01,6454993.545263714
Nunivak,US,AK,70218,,60.0,-166.0,0.0,America/Juneau,,,1982-11-05,1987-08-28,1983-01-01,1987-01-01,6465791.612509071
Mekoryuk,US,AK,,PAMY,60.3714,-166.2706,15.0,America/Juneau,2006-01-05,2024-08-12,2006-01-05,2021-02-10,2008-01-01,2014-01-01,6475795.911443947
Tin City,US,AK,70117,PATC,65.5667,-167.9167,83.0,America/Juneau,2006-01-01,2024-08-05,1953-07-01,2022-04-25,1954-01-01,2022-01-01,6499606.009192524
Wales,US,AK,70116,PAIW,65.6167,-168.05,9.0,America/Juneau,2009-01-22,2024-07-19,1925-10-10,2022-04-25,1925-01-01,2021-01-01,6505220.945592158
Akun Airport,US,AK,,PAUT,54.1446,-165.6041,25.0,America/Nome,2022-04-23,2024-08-12,,,,,6536997.7091410365
Unalaska Airport,US,AK,70489,PADU,53.9,-166.5333,7.0,America/Adak,2008-11-24,2024-08-12,2008-11-26,2022-04-25,2018-01-01,2022-01-01,6601612.087894487
Savoonga,US,AK,70203,PASA,63.67,-170.5,16.0,America/Nome,2006-01-08,2024-08-12,2006-01-19,2022-04-25,2010-01-01,2021-01-01,6646406.006136643
"Gambell, Gambell Airport",US,AK,70204,PAGM,63.7667,-171.7333,8.0,America/Juneau,1987-06-03,2024-05-15,1990-09-01,2021-11-02,2011-01-01,2021-01-01,6704745.456484008
St George Island / Saint George,US,AK,,PAPB,56.5774,-169.6637,39.0,America/Adak,2006-01-01,2024-08-12,2006-01-01,2021-12-08,2006-01-01,2021-01-01,6738201.199192011
St Paul Island Airport,US,AK,70308,PASN,57.1667,-170.2167,19.0,America/Adak,1943-11-05,2024-08-12,1915-08-08,2024-12-29,1915-01-01,2022-01-01,6757774.24136091
Nikolski,US,AK,70482,PAKO,52.95,-168.85,21.0,America/Adak,,,1959-06-26,1965-09-30,1959-01-01,1964-01-01,6773647.430057434
Hilo International Airport,US,HI,91285,PHTO,19.7167,-155.05,12.0,Pacific/Honolulu,1973-01-01,2024-08-12,1949-10-01,2024-12-30,1949-01-01,2022-01-01,6775484.886419478
Haina,US,HI,91199,,20.1,-155.4667,140.0,Pacific/Honolulu,,,1905-01-01,1994-08-31,1905-01-01,1975-01-01,6797385.713073713
Hana / Ka‘elek?,US,HI,,PHHN,20.7956,-156.0144,24.0,Pacific/Honolulu,1998-03-08,2024-08-11,2000-09-29,2000-12-05,,,6817464.791226327
Kamuela / Puopelu,US,HI,,PHMU,20.0013,-155.6681,814.0,Pacific/Honolulu,1941-07-14,2024-08-11,,,,,6821080.866171786
Pohakuloa / Waiki‘i,US,HI,,PHSF,19.76,-155.5538,1887.0,Pacific/Honolulu,2006-01-03,2024-08-12,2006-02-01,2022-04-24,2006-01-01,2022-01-01,6821396.239865811
Upolu Point / Hikapoloa,US,HI,91195,PHUP,20.25,-155.8833,19.0,Pacific/Honolulu,,,1956-05-15,1992-12-30,1956-01-01,1992-01-01,6830042.525794642
Kailua,US,HI,91196,,20.9,-156.2167,213.0,Pacific/Honolulu,,,1905-01-01,2022-06-03,1905-01-01,2007-01-01,6831876.036370427
Kula Expmt Stn / Waiakoa,US,HI,91198,,20.7667,-156.3333,928.0,Pacific/Honolulu,,,1979-04-01,2024-08-07,1979-01-01,2020-01-01,6849011.388373059
Kahului Airport,US,HI,91190,PHOG,20.9,-156.4333,16.0,Pacific/Honolulu,1973-01-01,2024-08-12,1905-01-01,2024-12-30,1905-01-01,2022-01-01,6852395.837264102
Keawakapu Beach,US,HI,91191,,20.7,-156.45,3.0,Pacific/Honolulu,,,1964-04-01,1982-02-28,1964-01-01,1982-01-01,6863124.652850435
Kailua Kona / Mahaiula,US,HI,,PHKO,19.7388,-156.0456,14.0,Pacific/Honolulu,2006-01-01,2024-08-12,2006-01-01,2022-04-24,2006-01-01,2021-01-01,6869136.411600026
South Kona / Hawaii,US,HI,91293,PHWH,19.1,-155.75,808.0,Pacific/Honolulu,1973-11-08,1983-12-31,1977-01-01,1989-04-30,1977-01-01,1989-01-01,6870909.449289843
Lahaina / Napili-Honokowai,US,HI,,PHJH,20.9629,-156.673,78.0,Pacific/Honolulu,2006-01-01,2023-01-27,,,,,6872224.680101419
Kaanapali / Kaanapali Landing,US,HI,91189,,20.9167,-156.6833,3.0,Pacific/Honolulu,,,1968-05-01,1986-01-25,1968-01-01,1985-01-01,6875310.086481918
"Kaunakakai, Molokai Airport",US,HI,91186,PHMK,21.15,-157.1,138.0,Pacific/Honolulu,2006-01-01,2024-08-12,1949-10-01,2024-08-07,1949-01-01,2022-01-01,6904094.323139933
Lanai Airport 656 / Kaumalapau,US,HI,,PHNY,20.7856,-156.9514,399.0,Pacific/Honolulu,2006-01-01,2024-08-12,2006-01-04,2022-04-24,2008-01-01,2022-01-01,6906700.26553593
Mcbh Kaneohe Bay Hawaii,US,HI,91176,PHNG,21.45,-157.75,7.0,Pacific/Honolulu,1973-01-01,2024-08-12,1942-01-01,2024-08-06,1942-01-01,2022-01-01,6951845.621493662
Waimanalo / Waim?Nalo Beach,US,HI,91184,KBLW,21.3333,-157.7167,18.0,Pacific/Honolulu,,,1969-09-01,2023-02-17,1969-01-01,2021-01-01,6954020.885639102
Waialee / Waiale‘e,US,HI,91169,,21.6833,-158.0333,10.0,Pacific/Honolulu,,,1971-12-01,1979-10-31,1971-01-01,1979-01-01,6967966.290986982
Honolulu International Airport,US,HI,91182,PHNL,21.3333,-157.95,4.0,Pacific/Honolulu,1939-06-01,2024-08-12,1939-06-01,2024-12-30,1939-01-01,2022-01-01,6976053.450232794
Hickam Afb / Hickam Housing,US,HI,91180,PHIK,21.3333,-157.95,3.0,Pacific/Honolulu,2001-05-18,2016-03-03,,,,,6976053.450232794
Wheeler Air Force Base / Oahu,US,HI,91170,PHHI,21.4833,-158.0333,255.0,Pacific/Honolulu,1939-06-01,2024-08-12,1940-06-19,2022-04-25,1940-01-01,2022-01-01,6977069.4010695685
Kalaeloa Airport,US,HI,91178,PHJR,21.3167,-158.0667,10.0,Pacific/Honolulu,2015-09-05,2024-08-12,1949-01-01,2022-04-24,1949-01-01,1998-01-01,6987831.217524556
Lualualei;Oahu / Mikilua Camp,US,HI,91172,,21.4333,-158.1333,35.0,Pacific/Honolulu,,,1949-10-01,2022-04-29,1949-01-01,2020-01-01,6988788.191162124
Kaena Point / Mokul?‘Ia Beach Colony,US,HI,91171,,21.5667,-158.25,341.0,Pacific/Honolulu,,,1972-05-01,2024-07-31,1972-01-01,1985-01-01,6993710.765118931
Kilauea Point / Kilauea Pt / K?Lauea,US,HI,91164,,22.2333,-159.4,55.0,Pacific/Honolulu,,,1949-10-01,1985-06-30,1949-01-01,1985-01-01,7071633.536624521
Lihue Airport,US,HI,91165,PHLI,21.9833,-159.3333,45.0,Pacific/Honolulu,1973-01-01,2024-08-12,1950-02-01,2024-12-30,1950-01-01,2022-01-01,7076741.860571265
Pmrf Barking Sands,US,HI,91162,PHBK,22.0333,-159.7833,4.0,Pacific/Honolulu,1942-04-22,2024-08-12,1942-11-11,2022-04-25,1943-01-01,2021-01-01,7116759.908426733
Atka,US,AK,,PAAK,52.2206,-174.2062,17.0,America/Adak,2006-01-01,2024-08-12,2006-01-01,2022-04-24,,,7144033.092496987
Adak Island Airport,US,AK,70454,PADK,51.8667,-176.6333,6.0,America/Adak,1942-10-30,2024-08-12,1942-10-01,2024-08-04,1942-01-01,2022-01-01,7314012.0584333325
Shemya Eareckson As,US,AK,70414,PASY,52.7167,174.1167,30.0,America/Adak,2005-01-01,2024-08-11,1943-07-01,2022-04-20,1943-01-01,2020-01-01,7860782.831198521
Attu,US,AK,70409,PAAT,52.8333,173.1833,21.0,America/Adak,,,1917-07-01,1993-08-31,1917-01-01,1993-01-01,7911829.127006221
"Sand Island, Henderson Field Airport",US,HI,91066,PMDY,28.2167,-177.3667,4.0,Pacific/Midway,1945-04-01,2024-05-06,1945-04-02,2024-05-04,1945-01-01,2022-01-01,8421076.352386419
Northway Airport,US,AK,70291,PAOR,62.9667,141.9333,523.0,America/Juneau,1945-01-01,2024-08-12,1942-09-08,2024-08-04,1942-01-01,2022-01-01,8732965.823565029
"Wake Island, Wake Island Army Airfield Airport",US,WQ,91245,PWAK,19.2833,166.65,4.0,Pacific/Wake,1945-12-31,2024-08-12,1946-01-01,2022-04-25,1946-01-01,2021-01-01,10324003.555345917
"Saipan Island, Saipan International Airport",US,SA,91232,PGSN,15.1167,145.7333,66.0,Pacific/Saipan,1944-07-10,2024-08-12,1944-07-17,2024-08-07,1944-01-01,2022-01-01,12363987.66296833
"Tinian Island, N. Mariana Is, West Tinian Airport",US,TI,91233,PGWT,14.9833,145.6167,82.0,Pacific/Saipan,2005-01-01,2024-08-12,,,,,12383213.95973635
"Rota Island, N. Mariana Is, Rota International Airport",US,RO,91221,PGRO,14.1833,145.25,185.0,Pacific/Saipan,2005-01-01,2024-08-12,1993-07-01,2024-08-08,1993-01-01,2022-01-01,12471995.686078193
"Guam, Mariana Island",US,,91217,PGAC,13.9167,144.8333,111.0,Pacific/Guam,1973-01-01,2001-08-23,,,1981-01-01,1994-01-01,12525243.16366283
"Andersen, Mariana Is, Andersen Air Force Base",US,,91218,PGUA,13.5833,144.9333,187.0,Pacific/Guam,2005-01-01,2024-08-12,2005-01-04,2022-04-26,1959-01-01,2021-01-01,12541980.940298896
"Agana, Guam International Airport",US,,91212,PGUM,13.4833,144.8,91.0,Pacific/Guam,1973-01-01,2024-08-12,1945-09-01,2024-12-30,1957-01-01,2022-01-01,12560133.634059895
Henry,US,,89108,,-89.0,-0.3,2755.0,Antarctica/South_Pole,,,1994-06-01,2021-11-08,1994-01-01,2021-01-01,13389270.76793922
Linda,US,,89769,,-78.5,168.35,50.0,Antarctica/McMurdo,,,1994-06-24,2021-11-09,1994-01-01,2021-01-01,13624203.787741078
Minna Bluff,US,,89768,,-78.55,166.7,920.0,Antarctica/McMurdo,,,1994-12-08,2019-01-16,1995-01-01,2018-01-01,13659637.248381814
