USAF,WBAN,STATION NAME,CTRY,STATE,ICAO,LAT,LON,ELEV(M),BEGIN,END
690020,93218,JOLON HUNTER LIGGETT MIL RES,US,CA,KHGT,36,-121.233,317,19640715,19970401
690070,93217,FRITZSCHE AAF,US,CA,KOAR,36.683,-121.767,43,19600404,19930831
690140,93101,EL TORO MCAS,US,CA,KNZJ,33.667,-117.733,116.7,19890101,19990630
690150,93121,TWENTY NINE PALMS,US,CA,KNXP,34.3,-116.167,625.1,19900102,20200211
690190,13910,ABILENE DYESS AFB,US,TX,KDYS,32.433,-99.85,545.3,19431201,20091231
690230,24255,WHIDBEY ISLAND NAS,US,WA,KNUW,48.35,-122.667,14.3,19891201,20090602
690310,3125,YUMA PROVING GROUND,US,AZ,,32.833,-114.4,98.8,19870701,19900420
699604,3145,YUMA MCAS,US,AZ,KNYL,32.65,-114.617,64.9,19870701,20091231
700001,26492,PORTAGE GLACIER,US,AK,PATO,60.785,-148.839,31.4,20060101,20200211
700197,26558,SELAWIK,US,AK,PASK,66.6,-159.986,7.6,20060101,20200211
700260,27502,W POST-WILL ROGERS MEMORIAL AIRPORT,US,AK,PABR,71.283,-156.782,9.5,19450101,20200211
700271,27506,BARROW POINT BARROW,US,AK,KPBA,71.333,-156.65,6.1,19740318,19750302
700300,27503,WAINWRIGHT AIRPORT,US,AK,PAWI,70.639,-159.995,9.1,19991102,20200211
700300,27508,WAINWRIGHT (DEW),US,AK,PAWI,70.617,-159.85,27,19730101,19991231
700450,27512,LONELY,US,AK,LNI,70.917,-153.25,9.1,19730101,19890925
700630,27403,OLIKTOK POW 2,US,AK,POLI,70.5,-149.883,4.9,19730101,19990929
700631,25715,ATKA AIRPORT,US,AK,PAAK,52.22,-174.206,17.1,20060101,20130430
700632,26645,BUCKLAND AIRPORT,US,AK,PABL,65.983,-161.133,9.1,20060101,20200211
700634,27408,UGNU-KUPRAUK AIRPORT,US,AK,PAKU,70.331,-149.598,20.4,20060101,20200211
700635,26465,GALBRAITH LAKE AIRPORT,US,AK,PAGB,68.479,-149.49,812.6,20060105,20200206
700636,27405,PRUDHOE BAY,US,AK,PAUD,70.25,-148.333,14,19730101,19990614
700637,27406,DEADHORSE AIRPORT,US,AK,PASC,70.192,-148.477,18.6,19730101,20200211
700860,27401,BARTER ISLAND AIRPORT,US,AK,PABA,70.134,-143.577,0.6,19471001,20200211
701040,26631,CAPE LISBURNE LRRS AIRPORT,US,AK,PALU,68.867,-166.133,4.9,20060101,20200211
701043,26623,POINT HOPE AIRPORT,US,AK,PAPO,68.35,-166.8,4,20060101,20200211
701045,26649,RED DOG AIRPORT,US,AK,PADG,68.031,-162.903,296.9,20060103,20200211
701046,26418,CENTRAL AIRPORT,US,AK,PACE,65.567,-144.765,280.4,20020902,20130210
701160,26618,WALES,US,AK,,65.617,-168.05,5,19430701,19771221
701170,26634,TIN CITY LRRS AIRPORT,US,AK,PATC,65.563,-167.921,82.6,20060101,20200211
701195,26625,SHISHMAREF/NEW AIRPORT,US,AK,PASH,66.25,-166.089,2.1,20060101,20200116
701196,102,BOB BARKER MEMORIAL AIRPORT,US,AK,PAIK,66.983,-160.433,51.2,20080822,20200211
701210,26624,POINT LAY LRRS AIRPORT,US,AK,PPIZ,69.733,-163.005,7.6,20060101,20200211
701210,26638,POINT LAY,US,AK,PPIZ,69.817,-162.917,6,19730101,19991231
701213,26638,POINT LAY LIZ 2,US,AK,PIZ,69.733,-163.017,6.1,19920318,19960630
701330,26616,RALPH WIEN MEMORIAL AIRPORT,US,AK,PAOT,66.867,-162.633,9.1,19730101,20200211
701333,26643,DEERING AIRPORT,US,AK,PADE,66.069,-162.764,6.4,19990102,20200211
701335,26648,NOATAK AIRPORT,US,AK,PAWN,67.566,-162.975,26.8,20060101,20200211
701337,103,WALES AIRPORT,US,AK,PAIW,65.617,-168.1,7,20090122,20200211
701486,26642,KIVALINA AIRPORT,US,AK,PAVL,67.732,-164.548,3.1,20060101,20200211
701620,26508,UMIAT,US,AK,PAUM,69.367,-152.133,85,19460101,20130411
701625,26542,ANAKTUVUK PASS AIRPORT,US,AK,PAKP,68.167,-151.767,640.1,20060101,20200211
701718,26551,AMBLER AIRPORT,US,AK,PAFM,67.1,-157.85,88.1,20060101,20200211
701719,490,SHUNGNAK AIRPORT,US,AK,PAGH,66.888,-157.162,62.8,20091210,20200211
701730,26535,INDIAN MOUNTAIN LRRS ARPT,US,AK,PAIM,66,-153.7,388.9,20050101,20200211
701740,26533,BETTLES AIRPORT,US,AK,PABT,66.917,-151.515,193.2,19450101,20200211
701745,26480,CHANDALAR LAKE AIRPORT,US,AK,PALR,67.511,-148.493,577.6,20060101,20141009
701747,26467,MERRILL PASS WEST,US,AK,PAER,61.25,-153.82,358,19730825,19750729
701747,26554,MERRILL PASS WEST,US,AK,PAER,61.267,-153.8,356.6,20050101,20140615
701780,26529,RALPH M CALHOUN MEML ARPT,US,AK,PATA,65.175,-152.107,67.7,19430601,20200211
701793,26524,MANLEY HOT SPRINGS,US,AK,PAML,64.999,-150.638,82.9,20060101,20140501
701940,26413,FORT YUKON AIRPORT,US,AK,PFYU,66.567,-145.267,135.6,19730101,20200211
701945,46405,ARCTIC VILLAGE AIRPORT,US,AK,PARC,68.115,-145.579,637.6,20060101,20200205
701975,26422,EAGLE AIRPORT,US,AK,PAEG,64.777,-141.148,276.8,20060101,20200211
701995,26628,CAPE DARBY REMOT COM OUTLT,US,AK,PAGL,64.55,-163.007,7.6,20050101,20200211
702000,26617,NOME AIRPORT,US,AK,PAOM,64.511,-165.44,4,19400101,20200211
702005,26647,ST MARY'S AIRPORT,US,AK,PASM,62.062,-163.3,95.1,20060101,20200211
702006,26502,KALTAG AIRPORT,US,AK,PAKV,64.327,-158.742,55.2,20060101,20200211
702031,26620,MOSES POINT,US,AK,,64.7,-162.05,6.1,19430608,19790128
702035,26704,SAVOONGA AIRPORT,US,AK,PASA,63.687,-170.493,16.8,20060108,20200211
702040,26703,GAMBELL AIRPORT,US,AK,PAGM,63.767,-171.733,8.5,19870603,20200211
702060,26632,NORTHEAST CAPE,US,AK,KOHC,63.317,-168.967,9.1,19520729,19690819
702070,26627,UNALAKLEET AIRPORT,US,AK,PAUN,63.883,-160.8,5.5,19430601,20200211
702075,26644,ANVIK AIRPORT,US,AK,PANV,62.65,-160.183,26.8,20060101,20200211
702084,26650,EMMONAK,US,AK,PAEM,62.785,-164.491,4.3,20060101,20200129
702120,26633,CAPE ROMANZOFF AFS,US,AK,PACZ,61.783,-166.033,146,19530401,19991231
702120,26646,CAPE ROMANZOF LRRS ARPT,US,AK,PACZ,61.783,-166.033,146,20060101,20200211
702185,26622,MEKORYUK AIRPORT,US,AK,PAMY,60.383,-166.2,13.7,20060105,20200211
702186,26651,HOOPER BAY AIRPORT,US,AK,PAHP,61.524,-166.147,5.5,20060101,20200211
702190,26615,BETHEL AIRPORT,US,AK,PABE,60.785,-161.829,31.1,19450101,20200211
702220,26501,GALENA AIRPORT,US,AK,PAGA,64.737,-156.934,46.6,20060101,20200211
702223,26602,KOYUK AIRPORT,US,AK,PAKK,64.935,-161.155,33.5,20060101,20200211
702310,26510,MCGRATH AIRPORT,US,AK,PAMC,62.957,-155.61,101.5,19730101,20200211
702312,26519,FAREWELL LAKE,US,AK,PAFK,62.54,-153.617,321,19970402,19991231
702312,26555,FAREWELL LAKE SEAPLANE BASE,US,AK,PAFK,62.543,-153.623,3207.7,20060101,20140419
702315,26536,TATALINA LRRS AIRPORT,US,AK,PATL,62.894,-155.976,293.8,20060101,20200211
702320,26516,ANIAK AIRPORT,US,AK,PANI,61.582,-159.543,25.9,19730101,20200211
702325,26443,WASILLA AIRPORT,US,AK,PAWS,61.572,-149.541,107.9,20040702,20200211
702350,26534,SPARREVOHN LRRS AIRPORT,US,AK,PASV,61.1,-155.583,484,20060101,20200211
702460,26512,MINCHUMINA,US,AK,PAMH,63.886,-152.302,206.7,19730101,20200211
702490,26526,PUNTILLA LAKE,US,AK,PAPT,62.091,-152.735,566.3,20060101,20200211
702495,26547,HAYES RIVER AIRPORT,US,AK,PAHZ,61.983,-152.083,305.1,20060101,20110127
702510,26528,TALKEETNA AIRPORT,US,AK,PATK,62.32,-150.095,106.7,19730101,20200211
702550,26514,SKWENTNA AIRPORT,US,AK,PASW,61.977,-151.217,45.7,19730101,20161001
702590,26523,KENAI MUNICIPAL AIRPORT,US,AK,PAEN,60.58,-151.239,27.7,19730101,20200211
702595,26559,SOLDOTNA AIRPORT,US,AK,PASX,60.476,-151.034,34.4,20060101,20200211
702600,26435,NENANA MUNICIPAL AIRPORT,US,AK,PANN,64.55,-149.072,109.7,19430706,20200211
702606,96401,CHULITNA,US,AK,PAEC,62.826,-149.907,426.7,20060101,20200211
702607,25378,HOONAH SEAPLANE BASE,US,AK,PAOH,58.096,-135.409,0,20060101,20200211
702610,26411,FAIRBANKS INTERNATIONAL,US,AK,PAFA,64.804,-147.876,131.7,19460101,20200211
702615,26498,WAINWRIGHT AAF AIRPORT,US,AK,PAFB,64.838,-147.614,138.4,20060103,20200211
702625,104,NIKOLAI AIRPORT,US,AK,PAFS,63.017,-154.367,126.2,20061024,20200211
702627,26561,RUBY  AIRPORT,US,AK,PARY,64.727,-155.47,199,20061001,20200211
702628,105,MARSHALL DON HUNTER SR AIRPORT,US,AK,PADM,61.867,-162.033,31.1,20061024,20191207
702640,26414,SUMMIT,US,AK,PAST,63.331,-149.127,734.3,19730101,19840107
702645,46403,MCKINLEY NATIONAL PARK AIRPORT,US,AK,PAIN,63.733,-148.917,524.3,20060101,20200211
702647,26499,HEALY RIVER AIRPORT,US,AK,PAHV,63.866,-148.969,3945.3,20060101,20120608
702648,46406,CANTWELL AIRPORT,US,AK,PATW,63.391,-148.956,667.5,20060102,20110827
702650,26407,EIELSON AFB AIRPORT,US,AK,PAEI,64.683,-147.083,166.7,20060102,20200211
702670,26415,ALLEN ARMY AIRFIELD,US,AK,PABI,63.994,-145.721,389.2,19451015,20200211
702675,26484,PAXSON AIRPORT,US,AK,PAXK,63.032,-145.498,823,20060101,20101003
702685,27518,ATQASUK EDWARD BURNELL SR. MEMORIAL AIRPORT,US,AK,PATQ,70.467,-157.436,29.3,20060501,20200211
702686,106,KIPNUK AIRPORT,US,AK,PAKI,60.9,-161.233,9.1,20060501,20200211
702695,96402,JONESVILLE MINE AIRPORT,US,AK,PAJV,61.714,-148.909,167.6,20060101,20111102
702697,107,NEW STUYAHOK AIRPORT,US,AK,PANW,59.45,-157.333,92.1,20061010,20200211
702700,489,BRYANT ARMY AIRFIELD HELIPORT,US,AK,PAFR,61.266,-149.653,118.3,20130415,20200211
702710,26425,GULKANA AIRPORT,US,AK,PAGK,62.159,-145.459,476.1,19450101,20200211
702711,26439,SHEEP MOUNTAIN AIRPORT,US,AK,PASP,61.812,-147.507,853.4,20050101,20111101
702715,46407,SKELTON AIRPORT,US,AK,PAZK,61.949,-147.169,1002.5,20060101,20200211
702720,26401,ELMENDORF AFB AIRPORT,US,AK,PAED,61.253,-149.794,64.6,20060101,20200211
702725,26491,LAKE HOOD SEAPLANE BASE,US,AK,PALH,61.178,-149.966,27.4,20020101,20200211
702730,26451,TED STEVENS ANCHORAGE INTL,US,AK,PANC,61.169,-150.028,36.6,19730101,20200211
702735,26409,MERRILL FIELD AIRPORT,US,AK,PAMR,61.217,-149.855,42.1,19450101,20200211
702740,25331,PALMER MUNICIPAL AIRPORT,US,AK,PAAQ,61.596,-149.092,70.1,19990101,20200211
702745,26560,WILLOW AIRPORT,US,AK,PAUO,61.748,-150.054,62.5,20060101,20111101
702746,26497,BIRCHWOOD AIRPORT,US,AK,PABV,61.416,-149.507,29.3,20060101,20200211
702750,26442,NATIONAL WEATHER SERVICE OFFICE,US,AK,PAVW,61.13,-146.352,29,19730101,20140401
702755,46404,MCCARTHY AIRPORT,US,AK,PAMX,61.437,-142.904,466.7,20060101,20140901
702756,26479,VALDEZ PIONEER FIELD AIRPORT,US,AK,PAVD,61.132,-146.244,18.3,20060101,20200211
702757,26444,WHITTIER AIRPORT,US,AK,PAWR,60.783,-148.733,11.9,20060101,20120520
702758,27517,ALPINE AIRSTRIP,US,AK,PALP,70.344,-150.945,5.5,20060101,20200211
702770,26438,SEWARD AIRPORT,US,AK,PAWD,60.128,-149.417,6.7,20060101,20200211
702790,26417,CAPE HINCHINBROOK,US,AK,,60.233,-146.65,56,19740101,19800622
702910,26412,NORTHWAY AIRPORT,US,AK,PAOR,62.962,-141.988,522.1,19450101,20200211
702913,46402,DEVILS MOUNTAIN LODGE AIRPORT,US,AK,PABN,62.402,-142.995,877.8,20060101,20141001
702915,26486,DUFFY'S TAVERN AIRPORT,US,AK,PADT,62.709,-143.981,668.1,20060101,20110701
702923,26440,TANACROSS,US,AK,TSG,63.383,-143.333,472,19440522,19500901
702960,26410,M.K.(MUDHOLE) SMITH ARPT,US,AK,PACV,60.489,-145.451,9.5,19420611,20200211
702980,26445,YAKATAGA,US,AK,PACY,60.083,-142.5,11,19730315,19990706
702986,26557,BIG RIVER LAKE,US,AK,PALV,60.814,-152.297,18.3,20060101,20190808
703050,25623,CAPE HEWENHAM LRRS AIRPORT,US,AK,PAEH,58.65,-162.067,164.9,20060101,20200211
703051,26521,HOLY CROSS AIRPORT,US,AK,PAHC,62.183,-159.767,6.1,20060101,20200211
703052,26652,KALSKAG AIRPORT,US,AK,PALG,61.536,-160.341,16.8,20060117,20200211
703053,26654,RUSSIAN MISSION AIRPORT,US,AK,PARS,61.775,-161.319,15.5,20060101,20200211
703054,108,SCAMMON BAY AIRPORT,US,AK,PACM,61.85,-165.567,4.3,20050929,20200211
703055,109,MANOKOTAK AIRPORT,US,AK,PAMB,58.983,-159.05,15.9,20050929,20200211
703056,26635,MOUNTAIN VILLAGE AIRPORT,US,AK,PAMO,62.095,-163.682,102.7,20060101,20200211
703057,26653,TOKSOOK BAY AIRPORT,US,AK,PAOO,60.541,-165.087,18,20060101,20200211
703058,110,NELSON LAGOON AIRPORT,US,AK,PAOU,56.017,-161.167,4.3,20050930,20200211
703061,25521,IGIUGIG AIRPORT,US,AK,PAIG,59.324,-155.902,27.4,20060101,20200211
703080,25713,ST PAUL ISLAND AIRPORT,US,AK,PASN,57.155,-170.222,10.7,19431105,20200211
703160,25624,COLD BAY AIRPORT,US,AK,PACD,55.221,-162.732,23.8,19420304,20200211
703165,25617,SAND POINT AIRPORT,US,AK,PASD,55.319,-160.521,6.4,20050101,20200211
703210,25513,DILLINGHAM AIRPORT,US,AK,PADL,59.05,-158.517,26.2,20060101,20200211
703260,25503,KING SALMON AIRPORT,US,AK,PAKN,58.683,-156.656,20.4,19420110,20200211
703330,25508,PORT HEIDEN AIRPORT,US,AK,PAPH,56.959,-158.632,26.8,20060101,20200211
703333,25518,CHIGNIK AIRPORT,US,AK,PAJC,56.311,-158.373,5.5,20060101,20191231
703334,25519,EGEGIK AIRPORT,US,AK,PAII,58.185,-157.386,28,20060101,20200211
703400,25506,ILIAMNA AIRPORT,US,AK,PAIL,59.749,-154.909,43.6,19730101,20200211
703406,26546,PORT ALSWORTH AIRPORT,US,AK,PALJ,60.204,-154.316,79.3,20050101,20200211
703407,26553,SLEETMUTE AIRPORT,US,AK,PASL,61.717,-157.15,54.3,20060101,20200211
703410,25507,HOMER AIRPORT,US,AK,PAHO,59.642,-151.491,19.5,19730101,20200211
703430,25402,MIDDLETON ISLAND METEOROLOGY RADAR SITE,US,AK,PAMD,59.433,-146.333,30.5,19450101,20200211
703430,25403,MIDDLETON ISLAND,US,AK,PAMD,59.433,-146.333,14,19771101,19991231
703431,25402,MIDDLETON ISLAND AUT,US,AK,PAMD,59.433,-146.333,14,19730105,19771121
703500,25501,KODIAK AIRPORT,US,AK,PADQ,57.751,-152.486,24.4,19450101,20200211
703605,25604,PLATINUM AIRPORT,US,AK,PAPM,59.011,-161.82,4.6,20060323,20200211
703606,25629,TOGIAK AIRPORT,US,AK,PATG,59.067,-160.367,6.1,20060101,20200211
703610,25339,YAKUTAT AIRPORT,US,AK,PAYA,59.512,-139.671,10.1,19410501,20200211
703620,25335,SKAGWAY AIRPORT,US,AK,PAGY,59.456,-135.324,6.1,19431001,20200211
703621,25516,SELDOVIA AIRPORT,US,AK,PASO,59.443,-151.702,8.8,20060101,20200211
703626,25323,HAINES,US,AK,PAHN,59.243,-135.509,4.6,19960613,20200211
703644,27515,NUIQSUT AIRPORT,US,AK,PAQT,70.212,-151.002,17.4,20060101,20200211
703650,25316,CAPE SPENCER,US,AK,KCSP,58.2,-136.633,27.1,19730101,19891011
703655,26552,HUSLIA AIRPORT,US,AK,PAHL,65.698,-156.351,54.9,20060101,20200211
703670,25322,GUSTAVUS,US,AK,PAGS,58.411,-135.709,12.2,19760801,20200211
703710,25333,SITKA ROCKY GUTIERREZ ARPT,US,AK,PASI,57.048,-135.365,4.3,19730101,20200211
703810,25309,JUNEAU INTERNATIONAL,US,AK,PAJN,58.357,-134.564,4.9,19730101,20200211
703817,25357,ELFIN COVE SEAPLANE BASE,US,AK,PAEL,58.192,-136.344,6.1,20060101,20200211
703830,25310,ANGOON SEAPLANE BASE,US,AK,PAGN,57.499,-134.586,8.5,19730101,20200211
703835,25628,ST. GEORGE AIRPORT,US,AK,PAPB,56.6,-169.565,38.1,20060101,20200211
703855,25369,KAKE AIRPORT,US,AK,PAFE,56.967,-133.9,52.4,20060101,20200211
703860,25329,JAMES A JOHNSON AIRPORT,US,AK,PAPG,56.806,-132.937,32.6,19730101,20200211
703870,25338,WRANGELL AIRPORT,US,AK,PAWG,56.473,-132.387,17.1,20060101,20200211
703880,25315,CAPE DECISION,US,AK,KCDE,56,-134.133,14.9,19730101,19891011
703884,25376,HYDABURG SEAPLANE BASE,US,AK,PAHY,55.206,-132.828,0,20060101,20200205
703886,25348,PORT ALEXANDER SPB,US,AK,PAAP,56.247,-134.645,3.7,20060101,20151117
703888,111,SHAKTOOLIK AIRPORT,US,AK,PFSH,64.37,-161.224,7,20101101,20200211
703894,25367,KLAWOCK AIRPORT,US,AK,PAKW,55.58,-133.075,3.7,20000101,20200211
703920,25317,CRAIG SEAPLANE,US,AK,CGA,55.483,-133.15,0,19730102,19740129
703925,112,KOLIGANEK AIRPORT,US,AK,PAJZ,59.733,-157.267,82.3,20070521,20200211
703950,25325,KETCHIKAN INTL AIRPORT,US,AK,PAKT,55.35,-131.65,24.4,19730101,20200211
703980,25308,ANNETTE ISLAND AIRPORT,US,AK,PANT,55.039,-131.579,33.2,19410714,20191001
703985,25377,METLAKATLA SEAPLANE BASE,US,AK,PAMM,55.131,-131.578,0,20060101,20200211
704090,45709,ATTU,US,AK,,52.833,173.183,21,19430607,19871020
704140,45715,EARECKSON AIR STATION AIRPORT,US,AK,PASY,52.717,174.1,37.2,20050101,20200211
704540,25704,ADAK NAS,US,AK,PADK,51.883,-176.65,5.2,19421030,20200206
704820,25626,NIKOLSKI,US,AK,,52.95,-168.85,21,19420910,19940514
704890,25616,DUTCH HARBOR AIRPORT,US,AK,PADU,53.895,-166.543,3.1,20081124,20200211
704896,25625,PORT MOLLER,US,AK,KPML,56,-160.517,321,19590626,19740306
704897,25515,DRIFTWOOD BAY,US,AK,KDFB,53.967,-166.85,395.9,19730207,19731224
704898,113,ROBERT (BOB) CURTIS MEMORIAL AIRPORT,US,AK,PFNO,66.818,-161.022,17.1,20110525,20200211
720110,53983,LLANO MUNICIPAL AIRPORT,US,TX,KAQO,30.784,-98.662,335.9,20050101,20200211
720113,54829,OAKLAND/TROY AIRPORT,US,MI,KVLL,42.543,-83.178,218.2,20050101,20200211
720120,63837,HILTON HEAD AIRPORT,US,SC,KHXD,32.217,-80.7,7.3,20060101,20200211
720122,114,STARR BROWNING AIRSTRIP,US,MT,K8S0,48.6,-113.117,1419.2,20140731,20150930
720137,4867,MORS MUNI-J.R. WSBRN FD AP,US,IL,KC09,41.425,-88.419,178,20060101,20200211
720141,4868,MARSHALL CO,US,IL,KC75,41.019,-89.386,173.1,20060101,20130430
720151,3049,ALPINE-CASPARIS MUNI ARPT,US,TX,KE38,30.383,-103.683,1375.6,20060101,20200211
720160,63884,KEE FLD,US,WV,KI16,37.601,-81.559,543.5,20060101,20130501
720169,116,WASHINGTON REGIONAL AIRPORT,US,MO,KFYG,38.583,-91,149.1,20120209,20200212
720170,63851,METROPOLIS MUNICIPAL AIRPORT,US,IL,KM30,37.186,-88.751,117,20060101,20200212
720172,53996,MENA INTERMOUNTAIN MUNICIPAL AIRPORT,US,AR,KMEZ,34.545,-94.203,328.9,20060101,20200211
720175,53919,MONTCELO MUNI/ELLIS FLD AP,US,AR,KLLQ,33.636,-91.756,88.4,20050101,20200211
720193,117,LONNIE POOL FIELD WEAVERVILLE AIRPORT,US,CA,KO54,40.747,-122.922,716.3,20101030,20200211
720198,54813,MUNISING LAKESHORE,US,MI,KP53,46.417,-86.65,186.5,20060101,20200211
720202,118,TILLAMOOK AIRPORT,US,OR,KTMK,45.417,-123.817,11.3,20050103,20200211
720254,119,CHEHALIS CENTRALIA AIRPORT,US,WA,KCLS,46.683,-122.983,54.3,20070216,20200211
720257,63835,EARLY COUNTY AIRPORT,US,GA,KBIJ,31.397,-84.895,65.2,20060101,20200212
720258,4997,ISEDOR IVERSON AIRPORT,US,MN,KHZX,46.619,-93.31,374.3,20060101,20200211
720259,63844,MACON CO,US,NC,K1A5,35.223,-83.419,615.7,20060101,20130501
720261,53976,BRIDGEPORT MUNICIPAL ARPT,US,TX,KXBP,33.175,-97.828,259.4,20060101,20200211
720262,94076,MC ELROY AFLD,US,CO,K20V,40.054,-106.369,2258.9,20060101,20130430
720263,63834,ELBERT CO-PATZ FLD AIRPORT,US,GA,K27A,34.095,-82.816,183.8,20050101,20190913
720264,63827,TAZEWELL COUNTY AIRPORT,US,VA,K6V3,37.064,-81.798,808.3,20060101,20130430
720265,63833,THOMAS C RUSSELL FLD ARPT,US,AL,KALX,32.915,-85.963,209.1,20060101,20200212
720266,54809,WARSAW MUNICIPAL AIRPORT,US,IN,KASW,41.275,-85.84,259.1,20060101,20200211
720267,23224,AUBURN MUNICIPAL AIRPORT,US,CA,KAUN,38.955,-121.082,466.7,20060101,20200211
720268,53882,DCATR CO INDUS AIRPK ARPT,US,GA,KBGE,30.983,-84.633,43,20060101,20200212
720269,12982,BROOKS COUNTY AIRPORT,US,TX,KBKS,27.207,-98.121,34.1,20060101,20200211
720271,3044,BIG SRNG MCMHN-WRKLE ARPT,US,TX,KBPG,32.213,-101.521,784.3,20060101,20200212
720272,94282,SKAGIT REGIONAL AIRPORT,US,WA,KBVS,48.467,-122.417,42.7,20060101,20200211
720273,12981,BAY CITY MUNICIPAL AIRPORT,US,TX,KBYY,28.973,-95.863,13.7,20060101,20200212
720274,93799,COLUMBUS CO MUNICIPAL ARPT,US,NC,KCPC,34.273,-78.715,29.9,20060101,20200211
720275,4872,TOLEDO SUBURBAN AIRPORT,US,MI,KDUH,41.736,-83.655,203.9,20060101,20200211
720276,12983,EDINBURG INTL AIRPORT,US,TX,KEBG,26.442,-98.129,24.4,20060101,20200211
720277,63843,SHELBY MUNICIPAL AIRPORT,US,NC,KEHO,35.256,-81.601,258.2,20060101,20200211
720278,3704,EMPORIA-GRENVLE RGNL ARPT,US,VA,KEMV,36.687,-77.483,38.7,20060101,20200211
720279,3705,CURTIS L BROWN JR FLD ARPT,US,NC,KEYF,34.602,-78.578,40.5,20060101,20200211
720281,53969,WILBARGER CO,US,TX,KF05,34.226,-99.284,385.6,20060101,20130430
720282,3736,FIRST FLIGHT AIRPORT,US,NC,KFFA,36.018,-75.671,4,20060101,20200211
720283,4927,FILLMORE COUNTY AIRPORT,US,MN,KFKA,43.677,-92.18,388.9,20060101,20200211
720284,4877,FITCH H BEACH AIRPORT,US,MI,KFPK,42.574,-84.811,267.6,20060101,20200211
720285,3734,MIDDLE PENINSULA REGIONAL AIRPORT,US,VA,KFYJ,37.521,-76.765,7.3,20060101,20200211
720286,53977,GRANBURY MUNICIPAL ARPT,US,TX,KGDJ,32.444,-97.817,237.1,20060101,20200211
720287,53967,GRAYSON COUNTY AIRPORT,US,TX,KGYI,33.714,-96.674,228.3,20060101,20200211
720288,3711,HENDERSON-OXFORD AIRPORT,US,NC,KHNZ,36.361,-78.529,160.6,20060101,20200211
720289,63836,THOMSON-MCDUFFIE CO ARPT,US,GA,KHQU,33.53,-82.516,151.8,20050101,20200211
720291,53970,MESQUITE METROPOLITAN ARPT,US,TX,KHQZ,32.747,-96.531,136.3,20060101,20200211
720293,4989,INDEPENDENCE MUNICIPAL APT,US,IA,KIIB,42.453,-91.948,298.1,20060101,20200211
720294,53898,WASHINGTON-WILKES CO ARPT,US,GA,KIIY,33.78,-82.816,196.6,20061028,20200212
720295,53972,HILLSBORO MUNICIPAL ARPT,US,TX,KINJ,32.084,-97.097,208.8,20060101,20200211
720296,53945,JASPER COUNTY-BELL FLD APT,US,TX,KJAS,30.886,-94.035,64.9,20060101,20200212
720297,3730,WILLIAMSBURG-JAMESTOWN APT,US,VA,KJGG,37.239,-76.716,14.9,20060101,20200211
720298,53971,CHEROKEE COUNTY AIRPORT,US,TX,KJSO,31.869,-95.218,206.4,20060101,20200212
720299,53966,MID-WAY REGIONAL AIRPORT,US,TX,KJWY,32.456,-96.913,228.3,20060101,20200126
720301,63846,PLANTATION AIRPARK,US,GA,KJYL,32.646,-81.596,57.3,20060101,20200211
720302,53963,CRKVIL-RED RIVER CO ARPT,US,TX,KLBR,33.593,-95.064,134.1,20060101,20170326
720303,53973,HEARNE MUNICIPAL AIRPORT,US,TX,KLHB,30.872,-96.622,86.9,20060101,20200211
720304,64752,WINGS FIELD AIRPORT,US,PA,KLOM,40.1,-75.267,92.1,20050101,20200212
720305,53964,DECATUR MUNICIPAL AIRPORT,US,TX,KLUD,33.254,-97.581,319.1,20060101,20200211
720306,53879,LEE'S SUMMIT MUNICIPAL APT,US,MO,KLXT,38.96,-94.371,303.9,20060101,20200211
720307,63804,MADISON CO EXECUTIVE ARPT,US,AL,KMDQ,34.861,-86.557,230.1,20060101,20200212
720308,4992,MILLARD AIRPORT,US,NE,KMLE,41.196,-96.112,319.7,20060101,20200211
720309,4947,MOUNT PLEASANT MUNI ARPT,US,IA,KMPZ,40.947,-91.511,223.7,20060101,20200211
720311,53962,MOUNT PLEASANT RGNL ARPT,US,TX,KOSA,33.096,-94.961,110.6,20060101,20200211
720312,4964,PELLA MUNICIPAL AIRPORT,US,IA,KPEA,41.4,-92.946,269.8,20060101,20200211
720313,3052,PERRY LEFORS FIELD AIRPORT,US,TX,KPPA,35.613,-100.996,989.1,20060101,20200211
720314,93983,PALESTINE MUNICIPAL ARPT,US,TX,KPSN,31.78,-95.706,128.9,20060101,20200212
720315,3045,PERRYTON OCHILTREE CO ARPT,US,TX,KPYX,36.414,-100.75,889.4,20060101,20200211
720316,12984,NUECES COUNTY ARIPORT,US,TX,KRBO,27.779,-97.691,24.1,20060101,20200211
720317,3735,STAFFORD REGIONAL AIRPORT,US,VA,KRMN,38.398,-77.456,64.6,20060101,20200212
720318,53965,GRAHAM MUNICIPAL AIRPORT,US,TX,KRPH,33.11,-98.555,342.3,20060101,20200211
720319,63841,ROBINSON MUNICIPAL AIRPORT,US,IL,KRSV,39.016,-87.65,140.8,20060101,20200211
720320,53981,CLEBURNE MUNICIPAL AIRPORT,US,TX,KCPT,32.354,-97.434,260.3,20060101,20200212
720321,4893,CHEBOYGAN COUNTY AIRPORT,US,MI,KSLH,45.654,-84.519,193.6,20060101,20200211
720322,4129,SANDPOINT AIRPORT,US,ID,KSZT,48.299,-116.56,648.3,20060101,20200211
720323,93947,GILLESPIE CO,US,TX,KT82,30.243,-98.91,516.6,20060101,20200211
720324,64753,QUAKERTOWN AIRPORT,US,PA,KUKT,40.435,-75.382,160.3,20060101,20200212
720326,4981,VINTON VETERANS MEMORIAL AIRPARK AIRPORT,US,IA,KVTI,42.219,-92.026,257.6,20060101,20200211
720327,4995,MENOMONIE MUNICIPAL AIRPORT-SCORE FIELD,US,WI,KLUM,44.892,-91.868,272.8,20060101,20200211
720328,63832,UPSHUR COUNTY RGNL AIRPORT,US,WV,KW22,39,-80.274,498.4,20060101,20200212
720330,63853,MOUNT CARMEL MUNICIPAL AIRPORT,US,IL,KAJG,38.607,-87.727,161.2,20060101,20200211
720333,53175,CORONA MUNICIPAL AIRPORT,US,CA,KAJO,33.898,-117.602,162.5,20060907,20200211
720334,93764,GAITHERSBURG MONTGOMERY COUNTY AIR PARK,US,MD,KGAI,39.167,-77.167,164.3,20071017,20200212
720339,121,RYAN FIELD AIRPORT,US,AZ,KRYN,32.15,-111.167,737,20071115,20200211
720340,54818,FRANKFORT DOW MEMORIAL FIELD AIRPORT,US,MI,KFKS,44.626,-86.201,192.6,20060101,20200211
720342,53947,WATONGA AIRPORT,US,OK,KJWG,35.864,-98.421,471.8,20060101,20200212
720343,54852,WAUPACA MUNICIPAL AIRPORT,US,WI,KPCZ,44.333,-89.02,251.8,20060101,20200211
720344,54920,CHEROKEE MUNICIPAL AIRPORT/,US,IA,KCKP,42.732,-95.556,373.7,20060101,20200211
720345,94086,RALPH WENZ FIELD AIRPORT,US,WY,KPNA,42.796,-109.807,2159.8,20060101,20200212
720346,53991,ALLEN PARISH AIRPORT,US,LA,KACP,30.75,-92.688,32.6,20050408,20200211
720347,63877,GREENE COUNTY REGIONAL AIRPORT,US,GA,K3J7,33.598,-83.139,206.4,20060101,20200212
720348,63886,BALDWIN COUNTY AIRPORT,US,GA,KMLJ,33.154,-83.241,117,20060101,20200211
720351,54919,OSKALOOSA MUNICIPAL AIRPORT,US,IA,KOOA,41.226,-92.491,256,20060101,20200211
720353,63875,MIDDLESBORO-BELL COUNTY AIRPORT,US,KY,K1A6,36.611,-83.738,351.7,20060101,20200211
720354,63901,ALTUS/QUARTZ MOUNTAIN REGIONAL AIRPORT,US,OK,KAXS,34.699,-99.338,436.8,20050524,20200211
720355,3732,GREATER CUMBERLAND REGIONAL AIRPORT,US,MD,KCBE,39.6,-78.767,236.2,20060428,20200212
720356,13999,CLINTON REGIONAL AIRPORT,US,OK,KCLK,35.538,-98.933,492.6,20050611,20200211
720357,53993,CUSHING MUNICIPAL AIRPORT,US,OK,KCUH,35.95,-96.773,279.2,20060101,20200211
720358,53999,EL RENO REGIONAL AIRPORT,US,OK,KRQO,35.473,-98.006,431.9,20050817,20200211
720359,23902,SEMINOLE MUNICIPAL AIRPORT,US,OK,KSRE,35.275,-96.675,312.1,20050611,20200211
720361,63870,FLORALA MUNI,US,AL,K0J4,31.043,-86.312,95.7,20060511,20200211
720362,63874,MAC CRENSHAW MEMORIAL AIRPORT,US,AL,KPRN,31.846,-86.611,137.5,20060901,20200211
720363,63872,WEEDON FIELD AIRPORT,US,AL,KEUF,31.951,-85.129,86.9,20060901,20190304
720365,24267,BROOKINGS AIRPORT,US,OR,KBOK,42.074,-124.29,139.9,20050802,20200210
720366,63879,BRAXTON CO,US,WV,K48I,38.687,-80.652,388.6,20060101,20090815
720367,54927,PAYNESVILLE MUNICIPAL AP,US,MN,KPEX,45.372,-94.746,359.7,20050812,20200212
720368,54924,SLAYTON MUNICIPAL AIRPORT,US,MN,KDVP,43.987,-95.783,494.7,20050811,20200211
720369,4135,DRIGGS-REED MEMORIAL AIRPORT,US,ID,KDIJ,43.743,-111.098,1898.6,20061024,20200211
720371,54850,HREE RIVERS MUNICIPAL DR HAINES AIRPORT,US,MI,KHAI,41.96,-85.593,251.2,20061024,20200211
720373,92824,PLANT CITY MUNICIPAL AIRPORT,US,FL,KPCM,28,-82.164,46.9,20061024,20200212
720374,92825,PETER O KNIGHT AIRPORT,US,FL,KTPF,27.916,-82.449,2.4,20061024,20200211
720375,54844,DRUMMOND ISLAND AIRPORT,US,MI,KDRM,46.007,-83.743,202.7,20060831,20200211
720376,63880,THE ALBERTVILLE MUNI ARPT-THOMAS J BRUMLIK FLD,US,AL,K8A0,34.229,-86.256,314.6,20060403,20200212
720377,13917,NEWPORT MUNI,US,AR,KM19,35.633,-91.167,0,20060501,20200212
720378,122,NEW CASTLE MUNICIPAL AIRPORT,US,PA,KUCP,41.033,-80.417,327.1,20060501,20200212
720379,63882,WAYNE COUNTY AIRPORT,US,KY,KEKQ,36.855,-84.856,293.5,20060501,20200212
720381,63885,JACK EDWARDS AIRPORT,US,AL,KJKA,30.291,-87.672,4.9,20060501,20200212
720382,123,ST MICHAEL AIRPORT,US,AK,PAMK,63.49,-162.11,28,20060501,20200211
720383,53847,WHITING FIELD NAVAL AIR STATION-SOUTH,US,FL,KNDZ,30.704,-87.023,54.3,20070116,20200212
720384,124,BAY BRIDGE AIRPORT,US,MD,KW29,38.967,-76.333,5.2,20070401,20200212
720385,419,BERTHOUD PASS,US,CO,K0CO,39.8,-105.766,4113.3,20070401,20200211
720386,125,WILLMAR MUNICIPAL AIRPORT JOHN L RICE FIELD,US,MN,KBDH,45.117,-95.133,344.1,20070724,20200212
720388,469,PIERCE COUNTY AIRPORT THUN FIELD,US,WA,KPLU,47.104,-122.287,164.3,20070401,20200211
720391,127,BEEVILLE MUNICIPAL AIRPORT,US,TX,KBEA,28.35,-97.717,82.3,20070625,20200212
720392,128,HOMERVILLE AIRPORT,US,GA,KHOE,31.056,-82.767,57.3,20070521,20200211
720393,129,HEREFORD MUNICIPAL AIRPORT,US,TX,KHRX,34.85,-102.333,1153.1,20070521,20200211
720394,428,DEXTER B FLORENCE MEMORIAL FIELD AIRPORT,US,AR,KADF,34.1,-93.066,55.8,20130501,20200212
720395,130,PLEASANTON MUNICIPAL AIRPORT,US,TX,KPEZ,28.95,-98.517,131.1,20070521,20200211
720397,131,OHIO UNIVERSITY AIRPORT SNYDER FIELD,US,OH,KUNI,39.217,-82.233,233.2,20070521,20200212
720401,133,CLINTON MUNICIPAL AIRPORT,US,AR,KCCA,35.6,-92.45,157.3,20070628,20200212
720404,134,KICKAPOO DOWNTOWN AIRPORT,US,TX,KCWC,33.85,-98.483,304.2,20071114,20200211
720405,436,BLAIR MUNICIPAL AIRPORT,US,NE,KBTA,41.412,-96.109,395.9,20090101,20200211
720406,135,GNOSS FIELD AIRPORT,US,CA,KDVO,38.15,-122.55,1.2,20140731,20200211
720407,462,OCEAN COUNTY AIRPORT,US,NJ,KMJX,39.928,-74.292,25,20071114,20200212
720408,136,CHESTER COUNTY GO CARLSON AIRPORT,US,PA,KMQS,39.983,-75.867,201.2,20071203,20200212
720411,137,ANGEL FIRE AIRPORT,US,NM,KAXX,36.422,-105.29,2554.2,20090101,20200212
720412,54943,PERRY MUNICIPAL AIRPORT,US,IA,KPRO,41.828,-94.16,308.8,20090101,20200211
720413,138,POSEY FIELD AIRPORT,US,AL,K1M4,34.267,-87.6,284.1,20090101,20200212
720414,139,KNOX COUNTY AIRPORT,US,OH,K4I3,40.333,-82.517,363,20090101,20200212
720415,140,FREMONT MUNICIPAL AIRPORT,US,MI,KFFX,43.433,-86,253.3,20090101,20200211
720422,3037,SHALTZ FIELD AIRPORT,US,KS,KCBK,39.428,-101.046,971.1,20120403,20200211
720426,141,INDEPENDENT MUNICIPAL AIRPORT,US,KS,KIDP,37.158,-95.778,251.2,20100604,20200212
720436,142,ATKINSON MUNICIPAL AIRPORT,US,KS,KPTS,37.45,-94.733,290.2,20100113,20200212
720437,143,CHEYENNE COUNTY MUNICIPAL AIRPORT,US,KS,KSYF,39.767,-101.8,1040.3,20120423,20200211
720447,437,KYLE OAKLEY FIELD AIRPORT,US,KY,KCEY,36.665,-88.373,176.2,20101109,20200210
720448,144,STUART POWELL FIELD AIRPORT,US,KY,KDVK,37.578,-84.77,312.1,20090101,20200212
720455,145,MADISON AIRPORT,US,KY,KI39,37.633,-84.333,305.1,20101216,20200210
720456,146,MOUNT STERLING MONTGOMERY COUNTY AIRPORT,US,KY,KIOB,38.067,-83.983,311.2,20120531,20200212
720458,476,BIG SANDY REGIONAL AIRPORT,US,KY,KSJS,37.751,-82.637,372.5,20120531,20200212
720467,148,GEORGE R CARR MEMORIAL AIR FIELD,US,LA,KBXA,30.817,-89.867,36.6,20120824,20200211
720468,466,ST LANDRY PARISH AIRPORT AHART FIELD,US,LA,KOPL,30.558,-92.099,23.2,20130502,20200211
720476,455,HANNIBAL REGIONAL AIRPORT,US,MO,KHAE,39.725,-91.444,234.7,20121115,20200211
720479,149,MONETT MUNICIPAL AIRPORT,US,MO,KHFJ,36.9,-94.017,401.1,20090201,20200212
720481,3817,MALDEN FAA AIRPORT,US,MO,KMAW,36.6,-89.983,92.1,20190516,20200211
720491,150,GWINNER ROGER MELROE FIELD AIRPORT,US,ND,KGWR,46.217,-97.633,386.2,20140701,20200211
720492,151,CALEDONIA COUNTY AIRPORT,US,VT,KCDA,44.567,-72.017,362.1,20090101,20200211
720493,54758,NEWPORT AP,US,VT,KEFK,44.883,-72.233,278.9,20090101,20200212
720494,152,FRANKLIN COUNTY STATE AIRPORT,US,VT,KFSO,44.933,-73.1,70.1,20080401,20200212
720498,153,CHESTERFIELD COUNTY AIRPORT,US,VA,KFCI,37.4,-77.517,72.2,20100517,20200212
720499,154,HAMPTON ROADS EXECUTIVE AIRPORT,US,VA,KPVG,36.783,-76.45,7,20110503,20200211
720501,155,TAPPAHANNOCK ESSEX COUNTY AIRPORT,US,VA,KXSA,37.85,-76.883,41.2,20090101,20200212
720505,156,WALKER COUNTY AIRPORT BEVILL FIELD,US,AL,KJFX,33.902,-87.314,147.2,20110207,20200212
720517,24165,KEMMERER MUNICIPAL AIRPORT,US,WY,KEMM,41.824,-110.557,2220.5,20130627,20200211
720518,449,FORT BRIDGER AIRPORT,US,WY,KFBR,41.393,-110.406,2145.5,20130801,20190521
720521,475,SHIVELY FIELD AIRPORT,US,WY,KSAA,41.444,-106.828,2138.5,20130502,20200212
720522,443,DUBOIS MUNICIPAL AIRPORT,US,WY,KDUB,43.548,-109.69,2224.1,20130514,20200211
720528,3064,CENTRAL COLORADO REGIONAL AP,US,CO,KAEJ,38.698,-106.07,2421.9,20100401,20200212
720529,429,HOPKINS FIELD AIRPORT,US,CO,KAIB,38.239,-108.563,1810.5,20121206,20200211
720531,158,BLAKE FIELD AIRPORT,US,CO,KAJZ,38.783,-108.067,1583.1,20120209,20200211
720532,159,HARRIET ALEXANDER FIELD AIRPORT,US,CO,KANK,38.533,-106.05,2294.2,20091121,20200211
720533,160,BOULDER MUNICIPAL AIRPORT,US,CO,KBDU,40.033,-105.217,1612.1,20100201,20200212
720534,161,ERIE MUNICIPAL AIRPORT,US,CO,KEIK,40.017,-105.05,1564.2,20140701,20200212
720535,162,FORT MORGAN MUNICIPAL AIRPORT,US,CO,KFMM,40.333,-103.8,1393.2,20120726,20200211
720537,163,HOLYOKE AIRPORT,US,CO,KHEQ,40.567,-102.267,1137.2,20101129,20200211
720538,164,VANCE BRAND AIRPORT,US,CO,KLMO,40.167,-105.167,1541.1,20101202,20200212
720539,165,STEVENS FIELD AIRPORT,US,CO,KPSO,37.283,-107.05,2335.1,20091001,20200211
720541,53806,OXFORD UNIV,US,MS,KUOX,34.383,-89.55,137.8,20090101,20200212
720542,166,LAGO VISTA RUSTY ALLEN AIRPORT,US,TX,KRYW,30.5,-97.967,375.2,20090101,20200211
720543,167,DE KALB COUNTY AIRPORT,US,IN,KGWB,41.3,-85.067,268.2,20090101,20200212
720544,168,STERLING MUNICIPAL AIRPORT,US,CO,KSTK,40.617,-103.267,1231.1,20101129,20200211
720545,169,CHESTER AIRPORT,US,CT,KSNC,41.384,-72.506,127.1,20090101,20200212
720549,171,CARSON AIRPORT,US,NV,KCXP,39.183,-119.733,1432.3,20100714,20200211
720558,3977,ELK CITY MUNICIPAL AP,US,OK,KELK,35.433,-99.4,610.2,20140530,20200211
720559,172,STAN STAMPER MUNICIPAL AIRPORT,US,OK,KHHW,34.033,-95.533,174,20120202,20190613
720561,467,WILLIAM R POUGE MUNICIPAL AIRPORT,US,OK,KOWP,36.175,-96.152,272.2,20130822,20200211
720567,24180,BRIGHAM CITY AIRPORT,US,UT,KBMC,41.552,-112.062,1288.1,20140724,20200211
720575,173,INDIANAPOLIS EXECUTIVE AIRPORT,US,IN,KTYQ,40.031,-86.251,281,20140101,20200211
720576,174,UNIVERSITY AIRPORT,US,CA,KEDU,38.533,-121.783,21,20090102,20200211
720577,175,RUSK COUNTY AIRPORT,US,TX,KRFI,32.15,-94.85,135,20090109,20200211
720578,176,STEPHENS COUNTY AIRPORT,US,TX,KBKD,32.717,-98.892,391.1,20090101,20200212
720581,178,LINDEN AIRPORT,US,NJ,KLDJ,40.617,-74.25,7,20170101,20200212
720584,181,ZAPATA COUNTY AIRPORT,US,TX,KAPY,26.967,-99.25,129.2,20090101,20200211
720586,183,PLATTEVILLE MUNICIPAL AIRPORT,US,WI,KPVB,42.683,-90.45,312.1,20090101,20200211
720587,184,ABBEVILLE CHRIS CRUSTA MEMORIAL AIRPORT,US,LA,KIYA,29.976,-92.084,15.2,20090101,20200212
720589,185,SHAWANO MUNICIPAL AIRPORT,US,WI,KEZS,44.783,-88.55,248.1,20090201,20200211
720592,186,H L SONNY CALLAHAN AIRPORT,US,AL,KCQF,30.46,-87.877,28,20090101,20200212
720593,187,STARKE COUNTY AIRPORT,US,IN,KOXI,41.333,-86.667,208.2,20090101,20200205
720594,188,HOUSTON DUNN HELISTOP,US,TX,KMCJ,29.717,-95.383,69.2,20090101,20200211
720596,189,NEWBERRY COUNTY AIRPORT,US,SC,KEOE,34.3,-81.633,173.1,20090105,20200212
720597,190,LAURENS COUNTY AIRPORT,US,SC,KLUX,34.5,-81.95,212.1,20090105,20200212
720598,191,BERKELEY COUNTY AIRPORT,US,SC,KMKS,33.183,-80.033,22.3,20090105,20200211
720599,192,CHESTER CATAWBA REGIONAL AIRPORT,US,SC,KDCM,34.783,-81.2,200.3,20090105,20200212
720601,193,AIKEN MUNICIPAL AIRPORT,US,SC,KAIK,33.65,-81.683,161.2,20090105,20200212
720602,194,BARNWELL REGIONAL AIRPORT,US,SC,KBNL,33.25,-81.383,75.3,20090105,20200211
720603,195,WOODWARD FIELD AIRPORT,US,SC,KCDN,34.283,-80.567,92.1,20090105,20200212
720604,196,WILLIAMSBURG REGIONAL AIRPORT,US,SC,KCKI,33.717,-79.85,20.1,20090105,20200211
720605,197,CHERAW MUNICIPAL LYNCH BELLINGER FIELD,US,SC,KCQW,34.717,-79.95,73.2,20090105,20200212
720606,198,CHARLESTON EXECUTIVE AIRPORT,US,SC,KJZI,32.701,-80.003,5.2,20130101,20200212
720607,199,LANCASTER COUNTY MC WHIRTER FIELD AIRPORT,US,SC,KLKR,34.717,-80.85,148.1,20090105,20200212
720608,200,MARION COUNTY AIRPORT,US,SC,KMAO,34.181,-79.335,28,20090105,20200211
720609,201,LOWCOUNTRY REGIONAL AIRPORT,US,SC,KRBW,32.917,-80.633,31.1,20130101,20200211
720611,202,SUMTER AIRPORT,US,SC,KSMS,34,-80.367,55.2,20090105,20200211
720612,203,BEAUFORT COUNTY AIRPORT,US,SC,KARW,32.412,-80.634,38.1,20090120,20200211
720613,204,CONWAY HORRY COUNTY AIRPORT,US,SC,KHYW,33.828,-79.122,10.1,20090510,20200211
720614,205,LINCOLN REGIONAL AIRPORT KARL HARDER FIELD,US,CA,KLHM,38.909,-121.351,37.2,20090510,20200211
720615,206,COLUMBIA AIRPORT,US,CA,KO22,38.033,-120.417,646.2,20090120,20200211
720616,207,BRANSON AIRPORT,US,MO,KBBG,36.533,-93.2,397.2,20090201,20200212
720617,208,HOUSTON EXECUTIVE AIRPORT,US,TX,KTME,29.8,-95.9,51.2,20090204,20200212
720624,211,MADISON MUNICIPAL AIRPORT,US,SD,KMDS,44.016,-97.086,523,20090312,20200211
720625,212,BLACKWELL TONKAWA MUNICIPAL AIRPORT,US,OK,KBKN,36.75,-97.35,314.3,20090312,20200211
720626,213,PAMPA MESA VISTA AIRPORT,US,TX,KBPC,35.883,-101.033,845.2,20090326,20200211
720627,214,STIGLER REGIONAL AIRPORT,US,OK,KGZL,35.283,-95.1,183.2,20090312,20200211
720628,215,CLARENCE E PAGE MUNICIPAL AIRPORT,US,OK,KRCE,35.483,-97.817,413,20090326,20200211
720629,216,JACK BARSTOW AIRPORT,US,MI,KIKW,43.663,-84.261,194.2,20090406,20200211
720631,217,MARLBORO COUNTY JETPORT H E AVENT FIELD,US,SC,KBBP,34.617,-79.733,45.1,20090420,20200212
720632,218,SUMMERVILLE AIRPORT,US,SC,KDYB,33.063,-80.279,17.1,20090404,20200211
720633,219,HARTSVILLE REGIONAL AIRPORT,US,SC,KHVS,34.4,-80.117,111.3,20090403,20200211
720634,220,FAIRFIELD COUNTY AIRPORT,US,SC,KFDW,34.315,-81.109,176.2,20090421,20200212
720635,221,H A CLARK MEMORIAL FIELD AIRPORT,US,AZ,KCMR,35.3,-112.2,2035.2,20090508,20200211
720636,222,CLINTON MEMORIAL AIRPORT,US,MO,KGLY,38.35,-93.683,251.2,20090511,20200211
720637,223,HOUSTON SOUTHWEST AIRPORT,US,TX,KAXH,29.5,-95.477,21,20090601,20200212
720638,224,BEND MUNICIPAL AIRPORT,US,OR,KBDN,44.095,-121.2,1055.2,20090524,20200211
720639,225,HORSESHOE BAY RESORT AIRPORT,US,TX,KDZB,30.533,-98.367,333.2,20090605,20200211
720643,54940,FOREST CITY MUNICIPAL AIRPORT,US,IA,KFXY,43.235,-93.624,374.6,20090714,20200211
720644,226,BUCKEYE MUNICIPAL AIRPORT,US,AZ,KBXK,33.417,-112.683,311.2,20130101,20200211
720645,227,PLACERVILLE AIRPORT,US,CA,KPVF,38.717,-120.75,787.3,20090711,20200211
720646,228,HALF MOON BAY AIRPORT,US,CA,KHAF,37.513,-122.501,20.1,20090717,20200211
720647,229,LAMPASAS AIRPORT,US,TX,KLZZ,31.106,-98.196,370,20090719,20191201
720648,230,AUSTIN EXECUTIVE AIRPORT,US,TX,KEDC,30.395,-97.567,188.1,20090722,20200211
720649,231,HALIFAX NORTHAMPTON REGIONAL AIRPORT,US,NC,KIXA,36.33,-77.635,44.2,20090722,20200210
720651,232,UNION COUNTY AIRPORT,US,OH,KMRT,40.225,-83.352,311.2,20090721,20200211
720652,433,BRIDGEPORT SONORA JUNCTION,US,CA,KBAN,38.356,-119.519,2057.1,20090827,20200211
720655,235,CRYSTAL RIVER AIRPORT,US,FL,KCGC,28.867,-82.567,3.1,20090812,20200211
720659,239,OZONA MUNICIPAL AIRPORT,US,TX,KOZA,30.735,-101.203,726,20091118,20200211
720664,242,INDEPENDENCE OIL PLATFORM,US,LA,KIPN,28.083,-87.983,224,20091229,20160616
720665,243,MAGNOLIA OIL PLATFORM,US,LA,KGBK,27.2,-92.2,224,20091229,20200212
720666,244,SHIP SHOAL OIL PLATFORM,US,LA,KSPR,28.6,-91.2,224,20091229,20200212
720668,246,EAST BREAKS OIL PLATFORM,US,TX,KEMK,27.817,-94.317,224,20091229,20200212
720669,247,GUNNISON OIL PLATFORM,US,TX,KGUL,27.3,-93.533,224,20091229,20200212
720671,248,JESUP WAYNE COUNTY AIRPORT,US,GA,KJES,31.554,-81.883,33.2,20100112,20200211
720672,485,FLAGLER COUNTY AIRPORT,US,FL,KXFL,29.467,-81.206,10.1,20091103,20200211
720674,249,WEST GEORGIA REGIONAL AIRPORT O V GRAY FIELD,US,GA,KCTJ,33.633,-85.15,354.2,20100129,20200212
720699,3724,CARROLL CO RGNL/JJACK B POAGE FIELD AIRPORT,US,MD,KDMW,39.608,-77.008,240.5,20110101,20200212
720701,54942,OSCEOLA MUNICIPAL AIRPORT,US,IA,KI75,41.052,-93.689,339.9,20100304,20200211
720712,250,HENRY TIFT MYERS AIRPORT,US,GA,KTMA,31.429,-83.489,108.2,20100804,20200211
720713,251,DARKE COUNTY AIRPORT,US,OH,KVES,40.204,-84.532,307.2,20100308,20200211
720714,252,PAULDING NORTHWEST ATLANTA AIRPORT,US,GA,KPUJ,33.912,-84.941,393.2,20100425,20200211
720717,442,WEST DELTA 27A,US,MS,KDLP,29.117,-89.55,36.3,20100503,20200212
720718,253,MISSISSIPPI CANYON 311 A,US,LA,KMDJ,28.643,-89.794,224,20100503,20200101
720719,254,EAST CAMERON 278 OIL PLATFORM,US,LA,KEHC,28.433,-92.883,224,20100503,20180920
720721,255,SABINE OIL PLATFORM,US,LA,KVBS,29.483,-93.633,224,20100503,20190301
720722,256,SOUTH MARSH 268 OIL PLATFORM,US,LA,KSCF,29.117,-91.867,224,20100503,20200212
720723,257,VERMILLION 26 OIL PLATFORM,US,LA,KVNP,29.467,-92.367,224,20100503,20130425
720725,434,BRAZOS 133B,US,TX,KBBF,28.058,-95.872,0,20100507,20200212
720726,259,GALVESTON 424 OIL PLATFORM,US,TX,KGVX,28.577,-94.977,0.3,20100507,20160304
720727,260,HIGH ISLAND 376,US,TX,KHQI,27.962,-93.671,0.3,20100507,20200212
720729,435,BRAZOS 451 OILP,US,TX,KBQX,28.5,-95.716,34.1,20100518,20200212
720731,261,MUSTANG ISLAND 31,US,TX,KMIU,27.283,-96.733,0.3,20100518,20131023
720734,264,NAMPA MUNICIPAL AIRPORT,US,ID,KMAN,43.581,-116.523,773.3,20100514,20200211
720735,73805,NORTHWEST FLORIDA BEACHES INTL ARPT,US,FL,KECP,30.349,-85.788,17.4,20110301,20200212
720736,265,FULTON COUNTY AIRPORT,US,IN,KRCR,41.066,-86.182,241.1,20100607,20200211
720737,266,CARRINGTON MUNICIPAL AIRPORT,US,ND,K46D,47.451,-99.151,490.1,20100610,20200211
720738,267,THOMASVILLE REGIONAL AIRPORT,US,GA,KTVI,30.902,-83.881,80.2,20100610,20200212
720739,268,MINDEN AIRPORT,US,LA,KMNE,32.646,-93.298,85,20110501,20200211
720741,269,BOULDER MUNICIPAL AIRPORT,US,NV,KBVU,35.947,-114.861,671.2,20100624,20200211
720742,270,FAITH RANCH AIRPORT,US,TX,KFTN,28.209,-100.019,236.2,20100630,20200211
720743,418,SOUTH PADRE ISLAND HELIPORT,US,TX,KSPL,26.067,-97.15,4.3,20100630,20170103
720744,271,PICKENS COUNTY AIRPORT,US,SC,KLQK,34.817,-82.7,309.1,20100721,20200212
720745,272,BOOMVANG SPUR OIL PLATFORM,US,,KVAF,27.35,-94.633,101.2,20100727,20200212
720749,24255,WHIDBEY ISLAND NAS,US,WA,KNUW,48.35,-122.667,14.3,20050101,20200211
720768,274,LEE COUNTY AIRPORT,US,VA,K0VG,36.654,-83.218,430.1,20100921,20200211
720769,275,GEORGE M BRYAN AIRPORT,US,MS,KSTF,33.433,-88.849,101.2,20130101,20200212
720771,276,COLEMAN MUNICIPAL AIRPORT,US,TX,KCOM,31.841,-99.404,517.3,20100930,20200211
720779,461,MEXIA LIMESTONE COUNTY AIRPORT,US,TX,KLXY,31.641,-96.514,166.1,20130829,20200211
720787,278,JOHN BELL WILLIAMS AIRPORT,US,MS,KJVW,32.304,-90.411,75.3,20110402,20200211
720839,279,RENO STEAD AIRPORT,US,NV,KRTS,39.667,-119.876,1540.2,20110921,20200211
720852,280,MEADOW LAKE AIRPORT,US,CO,KFLY,38.946,-104.57,2095.2,20101201,20200212
720853,281,ROLLA MUNICIPAL AIRPORT,US,ND,K06D,48.884,-99.621,555,20101118,20200211
720854,282,BEACH AIRPORT,US,ND,K20U,46.925,-103.982,840,20101118,20200211
720855,283,CAVALIER MUNICIPAL AIRPORT,US,ND,K2C8,48.784,-97.632,272.2,20101118,20200211
720856,284,SCOTTSBORO MUNICIPAL AIRPORT WORD FIELD,US,AL,K4A6,34.689,-86.006,198.1,20101130,20200212
720858,285,CANDO MUNICIPAL AIRPORT,US,ND,K9D7,48.48,-99.236,450.2,20101118,20200211
720859,286,BLACK RIVER FALLS AREA AIRPORT,US,WI,KBCK,44.251,-90.855,255.1,20101118,20200212
720861,287,CROSBY MUNICIPAL AIRPORT,US,ND,KD50,48.929,-103.297,594.1,20101118,20200211
720863,289,TIOGA MUNICIPAL AIRPORT,US,ND,KD60,48.381,-102.898,691,20101118,20200211
720864,290,TARBORO EDGECOMBE AIRPORT,US,NC,KETC,35.937,-77.547,16.2,20101122,20200211
720865,291,HUTSON FIELD AIRPORT,US,ND,KGAF,48.405,-97.371,251.2,20101118,20200211
720866,292,MERCER COUNTY REGIONAL AIRPORT,US,ND,KHZE,47.29,-101.581,553.2,20101118,20200211
720867,293,RUGBY MUNICIPAL AIRPORT,US,ND,KRUG,48.39,-100.024,472.1,20101210,20200211
720868,294,WATFORD CITY MUNICIPAL AIRPORT,US,ND,KS25,47.796,-103.254,643.1,20101210,20200114
720869,295,JESSE VIERTEL MEMORIAL AIRPORT,US,MO,KVER,38.947,-92.683,218.2,20101203,20200211
720871,296,MANDAN MUNICIPAL AIRPORT,US,ND,KY19,46.768,-100.894,593.1,20101118,20200211
720887,297,MANITOWISH WATERS AIRPORT,US,WI,KD25,46.117,-89.883,491,20111215,20200205
720902,298,DUPONT LAPEER AIRPORT,US,MI,KD95,43.067,-83.267,254.2,20130101,20200211
720903,441,DAVIESS COUNTY AIRPORT,US,IN,KDCY,38.7,-87.13,143.3,20130826,20200211
720904,299,DELAND MUNICIPAL AIRPORT SIDNEY H TAYLOR FIELD,US,FL,KDED,29.067,-81.283,24.1,20120209,20200211
720909,300,STANLEY MUNICIPAL AIRPORT,US,ND,K08D,48.301,-102.406,684.3,20101207,20200211
720911,301,BARNES COUNTY MUNICIPAL AIRPORT,US,ND,KBAC,46.942,-98.018,427,20101215,20200211
720912,302,VIOSCA KNOLL 768 OIL PLATFORM,US,AL,KVOA,29.233,-87.783,53,20110112,20200212
720913,303,SALSA,US,LA,KGHB,27.833,-91.983,30.2,20110113,20200212
720914,304,EUGENE ISLAND OIL PLATFORM,US,LA,KEIR,28.633,-91.483,28,20110113,20200212
720915,305,EAST CAMERON 47 OIL PLATFORM,US,LA,KCMB,29.433,-92.983,29.3,20110113,20120803
720916,453,GREEN CANYON 338,US,LA,KGRY,27.63,-90.45,58.2,20110113,20200212
720917,306,HIGH ISLAND 179 OIL PLATFORM,US,TX,KXIH,29.183,-94.517,75.3,20110113,20200212
720918,307,MAIN PASS 140B,US,LA,KMIS,29.296,-88.842,25,20110113,20200212
720919,308,NORTH PADRE ISLAND,US,TX,KOPM,26.833,-96.933,25.3,20110113,20141031
720921,309,WEST CAMERON 368 A OIL PLATFORM,US,TX,KCRH,28.917,-93.3,34.1,20110113,20151014
720923,310,BOUNDARY COUNTY AIRPORT,US,ID,K65S,48.726,-116.295,711.1,20110118,20200211
720924,311,ROSCOE TURNER AIRPORT,US,MS,KCRX,34.915,-88.604,130.2,20110125,20200212
720925,312,ATLANTIS OIL PLATFORM,US,LA,KATP,27.2,-90.033,50.3,20110310,20200212
720926,313,BEAUMONT MUNICIPAL AIRPORT,US,TX,KBMT,30.071,-94.216,10.1,20110310,20200212
720927,314,FLETCHER FIELD AIRPORT,US,MS,KCKM,34.3,-90.512,53,20110311,20200212
720928,315,DELAWARE MUNICIPAL JIM MOORE FIELD AIRPORT,US,OH,KDLZ,40.28,-83.115,288,20110315,20200212
720929,316,CUMERLAND MUNICIPAL AIRPORT,US,WI,KUBE,45.506,-91.981,378.3,20110309,20200211
720932,317,BROOKHAVEN LINCOLN COUNTY AIRPORT,US,MS,K1R7,31.606,-90.409,149.1,20110402,20200211
720933,318,LINTON MUNICIPAL AIRPORT,US,ND,K7L2,46.218,-100.245,542.2,20110513,20200211
720942,323,WAHOO MUNICIPAL AIRPORT,US,NE,KAHQ,41.233,-96.6,373.1,20110517,20200211
720943,431,HARRISON COUNTY AIRPORT,US,TX,KASL,32.521,-94.308,108.8,20110518,20200211
720944,324,BELLEFONTAINE REGIONAL AIRPORT,US,OH,KEDJ,40.367,-83.817,342.3,20110512,20200211
720946,326,FERNANDINA BEACH MUNICIPAL AIRPORT,US,FL,KFHB,30.617,-81.467,5.2,20110512,20200211
720948,328,JIMMY CARTER REGIONAL AIRPORT,US,GA,KACJ,32.11,-84.189,142.7,20110711,20200211
720949,329,CAMDENTON MEMORIAL AIRPORT,US,MO,KH21,37.974,-92.691,324,20110630,20200210
720951,330,EAST GEORGIA REGIONAL AIRPORT,US,GA,KSBO,32.609,-82.37,100.3,20110704,20200211
720953,331,MAIN PASS 289 C OIL PLATFORM,US,LA,KVKY,29.248,-88.441,115.2,20110824,20200212
720954,456,ALAMINOS CANYON,US,TX,KHHV,26.933,-94.683,25.3,20110824,20200212
720956,332,VERMILION 331 OIL PLATFORM,US,,KVQT,28.27,-92.264,90.2,20110825,20200212
720957,333,PORT FORCHON HELIPORT,US,LA,KXPY,29.117,-90.2,30.2,20111001,20200212
720961,336,LOGANSPORT CASS COUNTY AIRPORT,US,IN,KGGP,40.711,-86.375,225.3,20111028,20200211
720962,337,HEART OF GEORGIA REGIONAL AIRPORT,US,GA,KEZM,32.214,-83.128,93.3,20111102,20200211
720964,338,TYNDALL DRONE RUNWAY,US,FL,KTDR,30.033,-85.533,5.2,20120125,20200212
720965,13910,DYESS AIR FORCE BASE,US,TX,KDYS,32.433,-99.85,545,20050103,20200211
720966,339,GRIFFIN SPALDING COUNTY AIRPORT,US,GA,K6A2,33.227,-84.275,292.3,20111118,20200211
720967,457,FALSE RIVER REGIONAL AIRPORT,US,LA,KHZR,30.718,-91.479,12.2,20111221,20200211
720968,340,SILER CITY MUNICIPAL AIRPORT,US,NC,K5W8,35.704,-79.504,187.2,20111215,20200210
720969,341,TEN SLEEP,US,WY,KJPD,44.15,-107.167,2741.1,20120130,20121213
720971,342,SOUTH PASS,US,WY,KFWZ,42.517,-108.783,2588.1,20120130,20191003
720974,344,WINCHESTER MUNICIPAL AIRPORT,US,TN,KBGF,35.178,-86.066,298.1,20120209,20200212
720976,345,LORDSBURG MUNICIPAL AIRPORT,US,NM,KLSB,32.333,-108.691,1304.2,20120215,20180226
721029,347,LA PORTE MUNICIPAL AIRPORT,US,IN,KPPO,41.572,-86.735,247.2,20120402,20200211
721031,348,TULLAHOMA REGIONAL AIRPORT WILLIAM NORTHERN FIELD,US,TN,KTHA,35.38,-86.246,330.1,20120408,20200212
721033,350,FITZGERALD MUNICIPAL AIRPORT,US,GA,KFZG,31.684,-83.27,111.3,20120620,20200211
721034,351,CAMERON MUNICIPAL AIRPORT,US,TX,KT35,30.879,-96.971,123.1,20120501,20200211
721035,352,HAZLEHURST AIRPORT,US,GA,KAZE,31.885,-82.647,78,20120705,20200211
721036,353,BOYSEN THERMOPOL,US,WY,KTBX,43.467,-108.389,2225,20120806,20191215
721042,486,ZEPHYRHILLS MUNICIPAL AIRPORT,US,FL,KZPH,28.228,-82.156,27.4,20120813,20200212
721044,448,RALPH M HALL ROCKWALL MUNICIPAL AIRPORT,US,TX,KF46,32.931,-96.435,175.3,20120813,20200211
721045,354,MIDWEST NATIONAL AIR CENTER AIRPORT,US,MO,KGPH,39.332,-94.31,237.1,20120821,20200211
721046,460,LOUISIANA REGIONAL AIRPORT,US,LA,KREG,30.173,-90.941,4.6,20190101,20200211
721048,471,PRESIDIO LELY INTERNATIONAL AIRPORT,US,TX,KPRS,29.634,-104.361,896.1,20130731,20200211
722003,54930,STANTON AIRFIELD,US,MN,KSYN,44.476,-93.016,280.4,20060101,20200211
722004,54922,HARRY STERN AIRPORT,US,ND,KBWP,46.244,-96.607,295.1,20060101,20200211
722006,54926,QUENTIN AANENSON FIELD AIRPORT,US,MN,KLYV,43.621,-96.216,436.2,20060101,20200212
722007,54828,TUSCOLA AREA AIRPORT,US,MI,KCFS,43.459,-83.446,213.7,20050201,20200211
722008,12995,MUSTANG BEACH AIRPORT,US,TX,KRAS,27.812,-97.089,1.5,20060101,20200212
722010,12836,KEY WEST INTERNATIONAL AIRPORT,US,FL,KEYW,24.557,-81.755,0.3,19730101,20200211
722011,92813,KISSIMMEE GATEWAY AIRPORT,US,FL,KISM,28.29,-81.437,25,20060101,20200211
722012,92817,THE VILLAGES,US,FL,KVVG,28.95,-81.967,27.1,20050101,20180215
722014,12818,HERNANDO COUNTY AIRPORT,US,FL,KBKV,28.474,-82.454,23.5,20060101,20200211
722015,12850,KEY WEST NAS,US,FL,KNQX,24.583,-81.683,1.8,19730101,20200211
722016,12896,THE FL KEYS MARATHON ARPT,US,FL,KMTH,24.726,-81.052,2.4,20060101,20200211
722017,12876,WINTER HAVEN,US,FL,KGIF,28.062,-81.754,44.5,20060101,20100801
722020,12839,MIAMI INTERNATIONAL AIRPORT,US,FL,KMIA,25.788,-80.317,8.8,19730101,20200211
722021,92816,VANDENBERG AIRPORT,US,FL,KVDF,28.014,-82.345,6.7,20050101,20200211
722022,12803,BOCA RATON AIRPORT,US,FL,KBCT,26.378,-80.108,4,20060101,20200211
722024,12882,OPA LOCKA AIRPORT,US,FL,KOPF,25.907,-80.28,3.1,20060101,20200211
722025,12849,FORT LAUDERDALE HOL,US,FL,KFLL,26.072,-80.154,3.4,19730101,20100731
722026,12826,HOMESTEAD AFB AIRPORT,US,FL,KHST,25.483,-80.383,1.5,19430201,20200211
722029,12888,KENDALL-TAMIAMI EXEC ARPT,US,FL,KTMB,25.648,-80.433,3.1,20060101,20200211
722030,12844,PALM BEACH INTERNATIONAL AIRPORT,US,FL,KPBI,26.685,-80.099,5.8,19430206,20200211
722031,63839,FOLSOM FIELD AP,US,AL,K3A1,34.269,-86.858,293.5,20060101,20200211
722032,54916,WASECA MUNICIPAL AIRPORT,US,MN,KACQ,44.074,-93.553,343.2,20060101,20200212
722033,4999,GRANITE FALLS MUNI ARPT/LENZEN-ROE MEMORIAL FIELD,US,MN,KGDB,44.753,-95.556,319.1,20060101,20200212
722034,12812,CHARLOTTE COUNTY AIRPORT,US,FL,KPGD,26.917,-81.991,7.6,20060101,20200211
722037,92809,NORTH PERRY AIRPORT,US,FL,KHWO,25.999,-80.241,2.7,20060101,20200211
722038,12897,NAPLES MUNICIPAL AIRPORT,US,FL,KAPF,26.155,-81.775,2.7,19990101,20200211
722039,12885,FT LAUDER EXECUTIVE ARPT,US,FL,KFXE,26.197,-80.171,4.3,20060101,20200211
722040,12838,MELBOURNE INTL AP,US,FL,KMLB,28.101,-80.644,8.2,19741113,20200211
722041,12993,SOUTH LAFOURCHE AIRPORT,US,LA,KGAO,29.445,-90.261,0.3,20060119,20200212
722042,53978,WOOD COUNTY AIRPORT MINEOLA,US,TX,KJDD,32.742,-95.496,132.3,20060101,20200212
722043,3738,ROCKINGHAM AIRPORT,US,NC,KRCZ,34.891,-79.759,109.1,20050101,20051231
722044,53930,ADA MUNICIPAL AIRPORT,US,OK,KADH,34.804,-96.671,309.7,20060101,20200211
722045,12843,VERO BEACH MUNI,US,FL,KVRB,27.653,-80.243,8.5,19730101,20100801
722046,12898,SPACE COAST REGIONAL AIRPORT,US,FL,KTIX,28.517,-80.8,10.7,20060101,20200211
722049,92805,POMPANO BEACH AIRPARK ARPT,US,FL,KPMP,26.25,-80.108,6.4,20060101,20200211
722050,12815,ORLANDO INTERNATIONAL AIRPORT,US,FL,KMCO,28.434,-81.325,27.4,19520507,20200211
722051,12841,ATOKA MUNI,US,OK,KORL,28.545,-81.333,34.1,19410616,19900206
722051,53932,ATOKA MUNICIPAL AIRPORT,US,OK,KAQR,34.398,-96.148,179.8,20050101,20200211
722052,53933,ALVA REGIONAL AIRPORT,US,OK,KAVK,36.773,-98.67,449.3,20060101,20200211
722053,12841,EXECUTIVE AIRPORT,US,FL,KORL,28.545,-81.333,32.9,19900208,20200211
722054,53959,WEST MEMPHIS MUNICIPAL APT,US,AR,KAWM,35.135,-90.234,65.2,20050101,20200212
722055,12861,OCALA INTERNATIONAL AIRPORT-JIM TAYLOR FIELD,US,FL,KOCF,29.167,-82.233,26.5,20060101,20200211
722056,12834,DAYTONA BEACH INTL,US,FL,KDAB,29.183,-81.048,12.5,19730101,20100801
722057,12854,ORLANDO SANFORD AIRPORT,US,FL,KSFB,28.78,-81.244,16.8,19730101,20200212
722059,4866,BURLINGTON MUNICIPAL ARPT,US,WI,KBUU,42.69,-88.304,237.4,20060101,20200211
722060,13889,JACKSONVILLE  INTERNATIONAL AIRPORT,US,FL,KJAX,30.495,-81.694,7.9,19480101,20200211
722061,3038,COPPER MOUNTAIN,US,CO,KCCU,39.467,-106.15,3680.2,20060101,20200212
722062,63842,DOUGLAS MUNICIPAL AIRPORT,US,GA,KDQH,31.477,-82.861,78.3,20060101,20200212
722065,93837,JACKSONVILLE NAS,US,FL,KNIP,30.233,-81.667,6.1,19730101,20200211
722066,3853,MAYPORT NAF,US,FL,KNRB,30.4,-81.417,4.9,19730101,20200211
722067,63823,CECIL FIELD AIRPORT,US,FL,KVQQ,30.219,-81.876,24.7,20060101,20200211
722067,93832,CECIL FLD,US,FL,KNZC,30.217,-81.883,24.4,19730101,19991231
722068,53860,JACKSONVILLE/CRAIG,US,FL,KCRG,30.336,-81.515,12.5,20040101,20100801
722069,53853,DESTIN-FT.WALTON BEACH APT,US,FL,KDTS,30.4,-86.472,6.7,20060101,20200212
722070,3822,SAVANNAH/HILTON HEAD INTL AIRPORT,US,GA,KSAV,32.131,-81.202,14,19480101,20200211
722071,53935,CHICKASHA MUNICIPAL ARPT,US,OK,KCHK,35.096,-97.966,350.5,20060101,20200211
722072,3894,CLARKSVILLE,US,TN,KCKV,36.624,-87.419,167.6,20060101,20100801
722073,3727,SAMPSON COUNTY AIRPORT,US,NC,KCTZ,34.976,-78.364,45.1,20060101,20200210
722074,63840,CARMI MINICIPAL AIRPORT,US,IL,KCUL,38.089,-88.123,118.3,20060101,20200212
722075,4871,DE KALB TAYLOR MUNI ARPT,US,IL,KDKB,41.932,-88.708,278.9,20060101,20200212
722076,94891,VERMILION COUNTY AIRPORT,US,IL,KDNV,40.2,-87.6,202.4,20060101,20200211
722078,53938,HALLIBURTON FIELD AIRPORT,US,OK,KDUC,34.471,-97.951,339.2,20060101,20200211
722079,53888,DAVIDSON COUNTY AIRPORT,US,NC,KEXX,35.781,-80.304,223.4,20060101,20200211
722080,13880,CHARLESTON AFB/INTERNATIONAL AIRPORT,US,SC,KCHS,32.899,-80.041,12.2,19450101,20200211
722081,13730,FREDERICK MUNICIPAL ARPT,US,MD,KFDK,39.417,-77.383,92.4,20050101,20200211
722082,4876,ALBERTUS AIRPORT,US,IL,KFEP,42.246,-89.582,261.8,20060101,20200211
722085,93831,BEAUFORT MCAS,US,SC,KNBC,32.483,-80.717,11.3,19450401,20200211
722086,13758,CHARLESTON NAS,US,SC,KNAO,32.85,-79.95,1,19730201,19800730
722089,94959,GALESBURG MUNICIPAL ARPT,US,IL,KGBG,40.933,-90.433,232.9,20060101,20200211
722090,3875,WRIGHT AAF AIRPORT,US,GA,KLHW,31.883,-81.567,13.7,20060103,20200211
722091,53940,CLAREMORE REGIONAL AIRPORT,US,OK,KGCM,36.294,-95.479,221,20060101,20200212
722092,53941,GROVE MUNICIPAL AIRPORT,US,OK,KGMJ,36.605,-94.738,253.9,20060101,20200212
722093,4878,GRAYLING ARMY AIRFIELD,US,MI,KGOV,44.68,-84.729,350.2,20060101,20200212
722094,53984,GRAND PRAIRIE MUNICIPAL AIRPORT,US,TX,KGPM,32.699,-97.047,179.5,20060101,20200211
722095,3030,GUYMON MUNICIPAL AIRPORT,US,OK,KGUY,36.682,-101.505,951.9,20060101,20200212
722096,53127,HENDERSON EXECUTIVE ARPT,US,NV,KHND,35.976,-115.133,749.2,20060101,20200211
722097,4936,HARLAN MUNICIPAL AIRPORT,US,IA,KHNR,41.584,-95.339,375.2,20060101,20200211
722098,64761,EAST HAMPTON AIRPORT,US,NY,KHTO,40.96,-72.252,17.1,20060101,20200212
722099,53936,CHANDLER MUNICIPAL AIRPORT,US,OK,KCQB,35.724,-96.82,299.9,20060101,20200211
722101,3039,WOLF CREEK PASS AWOS-3 AIRPORT,US,CO,KCPW,37.45,-106.8,3593.9,20060101,20200211
722103,12895,ST LUCIE COUNTY INTL ARPT,US,FL,KFPR,27.498,-80.377,7.3,20060101,20200211
722104,92806,ALBERT WHITTED AIRPORT,US,FL,KSPG,27.765,-82.628,2.4,19860101,20200211
722106,12835,PAGE FIELD AIRPORT,US,FL,KFMY,26.585,-81.861,4.6,19430101,20200211
722107,3056,GAINES COUNTY AIRPORT,US,TX,KGNC,32.675,-102.654,1010.4,20060101,20200212
722108,12894,SW FLORIDA INTN AIRPORT,US,FL,KRSW,26.536,-81.755,9.5,20060101,20200211
722109,355,CHEROKEE COUNTY AIRPORT,US,GA,KCNI,34.317,-84.417,372.2,20050101,20200212
722110,12842,TAMPA INTERNATIONAL AIRPORT,US,FL,KTPA,27.962,-82.54,5.8,19400801,20200211
722111,63847,ISBELL FLD,US,AL,K4A9,34.474,-85.721,267.3,20080101,20091231
722112,53982,FOX STEPHENS FIELD - GILMER MINICIPAL AIRPORT,US,TX,KJXI,32.699,-94.949,126.5,20060101,20200212
722113,53979,GIDDINGS-LEE COUNTY AIRPORT,US,TX,KGYB,30.169,-96.98,147.8,20050101,20200211
722114,54901,BUFFALO MUNICIPAL AIRPORT,US,MN,KCFE,45.159,-93.843,294.7,20050101,20200211
722115,12871,SARASOTA/BRADENTON INTL AP,US,FL,KSRQ,27.401,-82.559,8.5,20060101,20200211
722116,12873,ST PETE-CLWTR INTL AIRPORT,US,FL,KPIE,27.911,-82.688,3.4,20060101,20200211
722118,482,VENICE MUNICIPAL AIRPORT,US,FL,KVNC,27.072,-82.44,5.8,20110203,20200212
722119,12883,LAKELAND LINDER REGIONAL AIRPORT,US,FL,KLAL,28,-82.05,43.3,20060101,20200211
722120,12833,CROSS CITY AIRPORT,US,FL,KCTY,29.633,-83.105,11.6,19431219,20200211
722122,3050,WINSTON FIELD AIRPORT,US,TX,KSNK,32.693,-100.951,740.7,20060101,20200212
722123,12809,BARTOW MUNICIPAL AIRPORT,US,FL,KBOW,27.95,-81.783,38.1,20050101,20200212
722124,4998,HEBRON MUNICIPAL AIRPORT,US,NE,KHJH,40.149,-97.587,449,20060101,20200211
722125,4829,SAGNAW CO H.W. BROWNE ARPT,US,MI,KHYX,43.433,-83.867,182.9,20060101,20200211
722126,4879,LANSING MUNICIPAL AP,US,IL,KIGQ,41.54,-87.532,187.8,20060101,20200211
722127,4880,GREATER KANKAKEE AIRPORT,US,IL,KIKK,41.121,-87.846,191.7,20060101,20200211
722128,53899,LICONTN-LINCOLN CO RGNL AP,US,NC,KIPJ,35.483,-81.161,266.7,20060101,20200211
722129,4939,MOORHEAD MUNICIPAL AIRPORT,US,MN,KJKJ,46.839,-96.663,279.5,20060101,20200211
722130,13861,WAYCROSS-WARE CO. AIRPORT,US,GA,KAYS,31.25,-82.4,43.3,19421201,20200211
722131,3713,JOHNSTON COUNTY AIRPORT,US,NC,KJNX,35.541,-78.39,50.3,20060101,20200210
722132,63801,CONCORD REGIONAL AIRPORT,US,NC,KJQF,35.39,-80.707,214.9,20060101,20200212
722133,53946,SALLISAW MUNICIPAL AIRPORT,US,OK,KJSV,35.438,-94.803,160.9,20060101,20200211
722134,63822,VIDALIA REGIONAL AIRPORT,US,GA,KVDI,32.193,-82.372,83.5,20060101,20200211
722135,13870,ALMA/BACON CO.,US,GA,KAMG,31.536,-82.507,62.8,19730101,20100801
722136,53883,BRUNSWICK GOLDEN ISLES APT,US,GA,KBQK,31.259,-81.466,7.9,20060101,20200211
722137,13878,MALCOLM MC KINNON AIRPORT,US,GA,KSSI,31.152,-81.391,4.9,19730101,20200211
722138,13835,BAY SAINT LOUIS,US,MS,KHSA,30.367,-89.45,7,19420501,19890214
722138,63852,STENNIS INTERNATIONAL AIRPORT,US,MS,KHSA,30.368,-89.455,7,20050101,20200211
722140,93805,TALLAHASSEE REGIONAL AIRPORT,US,FL,KTLH,30.393,-84.353,16.8,19420501,20200211
722141,3731,FRANKLIN COUNTY AIRPORT,US,NC,KLHZ,36.023,-78.33,112.5,20050101,20200211
722142,4114,CHALLIS AIRPORT,US,ID,KLLJ,44.523,-114.215,1546,20050101,20200211
722143,53975,LANCASTER AIRPORT,US,TX,KLNC,32.579,-96.719,152.7,20060101,20200211
722144,4945,MAPLE LAKE MUNICIPAL ARPT,US,MN,KMGG,45.236,-93.986,313.3,20060101,20200211
722145,4884,HARBOR SPRINGS AIRPORT,US,MI,KMGN,45.426,-84.913,206.4,20060101,20200211
722146,12816,GAINESVILLE RGNL,US,FL,KGNV,29.692,-82.276,50.3,19431101,20100801
722147,53817,MOULTRIE MUNICIPAL AIRPORT,US,GA,KMGR,31.083,-83.8,86.3,20050101,20200211
722148,63824,STANLEY COUNTY AIRPORT,US,NC,KVUJ,35.417,-80.151,185.6,20060101,20200212
722149,4899,ILLINOIS VALLEY RGNL-WALTER DUNCAN FLD ARPT,US,IL,KVYS,41.352,-89.153,199.3,20060101,20200212
722151,14794,WESTERLY STATE AIRPORT,US,RI,KWST,41.35,-71.799,24.7,20060101,20200212
722152,53957,WEST WOODWARD AIRPORT,US,OK,KWWR,36.437,-99.521,666.9,20050101,20200212
722154,53885,DALTON MUNICIPAL AIRPORT,US,GA,KDNN,34.722,-84.869,216.4,20060101,20200212
722155,3040,MONUMENT HILL AWOS-3 ARPT,US,CO,KMNH,39.217,-104.633,2151.9,20060101,20200212
722156,53873,CARTERSVILLE AIRPORT,US,GA,KVPC,34.123,-84.849,232.6,20060101,20200212
722157,4949,MACOMB MUNICIPAL AIRPORT,US,IL,KMQB,40.52,-90.652,215.5,20060101,20200211
722159,12980,MID VALLEY AIRPORT,US,TX,KT65,26.178,-97.973,21.3,20060101,20200210
722160,13869,SW GEORGIA REGIONAL ARPT,US,GA,KABY,31.536,-84.194,57.9,19730101,20200211
722162,26554,MERRILL PASS WEST,US,AK,PAER,61.267,-153.8,356.6,20060101,20140616
722164,53949,OKMULGEE MUNICIPAL AIRPORT,US,OK,KOKM,35.668,-95.949,219.5,20060101,20200211
722165,13815,OLIVE BRANCH,US,MS,KOLV,34.983,-89.783,123,19411013,19740415
722165,63808,OLIVE BRANCH AIRPORT,US,MS,KOLV,34.979,-89.787,122.5,20050101,20200212
722166,93845,VALDOSTA REGIONAL AIRPORT,US,GA,KVLD,30.783,-83.277,60.4,19480101,20200211
722167,3718,ORANGE COUNTY AIRPORT,US,VA,KOMH,38.247,-78.046,143,20060101,20200212
722168,4960,OLIVIA REGIONAL AIRPORT,US,MN,KOVL,44.779,-95.033,328,20060101,20200212
722169,3058,PECOS MUNICIPAL AIRPORT,US,TX,KPEQ,31.383,-103.511,796.4,20060101,20200211
722170,3813,MIDDLE GEORGIA REGIONAL AIRPORT,US,GA,KMCN,32.685,-83.653,104.6,19411020,20200211
722171,4889,PONTIAC MUNICIPAL AIRPORT,US,IL,KPNT,40.924,-88.625,200.9,20060101,20200211
722172,63810,EDGAR COUNTY AIRPORT,US,IL,KPRG,39.7,-87.669,199.3,20060101,20200211
722173,53951,PAULS VALLEY MUNI AIRPORT,US,OK,KPVJ,34.711,-97.223,295.1,20060101,20200211
722174,23097,HALE COUNTY AIRPORT,US,TX,KPVW,34.167,-101.717,1028.4,20060101,20200212
722175,13860,ROBINS AFB AIRPORT,US,GA,KWRB,32.633,-83.6,89.6,19420807,20200211
722176,53884,NEWNAN COWETA COUNTY ARPT,US,GA,KCCO,33.312,-84.77,295.7,20060101,20200212
722177,63811,ANDREWS-MURPHY AIRPORT,US,NC,KRHP,35.195,-83.865,516.9,20060101,20200212
722178,53953,ROBERT S KERR AIRPORT,US,OK,KRKR,35.021,-94.621,137.5,20060101,20200211
722179,4968,NEW RICHMOND MUNICIPAL APT,US,WI,KRNH,45.15,-92.533,303.6,20060101,20200211
722180,3820,AUGUSTA REGIONAL AT BUSH FIELD AP,US,GA,KAGS,33.364,-81.963,40.2,19480101,20200211
722181,13837,DANIEL FIELD AIRPORT,US,GA,KDNL,33.467,-82.039,128.9,20060101,20200211
722182,4890,ROCHELLE MUNI ARPT-KORITZ FIELD AIRPORT,US,IL,KRPJ,41.893,-89.078,238.1,20060101,20200212
722183,4972,BURNETT COUNTY AIRPORT,US,WI,KRZN,45.823,-92.373,301.5,20060101,20200211
722185,53838,LEE GILMER MEMORIAL ARPT,US,GA,KGVL,34.272,-83.83,388.6,20060101,20200212
722186,4892,BEAVER ISLAND AIRPORT,US,MI,KSJX,45.689,-85.566,203,20060101,20200211
722187,93911,SHAWNEE MUNICIPAL AIRPORT,US,OK,KSNL,35.357,-96.943,327.1,20060101,20200211
722188,53985,SEARCY MUNICIPAL AIRPORT,US,AR,KSRC,35.212,-91.737,80.5,20060101,20200206
722189,92815,WITHAM FIELD AIRPORT,US,FL,KSUA,27.182,-80.221,5.5,20060101,20200211
722190,13874,HARTSFIELD-JACKSON ATLANTA INTL AP,US,GA,KATL,33.63,-84.442,307.9,19730101,20200212
722191,3721,BRUNSWICK COUNTY AIRPORT,US,NC,KSUT,33.929,-78.075,7.6,20050101,20200211
722192,23033,AVENGER FIELD AIRPORT,US,TX,KSWW,32.473,-100.466,725.4,20060101,20200211
722193,3722,PERSON COUNTY AIRPORT,US,NC,KTDF,36.285,-78.984,185.6,20060101,20200211
722194,4896,RANTOUL NATL AVN CNTR-F ELLIOTT FIELD AIRPORT,US,IL,KTIP,40.293,-88.142,224.6,20060101,20200211
722195,3888,FULTON CO-BROWN FLD ARPT,US,GA,KFTY,33.779,-84.521,256,20060101,20200212
722196,53863,DEKALB-PEACHTREE AIRPORT,US,GA,KPDK,33.875,-84.302,305.4,20060101,20200212
722197,53819,PCHTRE CTY-FALCON FLD ARPT,US,GA,KFFC,33.355,-84.567,243.2,20060101,20200212
722198,63819,BOONE,US,NC,KTNB,36.2,-81.65,910.4,20020902,20200212
722199,53956,TAHLEQUAH MUNICIPAL ARPT,US,OK,KTQH,35.929,-95.004,266.1,20060101,20200211
722200,12832,APALACHICOLA MUNI AIRPORT,US,FL,KAAF,29.733,-85.033,5.8,19450101,20200212
722201,3723,SANFORD-LEE COUNTY RGNL ARPT,US,NC,KTTA,35.582,-79.101,75.3,20060101,20200210
722202,12985,GARNER FIELD AIRPORT,US,TX,KUVA,29.211,-99.744,287.1,20060101,20200212
722203,3041,MONARCH PASS AWOS-3 ARPT,US,CO,KMYP,38.483,-106.317,3667.1,20060101,20200211
722204,4996,TRI-TOWNSHIP AIRPORT,US,IL,KSFY,42.046,-90.108,187.8,20060101,20200211
722208,4224,ORCAS ISLAND AIRPORT,US,WA,KORS,48.708,-122.911,9.5,20060101,20200211
722209,12986,CALHOUN COUNTY AIRPORT,US,TX,KPKV,28.654,-96.681,9.1,20060101,20200212
722210,13858,EGLIN AFB AIRPORT,US,FL,KVPS,30.483,-86.517,26.5,19380910,20200212
722211,94087,THOMAS COUNTY AIRPORT,US,NE,KTIF,41.964,-100.569,888.2,20060101,20200211
722212,92814,ST AUGUSTINE AIRPORT,US,FL,KSGJ,29.959,-81.34,3.1,20060101,20200211
722213,12819,LEESBURG REGIONAL AIRPORT,US,FL,KLEE,28.821,-81.81,23.5,20060101,20200211
722214,3070,MOORE COUNTY AIRPORT,US,TX,KDUX,35.858,-102.013,1129.3,20060101,20200211
722215,13884,BOB SIKES AIRPORT,US,FL,KCEW,30.78,-86.523,57.9,19730101,20200212
722217,63881,W H `BUD` BARRON AIRPORT,US,GA,KDBN,32.564,-82.985,94.2,20060101,20200211
722218,356,CAMBRIDGE DORCHESTER AIRPORT,US,MD,KCGE,38.533,-76.033,6.1,20061003,20200212
722221,444,DIXON AIRPORT,US,WY,KDWX,41.037,-107.493,1996.1,20130731,20200211
722223,13899,PENSACOLA REGIONAL AIRPORT,US,FL,KPNS,30.478,-87.187,34.1,19900228,20200212
722224,53862,PERRY FOLEY,US,FL,K40J,30.072,-83.574,13.7,20060101,20130501
722225,3855,PENSACOLA NAS,US,FL,KNPA,30.35,-87.317,8.5,19450201,20200212
722226,93841,WHITING FIELD NAVAL AIR STATION NORTH,US,FL,KNSE,30.717,-87.017,60.7,19730101,20200212
722227,3815,PENSACOLA SAUFLEY NAS,US,FL,,30.483,-87.35,28,19730102,19751231
722230,13894,MOBILE REGIONAL AIRPORT,US,AL,KMOB,30.688,-88.246,65.5,19730101,20200211
722231,357,HAMILTON MUNICIPAL AIRPORT,US,TX,KMNZ,31.666,-98.149,396.2,20090101,20200212
722235,13838,MOBILE DOWNTOWN AIRPORT,US,AL,KBFM,30.626,-88.068,7.9,19420701,20200212
722238,63873,HANCHEY ARMY HELIPORT (FORT RUCKER),US,AL,KHEY,31.35,-85.667,96.6,20060901,20200211
722239,53861,LOWE ARMY HELIPORT (FORT RUCKER),US,AL,KLOR,31.356,-85.751,74.4,20080717,20200211
722241,54925,WAYNE MUNICIPAL AIRPORT,US,NE,KLCG,42.242,-96.983,434,20060101,20200211
722243,3738,RICHMOND COUNTY AIRPORT,US,NC,KRCZ,34.891,-79.759,109.1,20061024,20200210
722244,358,COLLEGE PARK AP,US,MD,KCGS,38.981,-76.922,15.2,20061025,20200211
722245,3882,PANAMA CITY-BAY CO. INT AP,US,FL,KPFN,30.212,-85.683,6.4,20060101,20100603
722246,3844,EGLIN AF AUX NR 3 D,US,FL,KEGI,30.65,-86.517,58,19490908,20200210
722247,54785,SOMERSET AIRPORT,US,NJ,KSMQ,40.624,-74.669,32,20060101,20200212
722248,359,SOUTHLAND FIELD AIRPORT,US,LA,KUXL,30.131,-93.376,3.1,20061024,20200212
722249,63887,HOOK FIELD MUNICIPAL AIRPORT,US,OH,KMWO,39.531,-84.395,198.1,20061024,20200212
722250,13829,LAWSON AAF AIRPORT,US,GA,KLSF,32.35,-85,70.7,19390501,20200211
722251,53958,RUSTON REGIONAL AIRPORT,US,LA,KRSN,32.514,-92.588,94.8,20060425,20200212
722252,54923,MYERS FIELD AIRPORT,US,MN,KCNB,44.729,-96.266,363.6,20061018,20200211
722253,53992,MOREHOUSE MEMORIAL AIRPORT,US,LA,KBQP,32.756,-91.881,50.9,20061018,20200212
722255,93842,COLUMBUS METRO AIRPORT,US,GA,KCSG,32.516,-84.942,119.5,19480101,20200211
722256,64774,MARSHFIELD MUNICIPAL AIRPORT - GEORGE HARLOW FIELD,US,MA,KGHG,42.098,-70.672,3.4,20051219,20200212
722260,13895,MONTGOMERY  RGNL (DANNELLY FD) AP,US,AL,KMGM,32.3,-86.408,61.6,19730101,20200211
722261,360,OKEECHOBEE COUNTY AIRPORT,US,FL,KOBE,27.267,-80.85,10.1,20070116,20200212
722265,13821,MAXWELL AFB AIRPORT,US,AL,KMXF,32.383,-86.35,52.1,19351001,20200212
722266,13850,CRAIG FLD,US,AL,KSEM,32.35,-86.983,51,19410701,19770831
722267,3878,TROY MUNICIPAL AIRPORT,US,AL,KTOI,31.861,-86.012,121,19730108,20200212
722268,13839,DOTHAN REGIONAL AIRPORT,US,AL,KDHN,31.317,-85.45,114,20060101,20200211
722268,93843,DOTHAN RGNL,US,AL,KDHN,31.317,-85.45,122,19411216,19991231
722269,3850,CAIRNS ARMY AIRFIELD (FORT RUCKER),US,AL,KOZR,31.267,-85.717,91.7,19541019,20200211
722270,13864,DOBBINS AIR RESERVE BASE AIRPORT,US,GA,KMGE,33.917,-84.517,325.5,19460901,20200212
722274,54939,CENTERVILLE MUNICIPAL AIRPORT,US,IA,KTVK,40.684,-92.901,311.8,20090510,20200211
722275,53843,ANDALUSIA-OPP  MUNICIPAL AIRPORT,US,AL,K79J,31.309,-86.394,94.5,20060103,20200211
722276,53820,MIDDLETON FIELD AIRPORT,US,AL,KGZH,31.416,-87.044,78.6,20060101,20200211
722279,53852,PRYOR FIELD REGIONAL ARPT,US,AL,KDCU,34.653,-86.945,180.4,20060101,20200212
722280,13876,BIRMINGHAM INTERNATIONAL AIRPORT,US,AL,KBHM,33.566,-86.745,187.5,19420801,20200212
722284,3892,ABRN-OPLKA R G PITTS ARPT,US,AL,KAUO,32.616,-85.433,236.5,20060101,20200212
722285,3896,GADSDEN MUNICIPAL AIRPORT,US,AL,KGAD,33.967,-86.083,173.4,20060101,20200212
722286,93806,TUSCALOOSA MUNICIPAL ARPT,US,AL,KTCL,33.212,-87.616,45.7,19730101,20200212
722287,13871,ANNISTON METROPOLITAN ARPT,US,AL,KANB,33.587,-85.856,181.1,19730101,20200212
722290,3881,NWS METEOROLOGICAL OBSY,US,AL,KCKL,32.9,-87.25,138.1,19760325,20051008
722291,470,PLATTSMOUTH MUNICIPAL AIRPORT,US,NE,KPMV,40.948,-95.917,367.3,20061121,20200211
722300,53864,SHELBY COUNTY AIRPORT,US,AL,KEET,33.178,-86.782,172.2,20020101,20200212
722309,432,GRAND ISLE SAWRS,US,LA,KAXO,29.25,-89.966,2.1,20050103,20161103
722310,12916,LOUIS ARMSTRONG NEW ORLEANS INTL AP,US,LA,KMSY,29.997,-90.278,1.2,19451001,20200211
722312,3908,HAMMOND MUNICIPAL AIRPORT,US,LA,KHDC,30.521,-90.418,13.4,20060101,20200211
722314,3934,NEW IBERIA/ACADIANA,US,LA,KARA,30.033,-91.883,7,19810724,19991231
722314,53915,ACADIANA REGIONAL AIRPORT,US,LA,KARA,30.038,-91.884,7.3,20060101,20200212
722315,53917,LAKEFRONT AIRPORT,US,LA,KNEW,30.049,-90.029,2.7,19420901,20200211
722316,12958,NEW ORLEANS NAS,US,LA,KNBG,29.817,-90.017,0.6,19730101,20200212
722317,13970,BATON ROUGE METRO R,US,LA,KBTR,30.537,-91.147,23.2,19420101,20101115
722319,53943,NATCHITOCHES REGIONAL ARPT,US,LA,KIER,31.736,-93.099,36.9,20060101,20200212
722320,12884,BATON ROUGE METRO R,US,LA,KBVE,29.333,-89.408,0.3,19730101,20101115
722320,13970,BATON ROUGE METRO RYAN FIELD AIRPORT,US,LA,KBTR,30.537,-91.147,19.5,20101115,20200211
722322,361,GLASGOW MUNICIPAL AIRPORT,US,KY,KGLW,37.033,-85.95,218.2,20050101,20200212
722323,362,GATESVILLE MUNICIPAL AIRPORT,US,TX,KGOP,31.417,-97.8,276.2,20050101,20200211
722324,3071,MIDLAND AIRPARK,US,TX,KMDD,32.036,-102.101,854.4,20060101,20200212
722329,12936,HARRY P WILLIAMS MEMO ARPT,US,LA,KPTN,29.717,-91.333,2.7,20060101,20200211
722330,53865,SLIDELL AIRPORT,US,LA,KASD,30.343,-89.822,8.2,20050101,20200211
722331,54941,IOWA FALLS MUNICIPAL AIRPORT,US,IA,KIFA,42.471,-93.207,346.6,20071016,20200211
722332,54953,TOMAHAWK REGIONAL AIRPORT,US,WI,KTKV,45.469,-89.806,452.9,20060101,20200211
722333,3069,SAGUACHE MUNICIPAL AIRPORT,US,CO,K04V,38.097,-106.169,2385.4,20060101,20200211
722334,3976,BEAUREGARD REGIONAL AIRPORT,US,LA,KDRI,30.833,-93.333,62.2,20060101,20200212
722338,12994,JIM HOGG COUNTY AIRPORT,US,TX,KHBV,27.349,-98.737,202.1,20060101,20200211
722340,13865,KEY FIELD AIRPORT,US,MS,KMEI,32.335,-88.744,89.6,19420301,20200211
722341,92822,ORMOND BEACH MUNICIPAL AIRPORT,US,FL,KOMN,29.296,-81.113,8.8,20060101,20200210
722342,54931,TRACY MUNICIPAL AIRPORT,US,MN,KTKC,44.249,-95.607,408.4,20060101,20200211
722343,54826,SOUTH HAVEN AREA REGIONAL AIRPORT,US,MI,KLWA,42.351,-86.256,203,20060101,20200211
722345,3866,MERIDIAN NAS/MC CAIN FD AP,US,MS,KNMM,32.55,-88.567,82.6,19730101,20200211
722346,54824,OWOSSO COMMUNITY AIRPORT,US,MI,KRNP,42.993,-84.139,224.3,20050101,20200211
722347,13833,HAGLER AAF,US,MS,KHBG,31.282,-89.253,46,20050101,20100731
722348,53808,HATTIESBURG-LAUREL RGNL AP,US,MS,KPIB,31.467,-89.333,89.3,20060101,20200211
722350,3940,JACKSON INTERNATIONAL AIRPORT,US,MS,KJAN,32.321,-90.078,100.6,19420901,20200211
722351,12953,WHARTON REGIONAL AIRPORT,US,TX,KARM,29.266,-96.008,30.5,20060101,20200212
722354,13927,HAWKINS FIELD AIRPORT,US,MS,KHKS,32.337,-90.221,104.2,20050101,20200211
722355,93999,VICKSBURG MUNICIPAL AIRPORT,US,MS,KVKS,32.233,-90.933,31.4,20130319,20200211
722356,13939,MID DELTA RGNL,US,MS,KGLH,33.483,-90.985,39.3,19420120,20100731
722357,3961,HRDY-ANRES FD NTCHZ-ADAMS COUNTY AIRPORT,US,MS,KHEZ,31.617,-91.283,82.9,20060101,20200211
722358,93919,MCOM/PIKE CO/J E LWS FD AP,US,MS,KMCB,31.183,-90.471,125.9,19730101,20200211
722359,13978,GREENWOOD LEFLORE,US,MS,KGWO,33.496,-90.087,40.5,19430205,20100731
722361,92808,NEW SMYRNA BEACH MUNICIPAL AIRPORT,US,FL,KEVB,29.054,-80.948,3.1,20060101,20200211
722362,93937,SULPHUR SPRINGS MUNICIPAL AIRPORT,US,TX,KSLR,33.167,-95.617,149.1,20060101,20200211
722363,23098,EDWARDS COUNTY AIRPORT,US,TX,KECU,29.947,-100.173,723,20060101,20200212
722364,23903,TUNICA MUNICIPAL AIRPORT,US,MS,KUTA,34.681,-90.347,59.1,20050104,20200212
722366,53865,SLIDELL LA WSO/WSR,US,LA,KASD,30.343,-89.822,8.2,20080101,20091231
722367,363,SKYHAVEN AIRPORT,US,MO,KRCM,38.783,-93.8,243.2,20071016,20200211
722368,364,THOMAS P STAFFORD AIRPORT,US,OK,KOJA,35.55,-98.667,489.2,20071114,20200211
722369,365,T P MC CAMPBELL AIRPORT,US,TX,KTFP,27.917,-97.2,5.2,20071016,20200212
722390,3931,POLK ARMY AIRFIELD,US,LA,KPOE,31.05,-93.183,100.6,19620903,20200212
722400,3937,LAKE CHARLES REGIONAL AIRPORT,US,LA,KLCH,30.125,-93.228,2.7,19420502,20200212
722403,12968,SALT POINT,US,LA,KP92,29.562,-91.526,1.2,20060413,20200211
722404,13941,CHENNAULT INTERNATIONAL AP,US,LA,KCWF,30.21,-93.143,5.2,19880105,20200212
722405,13976,LAFAYETTE REGIONAL AIRPORT,US,LA,KLFT,30.205,-91.988,11.6,19451001,20200211
722406,12927,HOUMA-TERREBONNE AIRPORT,US,LA,KHUM,29.566,-90.66,2.7,20050101,20200212
722410,12917,SOUTHEAST TEXAS REGIONAL AIRPORT,US,TX,KBPT,29.951,-94.021,4.9,19730101,20200212
722416,12971,NEW BRAUNFELS MUNICIPAL AP,US,TX,KBAZ,29.709,-98.046,196.6,19990317,20200211
722420,12923,SCHOLES INTL AT GLSTON APT,US,TX,KGLS,29.273,-94.859,1.5,19930101,20200212
722422,12923,SCHOLES INTL AT GLSTON APT,US,TX,KGLS,29.273,-94.859,2.7,19730101,19900109
722423,12923,GALVESTON SCHOLES FIELD,US,TX,KGLS,29.273,-94.859,2.7,19431101,19631001
722427,12975,CLOVER FIELD AIRPORT,US,TX,KLVJ,29.519,-95.242,13.4,20060101,20200211
722429,53910,HOOKS MEMORIAL AIRPT,US,TX,KDWH,30.068,-95.556,46.3,20060101,20200212
722430,12960,G BUSH INTERCONTINENTAL AP/HOUSTON AP,US,TX,KIAH,29.98,-95.36,29,19730101,20200212
722435,12918,WILLIAM P HOBBY,US,TX,KHOU,29.638,-95.282,14.3,19730101,20100731
722436,12906,ELLINGTON FIELD AIRPORT,US,TX,KEFD,29.617,-95.167,9.8,19410701,20200211
722440,12918,WILLIAM P. HOBBY AIRPORT,US,TX,KHOU,29.638,-95.282,13.4,20050101,20200211
722444,53902,MONTGOMERY COUNTY AIRPORT,US,TX,KCXO,30.357,-95.414,74.7,20060101,20200211
722445,3904,EASTERWOOD FLD,US,TX,KCLL,30.589,-96.365,100,19730101,20100801
722446,93987,ANGELINA COUNTY AIRPORT,US,TX,KLFK,31.236,-94.754,87.8,19730101,20200211
722447,3901,LONGVIEW,US,TX,KGGG,32.385,-94.712,113.7,19730101,19910131
722447,53903,HUNTSVILLE MUNICIPAL ARPT,US,TX,KUTS,30.744,-95.586,111.6,20060101,20200212
722448,13972,TYLER POUNDS REGIONAL ARPT,US,TX,KTYR,32.354,-95.403,165.8,19730101,20200212
722469,53912,CAMPBELL FLD-CORSICANA MU,US,TX,KCRS,32.031,-96.399,136.6,20060101,20200211
722470,3901,EAST TEXAS REGIONAL ARPT,US,TX,KGGG,32.385,-94.712,111.3,19910204,20200212
722479,53907,ARLINGTON MUNICIPAL AIRPORT,US,TX,KGKY,32.664,-97.094,192,20060101,20200211
722480,13957,SHREVEPORT REGIONAL AIRPORT,US,LA,KSHV,32.447,-93.824,77.4,19730101,20200211
722484,53905,SHREVEPORT DOWNTOWN ARPT,US,LA,KDTN,32.543,-93.745,54.6,20000101,20200211
722485,13944,BARKSDALE AIR FORCE BASE,US,LA,KBAD,32.5,-93.667,50.6,19370301,20200211
722486,13942,MONROE REGIONAL AIRPORT,US,LA,KMLU,32.516,-92.041,24.1,19421001,20200211
722487,13935,ESLER REGIONAL AIRPORT,US,LA,KESF,31.395,-92.291,36,19410701,20200211
722488,3996,VICKSBURG/TALLULAH RGNL AP,US,LA,KTVR,32.35,-91.028,26.2,20050101,20200212
722489,53911,TERRELL MUNICIPAL AIRPORT,US,TX,KTRL,32.71,-96.267,144.8,20060101,20200211
722499,53948,A L MANGHAM JR RGNL ARPT,US,TX,KOCH,31.578,-94.709,108.2,20060101,20200211
722500,12919,BROWNSVILLE/S PADRE  ISLAND INTL AP,US,TX,KBRO,25.914,-97.423,7.3,19470101,20200211
722505,12904,VALLEY INTERNATIONAL ARPT,US,TX,KHRL,26.228,-97.654,10.4,19420301,20200211
722506,12959,MC ALLEN MILLER INTL ARPT,US,TX,KMFE,26.184,-98.254,30.5,19730101,20200211
722508,12957,PORT ISABEL-CAMERON CO APT,US,TX,KPIL,26.166,-97.346,5.8,20050101,20200212
722510,12924,CORPUS CHRISTI  INTERNATIONAL AIRPORT,US,TX,KCRP,27.774,-97.512,13.4,19460801,20200212
722515,12926,CORPUS CHRISTI NAS,US,TX,KNGP,27.683,-97.283,5.5,19730101,20200212
722516,12928,KINGSVILLE NAS,US,TX,KNQI,27.5,-97.817,15.2,19730101,20200211
722517,12932,ALICE INTERNATIONAL ARPT,US,TX,KALI,27.741,-98.025,52.7,19460801,20200211
722518,12974,NAVAL AUXILIARY LANDING FD,US,TX,KNOG,27.9,-98.05,78.3,20110301,20200212
722520,12907,LAREDO INTERNATIONAL AIRPORT,US,TX,KLRD,27.533,-99.467,150.6,20081124,20200211
722520,12920,LAREDO INTL AIRPORT,US,TX,KLRD,27.55,-99.467,155,19650301,19991231
722523,12970,STINSON MINICIPAL AIRPORT,US,TX,KSSF,29.339,-98.472,174,19990101,20200211
722524,12972,ARANSAS COUNTY AIRPORT,US,TX,KRKP,28.084,-97.046,6.7,20060101,20200212
722525,12920,LAREDO AIR FORCE BASE,US,TX,KLRD,27.544,-99.461,154.8,19460806,19650315
722526,12947,COTULLA-LA SALLE CO ARPT,US,TX,KCOT,28.457,-99.218,145.1,19730101,20200211
722527,12976,BRAZORIA COUNTY AIRPORT,US,TX,KLBX,29.11,-95.462,7.6,20060101,20200212
722530,12921,SAN ANTONIO INTERNATIONAL AIRPORT,US,TX,KSAT,29.544,-98.484,240.5,19460814,20200211
722533,12962,HONDO MUNICIPAL AIRPORT,US,TX,KHDO,29.36,-99.174,280.4,19420915,20200211
722535,12909,LACKLAND AIR FORCE BASE (KELLY FIELD ANNEX),US,TX,KSKF,29.383,-98.583,210.3,19370707,20200211
722536,12911,RANDOLPH AFB AIRPORT,US,TX,KRND,29.533,-98.262,221.9,19380401,20200211
722537,12961,KRVL MUNI/LUIS SHRER FD AP,US,TX,KERV,29.983,-99.083,492.9,20060101,20200211
722539,12979,SAN MARCOS MUNICIPAL ARPT,US,TX,KHYI,29.891,-97.864,182,20060101,20200211
722540,13904,AUSTIN-BERGSTROM INTL AIRPORT,US,TX,KAUS,30.183,-97.68,146.3,19990524,20200211
722540,13958,AUSTIN/MUELLER MUNI,US,TX,KATT,30.321,-97.76,200.6,19730101,19990523
722541,53914,MC KINNEY MUNICIPAL ARPT,US,TX,KTKI,33.19,-96.591,178.6,20060101,20200211
722542,3999,BURNET MUNICIPAL CRADOCK FIELD AIRPORT,US,TX,KBMQ,30.741,-98.235,392.6,20060101,20200211
722543,12977,SUGAR LAND REGIONAL ARPT,US,TX,KSGR,29.622,-95.657,25.6,20060101,20200212
722544,13958,AUSTIN-CAMP MABRY,US,TX,KATT,30.321,-97.76,204.2,19990602,20200211
722545,13904,BERGSTROM AFB/AUSTI,US,TX,KAUS,30.183,-97.68,150.9,19930104,19990523
722546,12910,SAN MARCOS (AWOS),US,TX,KRJO,29.9,-97.867,182,19920408,19960627
722547,53942,GEORGETOWN MUNICIPAL ARPT,US,TX,KGTU,30.679,-97.679,239.9,20060101,20200212
722550,12912,VICTORIA REGIONAL AIRPORT,US,TX,KVCT,28.861,-96.93,35.1,19411104,20200212
722552,93929,GAINESVILLE MUNICIPAL ARPT,US,TX,KGLE,33.651,-97.197,255.7,20060101,20200211
722553,53928,BRENHAM MUNI,US,TX,K11R,30.219,-96.374,93.9,20060101,20130501
722554,12978,FAYETTE RGNL AIR CTR,US,TX,K3T5,29.908,-96.95,98.8,20060101,20130501
722555,12935,PALACIOS MUNICIPAL AIRPORT,US,TX,KPSX,28.725,-96.254,3.7,19460801,20200212
722556,12925,CHASE NAVAL AIR STATION,US,TX,KNIR,28.367,-97.667,20.1,19730101,19921001
722560,13959,WACO REGIONAL AIRPORT,US,TX,KACT,31.619,-97.228,152.4,19420514,20200211
722563,53952,MC GREGOR EXECUTIVE ARPT,US,TX,KPWG,31.485,-97.316,180.4,20060101,20200211
722570,3933,HOOD AAF AIRPORT,US,TX,KHLR,31.133,-97.717,281.6,19601101,20200212
722572,3933,FORT HOOD,US,TX,KHLR,31.133,-97.717,266.7,19730102,19771202
722575,3972,KILLEEN MUNICIPAL AIRPORT,US,TX,KILE,31.083,-97.683,256.3,20060101,20200212
722576,3902,ROBERT GRAY AFF AIRPORT,US,TX,KGRK,31.067,-97.833,309.4,19500926,20200212
722577,93984,DRAUGHON-MILLER CNTRL TX RGNL ARPT,US,TX,KTPL,31.15,-97.417,207.9,20060101,20200211
722580,13960,DALLAS LOVE FIELD AIRPORT,US,TX,KDAL,32.852,-96.856,134.1,19460726,20200211
722581,13960,DALLAS LOVE FIELD,US,TX,KDAL,32.852,-96.856,148.7,19850531,19900208
722583,13960,DALLAS LOVE FLD,US,TX,KDAL,32.852,-96.856,148.7,19900208,20100731
722585,93901,NAVAL AIR STATION OPERATIONS,US,TX,KNBE,32.733,-96.967,150,19410805,19980103
722587,93955,COX FIELD AIRPORT,US,TX,KPRX,33.633,-95.45,166.7,20060101,20200211
722588,13926,MAJORS AIRPORT,US,TX,KGVT,33.068,-96.065,163.1,20060101,20200211
722589,3991,DENTON MUNICIPAL AIRPORT,US,TX,KDTO,33.206,-97.199,195.7,20060101,20200211
722590,3927,DALLAS/FT WORTH INTERNATIONAL AP,US,TX,KDFW,32.898,-97.019,170.7,19730101,20200211
722593,3985,FORT WORTH SPINKS AIRPORT,US,TX,KFWS,32.565,-97.308,213.4,20060101,20200211
722594,53909,FORT WORTH ALLIANCE ARPT,US,TX,KAFW,32.973,-97.318,208.8,20060101,20200211
722595,13911,FORT WORTH NAVAL AIR STATION JRB/CARSWELL FIELD,US,TX,KNFW,32.767,-97.45,185.3,19421201,20200211
722596,13961,FORT WORTH MEACHAM,US,TX,KFTW,32.819,-97.361,215.2,19460801,20100731
722597,93985,MINERAL WELLS AIRPORT,US,TX,KMWL,32.782,-98.06,283.5,19480310,20200211
722598,3970,ADDISON AIRPORT,US,TX,KADS,32.969,-96.836,196.3,20060101,20200211
722599,3971,DALLAS EXECUTIVE AIRPORT,US,TX,KRBD,32.681,-96.868,200.6,20060101,20200211
722600,3969,CLARK FIELD MUNI AIRPORT,US,TX,KSEP,32.215,-98.178,402.6,19840101,20200211
722610,22004,DEL RIO INTL,US,TX,KDRT,29.367,-100.917,315,19460809,19510430
722610,22010,DEL RIO INTERNATIONAL AIRPORT,US,TX,KDRT,29.378,-100.927,304.5,19510501,20200211
722615,22001,LAUGHLIN AFB AIRPORT,US,TX,KDLF,29.367,-100.783,329.8,19430217,20200212
722616,3032,TERRELL COUNTY AIRPORT,US,TX,K6R6,30.048,-102.213,707.8,20060101,20200211
722618,23091,FORT STOCKTON-PECOS CO APT,US,TX,KFST,30.912,-102.917,917.5,20050101,20200211
722620,23055,GUADALUPE PASS AMOS,US,TX,KGDP,31.831,-104.809,1663,19770827,20200212
722626,93035,MARFA AP,US,TX,KMRF,30.371,-104.017,1478,19730101,19770802
722630,23034,SAN ANGELO REGIONAL/MATHS FIELD AP,US,TX,KSJT,31.352,-100.495,584,19480215,20200212
722635,13973,JUNCTION,US,TX,KJCT,30.511,-99.766,533.1,19730101,19770802
722636,93042,DALHART MUNICIPAL,US,TX,KDHT,36.017,-102.55,1217.4,19421101,20100731
722637,93046,HEMPHILL COUNTY AIRPORT,US,TX,KHHF,35.9,-100.4,730.3,20060101,20200212
722640,93035,MARFA MUNICIPAL AIRPORT,US,TX,KMRF,30.371,-104.017,1478,19361201,20200208
722648,3031,ODESSA-SCHLEMEYER FLD ARPT,US,TX,KODO,31.921,-102.387,914.7,20060101,20200212
722650,23023,MIDLAND INTERNATIONAL AIRPORT,US,TX,KMAF,31.948,-102.209,872.3,19480201,20200212
722654,23091,FT STOCKTON\PECOS,US,TX,KFST,30.912,-102.917,917.4,20080101,20091231
722655,23005,WEBB AFB,US,TX,KBGS,32.217,-101.517,780.9,19420927,19770902
722656,23040,WINKLER COUNTY AIRPORT,US,TX,KINK,31.78,-103.202,855.6,19460801,20200212
722657,23041,BIG SPRING,US,TX,KHCA,32.233,-101.5,783.9,19470101,19741130
722660,13962,ABILENE REGIONAL AIRPORT,US,TX,KABI,32.411,-99.682,545.6,19460801,20200212
722665,13910,ABILENE DYESS AFB,US,TX,KDYS,32.433,-99.85,545.3,19730101,19881231
722666,93943,BROWNWOOD REGIONAL AIRPORT,US,TX,KBWD,31.8,-98.95,419.7,20060101,20200210
722670,23042,LUBBOCK INTERNATIONAL AIRPORT,US,TX,KLBB,33.666,-101.823,991.8,19450810,20200212
722675,23021,REESE AFB/LUBBOCK,US,TX,KREE,33.6,-102.05,1017,19420301,19970411
722676,3035,ARTESIA MUNICIPAL AIRPORT,US,NM,KATS,32.853,-104.468,1079.3,20060101,20200211
722677,3027,CLINES CORNERS,US,NM,KCQC,35.003,-105.663,2159.8,20060101,20200212
722678,23052,RATON MUNI/CREWS FIELD APT,US,NM,KRTN,36.741,-104.502,1935.2,19980902,20200212
722680,23009,ROSWELL INTERNATIONAL AIR CENTER AP,US,NM,KROW,33.308,-104.508,1112.2,19420713,20200211
722683,93083,SIERRA BLANCA RGNL AIRPORT,US,NM,KSRR,33.45,-105.517,2075.7,20060101,20200211
722686,23008,CANNON AFB AIRPORT,US,NM,KCVS,34.383,-103.317,1309.1,19430125,20200211
722687,93033,CAVERN CITY AIR TRML ARPT,US,NM,KCNM,32.334,-104.258,985.1,19420910,20200211
722688,93034,LEA COUNTY REGIONAL AIRPORT,US,NM,KHOB,32.693,-103.213,1114,19421101,20200212
722689,23077,CLOVIS MUNICIPAL AIRPORT,US,NM,KCVN,34.433,-103.083,1285,20060101,20200211
722691,366,CLAXTON EVANS COUNTY AIRPORT,US,GA,KCWV,32.2,-81.87,34.1,20090101,20200211
722692,367,WARRENTON FAUQUIER AIRPORT,US,VA,KHWY,38.586,-77.711,103,20090101,20200212
722693,93097,ALAMOGORDO-WHITE SANDS RGL AIRPORT,US,NM,KALM,32.84,-105.991,1280.2,20060101,20200211
722695,93041,LAS CRUCES INTL AIRPORT,US,NM,KLRU,32.283,-106.917,1357.6,20060101,20200211
722700,23044,EL PASO INTERNATIONAL AIRPORT,US,TX,KELP,31.811,-106.376,1194.2,19410401,20200211
722707,23055,GUADALUPE PASS,US,TX,KGDP,31.831,-104.809,1663,19730101,19770802
722710,93045,TRH OR CONSEQCES MUNI ARPT,US,NM,KTCS,33.237,-107.268,1478.3,19780301,20200211
722720,93026,BISBEE DOUGLAS INTL ARPT,US,AZ,KDUG,31.458,-109.606,1251.2,20100801,20200211
722720,93063,BISBEE DOUGLAS INTL,US,AZ,KSVC,32.633,-108.167,1659.9,19730101,20100801
722721,93063,GRANT COUNTY AIRPORT,US,NM,KSVC,32.633,-108.167,1637.7,20050101,20200211
722725,23078,DEMING MUNICIPAL AIRPORT,US,NM,KDMN,32.262,-107.721,1310.9,20060101,20200211
722726,93045,NOGALES (AMOS),US,AZ,KTCS,33.237,-107.268,1480.7,19730101,19780228
722728,3196,NOGALES INTERNATIONAL ARPT,US,AZ,KOLS,31.421,-110.846,1198.5,20060101,20200211
722730,3124,SIERRA VISTA MUNICIPAL-LIBBY AAF AIRPORT,US,AZ,KFHU,31.588,-110.344,1438.4,19541011,20200211
722735,93026,BISBEE DOUGLAS INTL,US,AZ,KDUG,31.458,-109.606,1250,19421116,20100801
722740,23160,TUCSON INTERNATIONAL AIRPORT,US,AZ,KTUS,32.131,-110.955,776.9,19730101,20200211
722745,23109,DAVIS-MONTHAN AFB AIRPORT,US,AZ,KDMA,32.167,-110.883,824.2,19410717,20200211
722747,93084,SAFFORD REGIONAL AIRPORT,US,AZ,KSAD,32.855,-109.635,968,20060101,20200212
722748,3914,CASA GRANDE MUNICIPAL ARPT,US,AZ,KCGZ,32.95,-111.767,445.6,20060101,20200211
722749,53128,CHANDLER MUNICIPAL AIRPORT,US,AZ,KCHD,33.269,-111.813,378.9,20060101,20200211
722764,3029,WINDOW ROCK AIRPORT,US,AZ,KRQE,35.658,-109.061,2054.1,20060101,20200212
722780,23183,PHOENIX SKY HARBOR INTL AIRPORT,US,AZ,KPHX,33.428,-112.004,337.4,19730101,20200211
722783,3185,FALCON FIELD AIRPORT,US,AZ,KFFZ,33.467,-111.733,420.6,20060101,20200211
722784,3184,PHOENIX DEER VALLEY ARPT,US,AZ,KDVT,33.688,-112.082,443.5,20060101,20200212
722785,23111,LUKE AFB AIRPORT,US,AZ,KLUF,33.55,-112.367,330.7,19411201,20200212
722786,23104,WILLIAMS GATEWAY AIRPORT,US,AZ,KIWA,33.3,-111.667,421.2,19420301,20200212
722787,53126,GLENDALE MUNICIPAL AIRPORT,US,AZ,KGEU,33.527,-112.295,324.9,20060101,20200211
722788,3186,PHOENIX GOODYEAR AIRPORT,US,AZ,KGYR,33.417,-112.383,295.1,20060101,20200211
722789,3192,SCOTTSDALE AIRPORT,US,AZ,KSDL,33.623,-111.911,449,20060101,20200211
722800,23195,YUMA MARINE CORPS AIR STATION/YUMA INTL AIRPORT,US,AZ,KYUM,32.667,-114.6,62.8,19420116,20070105
722805,3145,YUMA MCAS,US,AZ,KNYL,32.65,-114.617,64.9,19770127,19870630
722810,23199,NAF,US,CA,KNJK,32.817,-115.683,-12.8,19840413,20200211
722813,53146,PIONEER AIRFIELD,US,AZ,KALK,31.607,-110.428,1453.3,20080807,20200211
722817,3068,ELLICOTT-B AFA,US,CO,KABH,38.767,-104.3,1837.9,20060501,20200211
722819,53989,MULTI PURPOSE RANGE,US,KS,KAMM,39.294,-96.926,385.3,20060601,20170110
722820,3949,PEASON RIDGE,US,LA,KAQV,31.4,-93.283,111.3,20060101,20200211
722821,53988,FULLERTON LANDING STRIP,US,LA,KBKB,31.022,-92.911,94.5,20060101,20200212
722822,63903,DIRT STRIP EAST OF FORT POLK,US,LA,KDNK,31.114,-92.966,114,20050303,20130503
722823,3749,CAMP DAVID,US,MD,KRSP,39.645,-77.468,561.4,20060501,20190519
722825,53145,TONOPAH TEST RANGE #74,US,NV,KBJN,37.617,-116.264,1755.7,20060101,20150201
722826,93762,SITE R,US,PA,KRYT,39.733,-77.433,274.9,20060501,20171114
722857,368,WALHALLA MUNICIPAL AIRPORT,US,ND,K96D,48.941,-97.903,290.2,20101118,20200211
722860,23119,MARCH AIR RESERVE BASE,US,CA,KRIV,33.9,-117.25,468.2,19330101,20200211
722865,93180,ONTARIO,US,CA,KONT,34.067,-117.65,303.9,19421215,19991231
722866,23122,SAN BERNARDINO INTERNATIONAL AIRPORT,US,CA,KSBD,34.095,-117.235,353.3,19430106,19931030
722867,23156,BEAUMONT,US,CA,KBUO,33.933,-116.967,692,19730101,19991231
722868,93138,PALM SPRINGS INTL AIRPORT,US,CA,KPSP,33.822,-116.504,124.7,20060101,20200211
722869,3171,RIVERSIDE MUNICIPAL ARPT,US,CA,KRAL,33.952,-117.439,245.2,20060101,20200211
722874,93134,DOWNTOWN L.A./USC CAMPUS,US,CA,KCQT,34.024,-118.291,54.6,20000101,20200211
722880,23152,BURBANK-GLENDALE-PASA ARPT,US,CA,KBUR,34.201,-118.358,236.2,19430601,20200211
722885,93197,SANTA MONICA MUNI AIRPORT,US,CA,KSMO,34.016,-118.451,53,20060101,20200211
722886,23130,VAN NUYS AIRPORT,US,CA,KVNY,34.21,-118.489,234.7,19421211,20200211
722887,3180,BRACKETT FIELD AIRPORT,US,CA,KPOC,34.1,-117.783,308.2,20060101,20200211
722890,93136,MOUNT WILSON,US,CA,KMWS,34.233,-118.067,1739.2,19500101,20150513
722895,23243,LOMPOC AIRPORT,US,CA,KLPC,34.667,-120.467,26.8,20060101,20200211
722897,93206,SAN LUIS CO REGIONAL ARPT,US,CA,KSBP,35.237,-120.641,61,20060101,20200211
722899,3179,CHINO AIRPORT,US,CA,KCNO,33.975,-117.636,198.1,20060101,20200211
722900,23188,SAN DIEGO INTERNATIONAL AIRPORT,US,CA,KSAN,32.734,-117.183,4.6,19420101,20200211
722903,3131,MONTGOMERY FIELD AIRPORT,US,CA,KMYF,32.816,-117.139,127.1,20060101,20200211
722904,3178,BROWN FIELD MUNICIPAL ARPT,US,CA,KSDM,32.572,-116.979,157,20060101,20200211
722904,23196,BROWN FLD MUNI,US,CA,KSDM,32.567,-116.967,160,19780429,19991231
722906,93112,NORTH ISLAND NAS,US,CA,KNZY,32.7,-117.2,7.9,19450401,20200211
722907,53143,GILLESPIE FIELD AIRPORT,US,CA,KSEE,32.826,-116.973,118,20060101,20200211
722909,93115,NAVAL AUXILIARY LANDING FD,US,CA,KNRS,32.567,-117.117,7.3,19730101,20200211
722910,93116,SAN NICOLAS ISLAND NAVAL OUTLYING FIELD,US,CA,KNSI,33.24,-119.458,153,19430616,20200211
722915,93114,TUSTIN MCAF,US,CA,KNTK,33.7,-117.833,16.5,19760101,19891130
722920,23191,CATALINA AIRPORT,US,CA,KAVX,33.405,-118.416,488.3,19430612,20200211
722925,93117,NALF/F. SHERMAN FLD ARPT,US,CA,KNUC,33.023,-118.588,55.5,19430610,20200211
722926,3154,MARINE CORPS AIR STATION,US,CA,KNFG,33.3,-117.35,22.9,19730102,20200211
722927,3177,MCCLELLAN-PALOMAR AIRPORT,US,CA,KCRQ,33.128,-117.279,100,20060101,20200211
722928,369,MCOLF CAMP PENDLETON RED BEACH AIRPORT,US,CA,KNXF,33.286,-117.456,27.1,20091029,20200211
722930,93107,SAN DIEGO/MIRAMAR N,US,CA,KNKX,32.867,-117.133,145.7,19890101,20050331
722931,93107,MARINE CORPS AIR STATION,US,CA,KNKX,32.867,-117.133,145.4,20050401,20200211
722934,53121,OCEANSIDE MUNICIPAL ARPT,US,CA,KOKB,33.219,-117.349,8.5,20060101,20200211
722950,23174,LOS ANGELES INTERNATIONAL AIRPORT,US,CA,KLAX,33.938,-118.389,29.6,19440101,20200211
722953,3183,MOJAVE AIRPORT,US,CA,KMHV,35.067,-118.15,849.5,20060102,20200211
722955,3122,TORRANCE AIRPORT,US,CA,KTOA,33.802,-118.342,27.4,19440601,19991231
722955,3174,ZAMPERINI FIELD AIRPORT,US,CA,KTOA,33.803,-118.34,29.6,20060101,20200211
722956,3167,NRTHORP FLD/HATHRN MUNI AP,US,CA,KHHR,33.923,-118.334,19.2,20060101,20200211
722970,23129,LONG BEACH / DAUGHERTY FIELD / AIRPORT,US,CA,KLGB,33.812,-118.146,9.5,19430101,20200211
722972,63878,LITCHFIELD MUNICIPAL AIRPORT,US,IL,K3LF,39.163,-89.675,210.3,20060101,20200212
722975,53141,LOS ALAMITOS AAF AIRPORT,US,CA,KSLI,33.79,-118.052,10.7,20060101,20200211
722975,93106,LOS ALAMITOS AAF,US,CA,KSLI,33.783,-118.05,11,19820907,19991231
722976,3166,FULLERTON MUNICIPAL ARPT,US,CA,KFUL,33.872,-117.979,29.3,20060101,20200211
722977,93184,J. WAYNE APT-ORANGE CO APT,US,CA,KSNA,33.68,-117.866,16.5,19400617,20200211
722979,3157,LONG BEACH NAVAL STN,US,CA,NWF,33.75,-118.233,4.3,19730102,19731228
723010,3810,HICKORY REGIONAL AIRPORT,US,NC,KHKY,35.742,-81.382,358.1,20050101,20200212
723011,13748,WILMINGTON NEW HANOVER COUNTY,US,NC,KILM,34.268,-77.9,11.6,19420601,19900228
723013,13748,WILMINGTON INTL,US,NC,KILM,34.268,-77.9,11.6,19900228,20091231
723020,13748,WILMINGTON INTERNATIONAL AIRPORT,US,NC,KILM,34.268,-77.9,10.1,20050101,20200211
723030,13714,POPE AFB AIRPORT,US,NC,KPOB,35.174,-79.009,66.5,19370703,20200212
723034,93747,MACKALL AAF AIRPORT,US,NC,KHFF,35.033,-79.5,114.6,20060103,20200212
723035,93740,FAYETT RGNL/GRANNIS FLD AP,US,NC,KFAY,34.991,-78.88,56.7,20060101,20200211
723037,93765,MICHAEL J SMITH FLD ARPT,US,NC,KMRH,34.733,-76.657,2.4,20060101,20200211
723040,93729,CAPE HATTERAS,US,NC,KHSE,35.233,-75.622,3.4,19730101,19951231
723046,13766,DARE COUNTY REGIONAL AIRPORT,US,NC,KMQI,35.917,-75.7,4,20050101,20200211
723055,63816,STATESVILLE MUNICIPAL ARPT,US,NC,KSVH,35.765,-80.957,294.1,20060101,20200211
723060,13722,RALEIGH-DURHAM INTERNATIONAL AP,US,NC,KRDU,35.892,-78.782,126.8,19451101,20200211
723065,13783,PITT-GREENVILLE AIRPORT,US,NC,KPGV,35.633,-77.383,7.6,20050101,20200210
723066,13713,SEYMOUR-JOHNSON AFB AIRPORT,US,NC,KGSB,35.344,-77.965,33.2,19430601,20200211
723067,93726,KINSTON REGIONAL JETPORT AT STALLING FIELD,US,NC,KISO,35.317,-77.633,28.7,19730608,20200211
723068,93759,ROCKY MOUNT-WILSON RGN APT,US,NC,KRWI,35.855,-77.893,48.8,20060101,20200211
723069,93753,ALBERT J ELLIS AIRPORT,US,NC,KOAJ,34.833,-77.617,29.3,20060101,20200211
723070,13786,ELZ CTY CG/AIR STN RGNL AP,US,NC,KECG,36.261,-76.175,4,20050101,20200211
723074,3703,NORTHEASTERN REGIONAL ARPT,US,NC,KEDE,36.028,-76.567,6.1,20060101,20200211
723075,13769,OCEANA NAS,US,VA,KNTU,36.817,-76.033,7,19730101,20200211
723079,93796,TRI-COUNTY AIRPORT,US,NC,KASJ,36.298,-77.171,20.7,20060101,20200211
723080,13737,NORFOLK INTERNATIONAL AIRPORT,US,VA,KORF,36.903,-76.192,9.1,19730101,20200211
723083,13763,FRANKLIN MUNICIPAL-JOHN BEVERLY ROSE AIRPORT,US,VA,KFKN,36.698,-76.903,12.5,19941016,20200211
723084,93775,HANOVER CO MUNICIPAL ARPT,US,VA,KOFP,37.708,-77.434,62.5,20050101,20200212
723085,13750,NORFOLK NAS,US,VA,KNGU,36.937,-76.289,5.2,19730101,20200211
723086,93741,NWPT NEWS/WIMBURG INTL APT,US,VA,KPHF,37.132,-76.493,12.8,20000101,20200211
723087,93735,FELKER ARMY AIRFIELD,US,VA,KFAF,37.133,-76.6,3.7,19601101,20200211
723089,13755,CHINCOTEAGUE,US,VA,K0W8,37.933,-75.383,2,19821019,19960630
723090,13754,CHERRY POINT MCAS,US,NC,KNKT,34.9,-76.883,8.8,19730101,20200211
723095,93719,CRAVEN COUNTY REG AIRPORT,US,NC,KEWN,35.068,-77.048,5.8,19730101,20200211
723096,93727,JACKSONVILLE,US,NC,KNCA,34.708,-77.44,7.9,19730101,20200211
723097,93743,BOGUE FIELD MARINE CORPS AUXILIARY FIELD,US,NC,KNJM,34.683,-77.033,6.4,19870504,20200211
723098,93798,CULPEPER REGIONAL AIRPORT,US,VA,KCJR,38.527,-77.859,96.3,20060101,20200212
723100,13883,COLUMBIA METROPOLITAN AIRPORT,US,SC,KCAE,33.942,-81.118,68.6,19420424,20200211
723104,53867,COLUMBIA OWENS DOWNTOWN AP,US,SC,KCUB,33.971,-80.996,64.6,20060101,20200211
723105,3858,MCENTIRE AIR NATIONAL GUARD STATION,US,SC,KMMT,33.967,-80.8,77.4,20050103,20200211
723105,93833,MC ENTIRE JNGB,US,SC,KMMT,33.921,-80.801,77,19590206,19991231
723106,13744,FLORENCE REGIONAL AIRPORT,US,SC,KFLO,34.188,-79.731,44.5,19730101,20200211
723107,371,SANTEE COOPER REGIONAL AIRPORT,US,SC,KMNI,33.587,-80.209,31.1,20090101,20200211
723108,13776,LUMBERTON MUNICIPAL ARPT,US,NC,KLBT,34.608,-79.059,36.9,19980902,20200210
723109,93782,LAURINBURG-MAXTON AIRPORT,US,NC,KMEB,34.792,-79.366,67.1,20060101,20200211
723110,13873,ATHENS/BEN EPPS AIRPORT,US,GA,KAHN,33.948,-83.328,239.3,19730101,20200212
723114,3715,LOUISA CO/FREEMAN FLD ARPT,US,VA,KLKU,38.01,-77.97,150.3,20060101,20200212
723115,53854,ORANGEBURG MUNICIPAL ARPT,US,SC,KOGB,33.462,-80.858,60.1,20060101,20200211
723116,3742,DARLINGTON COUNTY JETPORT AIRPORT,US,SC,KUDG,34.466,-79.89,58.5,20060101,20200212
723117,53871,RK HL/YORK CO/BRYNT FD APT,US,SC,KUZA,34.987,-81.058,203.9,20060101,20200212
723118,53850,OCCONEE COUNTY RGNL ARPT,US,SC,KCEU,34.672,-82.886,271.6,20060101,20200212
723119,13886,GREENVILLE DOWNTOWN ARPT,US,SC,KGMU,34.846,-82.346,319.4,19420908,20200212
723120,3870,GREENVILLE-SPARTANBURG INTL AIRPORT,US,SC,KGSP,34.906,-82.213,291.1,19730101,20200212
723122,63889,DONALDSON CENTER AIRPORT,US,SC,KGYH,34.758,-82.376,291.1,20060101,20200212
723123,14886,Kings Land O' Lakes Airport,US,WI,KLNL,46.15,-89.217,519.4,20060101,20200211
723124,53874,GREENWOOD COUNTY AIRPORT,US,SC,KGRD,34.249,-82.159,192.3,20060101,20200212
723125,93846,ANDERSON RGNL,US,SC,KAND,34.498,-82.71,235.6,19730101,20100801
723126,93804,SPARTANBURG DOWNTOWN MEMORIAL AIRPORT,US,SC,KSPA,34.917,-81.95,244.1,19730101,19820320
723139,93729,BILLY MITCHELL AIRPORT,US,NC,KHSE,35.233,-75.622,3.4,19960101,20200211
723140,13881,CHARLOTTE/DOUGLAS INTERNATIONAL AP,US,NC,KCLT,35.224,-80.955,221.9,19410722,20200212
723143,3720,MOORE COUNTY AIRPORT,US,NC,KSOP,35.237,-79.391,140.5,20060101,20200212
723144,53890,RURFTON CO-MARCHMAN FLD AP,US,NC,KFQD,35.428,-81.935,328.6,20060101,20200211
723145,3810,HICKORY RGNL,US,NC,KHKY,35.743,-81.382,362.1,19730101,20100801
723146,53892,ASHE COUNTY AIRPORT,US,NC,KGEV,36.432,-81.419,969.3,20060101,20200211
723147,53870,GASTONIA MUNICIPAL AIRPORT,US,NC,KAKH,35.197,-81.156,242.9,20060101,20200212
723148,63859,MORGANTON-LENOIR AIRPORT,US,NC,KMRN,35.821,-81.611,387.1,20060101,20200211
723150,3812,ASHEVILLE REGIONAL AIRPORT,US,NC,KAVL,35.432,-82.538,645.3,19730101,20200212
723156,63812,ROWAN COUNTY AIRPORT,US,NC,KRUQ,35.646,-80.52,235.6,20050101,20200211
723160,13870,BACON COUNTY AIRPORT,US,GA,KAMG,31.536,-82.507,58.8,20050101,20200211
723165,63821,WILKES COUNTY AIRPORT,US,NC,KUKF,36.223,-81.098,396.2,20060101,20200211
723170,13723,PIEDMONT TRIAD INTERNATIONAL AIRPORT,US,NC,KGSO,36.097,-79.943,271.3,19451101,20200212
723171,53144,NORTH AUXILIARY AIRFIELD EDWARDS AFB,US,CA,K9L2,34.988,-117.865,695.9,20060101,20200211
723174,93783,BURLINGTON ALAMANCE RGL AP,US,NC,KBUY,36.047,-79.477,188.1,20060101,20200211
723177,63807,MOUNT AIRY/SURRY CO ARPT,US,NC,KMWK,36.46,-80.553,380.1,20060101,20200212
723181,13877,BRISTOL TRI CITY AIRPORT,US,TN,KTRI,36.473,-82.404,464.8,19730101,19900228
723183,13877,TRI CITIES RGNL,US,TN,KTRI,36.473,-82.404,464.8,19900228,20100801
723190,93846,ANDERSON REGIONAL AIRPORT,US,SC,KAND,34.498,-82.71,231.7,20050101,20200212
723191,93807,WINSTON-SALEM REYNOLDS AP,US,NC,KINT,36.134,-80.222,295.7,19850531,19900206
723193,93807,SMITH REYNOLDS AIRPORT,US,NC,KINT,36.134,-80.222,295.7,19900208,20200212
723194,53872,MONROE AIRPORT,US,NC,KEQY,35.017,-80.621,207,20060101,20200212
723200,93801,RICHARD B RUSSELL AIRPORT,US,GA,KRMG,34.348,-85.161,194.8,19780101,20200212
723230,3856,HUNTSVILLE INTL/C.T.JONES FIELD AIRPORT,US,AL,KHSV,34.644,-86.786,190.2,19730101,20200212
723231,63883,REDSTONE ARMY AIRFIELD,US,AL,KHUA,34.679,-86.685,208.8,20060103,20200212
723235,13896,NORTH WEST ALABAMA REGIONAL AIRPORT,US,AL,KMSL,34.744,-87.6,164.6,19730101,20200212
723240,13882,LOVELL FIELD AIRPORT,US,TN,KCHA,35.034,-85.2,204.2,19730101,20200212
723246,53868,OAK RIDGE,US,TN,KOQT,36.024,-84.238,277.4,19990102,20100801
723249,463,MAURY COUNTY AIRPORT,US,TN,KMRC,35.554,-87.179,207.9,20130309,20200212
723250,3847,CROSSVILLE MEMORIAL -WHITSON FIELD APT,US,TN,KCSV,35.951,-85.081,569.1,20050101,20200212
723260,13891,MC GHEE TYSON AIRPORT,US,TN,KTYS,35.818,-83.986,293.2,19480101,20200211
723265,3847,CROSSVILLE MEM WHIT,US,TN,KCSV,35.951,-85.081,570,19730101,20100801
723270,13897,NASHVILLE INTERNATIONAL AIRPORT,US,TN,KBNA,36.119,-86.689,182.9,19510101,20200212
723273,13827,SMYRNA AIRPORT,US,TN,KMQY,36.009,-86.52,165.5,20060101,20200212
723274,372,UPPER CUMBERLAND REGIONAL AIRPORT,US,TN,KSRB,36.056,-85.531,312.1,20120604,20200212
723280,3894,OUTLAW FIELD AIRPORT,US,TN,KCKV,36.624,-87.419,170.7,20050101,20200212
723284,93839,MILLINGTON MUNICIPAL AIRPORT,US,TN,KNQA,35.35,-89.867,97.5,20050101,20200212
723290,3849,CAPE GIRARDEAU RGNL,US,MO,KLOZ,37.087,-84.077,369.1,19730101,19850531
723290,3935,CAPE GIRARDEAU RGNL ARPT,US,MO,KCGI,37.225,-89.571,102.4,20100801,20200212
723291,3849,LONDON-CORBIN AP,US,KY,KLOZ,37.087,-84.077,369.1,19850531,19900206
723293,3849,LONDON-CORBIN AP,US,KY,KLOZ,37.087,-84.077,369.1,19900208,19910220
723300,3975,POPLAR BUFF MUNICIAL ARPT,US,MO,KPOF,36.773,-90.325,99.7,20060101,20200212
723301,93862,TUPELO C D LEMONS ARPT,US,MS,KTUP,34.262,-88.771,110,19730101,19900228
723303,93862,TUPELO C D LEMONS ARPT,US,MS,KTUP,34.262,-88.771,110,19900208,19910228
723306,13825,COLUMBUS AFB AIRPORT,US,MS,KCBM,33.65,-88.45,66.8,19420301,20200212
723307,53893,GOLDEN TRIANGLE RGNL APT,US,MS,KGTR,33.45,-88.583,80.5,20060101,20200212
723320,93862,TUPELO REGIONAL AIRPORT,US,MS,KTUP,34.262,-88.771,110,19910301,20200212
723340,13893,MEMPHIS INTERNATIONAL AIRPORT,US,TN,KMEM,35.056,-89.987,77.4,19461001,20200212
723345,93839,MEMPHIS NAS,US,TN,KNQA,35.35,-89.867,97.5,19730101,19960429
723346,3811,MCKELLAR-SIPES RGNL ARPT,US,TN,KMKL,35.593,-88.917,132,19730101,20200212
723347,3809,DYERSBURG MUNICIPAL ARPT,US,TN,KDYR,36,-89.409,91.4,19430412,20200212
723350,13877,TRI-CITIES REGIONAL TN/VA AIRPORT,US,TN,KTRI,36.48,-82.399,456.3,20050101,20200212
723400,3952,NORTH LITTLE ROCK AIRPORT,US,AR,KLZK,34.835,-92.26,171.6,20060101,20200210
723401,13963,LITTLE ROCK ADAMS FIELD,US,AR,KLIT,34.727,-92.239,78.3,19750101,19900228
723403,13963,ADAMS FIELD AIRPORT,US,AR,KLIT,34.727,-92.239,78.6,19900228,20200211
723405,3930,LITTLE ROCK AFB AIRPORT,US,AR,KLRF,34.917,-92.15,94.8,19560101,20200212
723406,93991,WALNUT RIDGE REGIONAL ARPT,US,AR,KARG,36.125,-90.924,83.2,20050101,20200212
723407,3953,JONESBORO MUNICIPAL ARPT,US,AR,KJBR,35.831,-90.646,79.9,20060101,20200212
723408,13814,ARKANSAS INTERNATIONAL AIRPORT,US,AR,KBYH,35.967,-89.95,77.4,19420901,20200211
723409,53869,BLYTHEVILLE MUNI AIRPORT,US,AR,KHKA,35.94,-89.831,77.7,20060101,20200212
723415,3962,MEMORIAL FIELD AIRPORT,US,AR,KHOT,34.29,-93.06,163.1,20060101,20200211
723416,13925,STUTTGART MUNICIPAL ARPT,US,AR,KSGT,34.6,-91.574,68.3,20060101,20200211
723417,93988,GRIDER FIELD AIRPORT,US,AR,KPBF,34.18,-91.934,63.1,19730101,20200212
723418,13977,TEXARKANA REGIONAL AIRPORT-WEBB FIELD,US,AR,KTXK,33.454,-94.007,110,19460729,20200212
723419,93992,S. AR RGNL AT GDWIN FLD AP,US,AR,KELD,33.221,-92.814,76.8,19730101,20200211
723424,53919,MONTICELLO MUNI,US,AR,KLLQ,33.636,-91.756,82.3,20050101,20091231
723425,373,HARRELL FIELD AIRPORT,US,AR,KCDH,33.617,-92.767,40.2,20070501,20200211
723429,53920,MUNICIPAL AIRPORT,US,AR,KRUE,35.258,-93.095,122.8,20060101,20200211
723434,3973,SPRINGDALE MUNICIPAL ARPT,US,AR,KASG,36.167,-94.117,412.4,20060101,20200211
723435,53921,MOUNT IDA,US,AR,KMWT,34.547,-93.578,214,20050101,20200211
723436,53922,NW ARKANSAS REGIONAL ARPT,US,AR,KXNA,36.283,-94.3,392.3,20060101,20200212
723439,53918,OZARK REGIONAL AIRPORT,US,AR,KBPK,36.369,-92.47,282.9,20060101,20200212
723440,13964,FORT SMITH REGIONAL AIRPORT,US,AR,KFSM,35.333,-94.363,136.9,19470101,20200211
723441,54921,ALBION MUNICIPAL AIRPORT,US,NE,KBVN,41.73,-98.054,548.3,20060101,20200211
723443,53955,SMITH FIELD AIRPORT,US,AR,KSLG,36.191,-94.491,363.6,20060101,20200212
723444,3978,BENTONVILLE MUNI/LOUIS M THADEN FIELD AIRPORT,US,AR,KVBT,36.35,-94.217,395,20060101,20200212
723445,93993,DRAKE FIELD AIRPORT,US,AR,KFYV,36.01,-94.169,381.3,19730101,20200211
723446,13971,BOONE CO,US,AR,KHRO,36.267,-93.157,422.1,19460801,20100731
723447,3918,MARION COUNTY RGNL AIRPORT,US,AR,KFLP,36.291,-92.59,219.2,20050101,20200212
723448,53934,BATESVILLE REGIONAL ARPT,US,AR,KBVX,35.726,-91.647,141.1,20060101,20200212
723449,53954,ROGERS MUNI-CARTER FLD APT,US,AR,KROG,36.372,-94.107,412.4,20060101,20200212
723450,13971,BOONE COUNTY AIRPORT,US,AR,KHRO,36.267,-93.157,418.8,20050101,20200212
723484,53901,WEST PLAINS MUNICIPAL ARPT,US,MO,KUNO,36.878,-91.903,372.8,20060101,20200212
723489,3935,CAPE GIRARDEAU RGNL,US,MO,KCGI,37.225,-89.571,107.3,19730101,20100801
723495,13987,JOPLIN REGIONAL AIRPORT,US,MO,KJLN,37.152,-94.495,296.3,19730101,20200212
723510,13966,SHEPPARD AFB/WICHITA FALLS MUNI AP,US,TX,KSPS,33.979,-98.493,310,19420413,20200211
723520,13902,ALTUS AFB AIRPORT,US,OK,KLTS,34.65,-99.267,421.2,19430201,20200211
723525,93986,HOBART MUNICIPAL AIRPORT,US,OK,KHBR,34.989,-99.053,474.3,19730101,20200211
723526,3932,CLINTON-SHERMAN AIRPORT,US,OK,KCSM,35.357,-99.204,585.8,20060101,20200211
723527,13975,GAGE/SHATTUCK,US,OK,KGAG,36.297,-99.769,671.2,19460801,20100709
723528,3981,FREDERICK MUNICIPAL AIRPT,US,OK,KFDR,34.344,-98.983,382.5,20060101,20200211
723529,53929,ARDMORE DOWNTOWN EXE,US,OK,K1F0,34.147,-97.123,257.3,20060101,20130430
723530,13967,WILL ROGERS WORLD AIRPORT,US,OK,KOKC,35.389,-97.601,391.7,19411214,20200211
723535,13909,VANCE AIR FORCE BASE,US,OK,KEND,36.333,-97.917,398.1,20060103,20200211
723536,53986,ENID WOODRING REGIONAL AIRPORT,US,OK,KWDG,36.383,-97.8,355.7,20060101,20200212
723537,53913,GUTHRIE MUNICIPAL AIRPORT,US,OK,KGOK,35.852,-97.414,325.5,20060101,20200211
723540,13919,TINKER AFB AIRPORT,US,OK,KTIK,35.417,-97.383,393.5,19421214,20200211
723544,3954,WILEY POST AIRPORT,US,OK,KPWA,35.534,-97.647,395.3,20060101,20200211
723545,3965,STILLWATER REGIONAL ARPT,US,OK,KSWO,36.162,-97.089,299.9,20060101,20200212
723546,13969,PONCA CITY MUNI,US,OK,KPNC,36.737,-97.102,304.2,19460801,20100731
723550,13945,HENRY POST AAF AIRPORT,US,OK,KFSI,34.65,-98.4,362.4,19390901,20200211
723555,93940,ARDMORE MUNICIPAL AIRPORT,US,OK,KADM,34.3,-97.017,221,20060101,20200211
723556,93953,DAVIS FIELD AIRPORT,US,OK,KMKO,35.657,-95.361,185.9,20060101,20200211
723560,13968,TULSA INTERNATIONAL AIRPORT,US,OK,KTUL,36.199,-95.887,198.1,19470101,20200212
723564,53908,RICHARD LLOYD JONES JR APT,US,OK,KRVS,36.039,-95.984,194.5,20060101,20200212
723565,3959,BARTLESVILLE MUNICIPAL AIRPORT,US,OK,KBVO,36.768,-96.026,217.9,20060101,20200211
723566,93950,MC ALESTER REGIONAL ARPT,US,OK,KMLC,34.882,-95.783,234.7,19530701,20200211
723570,3948,UNIVERSITY OF OKLAHOMA WESTHEIMER AIRPORT,US,OK,KOUN,35.25,-97.467,360.3,20060101,20200211
723575,3950,LAWTON-FORT SILL RGNL ARPT,US,OK,KLAW,34.558,-98.417,325.8,20050101,20200211
723600,23051,CLAYTON  MUNICIPAL AIRPARK AIRPORT,US,NM,KCAO,36.449,-103.154,1511.8,19770827,20200211
723601,23007,CHILDRESS MUNICIPAL AP,US,TX,KCDS,34.427,-100.283,595,19430215,19800901
723604,23007,CHILDRESS MUNICIPAL,US,TX,KCDS,34.427,-100.283,595,19800910,20100731
723620,93040,SOCORRO MUNICIPAL AP,US,NM,KONM,34.067,-106.9,1485.9,20070608,20200211
723625,93057,GRANTS-MILAN MUNI AIRPORT,US,NM,KGNT,35.165,-107.902,1987.3,19480101,20200212
723626,3737,CURRITUCK COUNTY AIRPORT,US,NC,KONX,36.399,-76.016,4.9,20050101,20200210
723626,93044,CURRITUCK CO,US,NC,KONX,36.4,-76.017,5,19730101,19730108
723627,23081,GALLUP MUNICIPAL AIRPORT,US,NM,KGUP,35.514,-108.794,1972.4,19730101,20200212
723628,93942,CURTIS FIELD AIRPORT,US,TX,KBBD,31.178,-99.324,556.9,20060101,20200212
723629,53998,ORANGE COUNTY AIRPORT,US,TX,KORG,30.069,-93.804,4,20060101,20200212
723630,23047,AMARILLO RICK HUSBAND INTL AIRPORT,US,TX,KAMA,35.23,-101.704,1098.5,19430301,20200211
723635,3024,HUTCHINSON COUNTY AIRPORT,US,TX,KBGD,35.695,-101.395,930.9,20060101,20200211
723647,3034,DOUBLE EAGLE II AIRPORT,US,NM,KAEG,35.145,-106.795,1779.1,20060101,20200211
723650,23050,ALBUQUERQUE INTL SUNPORT AIRPORT,US,NM,KABQ,35.042,-106.616,1618.5,19410701,20200212
723654,93091,LOS ALAMOS AIRPORT,US,NM,KLAM,35.883,-106.283,2185.7,20060101,20200211
723656,23049,SANTA FE MUNICIPAL AIRPORT,US,NM,KSAF,35.617,-106.089,1933.7,19460801,20200212
723657,3014,TORREON,US,NM,K4SL,35.799,-107.181,2105.9,20060101,20130226
723658,23090,FOUR CORNERS REGIONAL ARPT,US,NM,KFMN,36.744,-108.229,1674.9,19730101,20200211
723660,23007,CHILDRESS MUNICIPAL ARPT,US,TX,KCDS,34.427,-100.283,594.7,20050101,20200211
723663,3012,TAOS REGIONAL AIRPORT,US,NM,KSKX,36.45,-105.667,2161.3,20060101,20200212
723671,23051,CLAYTON MUNICIPAL AIRPARK,US,NM,KCAO,36.449,-103.154,1515.5,19730101,19770831
723675,93092,CHAMA AWRS,US,NM,KE33,36.9,-106.583,2393,20060101,20120930
723676,23048,TUCUMCARI MUNICIPAL ARPT,US,NM,KTCC,35.182,-103.603,1239,19460801,20200211
723677,23054,LAS VEGAS MUNICIPAL ARPT,US,NM,KLVS,35.654,-105.142,2095.2,19460801,20200212
723678,23052,RATON MUNICIPAL CREWS FIELD A,US,NM,KRTN,36.741,-104.502,1935.2,19730101,19810402
723700,93167,KINGMAN AIRPORT,US,AZ,KIGM,35.258,-113.933,1042.4,19990101,20200211
723710,3162,PAGE MUNICIPAL AIRPORT,US,AZ,KPGA,36.926,-111.448,1313.7,20060101,20200211
723721,23184,PRESCOTT MUNICIPAL AP,US,AZ,KPRC,34.652,-112.421,1539.8,19730101,19900228
723723,23184,ERNEST A. LOVE FIELD ARPT,US,AZ,KPRC,34.652,-112.421,1536.8,19900228,20200211
723740,23194,WINSLOW-LINDBERGH REGIONAL AIRPORT,US,AZ,KINW,35.028,-110.721,1489.3,19730101,20200212
723745,374,PAYSON AIRPORT,US,AZ,KPAN,34.257,-111.339,1572.2,20100115,20200212
723745,93139,PAYSON,US,AZ,KPAN,34.257,-111.339,1572,19730101,20180516
723747,3101,SHOW LOW MUNICIPAL AIRPORT,US,AZ,KSOW,34.264,-110.008,1954.1,20060101,20200212
723750,3103,FLAGSTAFF PULLIAM AIRPORT,US,AZ,KFLG,35.144,-111.666,2134.5,20050101,20200211
723754,93027,ST JOHNS INDUS AIRPK ARPT,US,AZ,KSJN,34.518,-109.379,1747.4,20060101,20200212
723755,3103,FLAGSTAFF PULLIAM ARPT,US,AZ,KFLG,35.144,-111.666,2139.1,19480101,20041231
723756,375,SEDONA AIRPORT,US,AZ,KSEZ,34.85,-111.783,1471.3,20090302,20200212
723758,54928,RUSK COUNTY AIRPORT,US,WI,KRCX,45.497,-91.001,377.3,20090617,20200211
723759,53990,MC CURTAIN COUNTY REGIONAL AIRPORT,US,OK,K4O4,33.909,-94.859,143.9,20060101,20200211
723761,23901,CALDWELL MUNICIPAL AIRPORT,US,TX,KRWV,30.516,-96.704,119.2,20060101,20200211
723762,93244,SANTA YNEZ AIRPORT,US,CA,KIZA,34.607,-120.076,204.5,20060105,20200211
723783,3195,GRAND CANYON NATL PARK APT,US,AZ,KGCN,35.946,-112.155,2013.5,20060101,20200211
723788,53135,LAUGHLIN/BULLHEAD INTERNATIONAL AIRPORT,US,AZ,KIFP,35.157,-114.559,211.8,20060101,20200211
723805,23179,NEEDLES AIRPORT,US,CA,KEED,34.768,-114.619,271.3,19770217,20200211
723810,23114,EDWARDS AIR FORCE BASE,US,CA,KEDW,34.9,-117.867,704.4,19411201,20200211
723814,93121,TWENTYNINE PALMS NAAS,US,CA,KNXP,34.3,-116.167,695.9,19770711,19891127
723815,23161,BARSTOW-DAGGETT AIRPORT,US,CA,KDAG,34.854,-116.786,584.3,19490101,20200211
723816,3159,GENERAL WILLIAM J. FOX AIRFIELD AIRPORT,US,CA,KWJF,34.741,-118.212,712.6,19740601,20200211
723820,23182,PDLE PRODN FLT/TST AF PLT,US,CA,KPMD,34.629,-118.084,769.2,19730101,20200211
723825,23131,SOUTHERN CALIFORNIA LOGISTICS AIRPORT,US,CA,KVCV,34.583,-117.383,879.4,19420101,20200211
723826,93194,INYOKERN AIRPORT,US,CA,KIYK,35.667,-117.833,748.9,20060101,20131104
723830,23187,SANDBERG,US,CA,KSDB,34.744,-118.724,1374.7,19730101,20200211
723840,23155,MEADOWS FIELD AIRPORT,US,CA,KBFL,35.434,-119.054,149.1,19411001,20200211
723850,3133,YUCCA FLATS TEST S T,US,NV,,36.95,-116.05,1196.9,19730101,19790514
723860,23169,MCCARRAN INTERNATIONAL AIRPORT,US,NV,KLAS,36.072,-115.163,664.5,19730101,20200211
723870,3160,DESERT ROCK AIRPORT,US,NV,KDRA,36.621,-116.028,984.5,19780515,20200210
723884,93218,JOLON HUNTER LIGGETT MIL RES,US,CA,,36,-121.233,317,19880105,19891127
723890,93193,FRESNO YOSEMITE INTERNATIONAL AIRPORT,US,CA,KFAT,36.78,-119.719,101.5,19411204,20200211
723894,3181,MAMMOTH YOSEMITE AIRPORT,US,CA,KMMH,37.633,-118.85,2172.6,20060103,20200211
723895,23149,PORTERVILLE MUNICIPAL ARPT,US,CA,KPTV,36.029,-119.063,134.7,20060101,20200211
723896,93144,VISALIA MUNICIPAL AIRPORT,US,CA,KVIS,36.317,-119.4,89.9,20060101,20200211
723897,23167,FRESNO CHANDLER DOWNTOWN AP,US,CA,KFCH,36.733,-119.817,84.1,19950423,19970923
723898,53119,HANFORD MUNICIPAL AIRPORT,US,CA,KHJO,36.319,-119.629,75.9,20060101,20200211
723900,93226,SAN SIMEON/PT. PIED,US,CA,K87Q,35.666,-121.285,21,19990101,20050607
723910,93111,POINT MUGU,US,CA,KNTD,34.117,-119.117,4,19730101,20200211
723914,93218,JOLON HUNTER LIGGETT MIL RES,US,CA,,36,-121.233,317,19790315,19880105
723925,23190,SANTA BARBARA MUNICIPAL AIRPORT,US,CA,KSBA,34.426,-119.843,2.7,19730101,20200211
723926,23136,CAMARILLO AIRPORT,US,CA,KCMA,34.217,-119.083,23.5,20050101,20200211
723927,93110,OXNARD AIRPORT,US,CA,KOXR,34.201,-119.207,11,19440401,20200211
723930,93214,VANDENBERG AFB,US,CA,KVBG,34.717,-120.567,112.5,20060101,20200211
723940,23273,SANTA MARIA PUB/CAPT G A HANCOCK AP,US,CA,KSMX,34.899,-120.449,73.8,19730101,20200211
723965,93209,PASO ROBLES MUNICIPAL ARPT,US,CA,KPRB,35.67,-120.628,246.9,19411201,20200211
723980,93720,SALBRY-OCN CTY WICO RGNL AP,US,MD,KSBY,38.341,-75.513,14.3,20050101,20200212
723990,14711,HARRISBURG INTERNATIONAL AIRPORT,US,PA,KMDT,40.196,-76.772,95.1,20050101,20200212
724006,3701,CHESAPEAKE REGIONAL ARPT,US,VA,KCPK,36.666,-76.321,6.1,20060101,20200211
724007,3719,SUFFOLK MUNICIPAL AIRPORT,US,VA,KSFQ,36.682,-76.602,22,20050101,20200212
724008,93781,HALIFAX COUNTY AIRPORT,US,NC,KRZZ,36.439,-77.71,78,20060101,20090625
724010,13740,RICHMOND INTERNATIONAL AIRPORT,US,VA,KRIC,37.512,-77.323,50,19420924,20200211
724014,93714,DINWIDDIE COUNTY AIRPORT,US,VA,KPTB,37.183,-77.5,58.8,20060101,20200212
724015,13726,BLACKSTONE FAA AIRPORT,US,VA,KBKT,37.083,-77.95,,19430601,19430701
724016,93736,CHARLOTTESVILLE-ALBEMARLE ARPT,US,VA,KCHO,38.137,-78.455,195.1,19730101,20200212
724017,3707,FARMVILLE REGIONAL AIRPORT,US,VA,KFVX,37.358,-78.438,127.1,20060101,20200212
724019,93773,WAKEFIELD MUNICIPAL ARPT,US,VA,KAKQ,36.983,-77.001,33.8,20060101,20200211
724020,93739,WALLOPS FLIGHT FACILITY AIRPORT,US,VA,KWAL,37.937,-75.466,14,19730101,20200211
724024,93739,WALLOPS ISLAND UAU,US,VA,KWAL,37.937,-75.471,14.6,19791231,19910228
724026,3716,ACCOMACK COUNTY AIRPORT,US,VA,KMFV,37.647,-75.761,14.3,20060101,20200212
724029,93775,RICHMOND (ASOS),US,VA,KOFP,37.708,-77.434,62.5,20080101,20091231
724030,93738,WASHINGTON DULLES INTERNATIONAL AP,US,VA,KIAD,38.935,-77.447,88.4,19730101,20200212
724033,3706,SHANNON AIRPORT,US,VA,KEZF,38.267,-77.449,25.9,20060101,20200212
724035,13773,QUANTICO MCAF,US,VA,KNYG,38.504,-77.305,3.1,19730101,20200212
724036,3710,MANSAS RGNL/H P DAVS FD AP,US,VA,KHEF,38.721,-77.515,58.5,20060101,20200212
724037,93728,DAVISON AAF AIRPORT,US,VA,KDAA,38.717,-77.183,22.3,19570201,20200212
724040,13721,NAVAL AIR STATION,US,MD,KNHK,38.3,-76.417,11.9,19450301,20200211
724043,3756,EASTON/NEWNAM FIELD AIRPORT,US,MD,KESN,38.804,-76.069,22,20060428,20200212
724045,93720,SALISBURY OCEAN CIT,US,MD,KSBY,38.341,-75.51,18.3,19730101,20100731
724050,13743,RONALD REAGAN WASHINGTON NATL AP,US,VA,KDCA,38.847,-77.035,3.1,19360901,20200212
724053,3717,WINCHESTER REGIONAL ARPT,US,VA,KOKV,39.143,-78.144,221.6,20060101,20200212
724055,3714,LESSBURG EXECUTIVE AIRPORT,US,VA,KJYO,39.078,-77.558,118.6,20060101,20200211
724056,63805,MOUNTIAN EMPIRE AIRPORT,US,VA,KMKJ,36.895,-81.35,780,20060101,20200212
724057,13701,PHILLIPS ARMY AIRFIELD,US,MD,KAPG,39.472,-76.17,17.4,20060103,20200212
724058,53818,VIRGINIA HIGHLANDS AIRPORT,US,VA,KVJI,36.683,-82.033,630.9,20060101,20200212
724060,93721,BALTIMORE-WASHINGTON INTL AIRPORT,US,MD,KBWI,39.173,-76.684,47.6,19450101,20200212
724065,93733,TIPTON AIRPORT,US,MD,KFME,39.083,-76.767,46,19591113,19890929
724066,93706,HGRTWN RGNL-R.HNSON FLD AP,US,MD,KHGR,39.706,-77.73,214.9,20060101,20200212
724067,93744,MARTIN STATE AIRPORT,US,MD,KMTN,39.333,-76.417,6.4,20060101,20200212
724070,93730,ATLANTIC CITY INTERNATIONAL AIRPORT,US,NJ,KACY,39.452,-74.567,18.3,19470101,20200212
724074,93780,SOUTH JERSEY REGIONAL ARPT,US,NJ,KVAY,39.941,-74.841,14.9,20060101,20200212
724075,13735,MILLVILLE MUNICIPAL ARPT,US,NJ,KMIV,39.366,-75.078,18.3,19730101,20200212
724076,13724,ATLANTIC CITY (CGS),US,NJ,ATLN,39.379,-74.424,3.4,19750915,19910215
724077,54779,AEROFLEX-ANDOVER AIRPORT,US,NJ,K12N,41.009,-74.736,176.8,20060101,20200211
724080,13739,PHILADELPHIA INTERNATIONAL AIRPORT,US,PA,KPHL,39.873,-75.227,3.1,19730101,20200212
724084,4739,MONMOUTH EXECUTIVE,US,NJ,KBLM,40.183,-74.117,48,19830421,19991231
724084,54760,MONMOUTH EXECUTIVE AIRPORT,US,NJ,KBLM,40.183,-74.133,48.5,20060101,20200212
724085,94732,NE PHILADELPHIA AIRPORT,US,PA,KPNE,40.079,-75.013,32,19730101,20200212
724086,14793,WILLOW GROVE NAS,US,PA,KNXX,40.2,-75.15,110,19730101,20110412
724088,13707,DOVER AFB AIRPORT,US,DE,KDOV,39.133,-75.467,8.5,19421201,20200212
724089,13781,WILMINGTON NEW CAST,US,DE,KILG,39.673,-75.601,24.4,19420801,20100731
724090,14780,NAES/MAXFIELD FIELD,US,NJ,KNEL,40.033,-74.35,30.8,19730101,20200212
724093,13764,SUSSEX COUNTY AIRPORT,US,DE,KGED,38.69,-75.363,14,20060101,20200212
724094,54743,ESSEX COUNTY AIRPORT,US,NJ,KCDW,40.876,-74.283,52.7,20060101,20200212
724095,14792,TRENTON MERCER AIRPORT,US,NJ,KTTN,40.277,-74.816,57.9,19730101,20200212
724096,14706,MCGUIRE AFB AIRPORT,US,NJ,KWRI,40.017,-74.6,39.9,19420801,20200212
724097,54738,MORRISTOWN MUNICIPAL AIRPORT,US,NJ,KMMU,40.8,-74.417,57,20060101,20200212
724100,13733,LYNCHBURG RGNL/PRESTON GLENN FLD AP,US,VA,KLYH,37.321,-79.207,286.5,19730101,20200212
724105,93760,SHENANDOAH VALLEY RGNL ART,US,VA,KSHD,38.264,-78.896,366.1,20060101,20200212
724106,13728,DANVILLE REGIONAL AIRPORT,US,VA,KDAN,36.573,-79.335,174,19730101,20200212
724107,53895,TWIN COUNTY AIRPORT,US,VA,KHLX,36.766,-80.823,820.8,20060101,20200211
724110,13741,ROANOKE REGIONAL/WOODRUM FIELD AP,US,VA,KROA,37.317,-79.974,358.1,19730101,20200212
724113,53881,VIRGINIA TECH AIRPORT,US,VA,KBCB,37.208,-80.408,649.8,20060101,20200212
724115,93757,INGALLS FIELD AIRPORT,US,VA,KHSP,37.95,-79.817,1156.1,20060101,20200212
724116,13868,NEW RIVER VALLEY AIRPORT,US,VA,KPSK,37.133,-80.683,641.6,19940818,20200211
724117,63802,LONESOME PINE AIRPORT,US,VA,KLNP,36.988,-82.53,818.1,20060101,20200212
724118,93797,MCKNBRG-BRUNWICK RGNL ARPT,US,VA,KAVC,36.688,-78.054,134.7,20060101,20200211
724120,3872,RALEIGH COUNTY MEMORIAL AIRPORT,US,WV,KBKW,37.784,-81.123,766.3,19730101,20200212
724125,3859,MERCER COUNTY AIRPORT,US,WV,KBLF,37.298,-81.204,870.5,20000101,20200211
724127,53801,GREENBRIER VALLEY ARIPORT,US,WV,KLWB,37.867,-80.4,701.7,20060101,20200212
724140,13866,YEAGER AIRPORT,US,WV,KCRW,38.379,-81.59,277.4,19730101,20200212
724165,3725,GRANT CO,US,WV,KW99,38.994,-79.144,292.6,20060101,20130501
724170,13729,ELKINS-RAND CO-J.RAND FIELD AIRPORT,US,WV,KEKN,38.89,-79.855,597.7,19730101,20200212
724175,3802,HARRISON/MARION RGNL ARPT,US,WV,KCKB,39.296,-80.229,366.7,20060101,20200212
724176,13736,MGTN RGNL-W L B HART FD AP,US,WV,KMGW,39.643,-79.916,378,19730101,20200212
724177,13734,ETRN WV RGNL/SHPHERD FD AP,US,WV,KMRB,39.404,-77.945,162.8,19730101,20200212
724180,13781,NEW CASTLE COUNTY AIRPORT,US,DE,KILG,39.674,-75.606,24.1,20050101,20200212
724190,3889,JULIAN CARROLL AIRPORT,US,KY,KJKL,37.591,-83.314,416.1,20050101,20200212
724200,14891,MANSFIELD LAHM REGIONAL AIRPORT,US,OH,KMFD,40.82,-82.518,393.2,20050101,20200212
724210,93814,CINCINNATI/NORTHERN KENTUCKY INTL AP,US,KY,KCVG,39.044,-84.672,269.1,19730101,20200212
724220,93820,BLUE GRASS AIRPORT,US,KY,KLEX,38.041,-84.606,298.7,19730101,20200212
724230,93821,LOUISVILLE  INTL-STANDIFORD FIELD AP,US,KY,KSDF,38.181,-85.739,148.7,19730101,20200212
724233,53841,CAPITAL CITY AIRPORT,US,KY,KFFT,38.185,-84.903,245.1,20060101,20200212
724235,13810,BOWMAN FIELD AIRPORT,US,KY,KLOU,38.228,-85.664,164.6,19411101,20200212
724236,3889,JACKSON CARROLL ARPT,US,KY,KJKL,37.591,-83.314,413.6,19730102,20100801
724237,53803,OWENSBORO-DAVIESS COUNTY AIRPORT,US,KY,KOWB,37.75,-87.167,122.8,20060101,20200212
724238,53886,HENDERSON CITY-COUNTY ARPT,US,KY,KEHR,37.8,-87.683,118,20060101,20200212
724240,13807,GODMAN AAF AIRPORT,US,KY,KFTK,37.9,-85.967,230.1,19450301,20200212
724243,3849,LDON-CRBN APT-MGEE FLD APT,US,KY,KLOZ,37.087,-84.077,362.1,19910321,20200212
724250,3860,TRI-STATE/M.J.FERGUS,US,WV,KHTS,38.365,-82.555,251.2,19730101,20200212
724270,3804,OAK RIDGE,US,TN,KPKB,39.2,-81.27,263.3,19730101,19850531
724270,53868,OAK RIDGE,US,TN,KOQT,36.023,-84.234,274.3,20100801,20200212
724271,3804,PARKERSBURG WOOD COUNTY AP,US,WV,KPKB,39.2,-81.27,263.3,19850531,19900206
724273,3804,MID-OHIO VALLEY REGIONAL AIRPORT,US,WV,KPKB,39.34,-81.444,253.3,19900208,20200212
724275,14894,WHEELING OHIO COUNTY ARPT,US,WV,KHLG,40.176,-80.647,359.4,19730101,20200212
724276,53859,DAYTON-WRIGHT BROTHERS APT,US,OH,KMGY,39.594,-84.226,293.2,20060101,20200212
724280,14821,PORT COLUMBUS INTERNATIONAL AIRPORT,US,OH,KCMH,39.991,-82.877,248.7,19450401,20200212
724284,63825,BOLTON FIELD AIRPORT,US,OH,KTZR,39.9,-83.133,275.8,20060101,20200212
724285,13812,RICKENBACKER INTL AIRPORT,US,OH,KLCK,39.817,-82.933,226.8,19420801,20200212
724286,93824,ZANESVILLE MUNICIPAL ARPT,US,OH,KZZV,39.944,-81.892,268.2,19730101,20200212
724287,4848,METCALF FIELD AIRPORT,US,OH,KTDZ,41.563,-83.476,189.6,20060101,20200212
724288,4804,OHIO STATE UNIVERSITY ARPT,US,OH,KOSU,40.078,-83.078,275.8,20060101,20200212
724290,93815,J.M.COX DAYTON INTERNATIONAL AIRPORT,US,OH,KDAY,39.906,-84.219,305.7,19730101,20200212
724293,376,MOUNT WERNER,US,CO,K3MW,40.46,-106.76,3241.2,20050322,20140721
724294,53844,FAIRFIELD COUNTY AIRPORT,US,OH,KLHQ,39.756,-82.657,264.9,20060101,20200212
724295,3867,SPRINGFIELD BECKLEY,US,OH,KSGH,39.833,-83.833,320,19730103,19991229
724295,63888,SPRINGFIELD-BECKLEY MUNICIPAL AIRPORT,US,OH,KSGH,39.84,-83.84,320.3,20060103,20200212
724296,13841,AIRBORNE AIRPARK AIRPORT,US,OH,KILN,39.431,-83.777,325.2,19430801,20200212
724297,93812,CINA MUNI APT/LUKN FD APT,US,OH,KLUK,39.103,-84.419,149.4,19730101,20200212
724298,4850,LIMA ALLEN COUNTY AIRPORT,US,OH,KAOH,40.708,-84.027,297.2,20060101,20200212
724303,14813,AKRON FULTON INTL AIRPORT,US,OH,KAKR,41.038,-81.464,318.2,19990502,20200212
724320,93817,EVANSVILLE REGIONAL AIRPORT,US,IN,KEVV,38.044,-87.521,121.9,19730101,20200212
724330,3879,SALEM-LECKRONE AIRPORT,US,IL,KSLO,38.65,-88.967,173.7,20060101,20200211
724335,93894,MOUNT VERNON AIRPORT,US,IL,KMVN,38.323,-88.858,146.3,20060101,20200212
724336,93810,SOUTHERN ILLINOIS AIRPORT,US,IL,KMDH,37.78,-89.25,123.8,20060101,20200212
724337,3838,VANDALIA FAA AIRPORT,US,IL,KVLA,38.983,-89.167,,19730101,19730515
724338,13802,SCOTT AIR FORCE BASE/MIDAMERICA AIRPORT,US,IL,KBLV,38.55,-89.85,139.9,19380101,20200212
724339,3865,WILLIAMSON COUNTY RGNL APT,US,IL,KMWA,37.75,-89,140.2,20060101,20200212
724340,13994,LAMBERT-ST LOUIS INTERNATIONAL AP,US,MO,KSTL,38.753,-90.374,161.9,19730101,20200212
724345,3966,SPIRIT OF ST LOUIS AIRPORT,US,MO,KSUS,38.657,-90.656,140.8,19730101,20200211
724347,53904,ST CHARLES CO SMARTT ARPT,US,MO,KSET,38.929,-90.428,132.9,20060101,20200211
724350,3816,BARKLEY REGIONAL AIRPORT,US,KY,KPAH,37.056,-88.774,125.9,19890101,20200212
724354,63815,SOMERSET-PULASKI CO-J.T. WILSON FIELD AIRPORT,US,KY,KSME,37.054,-84.615,282.6,20060101,20200212
724356,53866,SHELBYVILLE MINUCIPAL ARPT,US,IN,KGEZ,39.578,-85.803,245.1,20060101,20200211
724360,13803,COLUMBUS BAKALAR,US,IN,KBAK,39.267,-85.9,199.9,19840816,19840823
724361,13803,COLUMBUS BAKALAR,US,IN,KBAK,39.267,-85.9,199.9,19430501,19900206
724363,13803,COLUMBUS MUNICIPAL AIRPORT,US,IN,KBAK,39.267,-85.9,200,19900208,20200211
724365,53896,HUNTINGBURG AIRPORT,US,IN,KHNB,38.249,-86.954,161.2,20060101,20200212
724370,93823,TERRE HAUTE HULMAN REGIONAL A,US,IN,HUF,39.45,-87.3,175.3,19480101,19850531
724371,93823,TERRE HAUTE HULMAN REGIONAL A,US,IN,,39.45,-87.3,175.3,19850531,19900206
724373,3868,TER HUTE INTL-HULMAN FD AP,US,IN,KHUF,39.452,-87.309,175.3,20050101,20200211
724373,93823,TERRE HAUTE INTL HU,US,IN,KHUF,39.45,-87.3,180,19900208,19991231
724375,3893,MONROE COUNTY AIRPORT,US,IN,KBMG,39.133,-86.617,257.3,20060101,20200211
724380,93819,INDIANAPOLIS INTERNATIONAL AIRPORT,US,IN,KIND,39.725,-86.282,241.1,19421006,20200211
724384,53842,EAGLE CREEK AIRPARK ARPT,US,IN,KEYE,39.825,-86.296,250.9,20060101,20200211
724385,4828,ANRSN MUNI DRNGTON FLD AP,US,IN,KAID,40.117,-85.617,274.3,20060101,20200211
724386,14835,PURDUE UNIVERSITY AIRPORT,US,IN,KLAF,40.412,-86.937,182.6,19730101,20200211
724387,54807,KOKOMO MUNICIPAL AIRPORT,US,IN,KOKK,40.528,-86.059,253,20060101,20200211
724388,14829,GOSHEN MUNICIPAL AIRPORT,US,IN,KGSH,41.533,-85.783,253,19961002,20200212
724389,12991,SHIP SHOAL 207A,US,LA,KGSM,28.517,-90.967,32.3,20061020,20100513
724390,93822,ABRAHAM LINCOLN CAPITAL AIRPORT,US,IL,KSPI,39.845,-89.684,181.1,19730101,20200212
724395,3958,ST LOUIS REGIONAL AIRPORT,US,IL,KALN,38.883,-90.05,165.5,20060101,20200211
724396,93989,QUINCY RGNL BALDWIN,US,IL,KUIN,39.937,-91.192,233.5,19730101,20100801
724397,54831,CENTRAL ILLINOIS REGIONAL AIRPORT,US,IL,KBMI,40.483,-88.95,263.7,20060101,20200211
724400,13995,SPRINGFIELD-BRANSON REGIONAL AIRPORT,US,MO,KSGF,37.24,-93.39,384.7,19730101,20200212
724420,13997,ROLLA NATIONAL AIRPORT,US,MO,KVIH,38.132,-91.765,338.3,20050101,20200212
724430,93989,QUINCY RGNL-BLDWN FLD ARPT,US,IL,KUIN,39.937,-91.192,234.4,20050101,20200212
724450,3945,COLUMBIA REGIONAL AIRPORT,US,MO,KCOU,38.817,-92.218,272.2,19730101,20200211
724453,3994,SEDALIA MEMORIAL AIRPORT,US,MO,KDMO,38.704,-93.183,274.3,20060101,20200211
724454,93996,FARMINGTON REGIONAL ARPT,US,MO,KFAM,37.761,-90.428,288.7,19950210,20200212
724455,14938,KIRKSVILLE REGIONAL ARPT,US,MO,KIRK,40.097,-92.543,294.4,19730101,20200211
724456,13997,ROLLA/VICHY AIRPORT,US,MO,KVIH,38.131,-91.768,346.6,19730101,20100801
724457,3938,WAYNESVILLE REGIONAL AIRPORT AT FORNEY FIELD,US,MO,KTBN,37.75,-92.15,353.3,19630320,20200212
724458,3963,JEFFERSON CITY MEMO ARPT,US,MO,KJEF,38.591,-92.156,174.7,20060101,20200211
724459,53931,LEE C FINE MEMORIAL ARPT,US,MO,KAIZ,38.096,-92.553,264.9,20060101,20200212
724460,3947,KANSAS CITY INTERNATIONAL AIRPORT,US,MO,KMCI,39.297,-94.731,306.3,19730101,20200211
724461,13988,KANSAS CITY DOWNTOWN AP,US,MO,KMKC,39.121,-94.597,228.6,19480101,19900206
724462,3073,CROCKETT HOUSTON COUNTY AP,US,TX,KDKR,31.307,-95.404,106.1,20050611,20200122
724463,13988,C.R. WHEELER DOWNTOWN ARPT,US,MO,KMKC,39.121,-94.597,226.2,19900208,20200211
724464,53916,AGRICULTURAL SCIENCE CENTER,US,MO,KCDJ,39.823,-93.579,234.4,20060101,20200211
724466,3929,RICHARD GEBAUR,US,MO,KGVW,38.844,-94.56,321.9,19540327,20041231
724467,13930,WHITEMAN AFB AIRPORT,US,MO,KSZL,38.717,-93.55,265.2,19421201,20200211
724468,3967,JOHNSON CO EXECUTIVE ARPT,US,KS,KOJC,38.85,-94.739,326.1,20060101,20200211
724475,93909,NEW CENTURY AIRCENTER ARPT,US,KS,KIXD,38.832,-94.89,331.3,19781124,20200211
724490,13993,ROSECRANS MEMORIAL AIRPORT,US,MO,KSTJ,39.774,-94.923,249.3,19440301,20200211
724500,3928,WICHITA EISENHOWER NATIONAL,US,KS,KICT,37.648,-97.43,402.6,19730101,20200211
724502,13932,STROTHER FIELD AIRPORT,US,KS,KWLD,37.168,-97.037,350.5,20060101,20200211
724504,3974,COLONEL JAMES JABARA ARPT,US,KS,KAAO,37.746,-97.221,433.1,20060101,20200211
724505,3923,MCCONNELL AFB AIRPORT,US,KS,KIAB,37.617,-97.267,417.9,19531201,20200211
724506,13986,HUTCHINSON MUNICIPAL ARPT,US,KS,KHUT,38.065,-97.861,470.3,19450201,20200211
724507,13981,CHANUTE MARTIN JOHNSON APT,US,KS,KCNU,37.67,-95.484,300.2,19730101,20200211
724508,3997,LAWRENCE MUNICIPAL AIRPORT,US,KS,KLWC,39.008,-95.212,253.6,20060101,20200211
724509,53939,NEWTON-CITY-COUNTY AIRPORT,US,KS,KEWK,38.068,-97.275,467,20060101,20200211
724510,13985,DODGE CITY REGIONAL AIRPORT,US,KS,KDDC,37.769,-99.968,787,19430419,20200211
724515,23064,GARDEN CITY REGIONAL ARPT,US,KS,KGCK,37.927,-100.725,878.4,19430201,20200211
724516,23020,LIBERAL MUNICIPAL AIRPORT,US,KS,KLBL,37.05,-100.967,875.7,20060101,20200211
724517,13940,GREAT BEND MUNICIPAL ARPT,US,KS,KGBD,38.35,-98.867,573,20060101,20200211
724518,3968,HAYS REGIONAL AIRPORT,US,KS,KHYS,38.85,-99.267,609,20060101,20200211
724519,93967,COFFEYVILLE MUNICIPAL ARPT,US,KS,KCFV,37.091,-95.566,229.2,20060101,20200211
724520,3957,MEDICINE LODGE,US,KS,KP28,37.284,-98.553,467.9,19780310,20200211
724530,13969,PONCA CITY REGIONAL ARPT,US,OK,KPNC,36.737,-97.102,304.8,20050101,20200211
724550,13947,MARSHALL ARMY AIRFIELD,US,KS,KFRI,39.05,-96.767,324.6,19380817,20200211
724555,3936,MANHATTAN REGIONAL AIRPORT,US,KS,KMHK,39.135,-96.679,321.9,20060101,20200211
724556,13989,EMPORIA MUNICIPAL AIRPORT,US,KS,KEMP,38.329,-96.195,364.5,19730101,20200211
724560,13996,PHILIP BILLARD MUNICIPAL AIRPORT,US,KS,KTOP,39.073,-95.626,267,19730101,20200211
724565,13920,FORBES FIELD AIRPORT,US,KS,KFOE,38.95,-95.664,325.2,19421001,20200211
724567,13921,SHERMAN AAF,US,KS,KFLV,39.367,-94.917,235,19370203,19981001
724580,13984,BLOSSER MUNICIPAL AIRPORT,US,KS,KCNK,39.551,-97.651,447.8,19730101,20200211
724585,93997,RUSSELL MUNICIPAL AIRPORT,US,KS,KRSL,38.876,-98.809,568.2,19430201,20200211
724586,3919,SALINA MUNICIPAL AIRPORT,US,KS,KSLN,38.8,-97.65,386.8,19730101,20200211
724586,13922,SALINA MUNI,US,KS,KSLN,38.783,-97.65,393,19421101,19650601
724604,93076,ELKHART-MORTON CO AIRPORT,US,KS,KEHA,37,-101.883,1104,20060101,20200211
724620,23061,SAN LUIS VALLEY REGIONAL AIRPORT,US,CO,KALS,37.439,-105.861,2296.1,19730101,20200211
724625,93005,DURA-LA PLATA CO AIRPORT,US,CO,KDRO,37.143,-107.76,2033,20060101,20200211
724627,3011,TELLURIDE REGIONAL AIRPORT,US,CO,KTEX,37.95,-107.9,2770.9,20060101,20200211
724635,23067,LA JUNTA MUNICIPAL AIRPORT,US,CO,KLHX,38.049,-103.512,1278.3,19421101,20200212
724636,3013,LAMAR MUNICIPAL AIRPORT,US,CO,KLAA,38.07,-102.688,1129,20060101,20200211
724640,93058,PUEBLO MEMORIAL AIRPORT,US,CO,KPUB,38.29,-104.498,1438.7,19421001,20200211
724645,23070,PERRY STOKES AIRPORT,US,CO,KTAD,37.262,-104.338,1749.9,19730101,20200212
724646,3028,COMANCHE NATIONAL GRASSLAND,US,CO,KSPD,37.283,-102.614,1335.9,20060101,20200211
724650,23065,RENNER FIELD/GOODLAND MINI AIRPORT,US,KS,KGLD,39.367,-101.693,1114.4,19730101,20200211
724655,93990,HILL CITY MUNICIPAL ARPT,US,KS,KHLC,39.376,-99.83,666.9,19730101,20200211
724660,93037,CITY OF COLORADO SPRINGS MUNICIPAL  AP,US,CO,KCOS,38.81,-104.688,1884,19420901,20200211
724665,93010,LIMON MUNICIPAL AIRPORT,US,CO,KLIC,39.275,-103.666,1638,19730101,20200211
724666,93067,CENTENNIAL AIRPORT,US,CO,KAPA,39.57,-104.849,1793.1,20060101,20200211
724670,3017,DENVER INTL AP,US,CO,KDEN,39.833,-104.658,1655.4,19741113,19940529
724673,93009,LEADVILLE/LAKE COUNTY APT,US,CO,KLXV,39.229,-106.317,3027.3,20060101,20200211
724674,94050,MEEKER AIRPORT,US,CO,KEEO,40.044,-107.889,1940.4,20060101,20200211
724675,23063,EAGLE CO REGIONAL AIRPORT,US,CO,KEGE,39.65,-106.917,1980.3,19730101,20200211
724676,93073,ASPEN-PITKIN COUNTY ARPT,US,CO,KASE,39.23,-106.871,2353.1,20060101,20200212
724677,93007,GUNSN-CRSTED BUTTE RGL APT,US,CO,KGUC,38.533,-106.933,2336.6,20020902,20200211
724678,94033,STEAMBOAT SPRINGS/BOB ADAMS FIELD AIRPORT,US,CO,KSBS,40.517,-106.867,2096.7,20110214,20200211
724680,94015,BUTTS AAF AIRPORT,US,CO,KFCS,38.678,-104.757,1779.4,19660915,20200211
724689,3026,KIT CARSON COUNTY AIRPORT,US,CO,KITR,39.245,-102.284,1277.7,20060101,20200211
724690,23062,DENVER WSFO,US,CO,KDNR,39.75,-104.867,1612,19400515,19950301
724694,450,FRONT RANGE AIRPORT,US,CO,KFTG,39.784,-104.538,1680.4,20051203,20200130
724695,23036,BUCKLEY AIR FORCE BASE,US,CO,KBKF,39.717,-104.75,1726.1,19440301,20200211
724698,24015,COLORADO PLAINS RGNL ARPT,US,CO,KAKO,40.167,-103.217,1421.3,19730101,20200211
724699,3065,ATCT ROCKY MOUNTAIN METRO,US,CO,KBJC,39.9,-105.117,1705.4,20060101,20200212
724700,93141,CARBON COUNTY AIRPORT,US,UT,KPUC,39.609,-110.755,1804.7,20060101,20200211
724721,93025,BLANDING,US,UT,,37.617,-109.467,184.1,19750814,19900206
724723,93025,BLANDING MUNI,US,UT,K4BL,37.583,-109.483,1789,19900208,20080612
724733,23170,HANKSVILLE,US,UT,KHVE,38.417,-110.7,1355.1,20140724,20200211
724735,23170,HANKSVILLE,US,UT,KHVE,38.371,-110.715,1354.5,19730101,20121001
724737,377,INVERNESS AIRPORT,US,FL,KINF,28.817,-82.317,15.2,20090812,20200211
724750,23176,MILFORD MUNICIPAL AIRPORT,US,UT,KMLF,38.417,-113.017,1536.2,20050101,20200210
724754,23186,ST GEORGE MUNICIPAL ARPT,US,UT,KSGU,37.1,-113.6,894.9,20060101,20200211
724755,93129,CEDAR CITY REGIONAL ARPT,US,UT,KCDC,37.709,-113.094,1702.6,19730101,20200211
724756,23159,BRYCE CANYON AIRPORT,US,UT,KBCE,37.706,-112.146,2312.2,19730101,20200211
724757,23176,MILFORD MUNICIPAL AP,US,UT,KMLF,38.417,-113.017,1534.1,19770101,19830430
724760,23066,GRAND JUNCTION REGIONAL AIRPORT,US,CO,KGJT,39.134,-108.54,1480.7,19730101,20200211
724765,93013,MONTROSE REGIONAL AIRPORT,US,CO,KMTJ,38.506,-107.899,1743.5,20060101,20200211
724767,93069,CORTEZ MUNICIPAL AIRPORT,US,CO,KCEZ,37.307,-108.626,1801.4,20060101,20200211
724768,24051,GREELEY-WELD COUNTY ARPT,US,CO,KGXY,40.436,-104.632,1431.7,20060101,20200211
724769,94035,FORT COLLINS LOVELAND AP,US,CO,KFNL,40.45,-105.017,1528.6,20060101,20200211
724770,3170,EUREKA,US,NV,KP68,39.601,-116.006,1809.3,20100801,20200211
724773,93132,GREEN RIVER RANGE,US,UT,KU28,39,-110.15,1255.8,20060102,20090501
724776,93075,CANYONLANDS FIELD AIRPORT,US,UT,KCNY,38.75,-109.763,1389.9,20060101,20200211
724796,94128,LOGAN-CACHE AIRPORT,US,UT,KLGU,41.787,-111.853,1357.6,19990101,20200211
724797,23176,MILFORD MUNI BRISCOE,US,UT,KMLF,38.417,-113.017,1534.1,19970101,20200211
724800,23157,BISHOP AIRPORT,US,CA,KBIH,37.371,-118.358,1250.3,19430116,20200211
724810,23203,CASTLE AFB,US,CA,KMER,37.383,-120.567,58.2,19420101,20200211
724815,23257,MRCD MUNI/MACREADY FLD APT,US,CA,KMCE,37.285,-120.513,46.3,20060101,20200211
724828,93241,NUT TREE AIRPORT,US,CA,KVCB,38.378,-121.958,33.2,20060101,20200211
724830,23232,SACRAMENTO EXECUTIVE AIRPORT,US,CA,KSAC,38.507,-121.495,4.6,19730101,20200211
724833,23206,SACRAMENTO MATHER AIRPORT,US,CA,KMHR,38.567,-121.3,30.2,20020902,20200211
724835,23206,MATHER FIELD,US,CA,KMHR,38.567,-121.3,29.3,19410901,19930515
724836,23208,SACRAMENTO MCCLELLAN AFB,US,CA,KMCC,38.667,-121.4,23.5,19391109,20200211
724837,93216,BEALE AIR FORCE BASE,US,CA,KBAB,39.133,-121.433,34.4,19590701,20200211
724838,93205,YUBA COUNTRY AIRPORT,US,CA,KMYV,39.102,-121.568,18.9,20060101,20200211
724839,93225,SACRAMENTO INTL AIRPORT,US,CA,KSMF,38.696,-121.59,7,19730101,20200211
724846,53123,NORTH LAS VEGAS AIRPORT,US,NV,KVGT,36.212,-115.196,671.5,20060101,20200211
724855,23153,TONOPAH AIRPORT,US,NV,KTPH,38.051,-117.09,1644.4,19421001,20200211
724860,23154,ELY AIRPORT/YELLAND FIELD/AIRPORT,US,NV,KELY,39.295,-114.847,1908.7,19730101,20200211
724870,3163,CALIENTE (AMOS),US,NV,KP38,37.612,-114.526,1332.9,20120123,20120123
724880,23185,RENO/TAHOE INTERNATIONAL AIRPORT,US,NV,KRNO,39.484,-119.771,1344.2,19430105,20200211
724885,93102,FALLON NAS,US,NV,KNFL,39.417,-118.717,1199.1,19730101,20200211
724915,23245,MONTEREY PENINSULA,US,CA,KMRY,36.583,-121.833,78,19730101,19991231
724915,23259,MONTEREY PENINSULA AIRPORT,US,CA,KMRY,36.588,-121.845,50.3,20060101,20200211
724916,93217,FRITZSCHE AAF,US,CA,KOAR,36.683,-121.767,,19730102,19901229
724917,23233,SALINAS MUNI,US,CA,KSNS,36.664,-121.608,23.5,19410805,20100801
724920,23237,STOCKTON METROPOLITAN AIRPORT,US,CA,KSCK,37.889,-121.226,7.9,19410103,20200211
724925,23240,CROWS LANDING,US,CA,KNRC,37.4,-121.133,56.7,19730102,19940309
724926,23258,MDSTO CTY-CO H SHAM FD APT,US,CA,KMOD,37.624,-120.951,22.3,19730101,20200211
724927,23285,LIVERMORE MUNICIPAL ARPT,US,CA,KLVK,37.693,-121.814,119.8,20000101,20200211
724930,23230,METRO OAKLAND INTL AIRPORT,US,CA,KOAK,37.721,-122.221,1.8,19430101,20200211
724935,93228,HAYWARD AIR TERM,US,CA,KHWD,37.654,-122.115,14.3,20000101,20100731
724936,23254,CONCORD/BUCHANAN,US,CA,KCCR,37.992,-122.055,18.3,19730101,20100731
724937,23289,PALO ALTO AIRPORT OF SANTA CLARA COUNTY,US,CA,KPAO,37.467,-122.117,2.1,20060101,20200211
724938,93231,SAN CARLOS AIRPORT,US,CA,KSQL,37.517,-122.25,1.5,20060101,20200211
724940,23234,SAN FRANCISCO INTERNATIONAL AIRPORT,US,CA,KSFO,37.62,-122.365,2.4,19730101,20200211
724945,23293,N Y. MINETA SN JO INTL APT,US,CA,KSJC,37.359,-121.924,15.5,19730101,20200211
724946,93232,REID-HILLVIEW AIRPORT OF SANTA CLARA COUNTY,US,CA,KRHV,37.333,-121.817,40.5,20060101,20200211
724950,23250,CONCORD/BUCHANAN,US,CA,KCCR,37.983,-122.05,12,19760131,19960630
724950,23254,BUCHANAN FIELD AIRPORT,US,CA,KCCR,37.992,-122.055,5.5,20100801,20200211
724955,93227,NAPA COUNTY AIRPORT,US,CA,KAPC,38.21,-122.285,4.3,20000101,20200211
724956,23211,HAMILTON AAF,US,CA,KSRF,38.067,-122.5,1,19390301,19760709
724957,23213,SONOMA COUNTY AIRPORT,US,CA,KSTS,38.504,-122.81,34.8,20000101,20200211
724973,93203,CHICO MUNICIPAL AIRPORT,US,CA,KCIC,39.8,-121.85,82.9,20060101,20200211
724975,93809,CAIRO REGIONAL AIRPORT,US,IL,KCIR,37.064,-89.219,97.8,20060101,20200211
724988,94704,DANSVILLE MUNICIPAL ARPT,US,NY,KDSV,42.571,-77.713,208.8,20010102,20200212
725014,54780,MONTAUK AIRPORT,US,NY,KMTP,41.073,-71.923,2.1,20060101,20200211
725015,4789,ORANGE COUNTY AIRPORT,US,NY,KMGJ,41.509,-74.265,111.3,20060101,20200212
725016,54790,BROOKHAVEN AIRPORT,US,NY,KHWV,40.822,-72.869,25,20060101,20200212
725020,14734,NEWARK LIBERTY INTERNATIONAL AP,US,NJ,KEWR,40.683,-74.169,2.1,19730101,20200212
725023,474,CLEVELAND MUNICIPAL AIRPORT,US,MS,KRNV,33.861,-90.758,42.7,20130318,20200212
725025,94741,TETERBORO AIRPORT,US,NJ,KTEB,40.85,-74.061,2.7,19730101,20200212
725027,54788,MERIDEN MARKHAM MUNI ARPT,US,CT,KMMK,41.51,-72.828,31.4,20060101,20200212
725029,64707,WATERBURY-OXFORD AIRPORT,US,CT,KOXC,41.483,-73.133,221.3,20060101,20200212
725030,14732,LA GUARDIA AIRPORT,US,NY,KLGA,40.779,-73.88,3.4,19730101,20200212
725033,94728,NYC CENTRAL PARK,US,NY,KNYC,40.779,-73.969,47.5,19431201,20100817
725035,4781,LONG ISLAND MAC ART,US,NY,KISP,40.794,-73.102,30.2,19730101,20100731
725036,14757,DUTCHESS COUNTY AIRPORT,US,NY,KPOU,41.626,-73.882,50.6,19730101,20200212
725037,94745,WESTCHESTER COUNTY AIRPORT,US,NY,KHPN,41.062,-73.705,111.9,19730101,20200212
725038,14714,STEWART INTERNATIONAL AIRPORT,US,NY,KSWF,41.5,-74.1,149.7,19420802,20200212
725040,94702,IGOR I SIKORSKY MEMORIAL AIRPORT,US,CT,KBDR,41.164,-73.127,1.5,19421208,20200212
725045,14758,TWEED-NEW HAVEN AIRPORT,US,CT,KHVN,41.264,-72.887,0.9,19730101,20200212
725046,14707,GROTON-NEW LONDON AIRPORT,US,CT,KGON,41.328,-72.049,3.1,19430118,20200212
725050,4781,LONG ISLAND MAC ARTHUR AIRPORT,US,NY,KISP,40.794,-73.102,25.6,20050101,20200212
725053,94728,CENTRAL PARK,US,NY,KNYC,40.779,-73.969,42.7,20050101,20200212
725054,64710,NORTH CENTRAL STATE ARPT,US,RI,KSFZ,41.921,-71.491,134.4,20060101,20200212
725058,94793,BLOCK ISLAND STATE AIRPORT,US,RI,KBID,41.168,-71.578,32,19900101,20200212
725059,14702,LAURENCE G HANSCOM FLD APT,US,MA,KBED,42.47,-71.289,40.5,20060101,20200212
725060,14704,OTIS ANGB AIRPORT,US,MA,KFMH,41.65,-70.517,39.6,20060101,20100921
725060,14756,NANTUCKET MEMORIAL AIRPORT,US,MA,KACK,41.253,-70.061,14.6,20120801,20200212
725060,94728,NEW YORK CENTRAL PARK,US,NY,KNYC,40.779,-73.969,47.5,20100817,20120801
725061,14704,OTIS ANGB AIRPORT,US,MA,KFMH,41.65,-70.517,39.6,20100921,20200212
725061,14756,NANTUCKET MEMORIAL AIRPORT,US,MA,KACK,41.253,-70.061,14.3,19730101,19900219
725063,14756,NANTUCKET MEM,US,MA,KACK,41.253,-70.061,14.3,19900314,20120801
725064,54769,PLYMOUTH MUNICIPAL AIRPORT,US,MA,KPYM,41.91,-70.729,45.4,20060101,20200212
725065,94726,NEW BEDFORD RGNL AIRPORT,US,MA,KEWB,41.676,-70.958,24.4,20060101,20200212
725066,94724,MARTHAS VINEYARD AIRPORT,US,MA,KMVY,41.393,-70.615,20.7,20060101,20200212
725067,94720,BRNSBL MUNI-BMAN/POL FD AP,US,MA,KHYA,41.669,-70.28,16.8,20060101,20200212
725068,54777,TAUNTON MUNICIPAL AIRPORT,US,MA,KTAN,41.876,-71.021,13.1,20060101,20200212
725069,94624,CHATHAM MUNICIPAL AIRPORT,US,MA,KCQX,41.688,-69.993,20.7,20060101,20200212
725070,14765,THEODORE F GREEN STATE AIRPORT,US,RI,KPVD,41.723,-71.433,16.8,19420801,20200212
725073,64708,PROVINCETOWN MUNI AIRPORT,US,MA,KPVC,42.072,-70.221,2.4,20060101,20200211
725074,54752,QUONSET STATE AIRPORT,US,RI,KOQU,41.597,-71.412,5.8,20060103,20200209
725075,54768,HARRIMAN-AND-WEST AIRPORT,US,MA,KAQW,42.697,-73.17,195.1,20060101,20200212
725079,14787,NEWPORT STATE AIRPORT,US,RI,KUUU,41.533,-71.283,52.4,20060101,20200212
725080,14740,BRADLEY INTERNATIONAL AIRPORT,US,CT,KBDL,41.938,-72.682,53.3,19410912,20200212
725084,54767,WINDHAM AIRPORT,US,CT,KIJD,41.742,-72.184,75.3,20060101,20200212
725085,54756,ORANGE MUNICIPAL AIRPORT,US,MA,KORE,42.57,-72.291,169.2,19960702,20200212
725086,54734,DANBURY MUNICIPAL AIRPORT,US,CT,KDXR,41.371,-73.483,139.3,20060101,20200212
725087,14752,HARTFORD-BRAINARD AIRPORT,US,CT,KHFD,41.736,-72.651,5.8,19740101,20200212
725088,54733,BEVERLY MUNICIPAL AIRPORT,US,MA,KBVY,42.584,-70.918,32.9,20060101,20200212
725090,14739,GEN E L LOGAN INTERNATIONAL AIRPORT,US,MA,KBOS,42.361,-71.01,3.7,19431121,20200211
725095,94746,WORCESTER RGNL,US,MA,KORH,42.271,-71.873,310,19730101,20100731
725097,14790,NAVAL AIR STATION,US,MA,KNZW,42.15,-70.933,49.1,19730101,19960928
725098,54704,NORWOOD MEMORIAL AIRPORT,US,MA,KOWD,42.191,-71.174,15.2,20060101,20200212
725100,94746,WORCESTER REGIONAL AIRPORT,US,MA,KORH,42.271,-71.873,304.8,20050101,20200212
725101,14712,READING SPAATZ FIELD,US,PA,KRDG,40.367,-75.967,107.6,19430608,19900219
725103,14712,RDNG RGNL/C A SPAATZ FD AP,US,PA,KRDG,40.373,-75.959,104.9,19900314,20200212
725104,4843,PORT MEADVILLE AIRPORT,US,PA,KGKJ,41.626,-80.215,426.7,20060101,20200211
725105,14770,PENN VALLEY AIRPORT,US,PA,KSEG,40.821,-76.864,135.3,19970902,20200212
725107,4780,FITCHBURG MUNICIPAL ARP,US,MA,KFIT,42.552,-71.756,106.1,19971002,20200212
725109,54782,POTTSTOWN LIMERICK AIRPORT,US,PA,KPTW,40.238,-75.555,87.8,20060101,20200212
725110,14751,HARRISBURG CAPITAL CITY ARPT,US,PA,KCXY,40.217,-76.851,105.8,19730101,19850531
725111,14751,HARRISBURG CAPITAL CITY ARPT,US,PA,KCXY,40.217,-76.851,105.8,19480101,19900228
725113,54786,DOYLESTOWN AIRPORT,US,PA,KDYL,40.33,-75.123,120.1,20060101,20200212
725114,93778,YORK AIRPORT,US,PA,KTHV,39.918,-76.874,148.1,20060101,20200212
725115,14711,HARRISBURG INTL,US,PA,KMDT,40.196,-76.772,95.1,19350201,20100731
725116,54737,LANCASTER AIRPORT,US,PA,KLNS,40.12,-76.294,122.8,20060101,20200212
725117,4827,WASHINGTON COUNTY AIRPORT,US,PA,KAFJ,40.133,-80.283,361.2,20060101,20200212
725118,14751,CAPITAL CITY AIRPORT,US,PA,KCXY,40.217,-76.851,103.6,19900301,20200212
725119,54792,CLEARFIELD-LAWRENCE ARPT,US,PA,KFIG,41.047,-78.412,462.1,20060101,20200212
725120,14761,PHILIPSBURG AIRPORT,US,PA,KPSB,40.9,-78.083,593.8,19730101,19850531
725121,14761,BURLIGTON/COLCHE,US,VT,KPSB,40.9,-78.083,593.8,19850531,19860827
725124,64705,BTLR CO/K W SCHOLTER FD AP,US,PA,KBTP,40.777,-79.95,380.1,20060101,20200211
725125,4787,DU BOIS-JEFFERSON CO ARPT,US,PA,KDUJ,41.179,-78.893,550.2,19730101,20200212
725126,14736,ALTOONA-BLAIR COUNTY ARPT,US,PA,KAOO,40.296,-78.32,451.1,19730101,20200212
725127,4726,J MURTHA JTWN-CMBRA CO APT,US,PA,KJST,40.316,-78.834,696.2,19730101,20200212
725128,54739,UNIVERSITY PARK AIRPORT,US,PA,KUNV,40.85,-77.85,377.7,20050101,20200212
725130,14777,WILKES-BARRE/SCRANTON INTL AIRPORT,US,PA,KAVP,41.334,-75.727,283.5,19730101,20200212
725135,14754,TOBYHANNA,US,PA,7TB,41.183,-75.417,594.4,19730101,19841001
725140,14778,WILLIAMSPORT REGIONAL AIRPORT,US,PA,KIPT,41.243,-76.922,158.5,19730101,20200211
725144,54723,MUIR ARMY AIRFIELD (FORT INDIANTOWN GAP),US,PA,KMUI,40.433,-76.567,148.7,20060103,20200212
725145,54746,SULLIVAN COUNTY INTL ARPT,US,NY,KMSV,41.701,-74.795,427.6,20060101,20200211
725146,54773,OSWEGO COUNTY AIRPORT,US,NY,KFZY,43.35,-76.385,144.8,20060101,20200212
725150,4725,GREATER BINGHAMTON/E A LINK FIELD AP,US,NY,KBGM,42.207,-75.98,486.2,19730101,20200212
725155,94761,ITHACA TOMPKINS REGIONAL AIRPORT,US,NY,KITH,42.483,-76.467,335,20060101,20200212
725156,14748,ELMIRA/CORNING RGNL ARPT,US,NY,KELM,42.159,-76.892,291.1,19730101,20200211
725157,54757,MUNI ARPT TARANTINE FLD AP,US,NY,KELZ,42.109,-77.992,647.4,20060101,20200212
725165,94737,RUTLAND STATE AIRPORT,US,VT,KRUT,43.533,-72.95,239,20060101,20200211
725170,14737,LEHIGH VALLEY INTERNATIONAL AIRPORT,US,PA,KABE,40.65,-75.448,118.9,19730101,20200212
725172,13762,NAVAL AUXILIARY LANDING FIELD,US,VA,KNFE,36.695,-76.136,4.9,20070601,20200211
725175,64706,INDIANA COUNTY/JIMMY STEWART FIELD/AIRPORT,US,PA,KIDI,40.633,-79.1,428.2,20060101,20200212
725180,14735,ALBANY INTERNATIONAL AIRPORT,US,NY,KALB,42.747,-73.799,85.3,19460101,20200211
725185,14750,FLOYD BENNETT MEM,US,NY,KGFL,43.35,-73.617,101.5,19730101,20100801
725187,94733,CLINTON COUNTY AIRPORT,US,NY,KPLB,44.687,-73.523,113.4,20060101,20070524
725190,14771,SYRACUSE HANCOCK INTERNATIONAL AP,US,NY,KSYR,43.111,-76.104,125.9,19421001,20200212
725194,54778,PENN YAN AIRPORT,US,NY,KPEO,42.643,-77.056,275.2,20060101,20200212
725196,14717,GRIFFISS AIRPARK,US,NY,KRME,43.234,-75.407,154,19420701,19980923
725196,64775,GRIFFIS AIRFIELD,US,NY,KRME,43.234,-75.412,158.2,20070102,20200212
725197,94794,ONEIDA COUNTY AIRPORT,US,NY,KUCA,43.145,-75.384,216.7,19730101,20070118
725200,94823,PITTSBURGH INTERNATIONAL AIRPORT,US,PA,KPIT,40.485,-80.214,366.7,19450201,20200212
725204,4813,BEAVER COUNTY AIRPORT,US,PA,KBVI,40.767,-80.4,381.6,20060102,20200212
725205,14762,ALLEGHENY COUNTY AIRPORT,US,PA,KAGC,40.355,-79.922,380.4,19730101,20200212
725207,54735,ARNOLD PALMER REGIONAL APT,US,PA,KLBE,40.283,-79.4,365.5,20060101,20200212
725208,4855,MARION MUNICIPAL AIRPORT,US,OH,KMNN,40.616,-83.064,303,20060101,20200212
725210,14895,AKRON-CANTON REGIONAL AIRPORT,US,OH,KCAK,40.918,-81.444,369.7,19730101,20200212
725214,4849,LORAIN COUNTY RGNL AIRPORT,US,OH,KLPR,41.346,-82.179,242,20060101,20200211
725216,4842,WAYNE COUNTY AIRPORT,US,OH,KBJJ,40.873,-81.887,346.6,20060101,20200212
725217,53855,BUTLER CO. REGIONAL ARPT,US,OH,KHAO,39.364,-84.525,193.2,20060101,20200212
725220,14750,FLOYD BENNETT MEMO AIRPORT,US,NY,KGFL,43.338,-73.61,97.8,20050101,20200211
725224,4852,HARRY CLEVER FIELD AIRPORT,US,OH,KPHD,40.472,-81.424,272.8,20060101,20200212
725229,4858,NEWARK-HEATH AIRPORT,US,OH,KVTA,40.023,-82.463,269.4,20060101,20200212
725230,94704,DANSVILLE/MUNICIPAL,US,NY,KDSV,42.571,-77.713,201.8,19730101,19850131
725235,4720,CHAUTAUQUA CO/JAMESTOWN AP,US,NY,KJHW,42.15,-79.25,525.2,20060101,20200211
725240,14820,CLEVELAND-HOPKINS INTERNATIONAL AP,US,OH,KCLE,41.406,-81.852,238.1,19730101,20200211
725245,4853,CLEVELAND BURKE LAKEFNT AP,US,OH,KBKL,41.518,-81.684,178,20060101,20200211
725246,14891,MANSFIELD LAHM RGNL,US,OH,KMFD,40.82,-82.518,399.9,19490101,20100731
725247,4805,CUYAHOGA COUNTY AIRPORT,US,OH,KCGF,41.567,-81.483,267.9,20060101,20200211
725250,14852,YOUNGSTOWN-WARREN REGIONAL AIRPORT,US,OH,KYNG,41.255,-80.674,355.7,19480101,20200212
725253,380,PORTAGE COUNTY AIRPORT,US,OH,KPOV,41.217,-81.25,365.2,20090318,20200211
725254,4851,DEFIANCE MEMORIAL AIRPORT,US,OH,KDFI,41.338,-84.429,215.5,20060101,20200211
725256,4857,ASHTABULA COUNTY AIRPORT,US,OH,KHZY,41.778,-80.696,281.6,20060101,20200211
725258,382,TOCCOA RG LETOURNEAU FIELD AIRPORT,US,GA,KTOC,34.594,-83.296,303.3,20120607,20200212
725260,14860,ERIE INTL/T. RIDGE FIELD AIRPORT,US,PA,KERI,42.08,-80.182,222.2,19730101,20200212
725266,4751,BRADFORD REGIONAL AIRPORT,US,PA,KBFD,41.8,-78.633,652.9,19730101,20200212
725267,94868,VENANGO REGIONAL AIRPORT,US,PA,KFKL,41.383,-79.867,469.4,19730101,20200212
725280,14733,BUFFALO NIAGARA INTERNATIONAL AP,US,NY,KBUF,42.941,-78.736,218.2,19420201,20200211
725283,465,CATTARAUGUS COUNTY OLEAN AIRPORT,US,NY,KOLE,42.241,-78.371,651.1,20120423,20200212
725287,4724,NIAGARA FALLS INTL AIRPORT,US,NY,KIAG,43.108,-78.938,178.3,19510612,20200211
725290,14768,GREATER ROCHESTER INTERNATIONAL AP,US,NY,KROC,43.117,-77.677,164.3,19730101,20200211
725292,14976,GRINNELL REGIONAL AIRPORT,US,IA,KGGI,41.717,-92.7,307.2,20060831,20200211
725294,383,ANSON COUNTY AIRPORT JEFF CLOUD FIELD,US,NC,KAFP,35.017,-80.083,91.1,20070521,20200210
725300,94846,CHICAGO O'HARE INTERNATIONAL AIRPORT,US,IL,KORD,41.96,-87.932,201.8,19461001,20200211
725305,94892,DUPAGE AIRPORT,US,IL,KDPA,41.914,-88.246,229.8,20060101,20200212
725306,14855,GLENVIEW NAS,US,IL,KNBU,42.083,-87.833,199,19730101,19950301
725310,14806,RANTOUL/CHANUTE AFB,US,IL,,40.3,-88.15,228,19360701,19710528
725314,3960,ST LOUIS DOWNTOWN AIRPORT,US,IL,KCPS,38.571,-90.157,125.9,20060101,20200212
725315,94870,UNIVERSI OF IL WILLARD APT,US,IL,KCMI,40.04,-88.278,229.8,20060101,20200211
725316,3887,DECATUR AIRPORT,US,IL,KDEC,39.834,-88.866,205.7,20060101,20200211
725317,53802,COLES COUNTY MEMO AIRPORT,US,IL,KMTO,39.478,-88.28,219.8,20060101,20200211
725320,14842,GREATER PEORIA REGIONAL AIRPORT,US,IL,KPIA,40.668,-89.684,198.1,19730101,20200212
725325,14816,BRADFORD/RINKENBERG,US,IL,KBDF,41.233,-89.617,247,19730101,19751214
725326,4894,WHITESIDE CO ARPT-JOS H BITTOR F FLD ARPT,US,IL,KSQI,41.743,-89.676,197.2,20060101,20200211
725327,4846,PORTER COUNTY MUNICIPAL AIRPORT,US,IN,KVPZ,41.453,-87.006,234.7,20060101,20200212
725330,14827,FORT WAYNE INTERNATIONAL AIRPORT,US,IN,KFWA,40.971,-85.206,241.1,19411101,20200211
725335,94833,GRISSOM AFB AIRPORT,US,IN,KGUS,40.65,-86.15,247.5,20060101,20200211
725336,94895,DELAWARE CO-JOHNSON FD APT,US,IN,KMIE,40.234,-85.394,285.6,20060101,20200211
725337,4807,GARY/CHICAGO AIRPORT,US,IN,KGYY,41.617,-87.417,180.1,20060101,20200211
725340,14819,CHICAGO MIDWAY INTL ARPT,US,IL,KMDW,41.786,-87.752,186.5,19730101,20200212
725342,13809,LRNCVLL-VINCNES INTL ARPT,US,IL,KLWV,38.764,-87.606,130.8,20060101,20200211
725345,14834,JOLIET REGIONAL AIRPORT,US,IL,KJOT,41.5,-88.167,177.4,20020902,20200212
725346,94866,CHICAGO/MEIGS,US,IL,KCGX,41.867,-87.6,181,19730101,20080618
725347,14880,WAUKEGAN REGIONAL AIRPORT,US,IL,KUGN,42.417,-87.867,221.6,20060101,20200211
725348,4831,LEWIS UNIVERSITY AIRPORT,US,IL,KLOT,41.604,-88.085,201.2,20060101,20200212
725350,14848,SOUTH BEND REGIONAL AIRPORT,US,IN,KSBN,41.707,-86.316,235.6,19730101,20200211
725354,4806,ELKHART MUNICIPAL AIRPORT,US,IN,KEKM,41.717,-85.983,237.1,20060102,20200211
725360,94830,TOLEDO EXPRESS AIRPORT,US,OH,KTOL,41.587,-83.806,205.4,19730101,20200211
725366,14825,FINDLAY AIRPORT,US,OH,KFDY,41.014,-83.669,243.8,19730101,20200212
725370,94847,DETROIT METRO WAYNE COUNTY AIRPORT,US,MI,KDTW,42.231,-83.331,192.3,19420801,20200211
725373,54819,GROSSE ILE MUNICIPAL AIRPORT,US,MI,KONZ,42.099,-83.161,178.9,20060101,20200211
725374,94889,ANN ARBOR MUNICIPAL ARPT,US,MI,KARB,42.223,-83.744,255.7,20060101,20200211
725375,14822,DETROIT CITY AIRPORT,US,MI,KDET,42.409,-83.01,190.8,19730101,20200211
725376,14853,WILLOW RUN AIRPORT,US,MI,KYIP,42.233,-83.533,236.8,19730101,20200211
725377,14804,SELFRIDGE AIR NATIONAL GUARD BASE,US,MI,KMTC,42.608,-82.818,176.8,19370101,20200211
725378,4887,LIVINGSTON COUNTY AIRPORT,US,MI,KOZW,42.629,-83.984,287.7,20060101,20200211
725383,54827,KIRSCH MUNICIPAL AIRPORT,US,MI,KIRS,41.817,-85.433,281.9,20060101,20200211
725384,4888,ST CLAIR COUNTY INTL ARPT,US,MI,KPHN,42.911,-82.529,195.1,20060101,20200211
725386,94898,HARBOR BEACH,US,MI,KP58,44.022,-82.793,179.8,20060101,20200211
725387,94899,COPPER HARBOR,US,MI,KP59,47.467,-87.883,190.8,20060101,20200211
725390,14836,CAPITAL CITY AIRPORT,US,MI,KLAN,42.776,-84.6,261.8,19730101,20200211
725394,4839,TULIP CITY AIRPORT,US,MI,KBIV,42.746,-86.097,210,20060101,20200211
725395,14833,JAKSON CO-RYNOLDS FLD ARPT,US,MI,KJXN,42.267,-84.467,304.2,19730101,20200211
725396,14815,W K KELLOGG AIRPORT,US,MI,KBTL,42.308,-85.251,282.9,19421001,20200211
725404,4847,ADRIAN LENAWEE COUNTY ARPT,US,MI,KADG,41.868,-84.079,242.6,20060101,20200211
725405,54816,GRATIOT COMMUNITY AIRPORT,US,MI,KAMN,43.322,-84.688,227.7,20060101,20200211
725406,54817,HURON COUNTY MEMORIAL AIRPORT,US,MI,KBAX,43.78,-82.986,233.5,20060101,20200211
725407,4854,OTSEGO COUNTY AIRPORT,US,MI,KGLR,45.013,-84.701,406.9,20060101,20200211
725408,4881,SCHOOLCRAFT COUNTY AIRPORT,US,MI,KISQ,45.983,-86.183,209.1,20060101,20200211
725409,4882,HILLSDALE MUNICIPAL ARPT,US,MI,KJYM,41.921,-84.586,360.3,20060101,20200211
725414,4886,BRANCH COUNTY MEMO AIRPORT,US,MI,KOEB,41.933,-85.053,292.3,20060101,20200211
725415,54821,BROOKS FIELD AIRPORT,US,MI,KRMY,42.251,-84.956,286.8,20060101,20200211
725416,14864,ROBEN-HOOD ARPT,US,MI,KRQB,43.717,-85.5,282.9,20060101,20200211
725417,54822,MASON JEWETT FIELD AIRPORT,US,MI,KTEW,42.566,-84.433,281,20060101,20200211
725418,54823,CUSTER AIRPORT,US,MI,KTTF,41.94,-83.435,186.5,20060101,20200211
725420,14931,SE IOWA REGIONAL AIRPORT,US,IA,KBRL,40.783,-91.125,210.9,20050101,20200211
725424,4885,MOUNT PLEASANT MUNI ARPT,US,MI,KMOP,43.622,-84.737,230.1,20060101,20200211
725430,94822,GREATER ROCKFORD AIRPORT,US,IL,KRFD,42.193,-89.093,222.5,19730101,20200211
725434,54789,POCONO MTNS MUNI AIRPORT,US,PA,KMPO,41.139,-75.379,584,20060101,20200212
725440,14923,QUAD CITY INTERNATIONAL AIRPORT,US,IL,KMLI,41.465,-90.523,180.4,19730101,20200211
725450,14990,THE EASTERN IOWA AIRPORT,US,IA,KCID,41.883,-91.717,264.6,19730101,20200211
725453,14930,ATLANTIC MUNICIPAL AIRPORT,US,IA,KAIO,41.407,-95.047,360.3,20060101,20200211
725454,4903,WASHINGTON MUNICIPAL ARPT,US,IA,KAWG,41.276,-91.673,229.8,20060101,20200211
725455,14931,SOUTHEAST IOWA RGNL,US,IA,KBRL,40.783,-91.125,214,19730101,20100731
725456,4921,KEOKUK MUNICIPAL AIRPORT,US,IA,KEOK,40.46,-91.428,204.5,20060101,20200211
725457,4904,ALGONA MUNICIPAL AIRPORT,US,IA,KAXA,43.078,-94.272,371.6,20060101,20200211
725458,4907,CLARION MUNICIPAL AIRPORT,US,IA,KCAV,42.742,-93.759,354.2,20060101,20200211
725460,14933,DES MOINES INTERNATIONAL AIRPORT,US,IA,KDSM,41.534,-93.653,291.7,19730101,20200211
725461,94988,MARSHALLTOWN MUNICIPAL APT,US,IA,KMIW,42.111,-92.916,296.9,20060101,20200211
725462,14937,IOWA CITY MUNICIPAL ARPT,US,IA,KIOW,41.633,-91.543,198.1,19970101,20200211
725463,14966,CHARLES CITY MUNICIPAL APT,US,IA,KCCY,43.073,-92.611,342.9,20060101,20200211
725464,4977,NEWTON MUNICIPAL AIRPORT,US,IA,KTNU,41.674,-93.022,290.5,20060101,20200211
725465,14950,OTTUMWA INDUSTRIAL AIRPORT,US,IA,KOTM,41.108,-92.447,256.6,19730101,20200211
725466,4938,ANKENY REGIONAL AIRPORT,US,IA,KIKV,41.691,-93.566,277.4,20060101,20200211
725467,4973,SHENANDOAH MUNICIPAL ARPT,US,IA,KSDA,40.751,-95.413,296,20060101,20200211
725468,4910,ARTHUR N. NEU AIRPORT,US,IA,KCIN,42.046,-94.789,367,20060101,20200211
725469,4913,CHARITON MUNICIPAL AIRPORT,US,IA,KCNC,41.019,-93.359,320,20060101,20200211
725470,94908,DUBUQUE REGIONAL AIRPORT,US,IA,KDBQ,42.398,-90.704,321.9,19730101,20200212
725472,94989,AMES MUNICIPAL AIRPORT,US,IA,KAMW,41.991,-93.619,291.1,20060101,20200211
725473,94979,CLINTON MUNICIPAL AIRPORT,US,IA,KCWI,41.833,-90.333,213.4,20060101,20200211
725474,4915,CRESTON MUNICIPAL AIRPORT,US,IA,KCSQ,41.007,-94.363,394.4,20060101,20200211
725475,4953,MONTICELLO REGIONAL ARPT,US,IA,KMXO,42.224,-91.166,258.8,20060101,20200211
725476,4916,DECORAH MUNICIPAL AIRPORT,US,IA,KDEH,43.275,-91.739,352.7,20060101,20200211
725477,4917,DENISON MUNICIPAL AIRPORT,US,IA,KDNS,41.986,-95.381,388.9,20060101,20200211
725478,4920,WEBSTER CITY MUNI AIRPORT,US,IA,KEBS,42.436,-93.869,341.7,20060101,20200211
725479,4937,SCHENCK FIELD AIRPORT,US,IA,KICL,40.722,-95.026,302.4,20060101,20200211
725480,94910,WATERLOO MUNICIPAL AIRPORT,US,IA,KALO,42.554,-92.401,264.6,19600301,20200211
725483,4930,FORT MADISON MUNICIPAL APT,US,IA,KFSW,40.659,-91.327,220.7,20060103,20200211
725484,4942,LE MARS MUNICIPAL AIRPORT,US,IA,KLRJ,42.778,-96.194,364.5,20060101,20200211
725485,14940,MASON CITY MUNICIPAL ARPT,US,IA,KMCW,43.154,-93.327,373.4,19730101,20200211
725486,4906,BOONE MUNICIPAL AIRPORT,US,IA,KBNW,42.049,-93.848,353.6,20060101,20200211
725487,4950,MUSCATINE MUNICIPIAL ARPT,US,IA,KMUT,41.367,-91.15,166.7,20060101,20200211
725488,4955,OELWEIN MUNICIPAL AIRPORT,US,IA,KOLZ,42.681,-91.974,328,20060101,20200211
725489,4959,ORANGE CITY MUNICIPAL ARPT,US,IA,KORC,42.99,-96.063,431,20060101,20190301
725490,94933,FORT DODGE REGIONAL APRT,US,IA,KFOD,42.55,-94.183,352.4,20060101,20200211
725493,4962,KNOXVILLE MUNICIPAL ARPT,US,IA,KOXV,41.299,-93.114,282.2,20060101,20200211
725494,4966,RED OAK MUNICIPAL AIRPORT,US,IA,KRDK,41.01,-95.26,318.2,20060101,20200211
725495,4975,SHELDON MUNICIPAL AIRPORT,US,IA,KSHL,43.208,-95.833,432.5,20060101,20200212
725496,4976,STORM LAKE MUNICIPAL ARPT,US,IA,KSLB,42.597,-95.241,453.5,20060101,20200211
725497,4908,COUNCIL BLUFFS MUNI ARPT,US,IA,KCBF,41.259,-95.76,381.9,20060101,20200211
725498,94998,AUDUBON COUNTY AIRPORT,US,IA,KADU,41.7,-94.917,392.3,20060101,20200211
725499,94991,LAMONI MUNICIPAL AIRPORT,US,IA,KLWD,40.631,-93.901,346,20060101,20200211
725500,14942,EPPLEY AIRFIELD AIRPORT,US,NE,KOMA,41.31,-95.899,299.3,19740419,20200211
725510,14939,LINCOLN MUNICIPAL AIRPORT,US,NE,KLNK,40.851,-96.748,362.7,19421001,20200211
725512,14989,YORK MUNICIPAL AIRPORT,US,NE,KJYR,40.894,-97.626,507.2,20060101,20200203
725513,4901,ARRA MUNI-AL POTTER FLD AP,US,NE,KAUH,40.893,-97.997,548.3,20060101,20200211
725514,3757,WEBSTER NAVAL OUTLYING FIELD,US,MD,KNUI,38.142,-76.429,6.4,20060822,20200212
725515,94947,BEATRICE MUNICIPAL AIRPORT,US,NE,KBIE,40.301,-96.754,403.6,20060101,20200211
725520,14935,CENTRAL NEBRASKA REGIONAL AIRPORT,US,NE,KGRI,40.961,-98.314,560.8,19440301,20200211
725524,94958,EVELYN SHARP FIELD AIRPORT,US,NE,KODX,41.623,-98.948,629.1,20060101,20200211
725525,94949,HASTINGS MUNICIPAL AIRPORT,US,NE,KHSI,40.601,-98.426,597.7,20060101,20200211
725526,14905,KEARNEY MUNICIPAL AIRPORT,US,NE,KEAR,40.733,-99,649.2,20060101,20200211
725527,94978,TEKAMAH MUNICIPAL AIRPORT,US,NE,KTQE,41.764,-96.178,313.3,20060101,20200211
725530,94918,OMAHA,US,NE,,41.367,-96.017,405.7,19730101,19950916
725532,14942,OMAHA EPPLEY AIRFIELD,US,NE,KOMA,41.31,-95.899,299.3,19730101,19740217
725533,94957,BRENNER FIELD AIRPORT,US,NE,KFNB,40.08,-95.592,298.7,20000101,20200211
725540,14949,OFFUTT AFB AIRPORT,US,NE,KOFF,41.117,-95.917,319.1,19480112,20200211
725541,4993,NEBRASKA CITY MUNI AIRPORT,US,NE,KAFK,40.606,-95.864,351.4,20060101,20200211
725555,94946,BROKEN BOW MUNICIPAL ARPT,US,NE,KBBW,41.433,-99.633,771.1,20060101,20200211
725556,94975,AINSWORTH MUNICIPAL ARPT,US,NE,KANW,42.577,-100.001,787.6,20060101,20200211
725560,14941,KARL STEFAN MEMORIAL AIRPORT,US,NE,KOFK,41.986,-97.435,472.7,19730101,20200211
725564,4924,FREMONT MUNICIPAL AIRPORT,US,NE,KFET,41.449,-96.52,366.7,20060101,20200211
725565,94951,COLUMBUS MUNICIPAL AIRPORT,US,NE,KOLU,41.433,-97.35,441.1,20060101,20200211
725566,4957,THE O'NEILL MUNI-JOHN L BAKER FIELD AIRPORT,US,NE,KONL,42.47,-98.688,619.1,20060101,20200211
725570,14943,SIOUX GATEWAY/COL BUD DAY FIELD AP,US,IA,KSUX,42.391,-96.379,333.8,19421001,20200211
725610,24030,SIDNEY MUNICIPAL AIRPORT,US,NE,KSNY,41.099,-102.986,1309.4,19770827,20200211
725620,24023,NORTH PLATTE RGNL AP LEE BIRD FD AP,US,NE,KLBF,41.121,-100.669,846.7,19730101,20200211
725621,94063,SEARLE FIELD AIRPORT,US,NE,KOGA,41.119,-101.768,990.6,20060101,20200211
725624,14994,JIM KELLY FIELD AIRPORT,US,NE,KLXN,40.789,-99.771,733,20050101,20200211
725625,94040,MC COOK MUNICIPAL AIRPORT,US,NE,KMCK,40.206,-100.591,771.1,20060101,20200211
725626,24091,IMPERIAL MUNICIPAL AIRPORT,US,NE,KIML,40.51,-101.62,996.1,19730401,20200211
725628,4935,BREWSTER FIELD AIRPORT,US,NE,KHDE,40.45,-99.339,702.3,20060101,20200211
725630,24030,SIDNEY MUNICIPAL AP,US,NE,KSNY,41.099,-102.986,1312.5,19730101,19770819
725635,24044,ALLIANCE MUNICIPAL AIRPORT,US,NE,KAIA,42.057,-102.802,1197.6,20060101,20200211
725636,24017,CHADRON MUNICIPAL AIRPORT,US,NE,KCDR,42.837,-103.098,1004,19730101,20200211
725640,24018,CHEYENNE AIRPORT,US,WY,KCYS,41.158,-104.807,1863.2,19480101,20200211
725645,24022,LARAMIE REGIONAL AIRPORT,US,WY,KLAR,41.317,-105.683,2214.7,19730101,20200211
725650,3017,DENVER INTERNATIONAL AIRPORT,US,CO,KDEN,39.833,-104.658,1650.2,19940718,20200211
725660,24028,WESTERN NE REGIONAL/HEILIG FIELD AP,US,NE,KBFF,41.871,-103.593,1202.4,19430113,20200211
725665,94073,KMBAL MUNI/R E ARRAJ FD AP,US,NE,KIBM,41.189,-103.671,1491.7,20060101,20200211
725670,24032,MILLER FIELD AIRPORT,US,NE,KVTN,42.878,-100.55,789.4,19480101,20200211
725681,24019,DOUGLAS,US,WY,4DG,42.75,-105.383,1466.1,19760305,19770227
725685,24019,DOUGLAS,US,WY,K4DG,42.75,-105.383,1477,19770301,19950101
725686,94057,CONVERSE COUNTY AIRPORT,US,WY,KDGW,42.796,-105.38,1504.5,20060101,20200211
725690,24089,NATRONA COUNTY INTERNATIONAL AP,US,WY,KCPR,42.898,-106.474,1620.9,19400101,20200211
725700,24046,CRAIG-MOFFAT AIRPORT,US,CO,KCAG,40.493,-107.524,1886.7,20060101,20200211
725705,94030,VERNAL AIRPORT,US,UT,KVEL,40.443,-109.513,1606.3,20060101,20200211
725710,94025,YAMPA VALLEY AIRPORT,US,CO,KHDN,40.481,-107.218,2011.7,20050101,20200212
725715,94025,HAYDEN/YAMPA (AWOS),US,CO,KHDN,40.481,-107.218,2012.3,20060101,20100331
725717,3016,GARFIELD CO REGIONAL ARPT,US,CO,KRIL,39.528,-107.72,1683.1,20060101,20200211
725720,24127,SALT LAKE CITY INTERNATIONAL AIRPORT,US,UT,KSLC,40.778,-111.969,1287.8,19411101,20200211
725724,24174,PROVO MUNICIPAL AIRPORT,US,UT,KPVU,40.219,-111.723,1370.7,20060101,20200211
725740,24027,ROCK SPRINGS ARPT,US,WY,KRKS,41.594,-109.053,2055.9,19730101,19850531
725741,24027,ROCK SPRINGS ARPT,US,WY,KRKS,41.594,-109.053,2055.9,19850531,19900228
725744,24027,RCK SRINGS-SWETWTER CO APT,US,WY,KRKS,41.595,-109.053,2055,19900301,20200211
725745,24057,RAWLINS MUNICIPAL,US,WY,KRWL,41.8,-107.2,2055.3,19730101,20100731
725750,24126,OGDEN-HINCKLEY AIRPORT,US,UT,KOGD,41.196,-112.011,1362.5,19730101,20200211
725755,24101,HILL AFB AIRPORT,US,UT,KHIF,41.117,-111.967,1459.7,19411001,20200211
725760,24021,HUNT FIELD AIRPORT,US,WY,KLND,42.815,-108.726,1704.4,19730101,20200211
725763,94053,TORRINGTON MUNICIPAL ARPT,US,WY,KTOR,42.061,-104.158,1279.9,20060101,20200211
725765,24061,RIVERTON REGIONAL,US,WY,KRIW,43.064,-108.459,1684,19730101,20070401
725775,4111,EVAN-UINTA CO BURNS FLD AP,US,WY,KEVW,41.273,-111.031,2183.3,19730101,20200212
725776,24166,JACKSON HOLE AIRPORT,US,WY,KJAC,43.6,-110.733,1956.5,20060101,20200211
725780,24156,POCATELLO REGIONAL AIRPORT,US,ID,KPIH,42.92,-112.571,1357,19430101,20200211
725784,4109,ELK CITY,US,ID,KP69,46.144,-115.596,451.1,20060101,20200211
725785,24145,IDAHO FALLS REGIONAL ARPT,US,ID,KIDA,43.519,-112.064,1442.6,19730101,20200212
725786,24151,MALAD CITY AIRPORT,US,ID,KMLD,42.188,-112.248,1384.7,19730101,20200206
725787,24158,STREVELL,US,ID,K4SV,42.017,-113.25,1612,19730101,19840913
725788,94182,MC CALL,US,ID,KMYL,44.889,-116.102,1530.1,20080101,20091231
725805,24172,DERBY FIELD AIRPORT,US,NV,KLOL,40.068,-118.569,1189.3,19770101,20200211
725810,24193,WENDOVER AIRPORT,US,UT,KENV,40.721,-114.036,1291.4,19420801,20200211
725824,3170,EUREKA (RAMOS),US,NV,KP68,39.601,-116.006,1809.3,20060101,20100731
725825,24121,ELKO REGIONAL AIRPORT,US,NV,KEKO,40.829,-115.789,1533.1,19770101,20200211
725827,94190,WILD HORSE RESERVOIR,US,NV,KAWH,41.636,-115.801,1901.7,20060102,20070701
725830,24128,WINNEMUCCA MUNICIPAL AIRPORT,US,NV,KWMC,40.902,-117.808,1309.4,19730101,20200211
725835,24119,BATTLE MOUNTAIN AIRPORT,US,NV,KBAM,40.612,-116.892,1373.1,19730101,20200211
725845,23225,BLUE CANYON - NYACK ARPT,US,CA,KBLU,39.277,-120.71,1608.1,19730101,20200211
725846,93201,TRUCKEE-TAHOE AIRPORT,US,CA,KTRK,39.32,-120.139,1798.3,20060101,20200211
725847,93230,LAKE TAHOE AIRPORT,US,CA,KTVL,38.898,-119.995,1924.5,20000101,20200211
725850,93228,HAYWARD EXECUTIVE AIRPORT,US,CA,KHWD,37.654,-122.115,13.1,20100801,20200211
725861,24142,GOODING MUNICIPAL ARPT,US,ID,GNG,42.917,-114.767,1127.2,19760305,19820531
725864,94182,MCCALL MUNICIPAL AIRPORT,US,ID,KMYL,44.889,-116.102,1528,20050101,20200211
725865,94161,FRIEDMAN MEMORIAL AIRPORT,US,ID,KSUN,43.5,-114.3,1617.3,20060101,20200211
725866,94178,JSIN FLD-MAGIC VLY RGN APT,US,ID,KTWF,42.482,-114.487,1265.2,20060101,20200211
725867,24133,BURLEY MUNICIPAL AIRPORT,US,ID,KBYI,42.542,-113.766,1266.1,19730101,20200211
725868,94184,ALLEN H TIGERT AIRPORT,US,ID,KU78,42.65,-111.583,1779.7,20060101,20120928
725869,94186,MALTA,US,ID,K77M,42.302,-113.335,1375,19850208,20100731
725895,94236,KLAMATH FALLS AIRPORT,US,OR,KLMT,42.147,-121.724,1244.8,19590901,20200211
725905,23275,UKIAH MUNICIPAL AIRPORT,US,CA,KUKI,39.126,-123.201,183.2,19730101,20200211
725910,24216,RED BLUFF MUNICIPAL ARPT,US,CA,KRBL,40.152,-122.254,107.6,19730101,20200211
725915,24257,REDDING MUNICIPAL ARPT,US,CA,KRDD,40.518,-122.299,153,19440901,19910331
725920,24257,REDDING MUNICIPAL AIRPORT,US,CA,KRDD,40.518,-122.299,151.5,19910331,20200211
725930,23233,SALINAS MUNICIPAL AIRPORT,US,CA,KSNS,36.664,-121.608,22.6,20050101,20200211
725940,24213,WOODLEY ISLAND (NEW 10/94),US,CA,KEKA,40.81,-124.16,6.1,20060101,20200210
725945,24283,ARCATA AIRPORT,US,CA,KACV,40.978,-124.109,61,19730101,20200211
725946,24286,JACK MCNAMARA FIELD ARPT,US,CA,KCEC,41.78,-124.237,17.4,19730101,20200211
725955,24259,SISKIYOU COUNTY AIRPORT,US,CA,KSIY,41.781,-122.468,808,19500101,20200211
725956,24212,BURNEY,US,CA,KBNY,40.883,-121.667,957,19730101,19860817
725957,24215,MOUNT SHASTA,US,CA,KMHS,41.333,-122.333,1077.5,19770101,20200211
725958,94299,ALTURAS MUNICIPAL AIRPORT,US,CA,KAAT,41.491,-120.564,1333.5,20060101,20200211
725970,24225,ROGUE VALLEY INTL-MEDFORD AIRPORT,US,OR,KMFR,42.381,-122.872,395.3,19730101,20200211
725975,24235,SEXTON SUMMIT,US,OR,KSXT,42.6,-123.364,1168,19730101,20200211
725976,94285,LAKE COUNTY AIRPORT,US,OR,KLKV,42.167,-120.4,1441.1,20060101,20200211
725985,24267,BROOKINGS,US,OR,KBOK,42.074,-124.29,139.9,19770225,20200211
726050,14745,CONCORD MUNICIPAL AIRPORT,US,NH,KCON,43.205,-71.503,104.6,19730101,20200212
726055,4743,PEASE INTERNATIONAL TRADEPORT AIRPORT,US,NH,KPSM,43.083,-70.817,30.5,20060101,20200212
726056,54791,SKYHAVEN AIRPORT,US,NH,KDAW,43.278,-70.922,98.5,20060101,20200212
726060,14764,PORTLAND INTERNATIONAL JETPORT AP,US,ME,KPWM,43.642,-70.304,13.7,19730101,20200212
726064,64709,SANFORD REGIONAL AIRPORT,US,ME,KSFM,43.394,-70.708,74.4,20060101,20200212
726070,14606,BANGOR INTERNATIONAL ARPT,US,ME,KBGR,44.798,-68.819,45.1,20100801,20200212
726071,14606,BANGOR AIRPORT,US,ME,KBGR,44.798,-68.819,58.5,19411201,19900228
726073,14615,WATERVILLE ROBERT LAFLEUR ARPT,US,ME,KWVL,44.533,-69.667,94.5,20060101,20200212
726077,14616,HANCOCK CO-BAR HARBOR ARPT,US,ME,KBHB,44.45,-68.367,26.8,20060101,20200212
726079,94601,KNOX COUNTY REGIONAL ARPT,US,ME,KRKD,44.067,-69.1,14.3,20060101,20200211
726080,14608,EASTPORT,US,ME,KEPM,44.917,-67,23,19730101,20050604
726083,4836,NRN AROOSTOOK REGIONAL APT,US,ME,KFVE,47.286,-68.313,301.1,20060101,20200211
726088,14606,BANGOR INTL,US,ME,KBGR,44.798,-68.819,58.5,19900301,20100731
726111,94765,LEBANON MUNICIPAL AP,US,NH,KLEB,43.626,-72.305,173.7,19760305,19770227
726114,54771,MORRISVILLE-STOWE ST ARPT,US,VT,KMVL,44.534,-72.614,223.1,20060101,20200212
726115,54740,HARTNESS ST (SPNGFLD) ARPT,US,VT,KVSF,43.344,-72.518,176.2,20060101,20200212
726116,94765,LEBANON MUNICIPAL AIRPORT,US,NH,KLEB,43.626,-72.305,182.3,19930101,20200212
726130,14755,MT. WASHINGTON OBSERVATORY,US,NH,KMWN,44.27,-71.303,1911.7,20060101,20200210
726134,54728,WHITEFIELD (ASOS),US,NH,KHIE,44.368,-71.545,327.4,20080101,20091231
726140,54742,ST. JOHNSBURY(AMOS),US,VT,K1V4,44.42,-72.019,212.4,19730101,20200211
726145,94705,EDWARD F KNAPP STATE ARPT,US,VT,KMPV,44.204,-72.562,343.2,19730101,20200212
726155,54736,LACONIA MUNICIPAL AIRPORT,US,NH,KLCI,43.567,-71.433,166.1,20060101,20200212
726160,94700,BERLIN MUNICIPAL AIRPORT,US,NH,KBML,44.576,-71.179,353,20060101,20200211
726163,54770,JAFFREY MINI-SLVR RNCH APT,US,NH,KAFN,42.805,-72.004,317,20060101,20200212
726164,54728,MT WASHINGTON RGNL AIRPORT,US,NH,KHIE,44.368,-71.545,327.4,20050101,20200212
726165,94721,DILLANT-HOPKINS AIRPORT,US,NH,KEEN,42.9,-72.267,146.6,20060101,20200212
726166,54781,W. H. MORSE STATE AIRPORT,US,VT,KDDH,42.891,-73.247,251.8,20060101,20200212
726170,14742,BURLINGTON INTERNATIONAL AIRPORT,US,VT,KBTV,44.468,-73.15,100.6,19480101,20200212
726183,54772,EASTERN SLOPES RGNL ARPT,US,ME,KIZG,43.991,-70.948,135.6,20060101,20200212
726184,94709,AUBURN/LEWISTON MUNI ARPT,US,ME,KLEW,44.05,-70.283,87.8,20060101,20200212
726185,14605,AUGUSTA STATE AIRPORT,US,ME,KAUG,44.316,-69.797,107,19730101,20200211
726190,94626,MAINE FOREST SERVICE,US,ME,KGNR,45.462,-69.595,427,20060101,20200211
726196,14610,MILLINOCKET MUNICIPAL ARPT,US,ME,KMLT,45.648,-68.693,123.8,19430301,20200212
726221,94725,MASSENA AP,US,NY,KMSS,44.936,-74.846,65.2,19730101,19900228
726223,94725,MASSENA INTL/RCHARDS FD AP,US,NY,KMSS,44.936,-74.846,65.2,19900301,20200212
726225,4742,PLATTSBURGH INTL,US,NY,KPBG,44.651,-73.468,71,19560115,19950927
726225,64776,PLATTSBURGH INTERNATIONAL AIRPORT,US,NY,KPBG,44.65,-73.467,71.3,20070618,20200212
726227,94790,WATERTOWN INTL AIRPORT,US,NY,KART,43.989,-76.026,96.9,19490501,20200212
726228,94740,ADIRONDACK REGIONAL ARPT,US,NY,KSLK,44.385,-74.207,506.9,20060101,20200212
726284,94836,SAWYER INTERNATIONAL APT,US,MI,KSAW,46.35,-87.4,372.2,20060101,20200211
726350,94860,GERALD R FORD INTERNATIONAL AIRPORT,US,MI,KGRR,42.883,-85.524,244.8,19730101,20200211
726355,94871,SW MICHIGAN REGIONAL ARPT,US,MI,KBEH,42.126,-86.428,196,20060101,20200211
726357,94815,KLMAZO/BTL CREEK INTL ARPT,US,MI,KAZO,42.235,-85.552,264.6,20060101,20200211
726358,384,MICHIGAN CITY MUNICIPAL AIRPORT PHILLIPS FIELD,US,IN,KMGC,41.703,-86.821,200.3,20120110,20200212
726360,14840,MUSKEGON COUNTY AIRPORT,US,MI,KMKG,43.171,-86.237,190.5,19730101,20200211
726364,4883,MASON COUNTY AIRPORT,US,MI,KLDM,43.963,-86.408,195.1,20050101,20200211
726370,14826,BISHOP INTERNATIONAL AIRPORT,US,MI,KFNT,42.967,-83.749,234.7,19730101,20200211
726375,94817,OAKLAND CO. INTNL AIRPORT,US,MI,KPTK,42.665,-83.418,297.5,20060101,20200211
726379,14845,MBS INTERNATIONAL AIRPORT,US,MI,KMBS,43.533,-84.08,201.2,19730101,20200211
726380,94814,ROSCOMMON COUNTY AIRPORT,US,MI,KHTL,44.359,-84.674,350.8,19730101,20200212
726384,14817,WEXFORD COUNTY AIRPORT,US,MI,KCAD,44.283,-85.417,397.8,19900724,20200211
726385,94894,MANISTEE CO-BLACKER ARPT,US,MI,KMBL,44.267,-86.25,189.3,20060101,20200211
726387,14850,CHERRY CAPITAL AIRPORT,US,MI,KTVC,44.741,-85.583,188.4,19730101,20200211
726390,94849,ALPENA COUNTY REGIONAL AIRPORT,US,MI,KAPN,45.072,-83.564,208.5,19730101,20200211
726391,385,BALD MOUNTAIN COTTONWOOD PASS,US,CO,K7BM,38.783,-106.217,2995.3,20050611,20200211
726392,424,SUNLIGHT,US,CO,K5SM,39.433,-107.383,3232.1,20050611,20200211
726394,4874,LUCE COUNTY AIRPORT,US,MI,KERY,46.311,-85.457,281.3,20060101,20200211
726395,14808,OSCODA-WURTSMITH AIRPORT,US,MI,KOSC,44.45,-83.4,192.9,19430701,20200211
726396,422,WILKERSON PASS,US,CO,K4BM,39.05,-105.516,3438.1,20050611,20200211
726400,14839,GENERAL MITCHELL INTERNATIONAL AP,US,WI,KMKE,42.955,-87.904,204.2,19480101,20200211
726404,4865,LKLND/NOBL F LEE MEM FD AP,US,WI,KARV,45.928,-89.731,496.8,20060101,20200211
726405,94869,LAWRENCE J TIMMERMAN AIRPORT,US,WI,KMWC,43.109,-88.031,223.7,19730101,20200211
726409,4897,WAUKESHA COUNTY AIRPORT,US,WI,KUES,43.041,-88.237,277.7,20060101,20200211
726410,14837,DANE CO REGIONAL-TRUAX FIELD AIRPORT,US,WI,KMSN,43.141,-89.345,264,19480101,20200211
726413,4875,WEST BEND MUNICIPAL ARPT,US,WI,KETB,43.417,-88.133,269.4,20060101,20200211
726414,4873,MONROE MUNICIPAL AIRPORT,US,WI,KEFT,42.615,-89.591,330.7,20060101,20200211
726415,94854,ROCK COUNTY AIRPORT,US,WI,KJVL,42.617,-89.033,246.3,20060101,20200211
726416,14921,TRI-COUNTY REGIONAL ARPT,US,WI,KLNR,43.212,-90.181,218.5,19730101,20200212
726417,54911,TAYLOR COUNTY AIRPORT,US,WI,KMDZ,45.101,-90.303,448.1,20060101,20200211
726418,54912,L.O. SIMENSTAD MUNICIPAL AIRPORT,US,WI,KOEO,45.308,-92.69,275.2,20060101,20200211
726419,94929,JOHN F KENNEDY MEMO ARPT,US,WI,KASX,46.549,-90.919,251.8,20060101,20200211
726424,94818,JOHN H BATTEN AIRPORT,US,WI,KRAC,42.761,-87.814,205.4,20060101,20200211
726425,4841,SHEBOYGAN CO MEMO AIRPORT,US,WI,KSBM,43.769,-87.851,227.4,20060101,20200211
726426,4895,STEVENS POINT MUNI ARPT,US,WI,KSTE,44.55,-89.533,338.3,20060101,20200211
726427,54908,RICHARD I BONG AIRPORT,US,WI,KSUW,46.689,-92.094,205.4,20060101,20200211
726430,14920,LA CROSSE MUNICIPAL AIRPORT,US,WI,KLSE,43.879,-91.253,198.7,19480101,20200211
726435,14991,CHIPPEWA VALLEY RGNL ARPT,US,WI,KEAU,44.867,-91.488,269.8,19730101,20200212
726436,94930,VOLK FIELD AIRPORT,US,WI,KVOK,43.933,-90.267,278,19611001,20200211
726437,94940,SPARTA/FORT MC COY AIRPORT,US,WI,KCMY,43.967,-90.733,252.7,20060101,20200212
726438,94994,BOSCOBEL AIRPORT,US,WI,KOVS,43.156,-90.678,204.8,20060101,20200212
726440,14925,ROCHESTER INTERNATIONAL AIRPORT,US,MN,KRST,43.904,-92.492,397.5,19730101,20200211
726444,4963,PRAIRIE DU CHIEN MUNI ARPT,US,WI,KPDC,43.019,-91.124,201.5,20060101,20200211
726449,4891,MERRILL MUNICIPAL AIRPORT,US,WI,KRRL,45.199,-89.711,401.4,20060101,20200211
726450,14898,AUSTIN STRAUBEL INTERNATIONAL AP,US,WI,KGRB,44.479,-88.137,209.4,19500101,20200211
726452,4826,ALEXANDER FD S WOOD CO APT,US,WI,KISW,44.359,-89.837,310.6,20060101,20200211
726455,94897,MANITOWOC COUNTY AIRPORT,US,WI,KMTW,44.133,-87.667,198.4,20060101,20200211
726456,94855,WHITTMAN REGIONAL AIRPORT,US,WI,KOSH,43.984,-88.557,238.4,20060101,20200211
726457,4825,OUTAGAMIE CO RGNL AIRPORT,US,WI,KATW,44.267,-88.517,279.5,20060101,20200211
726458,4824,DOOR CO CHERRYLAND AIRPORT,US,WI,KSUE,44.85,-87.417,220.7,20060101,20200211
726460,14897,WAUSAU MUNICIPAL ARPT,US,WI,KAUW,44.929,-89.628,364.5,19730101,19850531
726461,14897,WAUSAU MUNICIPAL ARPT,US,WI,KAUW,44.929,-89.628,364.5,19850531,19900219
726463,14897,WAUSAU DOWNTOWN AIRPORT,US,WI,KAUW,44.929,-89.628,365.8,19900314,20200211
726464,54834,WATERTOWN MUNICIPAL AIRPORT,US,WI,KRYV,43.167,-88.717,249.9,20060101,20200211
726465,94890,CENTRAL WISCONSIN AIRPORT,US,WI,KCWA,44.783,-89.667,389.2,20060101,20200211
726466,54917,APPLETON MUNICIPAL AIRPORT,US,MN,KAQP,45.228,-96.007,310.9,20060101,20200212
726467,54909,RICE LAKE REGIONAL-CARL'S FIELD AIRPORT,US,WI,KRPD,45.419,-91.773,336.8,20060101,20200211
726468,54913,PRICE COUNTY AIRPORT,US,WI,KPBH,45.709,-90.402,456.3,20060101,20200211
726480,94853,DELTA COUNTY AIRPORT,US,MI,KESC,45.733,-87.083,181.1,20060101,20200211
726487,94896,MEONE-MARINETTE TWIN CO AP,US,MI,KMNM,45.117,-87.633,190.5,20050101,20200211
726498,4925,FAIRFIELD MUNICIPAL ARPT,US,IA,KFFL,41.053,-91.979,243.5,20060101,20200211
726499,94971,ESTHERVILLE MUNI AIRPORT,US,IA,KEST,43.401,-94.747,401.4,20060101,20200211
726500,14972,SPENCER MUNICIPAL AIRPORT,US,IA,KSPW,43.164,-95.202,407.8,20060101,20200211
726502,54832,CLINTONVILLE MUNICIPAL AIRPORT,US,WI,KCLI,44.614,-88.731,250.6,20060101,20200211
726503,54833,BARABOO WISCONSIN DELLS AIRPORT,US,WI,KDLL,43.522,-89.774,297.5,20060101,20200211
726504,54838,EAGLE RIVER UNION AIRPORT,US,WI,KEGV,45.932,-89.269,500.5,20060101,20200211
726505,4845,KENOSHA REGIONAL AIRPORT,US,WI,KENW,42.595,-87.938,226.5,20060101,20200211
726506,4840,FOND DU LAC COUNTY AIRPORT,US,WI,KFLD,43.769,-88.491,246,19990101,20200211
726507,54907,IOWA COUNTY AIRPORT,US,WI,KMRJ,42.887,-90.236,356.9,20060101,20200211
726508,94973,SAWYER COUNTY AIRPORT,US,WI,KHYR,46.026,-91.444,367,20060101,20200211
726509,4898,DODGE COUNTY AIRPORT,US,WI,KUNU,43.426,-88.703,285.3,20060101,20200212
726510,14944,JOE FOSS FIELD AIRPORT,US,SD,KFSD,43.578,-96.754,435.3,19421001,20200211
726514,94032,CUSTER COUNTY AIRPORT,US,SD,KCUT,43.733,-103.611,1690.1,20050101,20200211
726515,94902,BROOKINGS MUNICIPAL ARPT,US,SD,KBKX,44.3,-96.8,502.3,20060101,20200211
726516,24024,PHILIP AIRPORT,US,SD,KPHP,44.051,-101.601,672.4,19980702,20200211
726517,94039,PINE RIDGE AIRPORT,US,SD,KIEN,43.021,-102.518,1015.3,20060101,20200211
726518,94990,WINNER REGIONAL AIRPORT,US,SD,KICR,43.391,-99.842,619.4,20060101,20200211
726519,94993,SISSETON MUNICIPAL AIRPORT,US,SD,K8D3,45.669,-96.991,353.9,20060101,20200211
726525,94911,CHAN GURNEY MUNICIPAL ARPT,US,SD,KYKN,42.879,-97.364,357.2,20060101,20200211
726530,94943,CHAMBERLAIN MUNI AIRPORT,US,SD,K9V9,43.767,-99.318,519.1,20060101,20200211
726539,94056,FAITH MUNICIPAL AIRPORT,US,SD,KD07,45.032,-102.019,786.4,20060101,20200211
726540,14936,HURON REGIONAL AIRPORT,US,SD,KHON,44.398,-98.223,390.1,19730101,20200211
726544,4958,ORR REGIONAL AIRPORT,US,MN,KORB,48.016,-92.856,399.6,20060101,20200212
726545,94950,MITCHELL MUNICIPAL AIRPORT,US,SD,KMHE,43.774,-98.038,396.2,20060101,20200211
726546,14946,WATERTOWN MUNICIPAL ARPT,US,SD,KATY,44.905,-97.149,532.8,19480101,20200211
726547,4931,GLENWOOD MUNICIPAL AIRPORT,US,MN,KGHW,45.644,-95.32,424.6,20060101,20200212
726548,4971,WARROAD INTL-SWEDE CARLSON FLD ARPT,US,MN,KRRT,48.941,-95.348,327.4,20060101,20200211
726549,54905,COOK MUNICIPAL AIRPORT,US,MN,KCQM,47.822,-92.689,404.5,20060101,20200212
726550,14926,ST CLOUD REGIONAL AIRPORT,US,MN,KSTC,45.543,-94.051,310.3,19730101,20200211
726553,4951,MONTIVIDEO-CHIPPEWA CO APT,US,MN,KMVE,44.969,-95.71,315.2,20060101,20200212
726554,54906,ST JAMES MUNICIPAL AIRPORT,US,MN,KJYG,43.986,-94.558,325.2,20060101,20200211
726555,94938,BRAINERD LAKES RGNL ARPT,US,MN,KBRD,46.405,-94.131,372.2,20060101,20200211
726556,14992,REDWOOD FALLS MUNI AIRPORT,US,MN,KRWF,44.548,-95.08,311.2,20000101,20200211
726557,14910,CHANDLER FIELD AIRPORT,US,MN,KAXN,45.868,-95.394,431.6,19730101,20200212
726558,4914,CLOQUET CARLTON CO AIRPORT,US,MN,KCOQ,46.703,-92.504,389.8,20060101,20200212
726559,94976,SW MN RGNL MRSHL/RYAN FIELD AIRPORT,US,MN,KMML,44.45,-95.817,359.4,20060101,20200212
726560,24025,PIERRE REGIONAL AIRPORT,US,SD,KPIR,44.381,-100.286,531,20100801,20200211
726560,94966,PIERRE RGNL,US,SD,KFFM,46.283,-96.15,360.9,20060101,20100801
726561,94997,WADENA MUNICIPAL AIRPORT,US,MN,KADC,46.447,-95.212,417.6,20060101,20200212
726562,4943,AIRLAKE AIRPORT,US,MN,KLVN,44.628,-93.228,292.6,20060101,20200211
726563,94969,FARIBAULT MUNICIPAL ARPT,US,MN,KFBL,44.333,-93.317,323.1,20060101,20200211
726564,4967,RED WING REGIONAL AIRPORT,US,MN,KRGK,44.589,-92.485,237.7,20060101,20200211
726565,4948,MORRIS MUNICIPAL AIRPORT,US,MN,KMOX,45.566,-95.968,344.4,20060101,20200212
726566,4965,PIPESTONE MUNICIPAL ARPT,US,MN,KPQN,43.983,-96.3,529.1,20060101,20200211
726567,4980,NEW ULM MUNICIPAL AIRPORT,US,MN,KULM,44.319,-94.502,308.2,20060101,20200212
726568,4961,OWATONNA DEGNER RGNL ARPT,US,MN,KOWA,44.123,-93.261,349.3,20060101,20200211
726569,4933,HTCHSON MUNI-BUTLR FLD APT,US,MN,KHCD,44.859,-94.382,323.1,20060101,20200212
726572,94966,FERGUS FALLS MUNICIPAL AIRPORT-EINAR MICKELSON FLD,US,MN,KFFM,46.283,-96.15,360.6,20050101,20200212
726574,94985,MARSHFIELD MUNICIPAL ARPT,US,WI,KMFI,44.638,-90.188,382.5,20060101,20200211
726575,94960,CRYSTAL AIRPORT,US,MN,KMIC,45.062,-93.351,262.4,20060101,20200211
726576,14928,WILLMAR RCO,US,MN,KILL,45.117,-95.083,344.1,19901120,20090514
726577,94974,ANOKA CO-BLNE AP(JNS FD) AP,US,MN,KANE,45.15,-93.217,278,20060101,20200211
726578,4944,LITL FALS/MRSON CO-LNBRG FIELD AIRPORT,US,MN,KLXL,45.949,-94.347,342,20060101,20200211
726579,94963,FLYING CLOUD AIRPORT,US,MN,KFCM,44.832,-93.471,276.5,20060101,20200211
726580,14922,MINNEAPOLIS-ST PAUL INTERNATIONAL AP,US,MN,KMSP,44.883,-93.229,265.8,19450101,20200211
726583,4941,LITCHFIELD MUNICIPAL ARPT,US,MN,KLJF,45.147,-94.507,347.5,20060101,20200212
726584,14927,ST PAUL DWTWN HOLMAN FD AP,US,MN,KSTP,44.932,-93.056,213.4,19831103,20200211
726585,14954,MANKATO MUNICIPAL AIRPORT,US,MN,KMKT,44.217,-93.917,311.2,20060101,20200211
726586,94948,FAIRMONT MUNICIPAL AIRPORT,US,MN,KFRM,43.65,-94.417,353.9,20060101,20200211
726587,94927,WORTHINGTON MUNICIPAL ARPT,US,MN,KOTG,43.645,-95.58,478.5,20060101,20200212
726588,4956,WIOA MUNI-MAX CONRAD FD AP,US,MN,KONA,44.077,-91.708,200,20060101,20200212
726589,94968,ALBERT LEA MUNICIPAL ARPT,US,MN,KAEL,43.683,-93.367,383.7,20060101,20200211
726590,14929,ABERDEEN REGIONAL AIRPORT,US,SD,KABR,45.443,-98.413,395.3,19730101,20200211
726593,4946,JACKSON MUNICIPAL AIRPORT,US,MN,KMJQ,43.65,-94.986,440.7,20060101,20200211
726596,4978,DODGE CENTER ARPT,US,MN,KTOB,44.018,-92.831,397.8,20060101,20200211
726603,4974,SOUTH ST PAUL MUNI-RICHARD E FLEMING FLD ARPT,US,MN,KSGS,44.857,-93.033,249.9,20060101,20200211
726605,386,BLACK HILLS AIRPORT CLYDE ICE FIELD,US,SD,KSPF,44.483,-103.783,1198.2,20050624,20200211
726620,24090,RAPID CITY REGIONAL AIRPORT,US,SD,KRAP,44.046,-103.054,963.2,19730101,20200211
726625,24006,ELLSWORTH AIR FORCE BASE,US,SD,KRCA,44.15,-103.1,999.1,19390201,20200211
726626,4864,LANGLADE COUNTY AIRPORT,US,WI,KAIG,45.154,-89.111,463.9,20060101,20200211
726627,94037,BUFFALO,US,SD,K2WX,45.604,-103.546,915.6,19990101,20200211
726650,94023,GILLETTE-CAMPBELL CO. ARPT,US,WY,KGCC,44.339,-105.542,1327.1,20060101,20200211
726654,94054,JOHNSON COUNTY AIRPORT,US,WY,KBYG,44.381,-106.721,1513.9,20060101,20200211
726660,24029,SHERIDAN COUNTY AIRPORT,US,WY,KSHR,44.769,-106.969,1202.4,19730101,20200211
726664,94173,YELLOWSTONE,US,WY,KP60,44.544,-110.421,2388.1,19790322,20200211
726665,24062,WORLAND MUNICIPAL AIRPORT,US,WY,KWRL,43.966,-107.951,1271.6,20000101,20200212
726667,24048,SOUTH BIG HORN COUNTY ARPT,US,WY,KGEY,44.517,-108.082,1198.8,20060101,20200211
726675,24037,MILES CITY MUNICIPAL ARPT,US,MT,KMLS,46.427,-105.883,802.8,19730101,19830531
726676,24087,DAWSON COMMUNITY AIRPORT,US,MT,KGDV,47.133,-104.8,748.9,20060101,20200211
726679,4969,RUSH CITY REGIONAL AIRPORT,US,MN,KROS,45.698,-92.953,281.3,20060101,20200211
726682,54914,PRINCETON MUNICIPAL AIRPORT,US,MN,KPNM,45.56,-93.608,298.4,20060101,20200211
726685,94052,MOBRIDGE MUNICIPAL AIRPORT,US,SD,KMBG,45.546,-100.408,522.7,20060101,20200211
726686,24025,PIERRE RGNL,US,SD,KPIR,44.381,-100.286,526.1,19440301,20100731
726690,24057,RAWLINS MUNI/HARVEY FIELD ARPT,US,WY,KRWL,41.8,-107.2,2053.1,20100801,20200211
726700,24045,YELLOWSTONE REGIONAL ARPT,US,WY,KCOD,44.517,-109.017,1552,20060101,20200211
726710,24164,BIG PINEY-MARBLETON ARPT,US,WY,KBPI,42.584,-110.108,2124.5,19990101,20200212
726720,24061,RIVERTON REGIONAL AIRPORT,US,WY,KRIW,43.064,-108.459,1659.6,20070401,20200211
726763,24198,WEATHER SERVICE OFFICE,US,MT,KWEY,44.65,-111.1,2030.9,20060103,20071019
726764,94163,YELLOWSTONE AIRPORT,US,MT,KWYS,44.683,-111.117,2026.6,20060608,20200211
726770,24033,BILLINGS LOGAN INTERNATIONAL AIRPORT,US,MT,KBIL,45.807,-108.542,1091.5,19350501,20200211
726776,24036,LEWISTOWN MUNICIPAL ARPT,US,MT,KLWT,47.049,-109.458,1263.4,19420401,20200211
726777,94055,BAKER MUNICIPAL AIRPORT,US,MT,KBHK,46.358,-104.25,905.6,20060101,20200211
726785,24135,BERT MOONEY,US,MT,KBTM,45.965,-112.501,1686.5,19770301,20100801
726791,24135,BUTTE SILVER BOW CO ARPT,US,MT,KBTM,45.965,-112.501,1686.5,19760305,19770227
726795,24161,WHITEHALL,US,MT,HIA,45.867,-111.967,1303.9,19730101,19780101
726796,24138,DILLON AIRPORT,US,MT,KDLN,45.258,-112.554,1591.7,19730101,20100801
726797,24132,GALLATIN FIELD AIRPORT,US,MT,KBZN,45.788,-111.161,1349.4,19730101,20200211
726798,24150,MISSION FIELD AIRPORT,US,MT,KLVM,45.698,-110.441,1415.2,19730101,20200211
726810,24131,BOISE AIR TERMINAL/GOWEN FD AIRPORT,US,ID,KBOI,43.567,-116.241,857.7,19310101,20200211
726813,94195,CALDWELL INDUSTRIAL ARPT,US,ID,KEUL,43.65,-116.633,740.4,20060101,20200211
726815,24106,MOUNTAIN HOME AFB AIRPORT,US,ID,KMUO,43.05,-115.867,913.2,19320101,20200211
726816,4110,JEROME COUNTY AIRPORT,US,ID,KJER,42.727,-114.456,1233.8,20060101,20200211
726817,24154,MULLAN PASS,US,ID,KMLP,47.457,-115.645,1837.3,19960702,20200211
726818,94194,REXBURG-MADISON COUNTY APT,US,ID,KRXE,43.832,-111.808,1481.9,19990102,20200211
726824,4112,STANLEY RANGER STATION,US,ID,KSNT,44.171,-114.927,1979.7,19990102,20200211
726830,94185,BURNS MUNICIPAL AIRPORT,US,OR,KBNO,43.595,-118.956,1261.9,19730101,20200211
726835,24230,ROBERTS FLD,US,OR,KRDM,44.256,-121.139,940,19420101,20100801
726836,4201,SCAPPOOSE INDUS AIRPK ARPT,US,OR,KSPB,45.773,-122.861,16.8,20060101,20200211
726837,24162,ONTARIO MUNICIPAL AIRPORT,US,OR,KONO,44.021,-117.013,668.4,19730101,20200211
726838,94185,BURNS MUNICIPAL ARPT,US,OR,KBNO,43.595,-118.956,1271,19801231,19901231
726839,94196,JOHN DAY STATE ARPT,US,OR,K5J0,44.404,-118.963,1126.8,20060102,20061122
726865,24196,LEMHI COUNTY AIRPORT,US,ID,KSMN,45.117,-113.883,1232.6,20060101,20200211
726873,452,IDAHO COUNTY AIRPORT,US,ID,KGIC,45.943,-116.123,1010.1,20110325,20200211
726875,94107,ROME STATE AIRPORT,US,OR,KREO,42.591,-117.864,1234.4,19980302,20200211
726876,387,GRANT COUNTY REGIONAL AIRPORT OGILVIE FIELD,US,OR,KGCD,44.4,-118.967,1127.2,20050103,20200211
726880,24155,EASTERN OR REGIONAL AT PENDLETON AP,US,OR,KPDT,45.698,-118.855,452.9,19420101,20200211
726881,94273,MC MINNVILLE MUNICIPAL APT,US,OR,KMMV,45.195,-123.134,48.5,20060101,20200211
726883,4113,HERMISTON MUNICIPAL ARPT,US,OR,KHRI,45.826,-119.261,195.4,20060101,20200211
726884,24148,LA GRANDE/UNION COUNTY APT,US,OR,KLGD,45.283,-118,826.9,19880506,20200211
726885,24152,MEACHAM,US,OR,KMEH,45.511,-118.425,1134.8,19730101,20200211
726886,24130,BAKER CITY MUNICIPAL ARPT,US,OR,KBKE,44.843,-117.809,1024.4,19730101,20200211
726901,24231,ROSEBURG,US,OR,KRBG,43.239,-123.355,155.1,19730101,19800430
726904,24231,ROSEBURG REGIONAL AIRPORT,US,OR,KRBG,43.239,-123.355,160,19800514,20200211
726917,24284,NORTH BEND MUNICIPAL ARPT,US,OR,KOTH,43.413,-124.244,5.2,19770101,20200211
726920,24230,ROBERTS FIELD AIRPORT,US,OR,KRDM,44.256,-121.139,927.5,20050101,20200211
726930,24221,MAHLON SWEET FIELD AIRPORT,US,OR,KEUG,44.128,-123.221,107.6,19730101,20200211
726940,24232,MCNARY FIELD AIRPORT,US,OR,KSLE,44.905,-123.001,62.5,19730101,20200211
726945,24202,CORVALLIS MUNICIPAL APRT,US,OR,KCVO,44.5,-123.283,76.2,20060101,20200211
726950,24285,NEWPORT MUNICIPAL AIRPORT,US,OR,KONP,44.583,-124.05,37.2,20110301,20200211
726958,24285,NEWPORT MUNICIPAL,US,OR,KONP,44.583,-124.05,48.8,19770301,20110301
726959,94281,AURORA STATE AIRPORT,US,OR,KUAO,45.249,-122.769,59.7,20060101,20200211
726980,24229,PORTLAND INTERNATIONAL AIRPORT,US,OR,KPDX,45.596,-122.609,5.8,19360501,20200211
726985,24242,PORTLAND-TROUTDALE AIRPORT,US,OR,KTTD,45.551,-122.409,8.8,20060101,20200211
726986,94261,PORTLAND-HILLSBORO AIRPORT,US,OR,KHIO,45.541,-122.949,62.2,20060101,20200211
726987,94204,CASCADE LOCKS STATE AIRPORT,US,OR,KCZK,45.683,-121.883,46,20060101,20131001
726988,24219,MUNICIPAL AIRPORT,US,WA,KDLS,45.619,-121.166,71.6,19730101,20200211
727033,14609,INTERNATIONAL AIRPORT,US,ME,KHUL,46.119,-67.793,145.1,20000101,20200212
727119,94605,CLAYTON LAKE,US,ME,K40B,46.617,-69.533,314.2,20060101,20200211
727120,14607,CARIBOU MUNICIPAL AIRPORT,US,ME,KCAR,46.871,-68.017,190.2,19730101,20200211
727125,14623,LORING AFB/LIMESTON,US,ME,KLIZ,46.95,-67.883,227,19500801,19940304
727130,14604,NERN MAINE RGNL ARPT AT PRESQUE IS AIRPORT,US,ME,KPQI,46.683,-68.05,162.8,19411101,20200212
727135,94623,WISCASSET AIRPORT,US,ME,KIWI,43.964,-69.712,20.7,20060101,20200212
727340,14847,SAULT STE MARIE MUNI/SASN FIELD AP,US,MI,KANJ,46.479,-84.357,220.1,19730101,20200211
727344,4869,CHIPPEWA COUNTY INTL ARPT,US,MI,KCIU,46.25,-84.467,243.5,20060101,20200211
727345,14847,SAULT STE MARIE,US,MI,KANJ,46.479,-84.357,220.7,19480101,19721231
727347,14841,PELLSTON REGIONAL ARPT OF EMMET COUNTY ARPT,US,MI,KPLN,45.564,-84.793,214.9,19730101,20200211
727415,4803,RHINELANDER-ONEIDA CO ARPT,US,WI,KRHI,45.631,-89.482,495,20060101,20200211
727417,54825,PRESQUE ISLE COUNTY AIRPORT,US,MI,KPZQ,45.407,-83.813,204.2,20060101,20200211
727430,94850,MARQUETTE MICHIGAN COUNTY AP (WFO),US,MI,KMQT,46.531,-87.549,431.3,19730101,20200210
727434,4870,CHARLEVOIX MUNICIPAL ARPT,US,MI,KCVX,45.305,-85.275,196.9,20060101,20200211
727435,54820,MACKINAC  ISLAND AIRPORT,US,MI,KMCD,45.865,-84.637,225.6,20060101,20200211
727436,4863,ANTRIM COUNTY AIRPORT,US,MI,KACB,44.986,-85.203,189,20060101,20200211
727437,94893,FORD AIRPORT,US,MI,KIMT,45.818,-88.114,342,20060101,20200211
727440,14858,HOUGHTON COUNTY MEMO ARPT,US,MI,KCMX,47.169,-88.489,333.8,19730101,20200212
727444,4979,RICHARD B HELGESON AIRPORT,US,MN,KTWM,47.049,-91.745,329.2,20060101,20200212
727445,94926,GOGEBIC-IRON COUNTY ARPT,US,MI,KIWD,46.533,-90.133,374.9,20060101,20200212
727449,4954,MOOSE LAKE CARLTON CO ARPT,US,MN,KMZH,46.419,-92.804,328,20060101,20200211
727450,14913,DULUTH INTERNATIONAL AIRPORT,US,MN,KDLH,46.837,-92.183,436.8,19480101,20200212
727452,4912,CRKSTN MUNI KRKWOD FLD APT,US,MN,KCKN,47.842,-96.621,274,20060101,20200211
727453,94967,PK RPDS MUNI-KONSHOK FD AP,US,MN,KPKD,46.901,-95.068,437.1,19900111,20200211
727454,4911,GRAND MARAIS/COOK CO ARPT,US,MN,KCKC,47.838,-90.383,548,20060101,20200212
727455,94931,CHISHOLM-HIBBING AIRPORT,US,MN,KHIB,47.386,-92.839,412.1,19730101,20200212
727456,4919,SKY HARBOR AIRPORT,US,MN,KDYT,46.722,-92.043,185.9,20060101,20200211
727457,94962,DETRT LKS-WETHING FLD ARPT,US,MN,KDTL,46.833,-95.883,425.8,20060101,20200212
727458,94919,GRAND RAPIDS/ITASCA CO-G NEWSTROM FIELD ARPT,US,MN,KGPZ,47.211,-93.51,413,20060101,20200212
727459,94964,ELY MUNICIPAL AIRPORT,US,MN,KELO,47.817,-91.833,443.8,20060101,20200212
727466,4918,MDSON-LAC QUI PARLE CO APT,US,MN,KDXX,44.986,-96.043,329.8,20060101,20200211
727467,4926,FLAG ISLAND,US,MN,KFGN,49.318,-94.903,329.2,20060101,20200211
727468,4928,BIGFORK MUNICIPAL AIRPORT,US,MN,KFOZ,47.783,-93.65,411.2,20060101,20200211
727469,94992,GRAND MARAIS,US,MN,KGNA,47.747,-90.344,185.9,20060101,20200211
727470,14918,FALLS INTERNATIONAL AIRPORT,US,MN,KINL,48.561,-93.398,360.6,19730101,20200211
727473,94977,SCOTTS SPB,US,MN,KCDD,48.267,-92.483,341.1,20060101,20200212
727474,4923,EVELETH-VIRGINIA MUNI ARPT,US,MN,KEVM,47.424,-92.498,420.3,20060101,20200212
727475,4940,MORA MUNICIPAL AIRPORT,US,MN,KJMR,45.886,-93.272,308.5,20060101,20200211
727476,94961,BAUDETTE INTERNATIONAL APT,US,MN,KBDE,48.717,-94.6,329.8,19831104,20200211
727477,4970,ROSEAU MUNI/RUDY BILLBERG FLD ARPT,US,MN,KROX,48.856,-95.697,322.8,20060101,20200211
727478,4934,HALLOCK MUNICIPAL AIRPORT,US,MN,KHCO,48.753,-96.943,249.6,20060101,20200211
727486,4983,WASKISH MUNICIPAL AIRPORT,US,MN,KVWU,48.154,-94.517,360,20060101,20200211
727497,4984,LONGVILLE MUNICIPAL ARPT,US,MN,KXVG,46.99,-94.204,406.6,20060101,20200212
727503,4909,CAMBRIDGE MUNICIPAL ARPT,US,MN,KCBG,45.559,-93.265,288,20060101,20200212
727504,94999,ATKN MUNI-S KURTZ FLD ARPT,US,MN,KAIT,46.548,-93.677,367,20060101,20200211
727505,4929,FOSSTON MUNICIPAL AIRPORT,US,MN,KFSE,47.593,-95.775,389.2,20060101,20200212
727506,4952,WINDOM MUNICIPAL AIRPORT,US,MN,KMWM,43.913,-95.109,429.8,20060101,20200212
727507,54904,BENSON MUNICIPAL AIRPORT,US,MN,KBBB,45.332,-95.651,316.7,20060101,20200212
727508,54915,PINE RIVER REGIONAL AIRPORT,US,MN,KPWC,46.725,-94.382,394.7,20060101,20200211
727514,54910,STAPLES MUNICIPAL AIRPORT,US,MN,KSAZ,46.381,-94.806,392.3,20060101,20200212
727515,4982,ORTHONVILLE MUNI-MARTINSON FIELD AIRPORT,US,MN,KVVV,45.306,-96.424,335.3,20060101,20200212
727517,4932,GLENCOE MUNICIPAL AIRPORT,US,MN,KGYL,44.756,-94.081,302.4,20060101,20200211
727530,14914,HECTOR INTERNATIONAL AIRPORT,US,ND,KFAR,46.925,-96.811,274.3,19480101,20200211
727533,4922,WHEATON MUNICIPAL AIRPORT,US,MN,KETH,45.78,-96.545,312.4,20060101,20200212
727535,14919,JAMESTOWN REGIONAL AIRPORT,US,ND,KJMS,46.926,-98.669,455.4,19730101,20200211
727550,14958,BEMIDJI-BELTRAMI CO ARPT,US,MN,KBJI,47.5,-94.933,424.3,20060101,20200212
727555,94956,THIEF RIVER FALLS RGNL APT,US,MN,KTVF,48.067,-96.183,339.9,20060101,20200211
727556,4905,SILVER BAY MUNICIPAL ARPT,US,MN,KBFW,47.249,-91.416,331.9,20060101,20200212
727566,4902,AUSTIN MUNICIPAL AIRPORT,US,MN,KAUM,43.665,-92.933,375.8,20060101,20200211
727570,14916,GRAND FORKS INTERNATIONAL AIRPORT,US,ND,KGFK,47.943,-97.184,256.6,20100801,20200211
727573,94928,DEVILS LAKE MUNI AIRPORT,US,ND,KDVL,48.117,-98.9,439.2,20060101,20200211
727575,94925,GRAND FORKS AFB AIRPORT,US,ND,KRDR,47.967,-97.4,278.3,19590303,20200211
727576,14916,GRAND FORKS INTL,US,ND,KGFK,47.943,-97.184,253.6,19730101,20100801
727584,94038,HETTINGER MUNICIPAL ARPT,US,ND,KHEI,46.014,-102.655,824.5,20060101,20200211
727630,24012,DICKINSON THEODORE ROOSEVELT RGNL ARPT,US,ND,KDIK,46.799,-102.797,786.4,20050101,20200211
727640,24011,BISMARCK MUNICIPAL AIRPORT,US,ND,KBIS,46.783,-100.757,503.2,19360701,20200211
727645,24012,DICKINSON MUNI,US,ND,KDIK,46.799,-102.797,787.3,19730101,20100801
727670,94014,SLOULIN FIELD INTERNATIONAL AIRPORT,US,ND,KISN,48.174,-103.637,579.7,19730101,20200107
727675,94011,MINOT AFB AIRPORT,US,ND,KMIB,48.417,-101.35,508.1,19591001,20200211
727676,24013,MINOT INTERNATIONAL ARPT,US,ND,KMOT,48.255,-101.273,507.5,19730101,20200211
727677,94041,GARRISON,US,ND,KN60,47.646,-101.439,582.8,20060101,20200211
727680,94008,WOKAL FIELD/GLASGOW INTL AIRPORT,US,MT,KGGW,48.214,-106.621,696.5,19421210,20200211
727684,94051,JORDAN AIRPORT,US,MT,KJDN,47.326,-106.948,811.4,20060101,20200211
727686,94017,L M CLAYTON AIRPORT,US,MT,KOLF,48.094,-105.574,605.3,20060101,20200211
727687,94028,SIDNEY-RICHLAND MUNI ARPT,US,MT,KSDY,47.717,-104.183,603.5,20060101,20200211
727690,24137,CUT BANK MUNICIPAL AIRPORT,US,MT,KCTB,48.603,-112.375,1169.8,20050101,20200211
727700,24138,DILLON AIRPORT,US,MT,KDLN,45.258,-112.554,1585,20050101,20200211
727720,24144,HELENA REGIONAL AIRPORT,US,MT,KHLN,46.606,-111.964,1166.8,19730101,20200211
727730,24153,MISSOULA INTERNATIONAL AIRPORT,US,MT,KMSO,46.921,-114.093,972.9,19730101,20200211
727735,24139,DRUMMOND,US,MT,K3DU,46.638,-113.176,0,19730101,20120930
727740,24135,BERT MOONEY AIRPORT,US,MT,KBTM,45.965,-112.501,1678.2,20050101,20200211
727750,24143,GREAT FALLS INTERNATIONAL AIRPORT,US,MT,KGTF,47.473,-111.382,1116.8,19730101,20200211
727755,24112,MALMSTROM AFHP HELIPORT,US,MT,KGFA,47.517,-111.183,1058.3,19421201,20200211
727770,94012,HAVRE CITY-COUNTY AIRPORT,US,MT,KHVR,48.543,-109.763,787.9,19730101,20200211
727790,24146,GLACIER PARK INTERNATIONAL AIRPORT,US,MT,KGPI,48.304,-114.264,901.3,19730101,20200211
727796,24137,CUT BANK MUNI,US,MT,KCTB,48.603,-112.375,1169.8,19421201,20100801
727810,24243,YAKIMA AIR TERMINAL/MCALSR FIELD AP,US,WA,KYKM,46.568,-120.543,324.3,19730101,20200211
727815,24237,STAMPASS PASS FLTWO,US,WA,KSMP,47.277,-121.337,1206.7,19730101,20200211
727825,94239,PANGBORN MEMORIAL AIRPORT,US,WA,KEAT,47.398,-120.201,374.6,20000101,20200211
727826,24141,EPHRATA MUNICIPAL,US,WA,KEPH,47.308,-119.515,383.7,19420101,20100801
727827,24110,GRANT COUNTY INTL AIRPORT,US,WA,KMWH,47.208,-119.319,364.5,19430610,20200211
727830,24149,LEWISTON-NEZ PERCE COUNTY AIRPORT,US,ID,KLWS,46.375,-117.016,437.7,19730101,20200211
727833,4114,CHALLIS (AMOS),US,ID,KLLJ,44.523,-114.215,1536.2,19990102,20091231
727834,24136,COEUR D'ALENE AIR TERM APT,US,ID,KCOE,47.767,-116.817,703.2,20060101,20200211
727840,94187,HANFORD AIRPORT,US,WA,KHMS,46.567,-119.6,223.1,20060101,20130326
727845,24163,TRI-CITIES AIRPORT,US,WA,KPSC,46.267,-119.117,124.1,19730101,20200211
727846,24160,WALLA WALLA REGIONAL ARPT,US,WA,KALW,46.095,-118.287,355.4,19410901,20200211
727850,24157,SPOKANE INTERNATIONAL AIRPORT,US,WA,KGEG,47.622,-117.528,717.2,19410811,20200211
727854,94119,DEER PARK ARPT,US,WA,KDEW,47.974,-117.428,672.4,20060101,20100801
727855,24114,FAIRCHILD AIR FORCE BASE,US,WA,KSKA,47.633,-117.65,750.1,19400401,20200211
727856,94176,FELTS FIELD AIRPORT,US,WA,KSFF,47.683,-117.321,595.3,20060101,20200211
727857,94129,PULLMAN/MOSCOW RGNL ARPT,US,WA,KPUW,46.744,-117.109,777.5,20060101,20200211
727870,94119,DEER PARK AIRPORT,US,WA,KDEW,47.974,-117.429,667.8,20100801,20200211
727883,24220,BOWERS FIELD AIRPORT,US,WA,KELN,47.034,-120.53,538.3,19880106,20200211
727885,94266,WILLIAM R FAIRCHILD INT AP,US,WA,KCLM,48.12,-123.498,87.8,20060101,20200211
727890,94197,OMAK AIRPORT,US,WA,KOMK,48.464,-119.517,396.2,20060101,20200211
727900,24141,EPHRATA MUNICIPAL AIRPORT,US,WA,KEPH,47.308,-119.515,381.6,20050101,20200211
727910,94224,ASTORIA REGIONAL AIRPORT,US,OR,KAST,46.157,-123.883,2.7,19730101,20200211
727918,94298,PEARSON FIELD AIRPORT,US,WA,KVUO,45.621,-122.657,9.1,20060101,20200211
727920,24227,OLYMPIA AIRPORT,US,WA,KOLM,46.973,-122.903,57.3,19730101,20200211
727923,94225,BOWERMAN AIRPORT,US,WA,KHQM,46.973,-123.93,3.7,19910108,20200211
727924,24223,KELSO-LONGVIEW AIRPORT,US,WA,KKLS,46.117,-122.894,6.1,19900208,20200211
727925,94227,SANDERSON FIELD AIRPORT,US,WA,KSHN,47.238,-123.141,82.6,19990101,20200211
727926,24241,TOLEDO-WINLOCK ED CARLSON MEMORIAL FIELD AIRPORT,US,WA,KTDO,46.483,-122.817,115.5,20060101,20071001
727927,94225,HOQUIAM AP,US,WA,KHQM,46.973,-123.93,4.6,19730101,19901218
727928,94263,BREMERTON NATIONAL AIRPORT,US,WA,KPWT,47.483,-122.767,135.3,20060101,20200211
727930,24233,SEATTLE-TACOMA INTERNATIONAL AIRPORT,US,WA,KSEA,47.444,-122.314,112.8,19480101,20200211
727934,94248,RENTON MUNICIPAL AIRPORT,US,WA,KRNT,47.493,-122.214,8.8,20060101,20200211
727935,24234,BOEING FLD/KING CO INTL AP,US,WA,KBFI,47.53,-122.301,5.5,19431001,20200211
727937,24222,SNOHOMISH CO (PAINE FD) AP,US,WA,KPAE,47.908,-122.28,184.7,20060101,20200211
727938,94274,TACOMA NARROWS AIRPORT,US,WA,KTIW,47.268,-122.576,89,20060101,20200211
727945,4205,ARLINGTON MUNICIPAL ARPT,US,WA,KAWO,48.161,-122.159,41.8,20060101,20200211
727970,94240,QUILLAYUTE AIRPORT,US,WA,KUIL,47.938,-124.555,56.4,19730101,20200211
727975,24255,WHIDBEY ISLAND NAS,US,WA,KNUW,48.35,-122.667,14.3,19730101,19891130
727976,24217,BELLINGHAM INTL AIRPORT,US,WA,KBLI,48.794,-122.537,45.4,19480101,20200211
727978,24240,CAPE FLATTERY(CGLS),US,WA,K93S,48.383,-124.733,26,19750911,19860320
727985,94276,FRIDAY HARBOR AIRPORT,US,WA,KFHR,48.522,-123.023,33.2,20060101,20200211
740001,54793,SUSSEX AIRPORT,US,NJ,KFWN,41.199,-74.626,125,20060101,20200212
740002,3042,LA VETA PASS AWOS-3 ARPT,US,CO,KVTP,37.5,-105.167,3114.1,20060101,20200211
740030,24103,MICHAEL AAF AIRPORT,US,UT,KDPG,40.183,-112.933,1325.6,20060103,20200210
740035,3145,YUMA MCAS,US,AZ,KNYL,32.65,-114.617,64.9,20050101,20200211
742010,24228,PORT ANGELES WB AP,US,WA,KNOW,48.139,-123.403,,19730101,19901128
742060,24207,MCCHORD AFB AIRPORT,US,WA,KTCM,47.15,-122.483,98.2,19400722,20200211
742070,24201,GRAY AAF,US,WA,KGRF,47.083,-122.583,92,19390401,20101231
742071,24201,GRAY AFF AIRPORT,US,WA,KGRF,47.083,-122.583,91.4,20110101,20200211
742077,3763,ROCKINGHAM COUNTY NC SHILOH AIRPORT,US,NC,KSIF,36.437,-79.851,211.2,20061024,20200212
742078,64773,PLYMOUTH MUNICIPAL AIRPORT,US,NH,K1P1,43.779,-71.754,153.9,20061012,20200212
742079,63876,MASON COUNTY AIRPORT,US,WV,K3I2,38.915,-82.099,196,20061012,20200208
742300,24037,FRANK WILEY FIELD AIRPORT,US,MT,KMLS,46.427,-105.883,799.8,19830531,20200211
742513,53937,EAKER FIELD AIRPORT,US,OK,KDUA,33.942,-96.394,212.8,20060101,20200211
743312,53925,J.L. HELMS SEVIER CO ARPT,US,AR,KDEQ,34.05,-94.401,108.2,20040101,20200211
743700,14715,WHEELER-SACK AAF AIRPORT,US,NY,KGTB,44.05,-75.733,209.7,20060101,20200211
743920,14611,NAVAL AIR STATION,US,ME,KNHZ,43.9,-69.933,21.3,19520101,20100208
743945,14710,MANCHESTER AIRPORT,US,NH,KMHT,42.93,-71.436,67.4,19730101,20200212
743946,54754,BOIRE FIELD AIRPORT,US,NH,KASH,42.783,-71.517,61,20060101,20200212
744104,14763,PITTSFIELD MUNICIPAL AP,US,MA,KPSF,42.427,-73.289,363.9,20060101,20200211
744214,94852,MARION MUNICIPAL AP,US,IN,KMZZ,40.483,-85.683,263,20100114,20200211
744550,94982,DAVENPORT MUNICIPAL AIRPT,US,IA,KDVN,41.614,-90.591,228.6,19960702,20200211
744652,53897,HARRISBURG-RALEIGH AIRPORT,US,IL,KHSB,37.811,-88.549,120.7,20060101,20200212
744653,63814,SPARTA COMMUNITY-HUNTER FIELD AIRPORT,US,IL,KSAR,38.149,-89.699,164,20060101,20200212
744655,4808,AURORA MUNICIPAL AIRPORT,US,IL,KARR,41.77,-88.481,216.4,20060101,20200212
744656,53891,FAIRFIELD MUNICIPAL ARPT,US,IL,KFWC,38.379,-88.413,132.9,20060101,20200211
744657,53887,CENTRALIA MUNICIPAL ARPT,US,IL,KENL,38.515,-89.092,162.8,20060101,20200212
744658,53889,FLORA MUNICIPAL AIRPORT,US,IL,KFOA,38.665,-88.453,143.9,20060101,20200212
744659,53822,OLNEY-NOBLE AIRPORT,US,IL,KOLY,38.722,-88.176,146.9,20060101,20200211
744660,388,JASPER COUNTY AIRPORT,US,IN,KRZL,40.817,-87.05,212.1,20110516,20200212
744662,63817,TAYLORVILLE MINICIPAL ARPT,US,IL,KTAZ,39.534,-89.328,189.6,20060101,20200211
744663,53950,PITTSFIELD-PENSTON MUNI AP,US,IL,KPPQ,39.639,-90.778,216.4,20060101,20200211
744665,4838,PALWAUKEE MUNICIPAL ARPT,US,IL,KPWK,42.121,-87.905,193.9,20060101,20200210
744666,53944,JACKSONVILLE MUNICIPAL AIRPORT,US,IL,KIJX,39.78,-90.238,190.2,20060101,20200212
744672,4862,LOGAN COUNTY AIRPORT,US,IL,KAAA,40.158,-89.335,182,20060101,20200212
744860,94789,JOHN F KENNEDY INTERNATIONAL AIRPORT,US,NY,KJFK,40.639,-73.764,3.4,19730101,20200211
744864,54787,REPUBLIC AIRPORT,US,NY,KFRG,40.734,-73.417,24.7,20060101,20200212
744865,14719,FRANCIS S GABRESKI AP,US,NY,KFOK,40.844,-72.632,20.4,19430718,20200212
744900,14702,BEDFORD HANSCOM FIELD,US,MA,KBED,42.47,-71.289,40.5,19430205,19921231
744904,94723,LAWRENCE MUNICIPAL AIRPORT,US,MA,KLWM,42.717,-71.124,45.4,20060101,20200212
744905,4779,FORT DEVENS/AYER,US,MA,KAYE,42.567,-71.6,82,19601021,19930201
744907,14753,EAST MILTON,US,MA,KMQE,42.212,-71.114,193.5,20000101,20200210
744910,14703,WESTOVER AFB/METROPOLITAN AIRPORT,US,MA,KCEF,42.2,-72.533,73.5,19410401,20200212
744915,14775,BARNES MUNICIPAL AIRPORT,US,MA,KBAF,42.158,-72.716,82.6,19730105,20200212
744989,14747,CHAUTAUQUA CO/DUNKIRK ARPT,US,NY,KDKK,42.493,-79.272,203,19970102,20200212
744994,4741,SCHENECTADY COUNTY AIRPORT,US,NY,KSCH,42.85,-73.95,115.2,19810421,20200211
745046,93242,MADERA MUNICIPAL AIRPORT,US,CA,KMAE,36.988,-120.111,77.1,20060101,20200211
745048,93210,OROVILLE MUNICIPAL AIRPORT,US,CA,KOVE,39.49,-121.618,57.9,20060101,20200211
745056,53120,RAMONA AIRPORT,US,CA,KRNM,33.038,-116.916,424.6,20060101,20200211
745057,53130,WHITMAN AIRPORT,US,CA,KWHP,34.259,-118.413,305.7,20060101,20200211
745058,23277,WATSONVILLE MUNICIPAL ARPT,US,CA,KWVI,36.936,-121.789,48.8,20060101,20200211
745060,23239,ALAMEDA(USN),US,CA,KNGZ,37.733,-122.317,4,19730101,19970102
745090,23244,MOFFETT FEDERAL AIRFIELD,US,CA,KNUQ,37.406,-122.048,11.9,19730101,20191121
745160,23202,TRAVIS AIR FORCE BASE,US,CA,KSUU,38.267,-121.933,18.9,19430811,20200211
745200,23176,MILFORD MUNICIPAL AP,US,UT,KMLF,38.417,-113.017,1534.1,19830501,19850531
745201,23176,MILFORD MUNICIPAL AP,US,UT,KMLF,38.417,-113.017,1534.1,19850601,19890501
745310,93065,USAF ACADEMY AIRSTRIP AIRPORT,US,CO,KAFF,38.967,-104.817,2003.2,19671127,20200211
745430,93978,PRATT INDUSTRIAL AIRPORT,US,KS,KPTT,37.702,-98.747,595,20060101,20200211
745431,3998,TRI-CITY AIRPORT,US,KS,KPPF,37.328,-95.504,264.9,20060101,20200211
745700,13840,WRIGHT-PATTERSON AFB AIRPORT,US,OH,KFFO,39.833,-84.05,250.9,19360501,20200212
745940,13705,ANDREWS AIR FORCE BASE AIRPORT,US,MD,KADW,38.817,-76.867,86,19430619,20200212
745944,93784,BALTIMORE DOWNTOWN,US,MD,KDMH,39.281,-76.611,6.1,19990102,20200211
745946,93786,OCEAN CITY MUNICIPAL ARTP,US,MD,KOXB,38.308,-75.124,3.7,20060101,20200212
745965,13756,CAPE MAY (CGS),US,NJ,KN91,38.95,-74.883,2,19750915,19960127
745966,3726,CAPE MAY COUNTY AIRPORT,US,NJ,KWWD,39.008,-74.908,7,20060101,20200212
745980,13702,LANGLEY AFB AIRPORT,US,VA,KLFI,37.083,-76.36,3.1,19361001,20200211
745985,63806,BLUE RIDGE AIRPORT,US,VA,KMTV,36.631,-80.018,286.8,20060101,20200212
746110,3182,BICYCLE LAKE FORT IRWIN AAF,US,CA,KBYS,35.283,-116.633,75.6,20050814,20200211
746120,93104,CHINA LAKE,US,CA,KNID,35.688,-117.693,679.7,19730101,20200211
746140,23112,NELLIS AFB AIRPORT,US,NV,KLSV,36.25,-115.033,570,20050101,20200211
746141,23141,INDIAN SPRING AUX AIRFIELD,US,NV,KINS,36.583,-115.683,954.9,20050103,20200211
746180,3147,CUDDLEBACK GUNNERY,US,CA,K4CB,35.267,-117.433,864,19770118,19820910
746380,93064,MELROSE GUNNERY RAN,US,NM,K4MR,34.3,-103.8,1326,19630701,19730629
746410,13975,GAGE AIRPORT,US,OK,KGAG,36.297,-99.769,667.8,20100709,20200211
746710,13806,CAMPBELL AAF AIRPORT,US,KY,KHOP,36.667,-87.483,174.7,19430715,20200211
746715,3816,PADUCAH BARKLEY FIELD,US,KY,KPAH,37.056,-88.774,125.9,19730101,19881231
746716,93808,BOW GRN-WARREN CO. RGNL AP,US,KY,KBWG,36.965,-86.424,160.9,19730101,20200212
746925,3741,WARREN FIELD AIRPORT,US,NC,KOCW,35.57,-77.05,11.6,20060101,20200210
746929,3702,DUPLIN COUNTY AIRPORT,US,NC,KDPL,35,-77.982,41.8,20060101,20200211
746930,93737,SIMMONS AAF AIRPORT,US,NC,KFBG,35.133,-78.933,74.4,19610701,20200212
746935,3709,ASHEBORO MUNICIPAL AIRPORT,US,NC,KHBI,35.654,-79.895,205.1,20060101,20200211
746936,3712,HARNETT COUNTY AIRPORT,US,NC,KHRJ,35.379,-78.734,60.4,20060101,20200211
746939,93785,HORACE WILLIAMS AIRPORT,US,NC,KIGX,35.933,-79.064,156.1,20060101,20180515
746940,3708,GOLDSBORO-WAYNE MUNI ARPT,US,NC,KGWW,35.46,-77.965,40.8,20060101,20200211
746941,389,MONROE COUNTY AIRPORT,US,MS,KM40,33.873,-88.49,69.2,20120110,20200212
746941,13786,MONROE CO,US,MS,KECG,36.261,-76.175,4,19490101,19900219
746943,13786,ELIZABETH CITY CGAS,US,NC,KECG,36.261,-76.175,4,19900314,20100801
747020,23110,NAVAL AIR STATION,US,CA,KNLC,36.333,-119.95,70.7,19610701,20200211
747040,3102,ONTARIO INTERNATIONAL ARPT,US,CA,KONT,34.056,-117.6,289.3,20050101,20200211
747043,3165,EL MONTE AIRPORT,US,CA,KEMT,34.083,-118.033,90.2,20060101,20200211
747185,3144,IMPERIAL COUNTY AIRPORT,US,CA,KIPL,32.834,-115.579,-17.7,20060101,20200211
747186,3164,CAMPO,US,CA,KCZZ,32.626,-116.468,805,20060101,20200211
747187,3104,DESERT RESORTS RGNL ARPT,US,CA,KTRM,33.627,-116.159,-36,19430712,20200211
747188,23158,BLYTHE AIRPORT,US,CA,KBLH,33.619,-114.714,120.4,19420613,20200211
747240,3148,GILA BEND AF AUX AIRPORT,US,AZ,KGBN,32.883,-112.717,257.9,20050224,20191204
747240,23168,GILA BEND AF AUX,US,AZ,KGXF,32.883,-112.717,269,19481101,19991231
747320,23002,HOLLOMAN AFB AIRPORT,US,NM,KHMN,32.85,-106.1,1267.4,20060103,20200211
747335,3059,SONORA MUNICIPAL AIRPORT,US,TX,KSOA,30.586,-100.649,652.3,20060101,20200211
747355,53997,COMANCHE COUNTY-CITY AIRPORT,US,TX,KMKN,31.917,-98.6,423.1,20060101,20200211
747360,93042,MUNICIPAL AIRPORT,US,TX,KDHT,36.017,-102.55,1216.2,20050101,20200212
747390,13961,FT WORTH MEACHAM INTL ARPT,US,TX,KFTW,32.819,-97.361,209.4,20050101,20200211
747400,13973,KIMBLE COUNTY AIRPORT,US,TX,KJCT,30.511,-99.766,533.1,19770827,20200212
747460,3904,EASTERWOOD FIELD AIRPORT,US,TX,KCLL,30.589,-96.365,93,20050101,20200211
747540,13934,ALEXANDRIA INT,US,LA,KAEX,31.317,-92.55,27,19430901,19991231
747540,93915,ALEXANDRIA INTL AIRPORT,US,LA,KAEX,31.335,-92.559,25.6,20060101,20200212
747560,12816,GAINESVILLE REGIONAL AIRPORT,US,FL,KGNV,29.692,-82.276,37.5,20050101,20200211
747570,93874,GULFPORT-BILOXI INTL ARPT,US,MS,KGPT,30.412,-89.081,12.8,20050101,20200211
747580,13978,GREENWOOD-LEFLORE AIRPORT,US,MS,KGWO,33.496,-90.087,40.5,20050101,20200212
747590,13833,BOBBY L CHAIN MUNI AIRPORT,US,MS,KHBG,31.282,-89.253,46,20050101,20200211
747680,13939,MID DELTA REGIONAL AIRPORT,US,MS,KGLH,33.483,-90.985,39,20050101,20200211
747685,93874,GULFPORT BILOXI INT,US,MS,KGPT,30.412,-89.081,8.5,20050101,20100731
747686,13820,KEESLER AIR FORCE BASE,US,MS,KBIX,30.417,-88.917,10.1,19420509,20200212
747688,53858,TRENT LOTT INTL AIRPORT,US,MS,KPQL,30.464,-88.532,5.5,20040101,20200212
747750,13846,TYNDALL AFB AIRPORT,US,FL,KPAM,30.067,-85.583,5.2,19420319,20200211
747760,3818,MARIANNA MUNICIPAL AIRPORT,US,FL,KMAI,30.836,-85.184,34.4,19970602,20200211
747770,3852,HURLBURT FIELD AIRPORT,US,FL,KHRT,30.417,-86.683,11.6,19550705,20200212
747804,13824,HUNTER ARMY AIRFIELD,US,GA,KSVN,32.017,-81.133,12.5,20060101,20200211
747805,63818,STATESBORO-BULLOCK CO ARPT,US,GA,KTBR,32.483,-81.737,57,20060101,20200211
747806,63809,THOMASTON-UPSON CO AIRPORT,US,GA,KOPN,32.955,-84.264,242.6,20060101,20200212
747807,3821,LAGRANGE-CALLAWAY AIRPORT,US,GA,KLGC,33.017,-85.067,207.9,20060101,20200212
747808,63803,GWINNETT CO-BRISCOE FD APT,US,GA,KLZU,33.98,-83.963,323.4,20060101,20200212
747809,3832,WINDER-BORROW AIRPORT,US,GA,KWDR,33.983,-83.668,287.4,20060101,20200212
747810,13857,MOODY AFB AIRPORT,US,GA,KVAD,30.967,-83.2,71,20060103,20200211
747812,63813,COBB CO-MC COLLUM FLD ARPT,US,GA,KRYY,34.013,-84.599,317,20060101,20200212
747820,53860,CRAIG MUNICIPAL AIRPORT,US,FL,KCRG,30.336,-81.515,12.5,20050101,20200211
747830,12849,FT LAUD/HOLLYWOOD INTL APT,US,FL,KFLL,26.079,-80.162,3.4,20050101,20200211
747870,12834,DAYTONA BEACH INTERNATIONAL AIRPORT,US,FL,KDAB,29.183,-81.048,9.5,20050101,20200211
747880,12810,MAC DILL AFB AIRPORT,US,FL,KMCF,27.85,-82.517,4.3,19410501,20200211
747900,13849,SHAW AIR FORCE BASE,US,SC,KSSC,33.967,-80.467,73.5,19411222,20200211
747910,13717,MYRTLE BEACH INTL AIRPORT,US,SC,KMYR,33.683,-78.933,7.6,19421101,20200211
747915,93718,GRAND STRAND AIRPORT,US,SC,KCRE,33.816,-78.72,9.8,19730101,20200211
747917,390,MT PLEASANT REGIONAL AIRPORT FASION FIELD,US,SC,KLRO,32.9,-79.783,4.3,20090101,20200211
747918,391,GEORGETOWN COUNTY AIRPORT,US,SC,KGGE,33.317,-79.317,12.2,20090510,20200211
747930,12843,VERO BEACH MUNICIPAL AIRPORT,US,FL,KVRB,27.651,-80.42,8.5,20100801,20200211
747931,12876,WINTER HAVEN'S GILBERT APT,US,FL,KGIF,28.062,-81.754,44.5,20050101,20200211
747940,12868,COCOA BEACH CAPE KENNEDY AFS,US,FL,KXMR,28.483,-80.567,3.1,19500801,20200211
747946,12886,KENNEDY SPACE CENTER,US,FL,KTTS,28.617,-80.683,3.1,20060101,20200211
747950,12867,PATRICK AFB AIRPORT,US,FL,KCOF,28.233,-80.6,2.4,19450301,20200212
747960,12804,AVON PARK GUNNERY R,US,FL,KAGR,27.65,-81.333,20,19431201,19930929
749048,415,KEYSTONE AIRPARK,US,FL,K42J,29.845,-82.048,60.1,20110312,20200211
749171,479,TEHACHAPI MUNICIPAL AIRPORT,US,CA,KTSP,35.135,-118.439,1219.5,20091209,20200211
749179,392,HOLLISTER MUNICIPAL AIRPORT,US,CA,KCVH,36.9,-121.417,72.2,20090201,20200211
749230,393,TELLER AIRPORT,US,AK,PATE,65.233,-166.35,89,20090201,20200211
749483,394,JACKSON COUNTY AIRPORT,US,GA,K19A,34.147,-83.561,290.2,20110927,20200211
749484,395,SOUTH COUNTY AIRPORT OF SANTA CLARA COUNTY,US,CA,KE16,37.082,-121.597,86.3,20111001,20191114
749485,396,ROHNERVILLE AIRPORT,US,CA,KFOT,40.554,-124.133,119.2,20110921,20200211
749486,397,NEVADA COUNTY AIR PARK,US,CA,KGOO,39.224,-121.003,961,20110921,20200211
785140,11603,RAFAEL HERNANDEZ AIRPORT,US,PR,TJBQ,18.498,-67.129,66.5,20060101,20200211
785145,11653,EUGENIO MARIA DE HOSTOS AIRPORT,US,PR,TJMZ,18.254,-67.149,11.6,20050101,20170810
785265,494,FERNANDO LUIS RIBAS DOMINICCI AIRPORT,US,PR,TJIG,18.457,-66.098,3.1,20110223,20200210
785350,11630,NAVAL STATION ROOSEVELT ROADS CEIBA,US,PR,TJNR,18.255,-65.641,10.1,19730101,20200211
785430,11640,CYRIL E KING AIRPORT,US,VI,TIST,18.336,-64.98,6.1,19730101,20200211
785510,11624,HENRY E ROHLSEN AIRPORT,US,VI,TISX,17.7,-64.813,18.6,20110101,20200211
911620,22501,BARKING SANDS PACIFIC MISSILE RANGE FAC ARPT,US,HI,PHBK,22.033,-159.783,7,19420422,20200211
911630,22526,PORT ALLEN ARPT,US,HI,,21.9,-159.6,7,19740316,19991231
911650,22536,LIHUE AIRPORT,US,HI,PHLI,21.984,-159.341,30.5,19730101,20200211
911700,22508,WHEELER ARMY AIRFIELD,US,HI,PHHI,21.487,-158.028,257.9,19390601,20200211
911760,22519,KANEOHE MCAS,US,HI,PHNG,21.45,-157.768,7.3,19730101,20200211
911780,22514,KALAELOA ARPT,US,HI,PHNA,21.317,-158.067,10.1,19730101,19991231
911780,22551,KALAELOA AIRPORT (JOHN RODGERS FIELD),US,HI,PHJR,21.317,-158.067,10.1,20060101,20200211
911820,22521,HONOLULU INTERNATIONAL AIRPORT,US,HI,PHNL,21.324,-157.929,2.1,19390601,20200211
911860,22534,MOLOKAI AIRPORT,US,HI,PHMK,21.155,-157.096,135,20060101,20200211
911900,22516,KAHULUI AIRPORT,US,HI,PHOG,20.9,-156.429,15.5,19730101,20200211
911903,22516,KAHULUI AIRPORT,US,HI,PHOG,20.9,-156.429,15.2,19450401,19721231
911904,22552,KAPTALUA AIRPORT,US,HI,PHJH,20.963,-156.675,73.2,20060101,20200211
911905,22524,LANAI AIRPORT,US,HI,PHNY,20.79,-156.949,396.2,20060101,20200211
911975,21510,KONA INTL AT KEAHOLE ARPT,US,HI,PHKO,19.736,-156.049,13.1,20060101,20200211
911977,21508,BRADSHAW ARMY AIRFIELD,US,HI,PHSF,19.76,-155.554,1798.3,20060103,20200211
912850,21504,HILO INTERNATIONAL AIRPORT,US,HI,PHTO,19.719,-155.053,11.6,19730101,20200211
912853,21504,HILO GENERAL LYMAN ARPT,US,HI,PHTO,19.719,-155.053,11,19430415,19451228