fip_code,STATE_fip,COUNTY_fip,CENTROID_LAT,CENTROID_LON,Population_centroid_lat,Population_centroid_long,Population,county_name,state,Location Name,Latitude,Longitude,Year,Station_WMO,Station_Latitude,Station_Longitude,Distance_Miles,Status,HDD_base65F,CDD_base65F,QC_Missing_Data,QC_Extreme_Temperature,QC_Sudden_Temp_Jumps,QC_Constant_Temp_Periods,QC_Day-Night_Swings,QC_Summer_Freezing,QC_Winter_Extreme_Heat,QC_Missing_Temperature_Data,Temp_Holes,Dewpoint_Holes,RH_Holes
G0100010,1,1,32.5321596,-86.6464695,32.500389,-86.494165,54571.0,Autauga,Alabama,G0100010,32.500389,-86.494165,2011,72226,32.3,-86.0667,28.52293631620171,True,2075.0,2401.0,Good,Good,Good,Good,Suspicious,Good,Good,Good,False,False,False
G0100030,1,3,30.6592183,-87.7460666,30.548923,-87.762381,182265.0,Baldwin,Alabama,G0100030,30.548923,-87.762381,2011,72223,30.6833,-88.0667,20.33819683842413,True,1673.0,2598.0,Good,Good,Good,Suspicious,Suspicious,Good,Good,Good,False,False,False
G0100050,1,5,31.8702531,-85.4051035,31.844036,-85.310038,27457.0,Barbour,Alabama,G0100050,31.844036,-85.310038,2011,KTOI0,31.8604,-86.0121,41.21853438003068,True,2342.0,2071.0,Good,Good,Good,Good,Suspicious,Good,Good,Good,False,False,False
G0100070,1,7,33.0158929,-87.1271475,33.030921,-87.127659,22915.0,Bibb,Alabama,G0100070,33.030921,-87.127659,2011,KEET0,33.1778,-86.7832,22.370841933876463,True,2629.0,2021.0,Good,Good,Good,Suspicious,Suspicious,Good,Good,Good,False,False,False
G0100090,1,9,33.9773575,-86.56644,33.955243,-86.591491,57322.0,Blount,Alabama,G0100090,33.955243,-86.591491,2011,72228,33.5667,-86.75,28.34771913961964,True,2561.0,2247.0,Good,Good,Good,Suspicious,Suspicious,Good,Good,Good,False,False,False
G0100110,1,11,32.1017589,-85.7172613,32.116327,-85.701192,10914.0,Bullock,Alabama,G0100110,32.116327,-85.701192,2011,72226,32.3,-86.0667,24.85235927994501,True,2075.0,2401.0,Good,Good,Good,Good,Suspicious,Good,Good,Good,False,False,False
G0100130,1,13,31.751667,-86.6819689,31.773539,-86.65355,20947.0,Butler,Alabama,G0100130,31.773539,-86.65355,2011,KTOI0,31.8604,-86.0121,38.13537875970717,True,2342.0,2071.0,Good,Good,Good,Good,Suspicious,Good,Good,Good,False,False,False
G0100150,1,15,33.7717061,-85.8225133,33.72546,-85.819442,118572.0,Calhoun,Alabama,G0100150,33.72546,-85.819442,2011,72228,33.5667,-86.75,54.6365502011986,True,2561.0,2247.0,Good,Good,Good,Suspicious,Suspicious,Good,Good,Good,False,False,False
G0100170,1,17,32.9155039,-85.3940321,32.860439,-85.266474,34215.0,Chambers,Alabama,G0100170,32.860439,-85.266474,2011,72215,33.3667,-84.5667,53.512051932410266,True,2947.0,1694.0,Good,Good,Good,Suspicious,Suspicious,Good,Good,Good,False,False,False
G0100190,1,19,34.0695153,-85.6542417,34.179333,-85.629194,25989.0,Cherokee,Alabama,G0100190,34.179333,-85.629194,2011,72324,35.0333,-85.2,63.85227883376536,True,3098.0,1957.0,Good,Good,Good,Suspicious,Suspicious,Good,Good,Good,False,False,False
G0100210,1,21,32.8540514,-86.7266071,32.877547,-86.687406,43643.0,Chilton,Alabama,G0100210,32.877547,-86.687406,2011,KEET0,33.1778,-86.7832,21.47482016154099,True,2629.0,2021.0,Good,Good,Good,Suspicious,Suspicious,Good,Good,Good,False,False,False
G0100230,1,23,31.9909972,-88.2489085,32.016562,-88.264164,13859.0,Choctaw,Alabama,G0100230,32.016562,-88.264164,2011,72234,32.3333,-88.75,35.86382954570098,True,2597.0,2018.0,Good,Good,Good,Suspicious,Suspicious,Good,Good,Good,False,False,False
G0100250,1,25,31.6855211,-87.8186244,31.685685,-87.815673,25833.0,Clarke,Alabama,G0100250,31.685685,-87.815673,2011,72234,32.3333,-88.75,70.70112078115045,True,2597.0,2018.0,Good,Good,Good,Suspicious,Suspicious,Good,Good,Good,False,False,False
G0100270,1,27,33.2703999,-85.8635254,33.272412,-85.820227,13932.0,Clay,Alabama,G0100270,33.272412,-85.820227,2011,KEET0,33.1778,-86.7832,56.040496343610286,True,2629.0,2021.0,Good,Good,Good,Suspicious,Suspicious,Good,Good,Good,False,False,False
G0100290,1,29,33.6719637,-85.5161261,33.62977,-85.494315,14972.0,Cleburne,Alabama,G0100290,33.62977,-85.494315,2011,72215,33.3667,-84.5667,56.452430540154246,True,2947.0,1694.0,Good,Good,Good,Suspicious,Suspicious,Good,Good,Good,False,False,False
G0100310,1,31,31.402258,-85.9896022,31.354433,-85.904715,49948.0,Coffee,Alabama,G0100310,31.354433,-85.904715,2011,KTOI0,31.8604,-86.0121,35.52542074217527,True,2342.0,2071.0,Good,Good,Good,Good,Suspicious,Good,Good,Good,False,False,False
G0100330,1,33,34.703112,-87.8014569,34.723385,-87.685151,54428.0,Colbert,Alabama,G0100330,34.723385,-87.685151,2011,KMSL0,34.7453,-87.6102,4.517139526309213,True,2974.0,2029.0,Good,Good,Good,Good,Suspicious,Good,Good,Good,False,True,True
G0100350,1,35,31.4309257,-86.9887221,31.418674,-86.996483,13228.0,Conecuh,Alabama,G0100350,31.418674,-86.996483,2011,KCEW0,30.7788,-86.5221,52.36691433102455,True,1899.0,2354.0,Good,Good,Good,Suspicious,Suspicious,Good,Good,Good,False,False,False
G0100370,1,37,32.9314453,-86.2434818,32.975932,-86.155035,11539.0,Coosa,Alabama,G0100370,32.975932,-86.155035,2011,KEET0,33.1778,-86.7832,38.950997357476346,True,2629.0,2021.0,Good,Good,Good,Suspicious,Suspicious,Good,Good,Good,False,False,False
G0100390,1,39,31.2439873,-86.4487206,31.282449,-86.410955,37765.0,Covington,Alabama,G0100390,31.282449,-86.410955,2011,KCEW0,30.7788,-86.5221,35.41547112775003,True,1899.0,2354.0,Good,Good,Good,Suspicious,Suspicious,Good,Good,Good,False,False,False
G0100410,1,41,31.7328256,-86.3192219,31.743487,-86.29708,13906.0,Crenshaw,Alabama,G0100410,31.743487,-86.29708,2011,KTOI0,31.8604,-86.0121,18.581874884060547,True,2342.0,2071.0,Good,Good,Good,Good,Suspicious,Good,Good,Good,False,False,False
G0100430,1,43,34.1319229,-86.8692666,34.162362,-86.831859,80406.0,Cullman,Alabama,G0100430,34.162362,-86.831859,2011,72323,34.65,-86.7833,33.80604033433587,True,3046.0,1934.0,Good,Good,Good,Suspicious,Suspicious,Good,Good,Good,False,False,False
G0100450,1,45,31.4306536,-85.609476,31.383346,-85.641269,50251.0,Dale,Alabama,G0100450,31.383346,-85.641269,2011,KTOI0,31.8604,-86.0121,39.52786091012671,True,2342.0,2071.0,Good,Good,Good,Good,Suspicious,Good,Good,Good,False,False,False
G0100470,1,47,32.3335397,-87.1143556,32.408815,-87.034955,43820.0,Dallas,Alabama,G0100470,32.408815,-87.034955,2011,KEET0,33.1778,-86.7832,55.107045459650216,True,2629.0,2021.0,Good,Good,Good,Suspicious,Suspicious,Good,Good,Good,False,False,False
G0100490,1,49,34.460929,-85.803992,34.45511,-85.817208,71109.0,DeKalb,Alabama,G0100490,34.45511,-85.817208,2011,72324,35.0333,-85.2,53.13950966057016,True,3098.0,1957.0,Good,Good,Good,Suspicious,Suspicious,Good,Good,Good,False,False,False
G0100510,1,51,32.597229,-86.1427347,32.559652,-86.225647,79303.0,Elmore,Alabama,G0100510,32.559652,-86.225647,2011,72226,32.3,-86.0667,20.193424906828888,True,2075.0,2401.0,Good,Good,Good,Good,Suspicious,Good,Good,Good,False,False,False
G0100530,1,53,31.1222867,-87.1684097,31.088737,-87.282053,38319.0,Escambia,Alabama,G0100530,31.088737,-87.282053,2011,KCEW0,30.7788,-86.5221,49.87067945953169,True,1899.0,2354.0,Good,Good,Good,Suspicious,Suspicious,Good,Good,Good,False,False,False
G0100550,1,55,34.0476407,-86.0342629,34.013693,-86.025393,104430.0,Etowah,Alabama,G0100550,34.013693,-86.025393,2011,72228,33.5667,-86.75,51.817634947629855,True,2561.0,2247.0,Good,Good,Good,Suspicious,Suspicious,Good,Good,Good,False,False,False
G0100570,1,57,33.7161568,-87.7642923,33.726422,-87.770355,17241.0,Fayette,Alabama,G0100570,33.726422,-87.770355,2011,KTCL0,33.2206,-87.6114,36.12965151188233,True,2550.0,2254.0,Good,Good,Good,Suspicious,Suspicious,Good,Good,Good,False,False,False
G0100590,1,59,34.4419892,-87.8428144,34.460481,-87.793594,31704.0,Franklin,Alabama,G0100590,34.460481,-87.793594,2011,72332,34.2667,-88.1,22.015115275797896,True,2961.0,2135.0,Good,Good,Good,Suspicious,Suspicious,Good,Good,Good,False,False,False
G0100610,1,61,31.0923933,-85.821011,31.09426,-85.788849,26790.0,Geneva,Alabama,G0100610,31.09426,-85.788849,2011,KCEW0,30.7788,-86.5221,48.61502859098019,True,1899.0,2354.0,Good,Good,Good,Suspicious,Suspicious,Good,Good,Good,False,False,False
G0100630,1,63,32.8444965,-87.9642005,32.830505,-87.924,9045.0,Greene,Alabama,G0100630,32.830505,-87.924,2011,KTCL0,33.2206,-87.6114,32.47134694804785,True,2550.0,2254.0,Good,Good,Good,Suspicious,Suspicious,Good,Good,Good,False,False,False
G0100650,1,65,32.7527958,-87.6230608,32.775804,-87.626084,15760.0,Hale,Alabama,G0100650,32.775804,-87.626084,2011,KTCL0,33.2206,-87.6114,30.74420200857358,True,2550.0,2254.0,Good,Good,Good,Suspicious,Suspicious,Good,Good,Good,False,False,False
G0100670,1,67,31.5169779,-85.2399712,31.478593,-85.268828,17302.0,Henry,Alabama,G0100670,31.478593,-85.268828,2011,KTOI0,31.8604,-86.0121,51.05169452036872,True,2342.0,2071.0,Good,Good,Good,Good,Suspicious,Good,Good,Good,False,False,False
G0100690,1,69,31.1581928,-85.2963976,31.20455,-85.391221,101547.0,Houston,Alabama,G0100690,31.20455,-85.391221,2011,KTOI0,31.8604,-86.0121,58.22672452820768,True,2342.0,2071.0,Good,Good,Good,Good,Suspicious,Good,Good,Good,False,False,False
G0100710,1,71,34.764114,-85.9800556,34.731984,-85.938698,53227.0,Jackson,Alabama,G0100710,34.731984,-85.938698,2011,72324,35.0333,-85.2,46.75888110302947,True,3098.0,1957.0,Good,Good,Good,Suspicious,Suspicious,Good,Good,Good,False,False,False
G0100730,1,73,33.5534439,-86.8965359,33.518601,-86.814688,658466.0,Jefferson,Alabama,G0100730,33.518601,-86.814688,2011,72228,33.5667,-86.75,4.992166013667724,True,2561.0,2247.0,Good,Good,Good,Suspicious,Suspicious,Good,Good,Good,False,False,False
G0100750,1,75,33.7870852,-88.0874309,33.762769,-88.109649,14564.0,Lamar,Alabama,G0100750,33.762769,-88.109649,2011,72332,34.2667,-88.1,34.822642091028854,True,2961.0,2135.0,Good,Good,Good,Suspicious,Suspicious,Good,Good,Good,False,False,False
G0100770,1,77,34.9041221,-87.6509966,34.866179,-87.608759,92709.0,Lauderdale,Alabama,G0100770,34.866179,-87.608759,2011,KMSL0,34.7453,-87.6102,8.352329433200682,True,2974.0,2029.0,Good,Good,Good,Good,Suspicious,Good,Good,Good,False,True,True
G0100790,1,79,34.529776,-87.3218651,34.543683,-87.272414,34339.0,Lawrence,Alabama,G0100790,34.543683,-87.272414,2011,KMSL0,34.7453,-87.6102,23.7217273957402,True,2974.0,2029.0,Good,Good,Good,Good,Suspicious,Good,Good,Good,False,True,True
G0100810,1,81,32.6040644,-85.3530477,32.588092,-85.345833,140247.0,Lee,Alabama,G0100810,32.588092,-85.345833,2011,72226,32.3,-86.0667,46.50779154232043,True,2075.0,2401.0,Good,Good,Good,Good,Suspicious,Good,Good,Good,False,False,False
G0100830,1,83,34.8102387,-86.9813995,34.815612,-86.938972,82782.0,Limestone,Alabama,G0100830,34.815612,-86.938972,2011,72323,34.65,-86.7833,14.459236398018064,True,3046.0,1934.0,Good,Good,Good,Suspicious,Suspicious,Good,Good,Good,False,False,False
G0100850,1,85,32.147888,-86.6505859,32.162415,-86.618688,11299.0,Lowndes,Alabama,G0100850,32.162415,-86.618688,2011,72226,32.3,-86.0667,33.63296056569475,True,2075.0,2401.0,Good,Good,Good,Good,Suspicious,Good,Good,Good,False,False,False
G0100870,1,87,32.3870267,-85.692887,32.425739,-85.715007,21452.0,Macon,Alabama,G0100870,32.425739,-85.715007,2011,72226,32.3,-86.0667,22.28818805232981,True,2075.0,2401.0,Good,Good,Good,Good,Suspicious,Good,Good,Good,False,False,False
G0100890,1,89,34.7642377,-86.5510802,34.746392,-86.613232,334811.0,Madison,Alabama,G0100890,34.746392,-86.613232,2011,72323,34.65,-86.7833,11.734068319773872,True,3046.0,1934.0,Good,Good,Good,Suspicious,Suspicious,Good,Good,Good,False,False,False
G0100910,1,91,32.2475911,-87.791091,32.340479,-87.800648,21027.0,Marengo,Alabama,G0100910,32.340479,-87.800648,2011,72234,32.3333,-88.75,55.42345054897813,True,2597.0,2018.0,Good,Good,Good,Suspicious,Suspicious,Good,Good,Good,False,False,False
G0100930,1,93,34.1382194,-87.881551,34.111797,-87.8743,30776.0,Marion,Alabama,G0100930,34.111797,-87.8743,2011,72332,34.2667,-88.1,16.761390032322172,True,2961.0,2135.0,Good,Good,Good,Suspicious,Suspicious,Good,Good,Good,False,False,False
G0100950,1,95,34.3095637,-86.3216681,34.311974,-86.293279,93019.0,Marshall,Alabama,G0100950,34.311974,-86.293279,2011,72323,34.65,-86.7833,36.39194464908923,True,3046.0,1934.0,Good,Good,Good,Suspicious,Suspicious,Good,Good,Good,False,False,False
G0100970,1,97,30.6845725,-88.1965682,30.683993,-88.170637,412992.0,Mobile,Alabama,G0100970,30.683993,-88.170637,2011,72223,30.6833,-88.0667,6.176132240430415,True,1673.0,2598.0,Good,Good,Good,Suspicious,Suspicious,Good,Good,Good,False,False,False
G0100990,1,99,31.5803324,-87.3832656,31.505611,-87.360894,23068.0,Monroe,Alabama,G0100990,31.505611,-87.360894,2011,72223,30.6833,-88.0667,70.5114946771033,True,1673.0,2598.0,Good,Good,Good,Suspicious,Suspicious,Good,Good,Good,False,False,False
G0101010,1,101,32.2036505,-86.2038308,32.346175,-86.243797,229363.0,Montgomery,Alabama,G0101010,32.346175,-86.243797,2011,72226,32.3,-86.0667,10.82116687013234,True,2075.0,2401.0,Good,Good,Good,Good,Suspicious,Good,Good,Good,False,False,False
G0101030,1,103,34.4544844,-86.8464021,34.514252,-86.930781,119490.0,Morgan,Alabama,G0101030,34.514252,-86.930781,2011,72323,34.65,-86.7833,12.583912224590357,True,3046.0,1934.0,Good,Good,Good,Suspicious,Suspicious,Good,Good,Good,False,False,False
G0101050,1,105,32.6390053,-87.2938269,32.581066,-87.369219,10591.0,Perry,Alabama,G0101050,32.581066,-87.369219,2011,KTCL0,33.2206,-87.6114,46.367172399914615,True,2550.0,2254.0,Good,Good,Good,Suspicious,Suspicious,Good,Good,Good,False,False,False
G0101070,1,107,33.2967933,-88.0968631,33.292973,-88.066472,19746.0,Pickens,Alabama,G0101070,33.292973,-88.066472,2011,KTCL0,33.2206,-87.6114,26.76408451937966,True,2550.0,2254.0,Good,Good,Good,Suspicious,Suspicious,Good,Good,Good,False,False,False
G0101090,1,109,31.7986508,-85.9416035,31.787277,-85.948647,32899.0,Pike,Alabama,G0101090,31.787277,-85.948647,2011,KTOI0,31.8604,-86.0121,6.277128112661854,True,2342.0,2071.0,Good,Good,Good,Good,Suspicious,Good,Good,Good,False,False,False
G0101110,1,111,33.2964753,-85.4640679,33.257607,-85.427266,22913.0,Randolph,Alabama,G0101110,33.257607,-85.427266,2011,72215,33.3667,-84.5667,50.25792880221282,True,2947.0,1694.0,Good,Good,Good,Suspicious,Suspicious,Good,Good,Good,False,False,False
G0101130,1,113,32.2898113,-85.1869798,32.421972,-85.062843,52947.0,Russell,Alabama,G0101130,32.421972,-85.062843,2011,72226,32.3,-86.0667,59.19048122076841,True,2075.0,2401.0,Good,Good,Good,Good,Suspicious,Good,Good,Good,False,False,False
G0101150,1,115,33.7129627,-86.3156631,33.660628,-86.369107,83593.0,St. Clair,Alabama,G0101150,33.660628,-86.369107,2011,72228,33.5667,-86.75,22.85729503844245,True,2561.0,2247.0,Good,Good,Good,Suspicious,Suspicious,Good,Good,Good,False,False,False
G0101170,1,117,33.2630428,-86.6780894,33.290719,-86.737978,195085.0,Shelby,Alabama,G0101170,33.290719,-86.737978,2011,KEET0,33.1778,-86.7832,8.228039438277913,True,2629.0,2021.0,Good,Good,Good,Suspicious,Suspicious,Good,Good,Good,False,False,False
G0101190,1,119,32.5974811,-88.2000571,32.57442,-88.232646,13763.0,Sumter,Alabama,G0101190,32.57442,-88.232646,2011,72234,32.3333,-88.75,34.45800789165399,True,2597.0,2018.0,Good,Good,Good,Suspicious,Suspicious,Good,Good,Good,False,False,False
G0101210,1,121,33.3692774,-86.1758045,33.372083,-86.169238,82291.0,Talladega,Alabama,G0101210,33.372083,-86.169238,2011,72228,33.5667,-86.75,36.07282486621841,True,2561.0,2247.0,Good,Good,Good,Suspicious,Suspicious,Good,Good,Good,False,False,False
G0101230,1,123,32.8633694,-85.7995532,32.85306,-85.864503,41616.0,Tallapoosa,Alabama,G0101230,32.85306,-85.864503,2011,72226,32.3,-86.0667,39.98504276791589,True,2075.0,2401.0,Good,Good,Good,Good,Suspicious,Good,Good,Good,False,False,False
G0101250,1,125,33.2902485,-87.5227591,33.214154,-87.520229,194656.0,Tuscaloosa,Alabama,G0101250,33.214154,-87.520229,2011,KTCL0,33.2206,-87.6114,5.2887737432099495,True,2550.0,2254.0,Good,Good,Good,Suspicious,Suspicious,Good,Good,Good,False,False,False
G0101270,1,127,33.7915581,-87.3010937,33.834858,-87.253922,67023.0,Walker,Alabama,G0101270,33.834858,-87.253922,2011,72228,33.5667,-86.75,34.3850506136594,True,2561.0,2247.0,Good,Good,Good,Suspicious,Suspicious,Good,Good,Good,False,False,False
G0101290,1,129,31.4052172,-88.1975644,31.410368,-88.18612,17581.0,Washington,Alabama,G0101290,31.410368,-88.18612,2011,72223,30.6833,-88.0667,50.73045848044843,True,1673.0,2598.0,Good,Good,Good,Suspicious,Suspicious,Good,Good,Good,False,False,False
G0101310,1,131,31.9900845,-87.3049075,31.999753,-87.380407,11670.0,Wilcox,Alabama,G0101310,31.999753,-87.380407,2011,72226,32.3,-86.0667,79.59995891499119,True,2075.0,2401.0,Good,Good,Good,Good,Suspicious,Good,Good,Good,False,False,False
G0101330,1,133,34.1546073,-87.36529,34.163824,-87.415693,24484.0,Winston,Alabama,G0101330,34.163824,-87.415693,2011,72332,34.2667,-88.1,39.738925748962416,True,2961.0,2135.0,Good,Good,Good,Suspicious,Suspicious,Good,Good,Good,False,False,False
G0200200,2,20,61.1742503,-149.2843294,61.192232,-149.793182,291826.0,Anchorage,Alaska,G0200200,61.192232,-149.793182,2011,70273,61.1667,-150.0333,8.190005782225688,True,10293.0,0.0,Good,Good,Good,Suspicious,Suspicious,Good,Good,Good,False,False,False
G0200500,2,50,60.9291413,-160.1526246,60.679946,-162.151263,17013.0,Bethel,Alaska,G0200500,60.679946,-162.151263,2011,70219,60.7833,-161.8333,12.89796284363981,True,13034.0,0.0,Good,Good,Good,Suspicious,Suspicious,Good,Good,Good,False,False,False
G0200600,2,60,58.7301584,-156.9966325,58.735464,-156.834047,997.0,Bristol Bay,Alaska,G0200600,58.735464,-156.834047,2011,70326,58.6833,-156.65,7.524052644448116,True,11311.0,0.0,Good,Good,Good,Suspicious,Suspicious,Good,Good,Good,False,False,False
G0200680,2,68,63.6811063,-150.0265438,63.882845,-149.032949,1826.0,Denali,Alaska,G0200680,63.882845,-149.032949,2011,70260,64.55,-149.0667,46.10709964081599,True,13307.0,16.0,Good,Good,Suspicious,Good,Suspicious,Good,Good,Good,False,True,True
G0200700,2,70,59.824816,-158.6022333,59.136256,-158.718472,4847.0,Dillingham,Alaska,G0200700,59.136256,-158.718472,2011,70326,58.6833,-156.65,80.15806534285569,True,11311.0,0.0,Good,Good,Good,Suspicious,Suspicious,Good,Good,Good,False,False,False
G0200900,2,90,64.6882063,-146.589255,64.831552,-147.624018,97581.0,Fairbanks North Star,Alaska,G0200900,64.831552,-147.624018,2011,70261,64.8,-147.8667,7.460763749872391,True,13637.0,52.0,Good,Good,Good,Suspicious,Suspicious,Good,Good,Good,False,True,True
G0201100,2,110,58.3729099,-134.1784454,58.358516,-134.530605,31275.0,Juneau,Alaska,G0201100,58.358516,-134.530605,2011,70381,58.35,-134.5667,1.434685204574345,True,8841.0,0.0,Good,Good,Good,Suspicious,Suspicious,Good,Good,Good,False,False,False
G0201220,2,122,60.3666677,-152.3222833,60.292592,-151.064475,55400.0,Kenai Peninsula,Alaska,G0201220,60.292592,-151.064475,2011,70259,60.5833,-151.2333,20.894141966989512,True,10654.0,0.0,Good,Good,Good,Suspicious,Suspicious,Good,Good,Good,False,False,False
G0201300,2,130,55.4499378,-131.1066847,55.367858,-131.678527,13477.0,Ketchikan Gateway,Alaska,G0201300,55.367858,-131.678527,2011,70395,55.35,-131.7167,1.941689989254855,True,7424.0,2.0,Good,Good,Good,Suspicious,Suspicious,Good,Good,Good,False,False,False
G0201500,2,150,57.5020153,-153.5635123,57.779137,-152.460881,13592.0,Kodiak Island,Alaska,G0201500,57.779137,-152.460881,2011,70350,57.75,-152.4833,2.176126734759108,True,8873.0,0.0,Good,Good,Good,Suspicious,Suspicious,Good,Good,Good,False,False,False
G0201640,2,164,58.2050652,-156.7051884,58.557351,-156.371652,1631.0,Lake and Peninsula,Alaska,G0201640,58.557351,-156.371652,2011,70326,58.6833,-156.65,13.266990072346646,True,11311.0,0.0,Good,Good,Good,Suspicious,Suspicious,Good,Good,Good,False,False,False
G0201700,2,170,62.1822498,-149.4077873,61.611281,-149.421961,88995.0,Matanuska-Susitna,Alaska,G0201700,61.611281,-149.421961,2011,70273,61.1667,-150.0333,36.7786169940701,True,10293.0,0.0,Good,Good,Good,Suspicious,Suspicious,Good,Good,Good,False,False,False
G0201800,2,180,64.7836858,-164.1889119,64.457026,-165.295491,9492.0,Nome,Alaska,G0201800,64.457026,-165.295491,2011,70200,64.5167,-165.4333,5.815428859746513,True,13837.0,0.0,Good,Good,Good,Suspicious,Suspicious,Suspicious,Good,Good,False,False,False
G0201850,2,185,69.4493427,-153.4728302,70.522779,-154.862085,9430.0,North Slope,Alaska,G0201850,70.522779,-154.862085,2011,70026,71.2833,-156.7667,67.9261736139723,True,18530.0,0.0,Good,Good,Good,Suspicious,Suspicious,Suspicious,Good,Good,False,True,True
G0201880,2,188,67.0050655,-160.0210864,66.943735,-161.638185,7523.0,Northwest Arctic,Alaska,G0201880,66.943735,-161.638185,2011,70133,66.8833,-162.6,26.390492882634327,True,14961.0,0.0,Good,Good,Good,Suspicious,Suspicious,Good,Good,Good,False,True,True
G0202200,2,220,57.1932044,-135.3673965,57.062746,-135.337171,8881.0,Sitka,Alaska,G0202200,57.062746,-135.337171,2011,70371,57.05,-135.3667,1.4165451643347462,True,7711.0,0.0,Good,Good,Good,Suspicious,Suspicious,Good,Good,Good,False,False,False
G0202400,2,240,63.8649972,-143.2186282,63.856185,-144.687024,7029.0,Southeast Fairbanks,Alaska,G0202400,63.856185,-144.687024,2011,70267,64.0,-145.7167,32.80808363489374,True,13132.0,11.0,Good,Good,Good,Suspicious,Suspicious,Good,Good,Good,False,True,True
G0202610,2,261,61.3498403,-145.0231406,61.26149,-145.882504,9636.0,Valdez-Cordova,Alaska,G0202610,61.26149,-145.882504,2011,70296,60.5,-145.4833,54.298701817087554,True,9616.0,0.0,Good,Good,Good,Suspicious,Suspicious,Suspicious,Good,Good,False,False,False
G0400010,4,1,35.385084,-109.4901722,35.577687,-109.41484,71518.0,Apache,Arizona,G0400010,35.577687,-109.41484,2011,KSJN0,34.5186,-109.3787,73.20436524185524,True,5192.0,919.0,Good,Good,Good,Good,Suspicious,Good,Good,Good,True,True,True
G0400030,4,3,31.8401287,-109.7751627,31.607357,-110.063053,131346.0,Cochise,Arizona,G0400030,31.607357,-110.063053,2011,72274,32.1333,-110.95,63.47445003903676,True,1699.0,3392.0,Good,Good,Good,Good,Suspicious,Good,Good,Good,True,True,True
G0400050,4,5,35.8296919,-111.7737277,35.514426,-111.590056,134421.0,Coconino,Arizona,G0400050,35.514426,-111.590056,2011,KPRC0,34.6544,-112.4196,75.70111649255415,True,4429.0,1210.0,Good,Good,Good,Good,Suspicious,Good,Good,Good,False,False,False
G0400070,4,7,33.7896177,-110.8118696,33.82356,-111.007494,53597.0,Gila,Arizona,G0400070,33.82356,-111.007494,2011,KSDL0,33.6229,-111.9105,53.71288442887598,True,1401.0,4333.0,Good,Good,Good,Suspicious,Suspicious,Good,Good,Good,False,False,False
G0400090,4,9,32.9318277,-109.8783103,32.86733,-109.812181,37220.0,Graham,Arizona,G0400090,32.86733,-109.812181,2011,KSAD0,32.8533,-109.6351,10.32305693609946,True,2419.0,2984.0,Good,Good,Good,Good,Suspicious,Good,Good,Good,False,False,False
G0400110,4,11,33.2388723,-109.2423231,32.970402,-109.248712,8437.0,Greenlee,Arizona,G0400110,32.970402,-109.248712,2011,KSAD0,32.8533,-109.6351,23.82789736099508,True,2419.0,2984.0,Good,Good,Good,Good,Suspicious,Good,Good,Good,False,False,False
G0400120,4,12,33.7276104,-114.038806,33.908361,-114.172146,20489.0,La Paz,Arizona,G0400120,33.908361,-114.172146,2011,KIPL0,32.8342,-115.5787,109.97566955038316,True,1250.0,4073.0,Good,Good,Good,Good,Suspicious,Good,Good,Good,False,False,False
G0400130,4,13,33.3465408,-112.4955335,33.493403,-112.04143,3817117.0,Maricopa,Arizona,G0400130,33.493403,-112.04143,2011,72278,33.4333,-112.05,4.1819915897542,True,1127.0,4880.0,Good,Good,Good,Suspicious,Suspicious,Good,Good,Good,False,False,False
G0400150,4,15,35.717705,-113.7496891,35.069679,-114.249634,200186.0,Mohave,Arizona,G0400150,35.069679,-114.249634,2011,KHND0,35.9729,-115.1344,79.81209815453235,True,2604.0,3161.0,Good,Good,Good,Suspicious,Suspicious,Good,Good,Good,False,False,False
G0400170,4,17,35.3907852,-110.3210248,34.893625,-110.211155,107449.0,Navajo,Arizona,G0400170,34.893625,-110.211155,2011,KSJN0,34.5186,-109.3787,53.91794088987526,True,5192.0,919.0,Good,Good,Good,Good,Suspicious,Good,Good,Good,True,True,True
G0400190,4,19,32.1285226,-111.7830267,32.216707,-110.96001,980263.0,Pima,Arizona,G0400190,32.216707,-110.96001,2011,72274,32.1333,-110.95,5.792522493013376,True,1699.0,3392.0,Good,Good,Good,Good,Suspicious,Good,Good,Good,True,True,True
G0400210,4,21,32.9190383,-111.3670054,33.060133,-111.588364,375770.0,Pinal,Arizona,G0400210,33.060133,-111.588364,2011,72278,33.4333,-112.05,37.09901996245962,True,1127.0,4880.0,Good,Good,Good,Suspicious,Suspicious,Good,Good,Good,False,False,False
G0400230,4,23,31.525733,-110.8452278,31.434733,-110.943195,47420.0,Santa Cruz,Arizona,G0400230,31.434733,-110.943195,2011,72274,32.1333,-110.95,48.26795591004037,True,1699.0,3392.0,Good,Good,Good,Good,Suspicious,Good,Good,Good,True,True,True
G0400250,4,25,34.6312117,-112.5773855,34.629014,-112.267767,211033.0,Yavapai,Arizona,G0400250,34.629014,-112.267767,2011,KPRC0,34.6544,-112.4196,8.807314994889262,True,4429.0,1210.0,Good,Good,Good,Good,Suspicious,Good,Good,Good,False,False,False
G0400270,4,27,32.7739424,-113.910905,32.65004,-114.598663,195751.0,Yuma,Arizona,G0400270,32.65004,-114.598663,2011,KIPL0,32.8342,-115.5787,58.358934774781005,True,1250.0,4073.0,Good,Good,Good,Good,Suspicious,Good,Good,Good,False,False,False
G0500010,5,1,34.2895697,-91.3765466,34.405316,-91.461284,19019.0,Arkansas,Arkansas,G0500010,34.405316,-91.461284,2011,74768,33.4829,-90.9856,69.31981241585672,True,2724.0,2339.0,Good,Good,Good,Suspicious,Suspicious,Good,Good,Good,False,False,False
G0500030,5,3,33.1908354,-91.7722672,33.179373,-91.87136,21853.0,Ashley,Arkansas,G0500030,33.179373,-91.87136,2011,KELD0,33.221,-92.8133,54.53367745193975,True,2780.0,2437.0,Good,Good,Good,Suspicious,Suspicious,Good,Good,Good,False,False,False
G0500050,5,5,36.28071,-92.3304383,36.332208,-92.383933,41513.0,Baxter,Arkansas,G0500050,36.332208,-92.383933,2011,KBPK0,36.3689,-92.4705,5.443656227082359,True,3836.0,1844.0,Good,Good,Good,Good,Suspicious,Good,Good,Good,False,True,True
G0500070,5,7,36.3378246,-94.2561871,36.337348,-94.230543,221339.0,Benton,Arkansas,G0500070,36.337348,-94.230543,2011,KFYV0,36.0051,-94.1701,23.202337142037543,True,4145.0,1857.0,Good,Good,Good,Suspicious,Suspicious,Good,Good,Good,False,True,True
G0500090,5,9,36.3043077,-93.0792041,36.267871,-93.099344,36903.0,Boone,Arkansas,G0500090,36.267871,-93.099344,2011,KBPK0,36.3689,-92.4705,35.69751671055543,True,3836.0,1844.0,Good,Good,Good,Good,Suspicious,Good,Good,Good,False,True,True
G0500110,5,11,33.4665491,-92.1691559,33.569321,-92.103312,11508.0,Bradley,Arkansas,G0500110,33.569321,-92.103312,2011,KELD0,33.221,-92.8133,47.50354147199874,True,2780.0,2437.0,Good,Good,Good,Suspicious,Suspicious,Good,Good,Good,False,False,False
G0500130,5,13,33.5604604,-92.513879,33.591116,-92.495555,5368.0,Calhoun,Arkansas,G0500130,33.591116,-92.495555,2011,KELD0,33.221,-92.8133,31.461582430627324,True,2780.0,2437.0,Good,Good,Good,Suspicious,Suspicious,Good,Good,Good,False,False,False
G0500150,5,15,36.3377742,-93.5416633,36.373069,-93.570816,27446.0,Carroll,Arkansas,G0500150,36.373069,-93.570816,2011,KFYV0,36.0051,-94.1701,41.98980135500999,True,4145.0,1857.0,Good,Good,Good,Suspicious,Suspicious,Good,Good,Good,False,True,True
G0500170,5,17,33.2671393,-91.2971578,33.32186,-91.318378,11800.0,Chicot,Arkansas,G0500170,33.32186,-91.318378,2011,74768,33.4829,-90.9856,22.186683479716088,True,2724.0,2339.0,Good,Good,Good,Suspicious,Suspicious,Good,Good,Good,False,False,False
G0500190,5,19,34.0533162,-93.1762085,34.094705,-93.124856,22995.0,Clark,Arkansas,G0500190,34.094705,-93.124856,2011,KELD0,33.221,-92.8133,62.97004694451846,True,2780.0,2437.0,Good,Good,Good,Suspicious,Suspicious,Good,Good,Good,False,False,False
G0500210,5,21,36.3673021,-90.4187041,36.370695,-90.372418,16083.0,Clay,Arkansas,G0500210,36.370695,-90.372418,2011,KJBR0,35.8317,-90.6464,40.25951772970556,True,3476.0,2114.0,Good,Good,Good,Good,Suspicious,Good,Good,Good,False,True,True
G0500230,5,23,35.5663146,-92.0599504,35.510232,-92.037481,25970.0,Cleburne,Arkansas,G0500230,35.510232,-92.037481,2011,KBPK0,36.3689,-92.4705,64.08255957014299,True,3836.0,1844.0,Good,Good,Good,Good,Suspicious,Good,Good,Good,False,True,True
G0500250,5,25,33.8932006,-92.1887141,33.914989,-92.139146,8689.0,Cleveland,Arkansas,G0500250,33.914989,-92.139146,2011,KELD0,33.221,-92.8133,61.688604061910205,True,2780.0,2437.0,Good,Good,Good,Suspicious,Suspicious,Good,Good,Good,False,False,False
G0500270,5,27,33.2230377,-93.2328433,33.258045,-93.247459,24552.0,Columbia,Arkansas,G0500270,33.258045,-93.247459,2011,KELD0,33.221,-92.8133,25.219686752010325,True,2780.0,2437.0,Good,Good,Good,Suspicious,Suspicious,Good,Good,Good,False,False,False
G0500290,5,29,35.265702,-92.6892479,35.214487,-92.70416,21273.0,Conway,Arkansas,G0500290,35.214487,-92.70416,2011,72344,35.3333,-94.0333,75.42139816403267,True,3086.0,2739.0,Good,Good,Good,Good,Suspicious,Good,Good,Good,False,False,False
G0500310,5,31,35.8277285,-90.6314213,35.835235,-90.669325,96443.0,Craighead,Arkansas,G0500310,35.835235,-90.669325,2011,KJBR0,35.8317,-90.6464,1.3071756278129207,True,3476.0,2114.0,Good,Good,Good,Good,Suspicious,Good,Good,Good,False,True,True
G0500330,5,33,35.5830407,-94.2362241,35.496882,-94.28436,61948.0,Crawford,Arkansas,G0500330,35.496882,-94.28436,2011,72344,35.3333,-94.0333,18.099712500675857,True,3086.0,2739.0,Good,Good,Good,Good,Suspicious,Good,Good,Good,False,False,False
G0500350,5,35,35.2118784,-90.3153314,35.17736,-90.217261,50902.0,Crittenden,Arkansas,G0500350,35.17736,-90.217261,2011,72334,35.0333,-89.9833,16.551874017724984,True,2858.0,2499.0,Good,Good,Good,Good,Suspicious,Good,Good,Good,False,False,False
G0500370,5,37,35.2856921,-90.7639835,35.252833,-90.775307,17870.0,Cross,Arkansas,G0500370,35.252833,-90.775307,2011,KJBR0,35.8317,-90.6464,40.64710699863802,True,3476.0,2114.0,Good,Good,Good,Good,Suspicious,Good,Good,Good,False,True,True
G0500390,5,39,33.9678233,-92.6539989,33.869213,-92.527123,8116.0,Dallas,Arkansas,G0500390,33.869213,-92.527123,2011,KELD0,33.221,-92.8133,47.722811075618296,True,2780.0,2437.0,Good,Good,Good,Suspicious,Suspicious,Good,Good,Good,False,False,False
G0500410,5,41,33.8287478,-91.2444274,33.773838,-91.417485,13008.0,Desha,Arkansas,G0500410,33.773838,-91.417485,2011,74768,33.4829,-90.9856,31.95980617727743,True,2724.0,2339.0,Good,Good,Good,Suspicious,Suspicious,Good,Good,Good,False,False,False
G0500430,5,43,33.5872418,-91.7227781,33.6274,-91.781779,18509.0,Drew,Arkansas,G0500430,33.6274,-91.781779,2011,74768,33.4829,-90.9856,46.917791130517074,True,2724.0,2339.0,Good,Good,Good,Suspicious,Suspicious,Good,Good,Good,False,False,False
G0500450,5,45,35.1463428,-92.3246456,35.104918,-92.405359,113237.0,Faulkner,Arkansas,G0500450,35.104918,-92.405359,2011,KBPK0,36.3689,-92.4705,87.40906371184417,True,3836.0,1844.0,Good,Good,Good,Good,Suspicious,Good,Good,Good,False,True,True
G0500470,5,47,35.5085579,-93.8876648,35.446102,-93.885464,18125.0,Franklin,Arkansas,G0500470,35.446102,-93.885464,2011,72344,35.3333,-94.0333,11.405522963552102,True,3086.0,2739.0,Good,Good,Good,Good,Suspicious,Good,Good,Good,False,False,False
G0500490,5,49,36.3836192,-91.8196636,36.376787,-91.764934,12245.0,Fulton,Arkansas,G0500490,36.376787,-91.764934,2011,KUNO0,36.8784,-91.9027,35.48996924854262,True,4389.0,1497.0,Good,Good,Good,Suspicious,Suspicious,Good,Good,Good,False,False,False
G0500510,5,51,34.5788613,-93.1469148,34.505811,-93.081852,96024.0,Garland,Arkansas,G0500510,34.505811,-93.081852,2011,72344,35.3333,-94.0333,78.57628762660408,True,3086.0,2739.0,Good,Good,Good,Good,Suspicious,Good,Good,Good,False,False,False
G0500530,5,53,34.2855683,-92.4229794,34.309174,-92.412714,17853.0,Grant,Arkansas,G0500530,34.309174,-92.412714,2011,KELD0,33.221,-92.8133,78.62728852033182,True,2780.0,2437.0,Good,Good,Good,Suspicious,Suspicious,Good,Good,Good,False,False,False
G0500550,5,55,36.1206248,-90.5663705,36.07312,-90.523016,42090.0,Greene,Arkansas,G0500550,36.07312,-90.523016,2011,KJBR0,35.8317,-90.6464,18.051685876409667,True,3476.0,2114.0,Good,Good,Good,Good,Suspicious,Good,Good,Good,False,True,True
G0500570,5,57,33.7286109,-93.6658093,33.699647,-93.623587,22609.0,Hempstead,Arkansas,G0500570,33.699647,-93.623587,2011,KTXK0,33.4537,-93.991,27.13107747811692,True,2524.0,2843.0,Good,Good,Good,Suspicious,Suspicious,Good,Good,Good,False,False,False
G0500590,5,59,34.3151767,-92.9441474,34.353464,-92.894595,32923.0,Hot Spring,Arkansas,G0500590,34.353464,-92.894595,2011,KELD0,33.221,-92.8133,78.38480312514619,True,2780.0,2437.0,Good,Good,Good,Suspicious,Suspicious,Good,Good,Good,False,False,False
G0500610,5,61,34.0830639,-93.9909315,33.983198,-93.910184,13789.0,Howard,Arkansas,G0500610,33.983198,-93.910184,2011,KTXK0,33.4537,-93.991,36.87839663259944,True,2524.0,2843.0,Good,Good,Good,Suspicious,Suspicious,Good,Good,Good,False,False,False
G0500630,5,63,35.7374992,-91.5599423,35.749801,-91.607539,36647.0,Independence,Arkansas,G0500630,35.749801,-91.607539,2011,KJBR0,35.8317,-90.6464,54.16378724595416,True,3476.0,2114.0,Good,Good,Good,Good,Suspicious,Good,Good,Good,False,True,True
G0500650,5,65,36.0948792,-91.9136252,36.120217,-91.908429,13696.0,Izard,Arkansas,G0500650,36.120217,-91.908429,2011,KBPK0,36.3689,-92.4705,35.7241371554964,True,3836.0,1844.0,Good,Good,Good,Good,Suspicious,Good,Good,Good,False,True,True
G0500670,5,67,35.5966053,-91.223178,35.621102,-91.246233,17997.0,Jackson,Arkansas,G0500670,35.621102,-91.246233,2011,KJBR0,35.8317,-90.6464,36.65681200921289,True,3476.0,2114.0,Good,Good,Good,Good,Suspicious,Good,Good,Good,False,True,True
G0500690,5,69,34.2776955,-91.9307012,34.233473,-92.041179,77435.0,Jefferson,Arkansas,G0500690,34.233473,-92.041179,2011,74768,33.4829,-90.9856,79.7334142072259,True,2724.0,2339.0,Good,Good,Good,Suspicious,Suspicious,Good,Good,Good,False,False,False
G0500710,5,71,35.5733586,-93.4663223,35.475272,-93.475517,25540.0,Johnson,Arkansas,G0500710,35.475272,-93.475517,2011,72344,35.3333,-94.0333,32.9085095735124,True,3086.0,2739.0,Good,Good,Good,Good,Suspicious,Good,Good,Good,False,False,False
G0500730,5,73,33.2406596,-93.6116427,33.287629,-93.557538,7645.0,Lafayette,Arkansas,G0500730,33.287629,-93.557538,2011,KTXK0,33.4537,-93.991,27.517960873932413,True,2524.0,2843.0,Good,Good,Good,Suspicious,Suspicious,Good,Good,Good,False,False,False
G0500750,5,75,36.0410983,-91.1011529,36.070224,-91.065733,17415.0,Lawrence,Arkansas,G0500750,36.070224,-91.065733,2011,KJBR0,35.8317,-90.6464,28.665400417458898,True,3476.0,2114.0,Good,Good,Good,Good,Suspicious,Good,Good,Good,False,True,True
G0500770,5,77,34.7798576,-90.7793454,34.785214,-90.774516,10424.0,Lee,Arkansas,G0500770,34.785214,-90.774516,2011,72334,35.0333,-89.9833,47.99580937086227,True,2858.0,2499.0,Good,Good,Good,Good,Suspicious,Good,Good,Good,False,False,False
G0500790,5,79,33.957675,-91.7276258,33.975379,-91.746234,14134.0,Lincoln,Arkansas,G0500790,33.975379,-91.746234,2011,74768,33.4829,-90.9856,55.39146187319943,True,2724.0,2339.0,Good,Good,Good,Suspicious,Suspicious,Good,Good,Good,False,False,False
G0500810,5,81,33.699497,-94.2297741,33.700518,-94.195995,13171.0,Little River,Arkansas,G0500810,33.700518,-94.195995,2011,KTXK0,33.4537,-93.991,20.73814904426227,True,2524.0,2843.0,Good,Good,Good,Suspicious,Suspicious,Good,Good,Good,False,False,False
G0500830,5,83,35.2186538,-93.7209102,35.227532,-93.768119,22353.0,Logan,Arkansas,G0500830,35.227532,-93.768119,2011,72344,35.3333,-94.0333,16.646884453075476,True,3086.0,2739.0,Good,Good,Good,Good,Suspicious,Good,Good,Good,False,False,False
G0500850,5,85,34.7551137,-91.894132,34.905178,-91.970577,68356.0,Lonoke,Arkansas,G0500850,34.905178,-91.970577,2011,KJBR0,35.8317,-90.6464,98.30500549673025,True,3476.0,2114.0,Good,Good,Good,Good,Suspicious,Good,Good,Good,False,True,True
G0500870,5,87,36.0125452,-93.7240531,36.061309,-93.755297,15717.0,Madison,Arkansas,G0500870,36.061309,-93.755297,2011,KFYV0,36.0051,-94.1701,23.49986427598473,True,4145.0,1857.0,Good,Good,Good,Suspicious,Suspicious,Good,Good,Good,False,True,True
G0500890,5,89,36.266672,-92.6785674,36.28457,-92.663368,16653.0,Marion,Arkansas,G0500890,36.28457,-92.663368,2011,KBPK0,36.3689,-92.4705,12.215232113067072,True,3836.0,1844.0,Good,Good,Good,Good,Suspicious,Good,Good,Good,False,True,True
G0500910,5,91,33.3055054,-93.9015018,33.400831,-93.987504,43462.0,Miller,Arkansas,G0500910,33.400831,-93.987504,2011,KTXK0,33.4537,-93.991,3.658452345831962,True,2524.0,2843.0,Good,Good,Good,Suspicious,Suspicious,Good,Good,Good,False,False,False
G0500930,5,93,35.7669426,-90.0522086,35.84288,-89.999037,46480.0,Mississippi,Arkansas,G0500930,35.84288,-89.999037,2011,KJBR0,35.8317,-90.6464,36.26875015858678,True,3476.0,2114.0,Good,Good,Good,Good,Suspicious,Good,Good,Good,False,True,True
G0500950,5,95,34.6795117,-91.2033099,34.777729,-91.218021,8149.0,Monroe,Arkansas,G0500950,34.777729,-91.218021,2011,72334,35.0333,-89.9833,72.15667968316689,True,2858.0,2499.0,Good,Good,Good,Good,Suspicious,Good,Good,Good,False,False,False
G0500970,5,97,34.5455805,-93.6633299,34.517013,-93.622663,9487.0,Montgomery,Arkansas,G0500970,34.517013,-93.622663,2011,72344,35.3333,-94.0333,61.00880064579165,True,3086.0,2739.0,Good,Good,Good,Good,Suspicious,Good,Good,Good,False,False,False
G0500990,5,99,33.6666991,-93.3050716,33.722168,-93.358085,8997.0,Nevada,Arkansas,G0500990,33.722168,-93.358085,2011,KTXK0,33.4537,-93.991,40.87949194215325,True,2524.0,2843.0,Good,Good,Good,Suspicious,Suspicious,Good,Good,Good,False,False,False
G0501010,5,101,35.9107424,-93.2158985,35.98494,-93.1705,8330.0,Newton,Arkansas,G0501010,35.98494,-93.1705,2011,KBPK0,36.3689,-92.4705,47.20086759663934,True,3836.0,1844.0,Good,Good,Good,Good,Suspicious,Good,Good,Good,False,True,True
G0501030,5,103,33.5911595,-92.8784155,33.574461,-92.838871,26120.0,Ouachita,Arkansas,G0501030,33.574461,-92.838871,2011,KELD0,33.221,-92.8133,24.466291836425725,True,2780.0,2437.0,Good,Good,Good,Suspicious,Suspicious,Good,Good,Good,False,False,False
G0501050,5,105,34.9463629,-92.9268773,34.999054,-92.779271,10445.0,Perry,Arkansas,G0501050,34.999054,-92.779271,2011,72344,35.3333,-94.0333,74.5001227398012,True,3086.0,2739.0,Good,Good,Good,Good,Suspicious,Good,Good,Good,False,False,False
G0501070,5,107,34.4236874,-90.8555931,34.529768,-90.707796,21757.0,Phillips,Arkansas,G0501070,34.529768,-90.707796,2011,72334,35.0333,-89.9833,53.85843547604402,True,2858.0,2499.0,Good,Good,Good,Good,Suspicious,Good,Good,Good,False,False,False
G0501090,5,109,34.1581907,-93.6586589,34.187298,-93.624765,11291.0,Pike,Arkansas,G0501090,34.187298,-93.624765,2011,KTXK0,33.4537,-93.991,54.87325303289352,True,2524.0,2843.0,Good,Good,Good,Suspicious,Suspicious,Good,Good,Good,False,False,False
G0501110,5,111,35.5688702,-90.6811037,35.60191,-90.557998,24583.0,Poinsett,Arkansas,G0501110,35.60191,-90.557998,2011,KJBR0,35.8317,-90.6464,16.633418735089094,True,3476.0,2114.0,Good,Good,Good,Good,Suspicious,Good,Good,Good,False,True,True
G0501130,5,113,34.4909149,-94.2308841,34.52045,-94.258519,20662.0,Polk,Arkansas,G0501130,34.52045,-94.258519,2011,72344,35.3333,-94.0333,57.59334199132811,True,3086.0,2739.0,Good,Good,Good,Good,Suspicious,Good,Good,Good,False,False,False
G0501150,5,115,35.456557,-93.0268181,35.309776,-93.097238,61754.0,Pope,Arkansas,G0501150,35.309776,-93.097238,2011,72344,35.3333,-94.0333,52.79497593709635,True,3086.0,2739.0,Good,Good,Good,Good,Suspicious,Good,Good,Good,False,False,False
G0501170,5,117,34.8311162,-91.5536205,34.859177,-91.536241,8715.0,Prairie,Arkansas,G0501170,34.859177,-91.536241,2011,KJBR0,35.8317,-90.6464,83.84486272621295,True,3476.0,2114.0,Good,Good,Good,Good,Suspicious,Good,Good,Good,False,True,True
G0501190,5,119,34.7739877,-92.3165149,34.773719,-92.311659,382748.0,Pulaski,Arkansas,G0501190,34.773719,-92.311659,2011,72344,35.3333,-94.0333,104.77028879408412,True,3086.0,2739.0,Good,Good,Good,Good,Suspicious,Good,Good,Good,False,False,False
G0501210,5,121,36.3412985,-91.0284409,36.304758,-90.98842,17969.0,Randolph,Arkansas,G0501210,36.304758,-90.98842,2011,KJBR0,35.8317,-90.6464,37.85739401274176,True,3476.0,2114.0,Good,Good,Good,Good,Suspicious,Good,Good,Good,False,True,True
G0501230,5,123,35.0140258,-90.7421378,35.015313,-90.770297,28258.0,St. Francis,Arkansas,G0501230,35.015313,-90.770297,2011,72334,35.0333,-89.9833,44.54638171273325,True,2858.0,2499.0,Good,Good,Good,Good,Suspicious,Good,Good,Good,False,False,False
G0501250,5,125,34.6485246,-92.674463,34.593233,-92.546163,107118.0,Saline,Arkansas,G0501250,34.593233,-92.546163,2011,KELD0,33.221,-92.8133,96.04149262271764,True,2780.0,2437.0,Good,Good,Good,Suspicious,Suspicious,Good,Good,Good,False,False,False
G0501270,5,127,34.8588693,-94.0636413,34.907145,-94.095905,11233.0,Scott,Arkansas,G0501270,34.907145,-94.095905,2011,72344,35.3333,-94.0333,29.65626436641435,True,3086.0,2739.0,Good,Good,Good,Good,Suspicious,Good,Good,Good,False,False,False
G0501290,5,129,35.8963868,-92.6958884,35.922829,-92.659155,8195.0,Searcy,Arkansas,G0501290,35.922829,-92.659155,2011,KBPK0,36.3689,-92.4705,32.56832879006345,True,3836.0,1844.0,Good,Good,Good,Good,Suspicious,Good,Good,Good,False,True,True
G0501310,5,131,35.1969808,-94.2749889,35.318195,-94.354435,125744.0,Sebastian,Arkansas,G0501310,35.318195,-94.354435,2011,72344,35.3333,-94.0333,18.13297488582875,True,3086.0,2739.0,Good,Good,Good,Good,Suspicious,Good,Good,Good,False,False,False
G0501330,5,133,33.9946083,-94.2432898,34.014236,-94.304091,17058.0,Sevier,Arkansas,G0501330,34.014236,-94.304091,2011,KTXK0,33.4537,-93.991,42.7035781385475,True,2524.0,2843.0,Good,Good,Good,Suspicious,Suspicious,Good,Good,Good,False,False,False
G0501350,5,135,36.1733989,-91.4710689,36.178493,-91.520168,17264.0,Sharp,Arkansas,G0501350,36.178493,-91.520168,2011,KUNO0,36.8784,-91.9027,52.81702558392793,True,4389.0,1497.0,Good,Good,Good,Suspicious,Suspicious,Good,Good,Good,False,False,False
G0501370,5,137,35.8570312,-92.1405728,35.856705,-92.137,12394.0,Stone,Arkansas,G0501370,35.856705,-92.137,2011,KBPK0,36.3689,-92.4705,39.98645660917416,True,3836.0,1844.0,Good,Good,Good,Good,Suspicious,Good,Good,Good,False,True,True
G0501390,5,139,33.1682186,-92.5981447,33.20687,-92.64508,41639.0,Union,Arkansas,G0501390,33.20687,-92.64508,2011,KELD0,33.221,-92.8133,9.772944529541522,True,2780.0,2437.0,Good,Good,Good,Suspicious,Suspicious,Good,Good,Good,False,False,False
G0501410,5,141,35.5829588,-92.5159772,35.567839,-92.421475,17295.0,Van Buren,Arkansas,G0501410,35.567839,-92.421475,2011,KBPK0,36.3689,-92.4705,55.4158009575741,True,3836.0,1844.0,Good,Good,Good,Good,Suspicious,Good,Good,Good,False,True,True
G0501430,5,143,35.9712088,-94.2184168,36.094275,-94.172222,203065.0,Washington,Arkansas,G0501430,36.094275,-94.172222,2011,KFYV0,36.0051,-94.1701,6.162535473130687,True,4145.0,1857.0,Good,Good,Good,Suspicious,Suspicious,Good,Good,Good,False,True,True
G0501450,5,145,35.2547221,-91.7531583,35.243736,-91.767388,77076.0,White,Arkansas,G0501450,35.243736,-91.767388,2011,KJBR0,35.8317,-90.6464,74.98312895356142,True,3476.0,2114.0,Good,Good,Good,Good,Suspicious,Good,Good,Good,False,True,True
G0501490,5,149,34.9977133,-93.4083032,35.120982,-93.28946,22185.0,Yell,Arkansas,G0501490,35.120982,-93.28946,2011,72344,35.3333,-94.0333,44.47164581262469,True,3086.0,2739.0,Good,Good,Good,Good,Suspicious,Good,Good,Good,False,False,False
G0600010,6,1,37.6483273,-121.9129276,37.705201,-122.100393,1510271.0,Alameda,California,G0600010,37.705201,-122.100393,2011,72493,37.7167,-122.2333,7.308034877370951,True,3304.0,100.0,Good,Good,Good,Suspicious,Suspicious,Good,Good,Good,False,False,False
G0600030,6,3,38.6217831,-119.7983522,38.728298,-119.847603,1175.0,Alpine,California,G0600030,38.728298,-119.847603,2011,72488,39.4833,-119.7667,52.3456029318712,True,5317.0,939.0,Good,Good,Good,Good,Suspicious,Good,Good,Good,False,False,False
G0600050,6,5,38.4435501,-120.6538563,38.394208,-120.775729,38091.0,Amador,California,G0600050,38.394208,-120.775729,2011,72483,38.5,-121.5,39.86792279996758,True,3074.0,878.0,Good,Good,Good,Suspicious,Suspicious,Good,Good,Good,False,False,False
G0600070,6,7,39.6659588,-121.6019188,39.669037,-121.707635,220000.0,Butte,California,G0600070,39.669037,-121.707635,2011,KMYV0,39.0978,-121.5698,40.14916286124853,True,3023.0,1278.0,Good,Good,Good,Suspicious,Suspicious,Good,Good,Good,False,False,False
G0600090,6,9,38.1838998,-120.5614422,38.163627,-120.633718,45578.0,Calaveras,California,G0600090,38.163627,-120.633718,2011,72492,37.9,-121.2333,37.37035519675329,True,3147.0,1056.0,Good,Good,Good,Suspicious,Suspicious,Good,Good,Good,False,False,False
G0600110,6,11,39.1777385,-122.2375629,39.156148,-122.085557,21419.0,Colusa,California,G0600110,39.156148,-122.085557,2011,KMYV0,39.0978,-121.5698,27.93648042474693,True,3023.0,1278.0,Good,Good,Good,Suspicious,Suspicious,Good,Good,Good,False,False,False
G0600130,6,13,37.919479,-121.9515431,37.935588,-122.030131,1049025.0,Contra Costa,California,G0600130,37.935588,-122.030131,2011,72493,37.7167,-122.2333,18.75283126652587,True,3304.0,100.0,Good,Good,Good,Suspicious,Suspicious,Good,Good,Good,False,False,False
G0600150,6,15,41.7499033,-123.9809983,41.791232,-124.163088,28610.0,Del Norte,California,G0600150,41.791232,-124.163088,2011,KACV0,40.9781,-124.1086,56.252933929117,True,5440.0,0.0,Good,Good,Good,Suspicious,Good,Good,Good,Good,False,True,True
G0600170,6,17,38.785532,-120.5343981,38.746543,-120.74433,181058.0,El Dorado,California,G0600170,38.746543,-120.74433,2011,KBLU0,39.275,-120.7097,36.560141971917936,True,5716.0,403.0,Good,Good,Good,Suspicious,Suspicious,Suspicious,Good,Good,False,False,False
G0600190,6,19,36.7610058,-119.6550193,36.738918,-119.767884,930450.0,Fresno,California,G0600190,36.738918,-119.767884,2011,72389,36.7833,-119.7167,4.174978179225739,True,2666.0,2015.0,Good,Good,Good,Suspicious,Suspicious,Good,Good,Good,False,False,False
G0600210,6,21,39.6025462,-122.4016998,39.663418,-122.177491,28122.0,Glenn,California,G0600210,39.663418,-122.177491,2011,72591,40.15,-122.25,33.83848809022218,True,2971.0,1697.0,Good,Good,Good,Suspicious,Suspicious,Good,Good,Good,False,False,False
G0600230,6,23,40.7066731,-123.9258181,40.752982,-124.087189,134623.0,Humboldt,California,G0600230,40.752982,-124.087189,2011,72594,40.8,-124.1667,5.278305687930755,True,5344.0,0.0,Good,Good,Good,Suspicious,Good,Good,Good,Good,True,True,True
G0600250,6,25,33.0408143,-115.3554001,32.841101,-115.534487,174528.0,Imperial,California,G0600250,32.841101,-115.534487,2011,KIPL0,32.8342,-115.5787,2.6106064667403763,True,1250.0,4073.0,Good,Good,Good,Good,Suspicious,Good,Good,Good,False,False,False
G0600270,6,27,36.561977,-117.4039269,37.160247,-118.267513,18546.0,Inyo,California,G0600270,37.160247,-118.267513,2011,72480,37.3667,-118.3667,15.271679580745325,True,4468.0,1168.0,Good,Good,Good,Good,Suspicious,Suspicious,Good,Good,False,False,False
G0600290,6,29,35.3466288,-118.7295064,35.372968,-118.936004,839631.0,Kern,California,G0600290,35.372968,-118.936004,2011,72384,35.4333,-119.05,7.654604222796587,True,2547.0,2186.0,Good,Good,Good,Good,Suspicious,Good,Good,Good,False,False,False
G0600310,6,31,36.072478,-119.8155301,36.242749,-119.729084,152982.0,Kings,California,G0600310,36.242749,-119.729084,2011,KHJO0,36.3167,-119.6277,7.615465348173668,True,3096.0,1749.0,Good,Good,Good,Good,Suspicious,Good,Good,Good,False,False,False
G0600330,6,33,39.0948019,-122.7467569,38.973362,-122.734609,64665.0,Lake,California,G0600330,38.973362,-122.734609,2011,KUKI0,39.126,-123.2009,27.15198748054892,True,3835.0,727.0,Good,Good,Good,Good,Suspicious,Good,Good,Good,False,False,False
G0600350,6,35,40.7210862,-120.6299518,40.392397,-120.579176,34895.0,Lassen,California,G0600350,40.392397,-120.579176,2011,KAAT0,41.483,-120.5654,75.35679342179974,True,7249.0,221.0,Good,Good,Good,Suspicious,Suspicious,Suspicious,Good,Good,False,False,False
G0600370,6,37,34.1963983,-118.2618616,34.065193,-118.244222,9818605.0,Los Angeles,California,G0600370,34.065193,-118.244222,2011,KHHR0,33.9228,-118.3352,11.133538432500176,True,1480.0,425.0,Good,Good,Good,Good,Good,Good,Good,Good,True,True,True
G0600390,6,39,37.2098213,-119.7498023,37.043099,-120.00675,150865.0,Madera,California,G0600390,37.043099,-120.00675,2011,72389,36.7833,-119.7167,24.061611586196843,True,2666.0,2015.0,Good,Good,Good,Suspicious,Suspicious,Good,Good,Good,False,False,False
G0600410,6,41,38.0518169,-122.7459738,37.986705,-122.547075,252409.0,Marin,California,G0600410,37.986705,-122.547075,2011,72493,37.7167,-122.2333,25.31927604480887,True,3304.0,100.0,Good,Good,Good,Suspicious,Suspicious,Good,Good,Good,False,False,False
G0600430,6,43,37.5700335,-119.9128599,37.542748,-119.957219,18251.0,Mariposa,California,G0600430,37.542748,-119.957219,2011,KMCE0,37.2848,-120.5139,35.36848683432523,True,3007.0,1602.0,Good,Good,Good,Suspicious,Suspicious,Good,Good,Good,True,True,True
G0600450,6,45,39.4323876,-123.4428811,39.285329,-123.397227,87841.0,Mendocino,California,G0600450,39.285329,-123.397227,2011,KUKI0,39.126,-123.2009,15.220815823911732,True,3835.0,727.0,Good,Good,Good,Good,Suspicious,Good,Good,Good,False,False,False
G0600470,6,47,37.1948063,-120.7228019,37.281016,-120.623989,255793.0,Merced,California,G0600470,37.281016,-120.623989,2011,KMCE0,37.2848,-120.5139,6.057718593144877,True,3007.0,1602.0,Good,Good,Good,Suspicious,Suspicious,Good,Good,Good,True,True,True
G0600490,6,49,41.5929185,-120.7183704,41.522584,-120.650911,9686.0,Modoc,California,G0600490,41.522584,-120.650911,2011,KAAT0,41.483,-120.5654,5.201843092540942,True,7249.0,221.0,Good,Good,Good,Suspicious,Suspicious,Suspicious,Good,Good,False,False,False
G0600510,6,51,37.9158363,-118.8751668,37.763322,-118.970594,14202.0,Mono,California,G0600510,37.763322,-118.970594,2011,72480,37.3667,-118.3667,42.95158608485743,True,4468.0,1168.0,Good,Good,Good,Good,Suspicious,Suspicious,Good,Good,False,False,False
G0600530,6,53,36.240107,-121.3155732,36.611722,-121.646162,415057.0,Monterey,California,G0600530,36.611722,-121.646162,2011,KSJC0,37.3627,-121.9291,54.18619963778077,True,2711.0,335.0,Good,Good,Good,Suspicious,Suspicious,Good,Good,Good,False,False,False
G0600550,6,55,38.5070999,-122.3259045,38.329075,-122.321646,136484.0,Napa,California,G0600550,38.329075,-122.321646,2011,KSTS0,38.509,-122.8129,29.3555880702566,True,3649.0,138.0,Good,Good,Good,Suspicious,Suspicious,Good,Good,Good,False,False,False
G0600570,6,57,39.2975082,-120.7713429,39.219524,-120.916546,98764.0,Nevada,California,G0600570,39.219524,-120.916546,2011,KBLU0,39.275,-120.7097,11.71273369376035,True,5716.0,403.0,Good,Good,Good,Suspicious,Suspicious,Suspicious,Good,Good,False,False,False
G0600590,6,59,33.6756872,-117.7772068,33.733953,-117.86288,3010232.0,Orange,California,G0600590,33.733953,-117.86288,2011,KCNO0,33.9748,-117.6365,21.11030935157442,True,2062.0,984.0,Good,Good,Good,Suspicious,Suspicious,Good,Good,Good,False,False,False
G0600610,6,61,39.0620324,-120.7227181,38.844511,-121.182466,348432.0,Placer,California,G0600610,38.844511,-121.182466,2011,KSMF0,38.6954,-121.5908,24.289965575389964,True,3104.0,966.0,Good,Good,Good,Suspicious,Suspicious,Good,Good,Good,False,False,False
G0600630,6,63,39.9922953,-120.8243709,39.983857,-120.825847,20007.0,Plumas,California,G0600630,39.983857,-120.825847,2011,KBLU0,39.275,-120.7097,49.36570644669088,True,5716.0,403.0,Good,Good,Good,Suspicious,Suspicious,Suspicious,Good,Good,False,False,False
G0600650,6,65,33.7298275,-116.0022389,33.800439,-117.066205,2189641.0,Riverside,California,G0600650,33.800439,-117.066205,2011,KRAL0,33.9519,-117.4451,24.123147907820925,True,1603.0,1343.0,Good,Good,Good,Good,Suspicious,Good,Good,Good,False,False,False
G0600670,6,67,38.4500114,-121.3404409,38.56895,-121.380861,1418788.0,Sacramento,California,G0600670,38.56895,-121.380861,2011,72483,38.5,-121.5,8.009852535183798,True,3074.0,878.0,Good,Good,Good,Suspicious,Suspicious,Good,Good,Good,False,False,False
G0600690,6,69,36.6107024,-121.085296,36.843404,-121.403859,55269.0,San Benito,California,G0600690,36.843404,-121.403859,2011,KSJC0,37.3627,-121.9291,46.09862591985912,True,2711.0,335.0,Good,Good,Good,Suspicious,Suspicious,Good,Good,Good,False,False,False
G0600710,6,71,34.8572198,-116.1811967,34.190248,-117.357474,2035210.0,San Bernardino,California,G0600710,34.190248,-117.357474,2011,KRAL0,33.9519,-117.4451,17.21494641556895,True,1603.0,1343.0,Good,Good,Good,Good,Suspicious,Good,Good,Good,False,False,False
G0600730,6,73,33.0236041,-116.7761174,32.88326,-117.112994,3095313.0,San Diego,California,G0600730,32.88326,-117.112994,2011,72293,32.8667,-117.15,2.4332070296759696,True,1936.0,415.0,Good,Good,Good,Suspicious,Suspicious,Good,Good,Good,False,False,False
G0600750,6,75,37.7272391,-123.0322294,37.759598,-122.438323,805235.0,San Francisco,California,G0600750,37.759598,-122.438323,2011,72494,37.6167,-122.3667,10.621581750089522,True,3360.0,32.0,Good,Good,Good,Suspicious,Good,Good,Good,Good,False,False,False
G0600770,6,77,37.9349815,-121.272244,37.931804,-121.298108,685306.0,San Joaquin,California,G0600770,37.931804,-121.298108,2011,72492,37.9,-121.2333,4.160287477804428,True,3147.0,1056.0,Good,Good,Good,Suspicious,Suspicious,Good,Good,Good,False,False,False
G0600790,6,79,35.3852264,-120.4475416,35.342391,-120.667689,269637.0,San Luis Obispo,California,G0600790,35.342391,-120.667689,2011,KSBP0,35.2373,-120.6426,7.397661176065503,True,3052.0,92.0,Good,Good,Good,Suspicious,Suspicious,Good,Good,Good,False,True,True
G0600810,6,81,37.4146633,-122.3715451,37.56395,-122.340991,718451.0,San Mateo,California,G0600810,37.56395,-122.340991,2011,72494,37.6167,-122.3667,3.907020352569873,True,3360.0,32.0,Good,Good,Good,Suspicious,Good,Good,Good,Good,False,False,False
G0600830,6,83,34.5370572,-120.0399729,34.639262,-120.092602,423895.0,Santa Barbara,California,G0600830,34.639262,-120.092602,2011,72392,34.4262,-119.8415,20.517999779224223,True,2761.0,50.0,Good,Good,Good,Suspicious,Good,Good,Good,Good,False,False,False
G0600850,6,85,37.2207774,-121.6906224,37.315105,-121.910421,1781642.0,Santa Clara,California,G0600850,37.315105,-121.910421,2011,KSJC0,37.3627,-121.9291,3.4448641750901605,True,2711.0,335.0,Good,Good,Good,Suspicious,Suspicious,Good,Good,Good,False,False,False
G0600870,6,87,37.0124883,-122.007205,36.985171,-121.936728,262382.0,Santa Cruz,California,G0600870,36.985171,-121.936728,2011,KSJC0,37.3627,-121.9291,26.088105747115005,True,2711.0,335.0,Good,Good,Good,Suspicious,Suspicious,Good,Good,Good,False,False,False
G0600890,6,89,40.7605142,-122.0435556,40.580269,-122.299961,177223.0,Shasta,California,G0600890,40.580269,-122.299961,2011,72591,40.15,-122.25,29.84482638264117,True,2971.0,1697.0,Good,Good,Good,Suspicious,Suspicious,Good,Good,Good,False,False,False
G0600910,6,91,39.5769252,-120.5219926,39.612588,-120.414236,3240.0,Sierra,California,G0600910,39.612588,-120.414236,2011,KBLU0,39.275,-120.7097,28.15307548592233,True,5716.0,403.0,Good,Good,Good,Suspicious,Suspicious,Suspicious,Good,Good,False,False,False
G0600930,6,93,41.5879861,-122.5332868,41.576203,-122.489833,44900.0,Siskiyou,California,G0600930,41.576203,-122.489833,2011,KSIY0,41.7814,-122.4681,14.222028024639728,True,6002.0,500.0,Good,Good,Good,Suspicious,Suspicious,Good,Good,Good,False,False,False
G0600950,6,95,38.2672255,-121.939594,38.235582,-122.069324,413344.0,Solano,California,G0600950,38.235582,-122.069324,2011,72483,38.5,-121.5,35.84638674981359,True,3074.0,878.0,Good,Good,Good,Suspicious,Suspicious,Good,Good,Good,False,False,False
G0600970,6,97,38.5246685,-122.9376276,38.41408,-122.720522,483878.0,Sonoma,California,G0600970,38.41408,-122.720522,2011,KSTS0,38.509,-122.8129,8.245602499566209,True,3649.0,138.0,Good,Good,Good,Suspicious,Suspicious,Good,Good,Good,False,False,False
G0600990,6,99,37.5623842,-121.0026557,37.619147,-120.955577,514453.0,Stanislaus,California,G0600990,37.619147,-120.955577,2011,KMOD0,37.6258,-120.9544,0.4641686141092675,True,2968.0,1400.0,Good,Good,Suspicious,Suspicious,Suspicious,Good,Good,Good,True,True,True
G0601010,6,101,39.0361898,-121.7039397,39.13549,-121.644269,94737.0,Sutter,California,G0601010,39.13549,-121.644269,2011,KMYV0,39.0978,-121.5698,4.766338451074226,True,3023.0,1278.0,Good,Good,Good,Suspicious,Suspicious,Good,Good,Good,False,False,False
G0601030,6,103,40.1261561,-122.2322757,40.115187,-122.218704,63463.0,Tehama,California,G0601030,40.115187,-122.218704,2011,72591,40.15,-122.25,2.9187080114544384,True,2971.0,1697.0,Good,Good,Good,Suspicious,Suspicious,Good,Good,Good,False,False,False
G0601050,6,105,40.6477241,-123.1144043,40.681268,-123.072357,13786.0,Trinity,California,G0601050,40.681268,-123.072357,2011,72591,40.15,-122.25,56.73434492491237,True,2971.0,1697.0,Good,Good,Good,Suspicious,Suspicious,Good,Good,Good,False,False,False
G0601070,6,107,36.2288241,-118.781061,36.251227,-119.231547,442179.0,Tulare,California,G0601070,36.251227,-119.231547,2011,KHJO0,36.3167,-119.6277,22.522971817823866,True,3096.0,1749.0,Good,Good,Good,Good,Suspicious,Good,Good,Good,False,False,False
G0601090,6,109,38.0214344,-119.9647335,37.971531,-120.32853,55365.0,Tuolumne,California,G0601090,37.971531,-120.32853,2011,KMOD0,37.6258,-120.9544,41.69137967091802,True,2968.0,1400.0,Good,Good,Suspicious,Suspicious,Suspicious,Good,Good,Good,True,True,True
G0601110,6,111,34.3587415,-119.1331432,34.241989,-119.025018,823318.0,Ventura,California,G0601110,34.241989,-119.025018,2011,KOXR0,34.2008,-119.2072,10.790334474525116,True,1894.0,122.0,Good,Good,Good,Good,Good,Good,Good,Good,False,False,False
G0601130,6,113,38.6795954,-121.9024412,38.598913,-121.721112,200849.0,Yolo,California,G0601130,38.598913,-121.721112,2011,KSMF0,38.6954,-121.5908,9.68977621784828,True,3104.0,966.0,Good,Good,Good,Suspicious,Suspicious,Good,Good,Good,False,False,False
G0601150,6,115,39.2661815,-121.3408111,39.13883,-121.506626,72155.0,Yuba,California,G0601150,39.13883,-121.506626,2011,KMYV0,39.0978,-121.5698,4.416438275987728,True,3023.0,1278.0,Good,Good,Good,Suspicious,Suspicious,Good,Good,Good,False,False,False
G0800010,8,1,39.8743252,-104.3318718,39.874297,-104.927473,441603.0,Adams,Colorado,G0800010,39.874297,-104.927473,2011,72565,39.8667,-104.6667,13.838429555079404,True,6176.0,880.0,Good,Good,Good,Good,Suspicious,Good,Good,Good,False,False,False
G0800030,8,3,37.5684423,-105.7880414,37.483069,-105.877245,15445.0,Alamosa,Colorado,G0800030,37.483069,-105.877245,2011,72462,37.4333,-105.8667,3.487001600811406,True,8340.0,177.0,Good,Good,Suspicious,Good,Suspicious,Suspicious,Good,Good,True,True,True
G0800050,8,5,39.6446318,-104.3317329,39.647528,-104.845968,572003.0,Arapahoe,Colorado,G0800050,39.647528,-104.845968,2011,KAPA0,39.5701,-104.8493,5.352695574521024,True,6127.0,791.0,Good,Good,Good,Good,Suspicious,Good,Good,Good,False,False,False
G0800070,8,7,37.2023952,-107.0508634,37.240087,-107.085027,12084.0,Archuleta,Colorado,G0800070,37.240087,-107.085027,2011,72462,37.4333,-105.8667,68.24672404487113,True,8340.0,177.0,Good,Good,Suspicious,Good,Suspicious,Suspicious,Good,Good,True,True,True
G0800090,8,9,37.3066926,-102.5377576,37.368221,-102.527089,3788.0,Baca,Colorado,G0800090,37.368221,-102.527089,2011,72463,38.05,-103.5097,71.4406145636386,True,5538.0,1568.0,Good,Good,Good,Good,Suspicious,Good,Good,Good,False,False,False
G0800110,8,11,37.9318907,-103.0775841,38.072386,-103.1631,6499.0,Bent,Colorado,G0800110,38.072386,-103.1631,2011,72463,38.05,-103.5097,18.91864042647813,True,5538.0,1568.0,Good,Good,Good,Good,Suspicious,Good,Good,Good,False,False,False
G0800130,8,13,40.0949699,-105.3976911,40.063299,-105.183981,294567.0,Boulder,Colorado,G0800130,40.063299,-105.183981,2011,72565,39.8667,-104.6667,30.57590434071422,True,6176.0,880.0,Good,Good,Good,Good,Suspicious,Good,Good,Good,False,False,False
G0800140,8,14,39.9533825,-105.052125,39.936888,-105.055491,55889.0,Broomfield,Colorado,G0800140,39.936888,-105.055491,2011,72565,39.8667,-104.6667,21.170606241433862,True,6176.0,880.0,Good,Good,Good,Good,Suspicious,Good,Good,Good,False,False,False
G0800150,8,15,38.7382361,-106.3169494,38.676497,-106.082645,17809.0,Chaffee,Colorado,G0800150,38.676497,-106.082645,2011,,,,,False,,,,,,,,,,,,,
G0800170,8,17,38.8353865,-102.6045852,38.816795,-102.45777,1836.0,Cheyenne,Colorado,G0800170,38.816795,-102.45777,2011,72465,39.3667,-101.7,55.63133512020597,True,6192.0,1034.0,Good,Good,Good,Good,Suspicious,Good,Good,Good,False,False,False
G0800190,8,19,39.6894025,-105.6707833,39.712957,-105.52965,9088.0,Clear Creek,Colorado,G0800190,39.712957,-105.52965,2011,KAPA0,39.5701,-104.8493,37.51976314774848,True,6127.0,791.0,Good,Good,Good,Good,Suspicious,Good,Good,Good,False,False,False
G0800210,8,21,37.2134065,-106.1764473,37.195652,-105.989049,8256.0,Conejos,Colorado,G0800210,37.195652,-105.989049,2011,72462,37.4333,-105.8667,17.7430091273201,True,8340.0,177.0,Good,Good,Suspicious,Good,Suspicious,Suspicious,Good,Good,True,True,True
G0800230,8,23,37.2775474,-105.4289399,37.281779,-105.448477,3524.0,Costilla,Colorado,G0800230,37.281779,-105.448477,2011,72462,37.4333,-105.8667,25.24207993920793,True,8340.0,177.0,Good,Good,Suspicious,Good,Suspicious,Suspicious,Good,Good,True,True,True
G0800250,8,25,38.3061801,-103.7727363,38.188547,-103.857439,5823.0,Crowley,Colorado,G0800250,38.188547,-103.857439,2011,72463,38.05,-103.5097,21.187977060223723,True,5538.0,1568.0,Good,Good,Good,Good,Suspicious,Good,Good,Good,False,False,False
G0800270,8,27,38.1019939,-105.3735148,38.134216,-105.381557,4255.0,Custer,Colorado,G0800270,38.134216,-105.381557,2011,72464,38.2833,-104.5,48.95625189361199,True,5892.0,1237.0,Good,Good,Suspicious,Good,Suspicious,Good,Good,Good,False,False,False
G0800290,8,29,38.8617559,-107.864757,38.798565,-107.910553,30952.0,Delta,Colorado,G0800290,38.798565,-107.910553,2011,KRIL0,39.5263,-107.7269,51.23510903038765,True,7122.0,526.0,Good,Good,Good,Suspicious,Suspicious,Good,Good,Good,False,False,False
G0800310,8,31,39.7618419,-104.8812217,39.72143,-104.955068,600158.0,Denver,Colorado,G0800310,39.72143,-104.955068,2011,KAPA0,39.5701,-104.8493,11.87390427617027,True,6127.0,791.0,Good,Good,Good,Good,Suspicious,Good,Good,Good,False,False,False
G0800330,8,33,37.747602,-108.5303829,37.740817,-108.75741,2064.0,Dolores,Colorado,G0800330,37.740817,-108.75741,2011,KRIL0,39.5263,-107.7269,135.32052399460233,True,7122.0,526.0,Good,Good,Good,Suspicious,Suspicious,Good,Good,Good,False,False,False
G0800350,8,35,39.325414,-104.9259871,39.48527,-104.879712,285465.0,Douglas,Colorado,G0800350,39.48527,-104.879712,2011,KAPA0,39.5701,-104.8493,6.081142299185039,True,6127.0,791.0,Good,Good,Good,Good,Suspicious,Good,Good,Good,False,False,False
G0800370,8,37,39.6269919,-106.6951694,39.599453,-106.717771,52197.0,Eagle,Colorado,G0800370,39.599453,-106.717771,2011,KRIL0,39.5263,-107.7269,53.98891374184827,True,7122.0,526.0,Good,Good,Good,Suspicious,Suspicious,Good,Good,Good,False,False,False
G0800390,8,39,39.3105817,-104.1177288,39.382868,-104.51913,23086.0,Elbert,Colorado,G0800390,39.382868,-104.51913,2011,KAPA0,39.5701,-104.8493,21.84986113373889,True,6127.0,791.0,Good,Good,Good,Good,Suspicious,Good,Good,Good,False,False,False
G0800410,8,41,38.8273831,-104.5274718,38.873669,-104.758477,622263.0,El Paso,Colorado,G0800410,38.873669,-104.758477,2011,72466,38.8167,-104.7167,4.532948115379232,True,6036.0,776.0,Good,Good,Good,Good,Suspicious,Good,Good,Good,False,True,True
G0800430,8,43,38.4551696,-105.4249583,38.426058,-105.206532,46824.0,Fremont,Colorado,G0800430,38.426058,-105.206532,2011,,,,,False,,,,,,,,,,,,,
G0800450,8,45,39.5993517,-107.9097802,39.507561,-107.539356,56389.0,Garfield,Colorado,G0800450,39.507561,-107.539356,2011,KRIL0,39.5263,-107.7269,10.079799737957552,True,7122.0,526.0,Good,Good,Good,Suspicious,Suspicious,Good,Good,Good,False,False,False
G0800470,8,47,39.8611556,-105.5288778,39.85702,-105.48021,5441.0,Gilpin,Colorado,G0800470,39.85702,-105.48021,2011,KAPA0,39.5701,-104.8493,38.95431130612172,True,6127.0,791.0,Good,Good,Good,Good,Suspicious,Good,Good,Good,False,False,False
G0800490,8,49,40.1232049,-106.0959348,40.050388,-105.9754,14843.0,Grand,Colorado,G0800490,40.050388,-105.9754,2011,KAPA0,39.5701,-104.8493,68.36184551654112,True,6127.0,791.0,Good,Good,Good,Good,Suspicious,Good,Good,Good,False,False,False
G0800510,8,51,38.6726401,-107.0665057,38.657886,-106.944723,15324.0,Gunnison,Colorado,G0800510,38.657886,-106.944723,2011,KRIL0,39.5263,-107.7269,73.20819610578965,True,7122.0,526.0,Good,Good,Good,Suspicious,Suspicious,Good,Good,Good,False,False,False
G0800530,8,53,37.8211654,-107.3382613,37.996875,-107.29653,843.0,Hinsdale,Colorado,G0800530,37.996875,-107.29653,2011,72462,37.4333,-105.8667,87.31261560914197,True,8340.0,177.0,Good,Good,Suspicious,Good,Suspicious,Suspicious,Good,Good,True,True,True
G0800550,8,55,37.6878154,-104.9599278,37.616312,-104.884201,6711.0,Huerfano,Colorado,G0800550,37.616312,-104.884201,2011,72464,38.2833,-104.5,50.61553338743465,True,5892.0,1237.0,Good,Good,Suspicious,Good,Suspicious,Good,Good,Good,False,False,False
G0800570,8,57,40.6634319,-106.3292476,40.692851,-106.291292,1394.0,Jackson,Colorado,G0800570,40.692851,-106.291292,2011,72564,41.15,-104.8,84.0182858390298,True,7405.0,385.0,Good,Good,Good,Good,Suspicious,Good,Good,Good,False,False,False
G0800590,8,59,39.5795106,-105.2454623,39.720524,-105.128819,534543.0,Jefferson,Colorado,G0800590,39.720524,-105.128819,2011,KAPA0,39.5701,-104.8493,18.14302845690664,True,6127.0,791.0,Good,Good,Good,Good,Suspicious,Good,Good,Good,False,False,False
G0800610,8,61,38.387663,-102.7568494,38.470657,-102.680579,1398.0,Kiowa,Colorado,G0800610,38.470657,-102.680579,2011,72463,38.05,-103.5097,53.554412986761896,True,5538.0,1568.0,Good,Good,Good,Good,Suspicious,Good,Good,Good,False,False,False
G0800630,8,63,39.3053399,-102.6030226,39.309763,-102.435733,8270.0,Kit Carson,Colorado,G0800630,39.309763,-102.435733,2011,72465,39.3667,-101.7,39.51228594858793,True,6192.0,1034.0,Good,Good,Good,Good,Suspicious,Good,Good,Good,False,False,False
G0800650,8,65,39.2053405,-106.350079,39.24587,-106.308061,7310.0,Lake,Colorado,G0800650,39.24587,-106.308061,2011,KRIL0,39.5263,-107.7269,78.20518297788568,True,7122.0,526.0,Good,Good,Good,Suspicious,Suspicious,Good,Good,Good,False,False,False
G0800670,8,67,37.2873673,-107.8397178,37.265198,-107.806184,51334.0,La Plata,Colorado,G0800670,37.265198,-107.806184,2011,72462,37.4333,-105.8667,107.15720607460624,True,8340.0,177.0,Good,Good,Suspicious,Good,Suspicious,Suspicious,Good,Good,True,True,True
G0800690,8,69,40.6580933,-105.4867638,40.504546,-105.099218,299630.0,Larimer,Colorado,G0800690,40.504546,-105.099218,2011,72564,41.15,-104.8,47.26063288053273,True,7405.0,385.0,Good,Good,Good,Good,Suspicious,Good,Good,Good,False,False,False
G0800710,8,71,37.3188308,-104.0441103,37.196601,-104.503149,15507.0,Las Animas,Colorado,G0800710,37.196601,-104.503149,2011,KRTN0,36.7415,-104.5022,31.44447482021764,True,5468.0,957.0,Good,Good,Good,Good,Suspicious,Good,Good,Good,False,False,False
G0800730,8,73,38.9937401,-103.5075545,39.173232,-103.613697,5467.0,Lincoln,Colorado,G0800730,39.173232,-103.613697,2011,72466,38.8167,-104.7167,64.1484234101548,True,6036.0,776.0,Good,Good,Good,Good,Suspicious,Good,Good,Good,False,True,True
G0800750,8,75,40.7280911,-103.0904639,40.639399,-103.187715,22709.0,Logan,Colorado,G0800750,40.639399,-103.187715,2011,72561,41.1,-102.9833,33.56877897373196,True,6571.0,890.0,Good,Good,Suspicious,Suspicious,Suspicious,Good,Good,Good,False,False,False
G0800770,8,77,39.0194924,-108.4618366,39.092851,-108.543768,146723.0,Mesa,Colorado,G0800770,39.092851,-108.543768,2011,KRIL0,39.5263,-107.7269,52.95192183241512,True,7122.0,526.0,Good,Good,Good,Suspicious,Suspicious,Good,Good,Good,False,False,False
G0800790,8,79,37.6514834,-106.9323033,37.798623,-106.935586,712.0,Mineral,Colorado,G0800790,37.798623,-106.935586,2011,72462,37.4333,-105.8667,63.7129753337864,True,8340.0,177.0,Good,Good,Suspicious,Good,Suspicious,Suspicious,Good,Good,True,True,True
G0800810,8,81,40.6163576,-108.2110988,40.515239,-107.625859,13795.0,Moffat,Colorado,G0800810,40.515239,-107.625859,2011,KRIL0,39.5263,-107.7269,68.53788487057786,True,7122.0,526.0,Good,Good,Good,Suspicious,Suspicious,Good,Good,Good,False,False,False
G0800830,8,83,37.3380247,-108.5957864,37.370817,-108.557116,25535.0,Montezuma,Colorado,G0800830,37.370817,-108.557116,2011,72462,37.4333,-105.8667,147.7275298464095,True,8340.0,177.0,Good,Good,Suspicious,Good,Suspicious,Suspicious,Good,Good,True,True,True
G0800850,8,85,38.4075069,-108.2662815,38.479142,-107.934568,41276.0,Montrose,Colorado,G0800850,38.479142,-107.934568,2011,KRIL0,39.5263,-107.7269,73.2057126427858,True,7122.0,526.0,Good,Good,Good,Suspicious,Suspicious,Good,Good,Good,False,False,False
G0800870,8,87,40.2631674,-103.8122852,40.256023,-103.781517,28159.0,Morgan,Colorado,G0800870,40.256023,-103.781517,2011,72565,39.8667,-104.6667,53.98756067454727,True,6176.0,880.0,Good,Good,Good,Good,Suspicious,Good,Good,Good,False,False,False
G0800890,8,89,37.8841698,-103.7212597,38.024096,-103.657432,18831.0,Otero,Colorado,G0800890,38.024096,-103.657432,2011,72463,38.05,-103.5097,8.236209251075811,True,5538.0,1568.0,Good,Good,Good,Good,Suspicious,Good,Good,Good,False,False,False
G0800910,8,91,38.1505999,-107.7671334,38.139834,-107.746232,4436.0,Ouray,Colorado,G0800910,38.139834,-107.746232,2011,KRIL0,39.5263,-107.7269,95.8011647853371,True,7122.0,526.0,Good,Good,Good,Suspicious,Suspicious,Good,Good,Good,False,False,False
G0800930,8,93,39.1189141,-105.7176479,39.311718,-105.623144,16206.0,Park,Colorado,G0800930,39.311718,-105.623144,2011,KAPA0,39.5701,-104.8493,44.98563745795058,True,6127.0,791.0,Good,Good,Good,Good,Suspicious,Good,Good,Good,False,False,False
G0800950,8,95,40.5947117,-102.3451047,40.599517,-102.387354,4442.0,Phillips,Colorado,G0800950,40.599517,-102.387354,2011,72561,41.1,-102.9833,46.53882631972058,True,6571.0,890.0,Good,Good,Suspicious,Suspicious,Suspicious,Good,Good,Good,False,False,False
G0800970,8,97,39.2173323,-106.9157831,39.232543,-106.907765,17148.0,Pitkin,Colorado,G0800970,39.232543,-106.907765,2011,KRIL0,39.5263,-107.7269,48.2258940948462,True,7122.0,526.0,Good,Good,Good,Suspicious,Suspicious,Good,Good,Good,False,False,False
G0800990,8,99,37.9581814,-102.3921613,38.083772,-102.547035,12551.0,Prowers,Colorado,G0800990,38.083772,-102.547035,2011,72463,38.05,-103.5097,52.41740119925789,True,5538.0,1568.0,Good,Good,Good,Good,Suspicious,Good,Good,Good,False,False,False
G0801010,8,101,38.1706581,-104.4898925,38.263685,-104.645147,159063.0,Pueblo,Colorado,G0801010,38.263685,-104.645147,2011,72464,38.2833,-104.5,7.988943856577881,True,5892.0,1237.0,Good,Good,Suspicious,Good,Suspicious,Good,Good,Good,False,False,False
G0801030,8,103,39.9726223,-108.2007155,40.051033,-108.280174,6666.0,Rio Blanco,Colorado,G0801030,40.051033,-108.280174,2011,KRIL0,39.5263,-107.7269,46.66153764498531,True,7122.0,526.0,Good,Good,Good,Suspicious,Suspicious,Good,Good,Good,False,False,False
G0801050,8,105,37.4858534,-106.453128,37.616658,-106.238805,11982.0,Rio Grande,Colorado,G0801050,37.616658,-106.238805,2011,72462,37.4333,-105.8667,24.00541440573061,True,8340.0,177.0,Good,Good,Suspicious,Good,Suspicious,Suspicious,Good,Good,True,True,True
G0801070,8,107,40.4836638,-106.9877021,40.453133,-106.899535,23509.0,Routt,Colorado,G0801070,40.453133,-106.899535,2011,KRIL0,39.5263,-107.7269,77.58198416036116,True,7122.0,526.0,Good,Good,Good,Suspicious,Suspicious,Good,Good,Good,False,False,False
G0801090,8,109,38.0316514,-106.2346662,37.915302,-106.019489,6108.0,Saguache,Colorado,G0801090,37.915302,-106.019489,2011,72462,37.4333,-105.8667,34.335288804867986,True,8340.0,177.0,Good,Good,Suspicious,Good,Suspicious,Suspicious,Good,Good,True,True,True
G0801110,8,111,37.7810745,-107.6702566,37.804646,-107.673989,699.0,San Juan,Colorado,G0801110,37.804646,-107.673989,2011,72462,37.4333,-105.8667,102.18093476279032,True,8340.0,177.0,Good,Good,Suspicious,Good,Suspicious,Suspicious,Good,Good,True,True,True
G0801130,8,113,38.0093735,-108.427326,37.974202,-107.960034,7359.0,San Miguel,Colorado,G0801130,37.974202,-107.960034,2011,KRIL0,39.5263,-107.7269,107.97273137404623,True,7122.0,526.0,Good,Good,Good,Suspicious,Suspicious,Good,Good,Good,False,False,False
G0801150,8,115,40.8715679,-102.3553579,40.960246,-102.32767,2379.0,Sedgwick,Colorado,G0801150,40.960246,-102.32767,2011,72561,41.1,-102.9833,35.51039523331217,True,6571.0,890.0,Good,Good,Suspicious,Suspicious,Suspicious,Good,Good,Good,False,False,False
G0801170,8,117,39.6210227,-106.1375545,39.573131,-106.054579,27994.0,Summit,Colorado,G0801170,39.573131,-106.054579,2011,KAPA0,39.5701,-104.8493,64.19195609286652,True,6127.0,791.0,Good,Good,Good,Good,Suspicious,Good,Good,Good,False,False,False
G0801190,8,119,38.8719937,-105.1825519,38.94355,-105.140532,23350.0,Teller,Colorado,G0801190,38.94355,-105.140532,2011,72466,38.8167,-104.7167,24.423167202375488,True,6036.0,776.0,Good,Good,Good,Good,Suspicious,Good,Good,Good,False,True,True
G0801210,8,121,39.9657899,-103.2097445,40.092526,-103.156814,4814.0,Washington,Colorado,G0801210,40.092526,-103.156814,2011,72561,41.1,-102.9833,70.2023623080352,True,6571.0,890.0,Good,Good,Suspicious,Suspicious,Suspicious,Good,Good,Good,False,False,False
G0801230,8,123,40.5536965,-104.3942215,40.328082,-104.788507,252825.0,Weld,Colorado,G0801230,40.328082,-104.788507,2011,72565,39.8667,-104.6667,32.52196401480818,True,6176.0,880.0,Good,Good,Good,Good,Suspicious,Good,Good,Good,False,False,False
G0801250,8,125,40.0006314,-102.4226489,40.069473,-102.486935,10043.0,Yuma,Colorado,G0801250,40.069473,-102.486935,2011,72465,39.3667,-101.7,64.084628442814,True,6192.0,1034.0,Good,Good,Good,Good,Suspicious,Good,Good,Good,False,False,False
G0900010,9,1,41.2274198,-73.366988,41.207889,-73.364521,916829.0,Fairfield,Connecticut,G0900010,41.207889,-73.364521,2011,72504,41.1667,-73.1333,12.355006950227706,True,5013.0,1036.0,Good,Good,Good,Good,Suspicious,Good,Good,Good,False,False,False
G0900030,9,3,41.8060534,-72.7329157,41.761943,-72.717282,894014.0,Hartford,Connecticut,G0900030,41.761943,-72.717282,2011,KHFD0,41.7367,-72.6494,3.909767864441051,True,5383.0,1054.0,Good,Good,Good,Suspicious,Suspicious,Good,Good,Good,False,False,False
G0900050,9,5,41.7918833,-73.2354042,41.727851,-73.187494,189927.0,Litchfield,Connecticut,G0900050,41.727851,-73.187494,2011,KMMK0,41.5087,-72.8295,23.90002479231061,True,5615.0,804.0,Good,Good,Good,Suspicious,Suspicious,Good,Good,Good,False,False,False
G0900070,9,7,41.4330028,-72.5227802,41.478564,-72.571408,165676.0,Middlesex,Connecticut,G0900070,41.478564,-72.571408,2011,KMMK0,41.5087,-72.8295,13.518327588145814,True,5615.0,804.0,Good,Good,Good,Suspicious,Suspicious,Good,Good,Good,False,False,False
G0900090,9,9,41.3497173,-72.9002037,41.396052,-72.941497,862477.0,New Haven,Connecticut,G0900090,41.396052,-72.941497,2011,KHVN0,41.2638,-72.8868,9.568258259662382,True,5039.0,942.0,Good,Good,Good,Suspicious,Suspicious,Good,Good,Good,False,False,False
G0900110,9,11,41.4726514,-72.1086329,41.443373,-72.097683,274055.0,New London,Connecticut,G0900110,41.443373,-72.097683,2011,KHFD0,41.7367,-72.6494,34.97976800415002,True,5383.0,1054.0,Good,Good,Good,Suspicious,Suspicious,Good,Good,Good,False,False,False
G0900130,9,13,41.8580807,-72.3409779,41.842762,-72.37209,152691.0,Tolland,Connecticut,G0900130,41.842762,-72.37209,2011,KHFD0,41.7367,-72.6494,16.055715361292062,True,5383.0,1054.0,Good,Good,Good,Suspicious,Suspicious,Good,Good,Good,False,False,False
G0900150,9,15,41.8249987,-71.9907017,41.804225,-71.995072,118428.0,Windham,Connecticut,G0900150,41.804225,-71.995072,2011,72507,41.7333,-71.4333,29.361291218960787,True,5393.0,850.0,Good,Good,Good,Suspicious,Suspicious,Good,Good,Good,False,False,False
G1000010,10,1,39.0970884,-75.5029819,39.12322,-75.558604,162310.0,Kent,Delaware,G1000010,39.12322,-75.558604,2011,KGED0,38.6879,-75.3583,31.947680949754265,True,3942.0,1448.0,Good,Good,Good,Suspicious,Suspicious,Good,Good,Good,False,True,True
G1000030,10,3,39.5759152,-75.6441324,39.68502,-75.634376,538479.0,New Castle,Delaware,G1000030,39.68502,-75.634376,2011,72408,39.8667,-75.2333,24.721906702439973,True,4216.0,1537.0,Good,Good,Good,Good,Suspicious,Good,Good,Good,False,False,False
G1000050,10,5,38.6732275,-75.3370237,38.662387,-75.346649,197145.0,Sussex,Delaware,G1000050,38.662387,-75.346649,2011,KGED0,38.6879,-75.3583,1.8714588395551293,True,3942.0,1448.0,Good,Good,Good,Suspicious,Suspicious,Good,Good,Good,False,True,True
G1100010,11,1,38.9041031,-77.017229,38.91027,-77.014468,601723.0,District of Columbia,District of Columbia,G1100010,38.91027,-77.014468,2011,72405,38.85,-77.0333,4.285671987283828,True,3809.0,1805.0,Good,Good,Good,Suspicious,Suspicious,Good,Good,Good,False,False,False
G1200010,12,1,29.6757403,-82.357221,29.665903,-82.386845,247336.0,Alachua,Florida,G1200010,29.665903,-82.386845,2011,74756,29.6901,-82.2718,7.105605067175473,True,977.0,2836.0,Good,Good,Good,Good,Suspicious,Good,Good,Good,False,False,False
G1200030,12,3,30.3244416,-82.3022838,30.288432,-82.185477,27115.0,Baker,Florida,G1200030,30.288432,-82.185477,2011,KVQQ0,30.2187,-81.8767,19.04815658273133,True,1484.0,2227.0,Good,Good,Good,Suspicious,Suspicious,Good,Good,Good,True,True,True
G1200050,12,5,30.2381069,-85.631418,30.206925,-85.660217,168852.0,Bay,Florida,G1200050,30.206925,-85.660217,2011,KCEW0,30.7788,-86.5221,64.76367131558081,True,1899.0,2354.0,Good,Good,Good,Suspicious,Suspicious,Good,Good,Good,False,False,False
G1200070,12,7,29.9523863,-82.166599,29.953429,-82.128192,28520.0,Bradford,Florida,G1200070,29.953429,-82.128192,2011,74756,29.6901,-82.2718,20.12798421661579,True,977.0,2836.0,Good,Good,Good,Good,Suspicious,Good,Good,Good,False,False,False
G1200090,12,9,28.2983043,-80.7003309,28.232195,-80.690979,543376.0,Brevard,Florida,G1200090,28.232195,-80.690979,2011,72204,28.1,-80.65,9.468715390243217,True,296.0,3506.0,Good,Good,Good,Suspicious,Suspicious,Good,Good,Good,False,False,False
G1200110,12,11,26.1935353,-80.4766834,26.134058,-80.227135,1748066.0,Broward,Florida,G1200110,26.134058,-80.227135,2011,KFXE0,26.1973,-80.1707,5.5983246709517696,True,76.0,4760.0,Good,Good,Good,Suspicious,Good,Good,Good,Good,False,True,True
G1200130,12,13,30.3888013,-85.1979155,30.463143,-85.122189,14625.0,Calhoun,Florida,G1200130,30.463143,-85.122189,2011,72214,30.4,-84.0167,66.0031891272611,True,1503.0,2683.0,Good,Good,Good,Good,Suspicious,Good,Good,Good,False,False,False
G1200150,12,15,26.8689328,-81.9410769,26.954793,-82.119946,159978.0,Charlotte,Florida,G1200150,26.954793,-82.119946,2011,KPGD0,26.9189,-81.9909,8.326741837296069,True,324.0,3472.0,Good,Good,Good,Suspicious,Suspicious,Good,Good,Good,True,True,True
G1200170,12,17,28.8436276,-82.5247964,28.863598,-82.453512,141236.0,Citrus,Florida,G1200170,28.863598,-82.453512,2011,KLEE0,28.8229,-81.8084,39.14440692046132,True,567.0,3267.0,Good,Good,Good,Good,Suspicious,Good,Good,Good,False,False,False
G1200190,12,19,29.9865835,-81.8650364,30.084386,-81.79941,190865.0,Clay,Florida,G1200190,30.084386,-81.79941,2011,KVQQ0,30.2187,-81.8767,10.365572985771674,True,1484.0,2227.0,Good,Good,Good,Suspicious,Suspicious,Good,Good,Good,True,True,True
G1200210,12,21,26.1187363,-81.4009199,26.199831,-81.699625,321520.0,Collier,Florida,G1200210,26.199831,-81.699625,2011,KAPF0,26.1523,-81.7758,5.752885330080939,True,184.0,3924.0,Good,Good,Good,Suspicious,Good,Good,Good,Good,False,True,True
G1200230,12,23,30.2213332,-82.6231676,30.126051,-82.660566,67531.0,Columbia,Florida,G1200230,30.126051,-82.660566,2011,74756,29.6901,-82.2718,38.07135842486974,True,977.0,2836.0,Good,Good,Good,Good,Suspicious,Good,Good,Good,False,False,False
G1200270,12,27,27.1905809,-81.8062531,27.189369,-81.864094,34862.0,DeSoto,Florida,G1200270,27.189369,-81.864094,2011,KPGD0,26.9189,-81.9909,20.251144659873376,True,324.0,3472.0,Good,Good,Good,Suspicious,Suspicious,Good,Good,Good,True,True,True
G1200290,12,29,29.5808994,-83.1956656,29.634179,-83.056329,16422.0,Dixie,Florida,G1200290,29.634179,-83.056329,2011,72212,29.6333,-83.1,2.6234160374402404,True,1287.0,2543.0,Good,Good,Good,Suspicious,Suspicious,Good,Good,Good,False,False,False
G1200310,12,31,30.3352449,-81.6481132,30.300302,-81.622853,864263.0,Duval,Florida,G1200310,30.300302,-81.622853,2011,74782,30.3363,-81.5144,6.930242776908382,True,1035.0,2834.0,Good,Good,Good,Good,Suspicious,Good,Good,Good,True,True,True
G1200330,12,33,30.6116479,-87.3389481,30.485314,-87.274788,297619.0,Escambia,Florida,G1200330,30.485314,-87.274788,2011,72223,30.6833,-88.0667,49.04983114563039,True,1673.0,2598.0,Good,Good,Good,Suspicious,Suspicious,Good,Good,Good,False,False,False
G1200350,12,35,29.4749121,-81.2863054,29.523494,-81.224735,95696.0,Flagler,Florida,G1200350,29.523494,-81.224735,2011,74787,29.1799,-81.0581,25.773971009654087,True,651.0,2883.0,Good,Good,Good,Good,Suspicious,Good,Good,Good,False,False,False
G1200370,12,37,29.8101756,-84.7991742,29.786787,-84.822838,11549.0,Franklin,Florida,G1200370,29.786787,-84.822838,2011,72214,30.4,-84.0167,64.16735128812799,True,1503.0,2683.0,Good,Good,Good,Good,Suspicious,Good,Good,Good,False,False,False
G1200390,12,39,30.5786866,-84.6126072,30.59828,-84.581397,46389.0,Gadsden,Florida,G1200390,30.59828,-84.581397,2011,72214,30.4,-84.0167,36.30248002881854,True,1503.0,2683.0,Good,Good,Good,Good,Suspicious,Good,Good,Good,False,False,False
G1200410,12,41,29.7234556,-82.7958011,29.704639,-82.808262,16939.0,Gilchrist,Florida,G1200410,29.704639,-82.808262,2011,72212,29.6333,-83.1,18.19489492324044,True,1287.0,2543.0,Good,Good,Good,Suspicious,Suspicious,Good,Good,Good,False,False,False
G1200430,12,43,26.9548102,-81.1908197,26.896029,-81.185404,12884.0,Glades,Florida,G1200430,26.896029,-81.185404,2011,KRSW0,26.5362,-81.7552,43.06695974779067,True,236.0,3551.0,Good,Good,Good,Good,Suspicious,Good,Good,Good,True,True,True
G1200450,12,45,29.9072571,-85.2565366,29.988579,-85.259478,15863.0,Gulf,Florida,G1200450,29.988579,-85.259478,2011,72214,30.4,-84.0167,79.47454332001297,True,1503.0,2683.0,Good,Good,Good,Good,Suspicious,Good,Good,Good,False,False,False
G1200470,12,47,30.4912264,-82.9510695,30.501534,-82.997218,14799.0,Hamilton,Florida,G1200470,30.501534,-82.997218,2011,KVLD0,30.7814,-83.2762,25.474587808470726,True,1315.0,2951.0,Good,Good,Good,Suspicious,Suspicious,Good,Good,Good,False,False,False
G1200490,12,49,27.4928458,-81.8215798,27.548312,-81.815432,27731.0,Hardee,Florida,G1200490,27.548312,-81.815432,2011,KPGD0,26.9189,-81.9909,44.80424141282968,True,324.0,3472.0,Good,Good,Good,Suspicious,Suspicious,Good,Good,Good,True,True,True
G1200510,12,51,26.539967,-81.1521142,26.705392,-81.202571,39140.0,Hendry,Florida,G1200510,26.705392,-81.202571,2011,KRSW0,26.5362,-81.7552,36.08142058819542,True,236.0,3551.0,Good,Good,Good,Good,Suspicious,Good,Good,Good,True,True,True
G1200530,12,53,28.5730426,-82.4662272,28.50485,-82.496961,172778.0,Hernando,Florida,G1200530,28.50485,-82.496961,2011,72211,27.9667,-82.5333,37.24829922937829,True,399.0,3673.0,Good,Good,Good,Suspicious,Suspicious,Good,Good,Good,False,False,False
G1200550,12,55,27.3426272,-81.3409213,27.460415,-81.442555,98786.0,Highlands,Florida,G1200550,27.460415,-81.442555,2011,KPGD0,26.9189,-81.9909,50.35461923763421,True,324.0,3472.0,Good,Good,Good,Suspicious,Suspicious,Good,Good,Good,True,True,True
G1200570,12,57,27.9065898,-82.3495681,27.976529,-82.401275,1229226.0,Hillsborough,Florida,G1200570,27.976529,-82.401275,2011,72211,27.9667,-82.5333,8.084979030759209,True,399.0,3673.0,Good,Good,Good,Suspicious,Suspicious,Good,Good,Good,False,False,False
G1200590,12,59,30.866222,-85.8129589,30.847684,-85.758558,19927.0,Holmes,Florida,G1200590,30.847684,-85.758558,2011,KCEW0,30.7788,-86.5221,45.55792965764912,True,1899.0,2354.0,Good,Good,Good,Suspicious,Suspicious,Good,Good,Good,False,False,False
G1200610,12,61,27.7006382,-80.5748033,27.671827,-80.440581,138028.0,Indian River,Florida,G1200610,27.671827,-80.440581,2011,KVRB0,27.6556,-80.4179,1.7842330475521024,True,297.0,3569.0,Good,Good,Good,Suspicious,Suspicious,Good,Good,Good,False,False,False
G1200630,12,63,30.78925,-85.2088129,30.80024,-85.216119,49746.0,Jackson,Florida,G1200630,30.80024,-85.216119,2011,72214,30.4,-84.0167,76.5034878365051,True,1503.0,2683.0,Good,Good,Good,Good,Suspicious,Good,Good,Good,False,False,False
G1200650,12,65,30.4245577,-83.8908594,30.504031,-83.886291,14761.0,Jefferson,Florida,G1200650,30.504031,-83.886291,2011,72214,30.4,-84.0167,10.582920948826304,True,1503.0,2683.0,Good,Good,Good,Good,Suspicious,Good,Good,Good,False,False,False
G1200670,12,67,29.9900661,-83.1785097,30.065418,-83.179508,8870.0,Lafayette,Florida,G1200670,30.065418,-83.179508,2011,72212,29.6333,-83.1,30.234256210220828,True,1287.0,2543.0,Good,Good,Good,Suspicious,Suspicious,Good,Good,Good,False,False,False
G1200690,12,69,28.7641128,-81.7122822,28.735689,-81.752026,297052.0,Lake,Florida,G1200690,28.735689,-81.752026,2011,KLEE0,28.8229,-81.8084,6.925609250965777,True,567.0,3267.0,Good,Good,Good,Good,Suspicious,Good,Good,Good,False,False,False
G1200710,12,71,26.5516337,-81.8925086,26.574992,-81.858144,618754.0,Lee,Florida,G1200710,26.574992,-81.858144,2011,KFMY0,26.5866,-81.8632,0.8607332731137565,True,219.0,3828.0,Good,Good,Good,Good,Suspicious,Good,Good,Good,False,False,False
G1200730,12,73,30.4593104,-84.2778004,30.466103,-84.270371,275487.0,Leon,Florida,G1200730,30.466103,-84.270371,2011,72214,30.4,-84.0167,15.787220238881114,True,1503.0,2683.0,Good,Good,Good,Good,Suspicious,Good,Good,Good,False,False,False
G1200750,12,75,29.2844566,-82.783462,29.379995,-82.666319,40801.0,Levy,Florida,G1200750,29.379995,-82.666319,2011,72212,29.6333,-83.1,31.406511018180662,True,1287.0,2543.0,Good,Good,Good,Suspicious,Suspicious,Good,Good,Good,False,False,False
G1200770,12,77,30.2598494,-84.8685805,30.399795,-84.905169,8365.0,Liberty,Florida,G1200770,30.399795,-84.905169,2011,72214,30.4,-84.0167,52.94727043079325,True,1503.0,2683.0,Good,Good,Good,Good,Suspicious,Good,Good,Good,False,False,False
G1200790,12,79,30.4472326,-83.4704159,30.47263,-83.430563,19224.0,Madison,Florida,G1200790,30.47263,-83.430563,2011,KVLD0,30.7814,-83.2762,23.22424589026805,True,1315.0,2951.0,Good,Good,Good,Suspicious,Suspicious,Good,Good,Good,False,False,False
G1200810,12,81,27.4816825,-82.3687669,27.477054,-82.532775,322833.0,Manatee,Florida,G1200810,27.477054,-82.532775,2011,KSRQ0,27.3954,-82.5544,5.795497380221237,True,399.0,3405.0,Good,Good,Good,Suspicious,Suspicious,Good,Good,Good,False,False,False
G1200830,12,83,29.2028047,-82.0431004,29.140116,-82.123367,331298.0,Marion,Florida,G1200830,29.140116,-82.123367,2011,KLEE0,28.8229,-81.8084,29.030695276737244,True,567.0,3267.0,Good,Good,Good,Good,Suspicious,Good,Good,Good,False,False,False
G1200850,12,85,27.0799538,-80.3982112,27.1443,-80.244395,146318.0,Martin,Florida,G1200850,27.1443,-80.244395,2011,KFPR0,27.4975,-80.3726,25.641363527876425,True,329.0,3417.0,Good,Good,Good,Good,Suspicious,Good,Good,Good,False,False,False
G1200860,12,86,25.6104937,-80.4990449,25.774565,-80.298888,2496435.0,Miami-Dade,Florida,G1200860,25.774565,-80.298888,2011,72202,25.7833,-80.3167,1.2618946418882195,True,66.0,4680.0,Good,Good,Good,Suspicious,Good,Good,Good,Good,False,False,False
G1200870,12,87,25.6010428,-81.2067767,24.739678,-81.263945,73090.0,Monroe,Florida,G1200870,24.739678,-81.263945,2011,KMTH0,24.7262,-81.0514,13.370775883910277,True,44.0,5142.0,Good,Good,Good,Suspicious,Good,Good,Good,Good,True,True,True
G1200890,12,89,30.6059257,-81.7649287,30.607962,-81.647153,73314.0,Nassau,Florida,G1200890,30.607962,-81.647153,2011,KNRB0,30.3914,-81.4245,19.989766241069507,True,940.0,2865.0,Good,Good,Good,Good,Suspicious,Good,Good,Good,True,True,True
G1200910,12,91,30.6658583,-86.5941941,30.542829,-86.567105,180822.0,Okaloosa,Florida,G1200910,30.542829,-86.567105,2011,KCEW0,30.7788,-86.5221,16.521974573427805,True,1899.0,2354.0,Good,Good,Good,Suspicious,Suspicious,Good,Good,Good,False,False,False
G1200930,12,93,27.3855924,-80.8873884,27.272057,-80.822153,39996.0,Okeechobee,Florida,G1200930,27.272057,-80.822153,2011,KFPR0,27.4975,-80.3726,31.67494256716832,True,329.0,3417.0,Good,Good,Good,Good,Suspicious,Good,Good,Good,False,False,False
G1200950,12,95,28.514435,-81.323295,28.532855,-81.384377,1145956.0,Orange,Florida,G1200950,28.532855,-81.384377,2011,KSFB0,28.7767,-81.2355,19.113760155940728,True,511.0,3112.0,Good,Good,Good,Suspicious,Suspicious,Good,Good,Good,False,True,True
G1200970,12,97,28.0590267,-81.1393116,28.266765,-81.383484,268685.0,Osceola,Florida,G1200970,28.266765,-81.383484,2011,72205,28.4167,-81.0,25.51757499998697,True,411.0,3242.0,Good,Good,Good,Good,Suspicious,Good,Good,Good,True,True,True
G1200990,12,99,26.649124,-80.4483739,26.617075,-80.146119,1320134.0,Palm Beach,Florida,G1200990,26.617075,-80.146119,2011,72203,26.6833,-80.1,5.389626973343251,True,111.0,4568.0,Good,Good,Good,Suspicious,Good,Good,Good,Good,False,False,False
G1201010,12,101,28.3077374,-82.4647183,28.261606,-82.51608,464697.0,Pasco,Florida,G1201010,28.261606,-82.51608,2011,72211,27.9667,-82.5333,20.403034699430407,True,399.0,3673.0,Good,Good,Good,Suspicious,Suspicious,Good,Good,Good,False,False,False
G1201030,12,103,27.903122,-82.739518,27.899794,-82.727651,916542.0,Pinellas,Florida,G1201030,27.899794,-82.727651,2011,KPIE0,27.91,-82.6874,2.556869632159952,True,419.0,3465.0,Good,Good,Good,Suspicious,Suspicious,Good,Good,Good,False,True,True
G1201050,12,105,27.9531147,-81.6927831,28.03114,-81.799975,602095.0,Polk,Florida,G1201050,28.03114,-81.799975,2011,72211,27.9667,-82.5333,44.95843888494068,True,399.0,3673.0,Good,Good,Good,Suspicious,Suspicious,Good,Good,Good,False,False,False
G1201070,12,107,29.6060059,-81.7408939,29.609299,-81.720431,74364.0,Putnam,Florida,G1201070,29.609299,-81.720431,2011,74756,29.6901,-82.2718,33.57522623438981,True,977.0,2836.0,Good,Good,Good,Good,Suspicious,Good,Good,Good,False,False,False
G1201090,12,109,29.8906441,-81.3839483,29.977088,-81.421504,190039.0,St. Johns,Florida,G1201090,29.977088,-81.421504,2011,74782,30.3363,-81.5144,25.432060996662017,True,1035.0,2834.0,Good,Good,Good,Good,Suspicious,Good,Good,Good,True,True,True
G1201110,12,111,27.379812,-80.4435373,27.338067,-80.353183,277789.0,St. Lucie,Florida,G1201110,27.338067,-80.353183,2011,KFPR0,27.4975,-80.3726,11.07993755157523,True,329.0,3417.0,Good,Good,Good,Good,Suspicious,Good,Good,Good,False,False,False
G1201130,12,113,30.7018378,-87.0127623,30.549593,-87.036954,151372.0,Santa Rosa,Florida,G1201130,30.549593,-87.036954,2011,KCEW0,30.7788,-86.5221,34.454094827668875,True,1899.0,2354.0,Good,Good,Good,Suspicious,Suspicious,Good,Good,Good,False,False,False
G1201150,12,115,27.1843855,-82.3658351,27.208205,-82.423893,379448.0,Sarasota,Florida,G1201150,27.208205,-82.423893,2011,KSRQ0,27.3954,-82.5544,15.214766946565128,True,399.0,3405.0,Good,Good,Good,Suspicious,Suspicious,Good,Good,Good,False,False,False
G1201170,12,117,28.6900793,-81.1319797,28.697834,-81.310445,422718.0,Seminole,Florida,G1201170,28.697834,-81.310445,2011,KSFB0,28.7767,-81.2355,7.0928282532342015,True,511.0,3112.0,Good,Good,Good,Suspicious,Suspicious,Good,Good,Good,False,True,True
G1201190,12,119,28.7142938,-82.0747152,28.825768,-82.035469,93420.0,Sumter,Florida,G1201190,28.825768,-82.035469,2011,KLEE0,28.8229,-81.8084,13.746544168047262,True,567.0,3267.0,Good,Good,Good,Good,Suspicious,Good,Good,Good,False,False,False
G1201210,12,121,30.1892438,-82.9927542,30.214688,-82.987546,41551.0,Suwannee,Florida,G1201210,30.214688,-82.987546,2011,72212,29.6333,-83.1,40.73053343251915,True,1287.0,2543.0,Good,Good,Good,Suspicious,Suspicious,Good,Good,Good,False,False,False
G1201230,12,123,30.0099084,-83.6094825,30.064881,-83.597967,22570.0,Taylor,Florida,G1201230,30.064881,-83.597967,2011,72214,30.4,-84.0167,34.0728340149389,True,1503.0,2683.0,Good,Good,Good,Good,Suspicious,Good,Good,Good,False,False,False
G1201250,12,125,30.0542796,-82.366918,30.010768,-82.356919,15535.0,Union,Florida,G1201250,30.010768,-82.356919,2011,74756,29.6901,-82.2718,22.73560511667716,True,977.0,2836.0,Good,Good,Good,Good,Suspicious,Good,Good,Good,False,False,False
G1201270,12,127,29.0576977,-81.1618044,29.073725,-81.123944,494593.0,Volusia,Florida,G1201270,29.073725,-81.123944,2011,74787,29.1799,-81.0581,8.343258970753304,True,651.0,2883.0,Good,Good,Good,Good,Suspicious,Good,Good,Good,False,False,False
G1201290,12,129,30.1403575,-84.3751122,30.185525,-84.331546,30776.0,Wakulla,Florida,G1201290,30.185525,-84.331546,2011,72214,30.4,-84.0167,23.925182921451448,True,1503.0,2683.0,Good,Good,Good,Good,Suspicious,Good,Good,Good,False,False,False
G1201310,12,131,30.6312106,-86.1766139,30.583729,-86.190665,55043.0,Walton,Florida,G1201310,30.583729,-86.190665,2011,KCEW0,30.7788,-86.5221,23.864764273295894,True,1899.0,2354.0,Good,Good,Good,Suspicious,Suspicious,Good,Good,Good,False,False,False
G1201330,12,133,30.6022166,-85.6627968,30.650718,-85.625419,24896.0,Washington,Florida,G1201330,30.650718,-85.625419,2011,KCEW0,30.7788,-86.5221,53.99369973622768,True,1899.0,2354.0,Good,Good,Good,Suspicious,Suspicious,Good,Good,Good,False,False,False
G1300010,13,1,31.739712,-82.2901025,31.77388,-82.338473,18236.0,Appling,Georgia,G1300010,31.77388,-82.338473,2011,72217,32.6833,-83.15,78.72675000730183,True,2382.0,2268.0,Good,Good,Good,Suspicious,Suspicious,Good,Good,Good,False,False,False
G1300030,13,3,31.2968609,-82.8781986,31.317301,-82.886363,8375.0,Atkinson,Georgia,G1300030,31.317301,-82.886363,2011,KVLD0,30.7814,-83.2762,43.62914413869032,True,1315.0,2951.0,Good,Good,Good,Suspicious,Suspicious,Good,Good,Good,False,False,False
G1300050,13,5,31.5633274,-82.3878591,31.547221,-82.466071,11096.0,Bacon,Georgia,G1300050,31.547221,-82.466071,2011,KVLD0,30.7814,-83.2762,71.3708737030724,True,1315.0,2951.0,Good,Good,Good,Suspicious,Suspicious,Good,Good,Good,False,False,False
G1300070,13,7,31.3195798,-84.4548812,31.307754,-84.437989,3451.0,Baker,Georgia,G1300070,31.307754,-84.437989,2011,72216,31.5333,-84.2,20.97035020689586,True,1768.0,2680.0,Good,Good,Good,Suspicious,Suspicious,Good,Good,Good,False,True,True
G1300090,13,9,33.0594897,-83.2554566,33.084849,-83.245659,45720.0,Baldwin,Georgia,G1300090,33.084849,-83.245659,2011,72217,32.6833,-83.15,28.294083833885388,True,2382.0,2268.0,Good,Good,Good,Suspicious,Suspicious,Good,Good,Good,False,False,False
G1300110,13,11,34.3519216,-83.4984409,34.351255,-83.506647,18395.0,Banks,Georgia,G1300110,34.351255,-83.506647,2011,KGVL0,34.2726,-83.8302,19.24820200333572,True,2968.0,1839.0,Good,Good,Good,Suspicious,Suspicious,Good,Good,Good,False,False,False
G1300130,13,13,33.9920094,-83.7123025,33.993054,-83.7275,69367.0,Barrow,Georgia,G1300130,33.993054,-83.7275,2011,KGVL0,34.2726,-83.8302,20.18806831408481,True,2968.0,1839.0,Good,Good,Good,Suspicious,Suspicious,Good,Good,Good,False,False,False
G1300150,13,15,34.2409175,-84.8381879,34.208435,-84.829122,100157.0,Bartow,Georgia,G1300150,34.208435,-84.829122,2011,72227,33.9167,-84.5167,26.94603421528635,True,2859.0,1931.0,Good,Good,Good,Good,Suspicious,Good,Good,Good,True,True,True
G1300170,13,17,31.7407755,-83.1471898,31.727638,-83.248636,17634.0,Ben Hill,Georgia,G1300170,31.727638,-83.248636,2011,72216,31.5333,-84.2,57.55608662642975,True,1768.0,2680.0,Good,Good,Good,Suspicious,Suspicious,Good,Good,Good,False,True,True
G1300190,13,19,31.2886522,-83.2278695,31.238588,-83.252459,19286.0,Berrien,Georgia,G1300190,31.238588,-83.252459,2011,KVLD0,30.7814,-83.2762,31.619899026438063,True,1315.0,2951.0,Good,Good,Good,Suspicious,Suspicious,Good,Good,Good,False,False,False
G1300210,13,21,32.8088443,-83.6941934,32.832049,-83.687184,155547.0,Bibb,Georgia,G1300210,32.832049,-83.687184,2011,72217,32.6833,-83.15,32.86162327109089,True,2382.0,2268.0,Good,Good,Good,Suspicious,Suspicious,Good,Good,Good,False,False,False
G1300230,13,23,32.4354034,-83.3317174,32.401368,-83.33214,13063.0,Bleckley,Georgia,G1300230,32.401368,-83.33214,2011,72217,32.6833,-83.15,22.18110081308292,True,2382.0,2268.0,Good,Good,Good,Suspicious,Suspicious,Good,Good,Good,False,False,False
G1300250,13,25,31.1973339,-81.9829779,31.216648,-81.96997,18411.0,Brantley,Georgia,G1300250,31.216648,-81.96997,2011,KNRB0,30.3914,-81.4245,65.5671193487916,True,940.0,2865.0,Good,Good,Good,Good,Suspicious,Good,Good,Good,True,True,True
G1300270,13,27,30.8229337,-83.5819054,30.842082,-83.54009,16243.0,Brooks,Georgia,G1300270,30.842082,-83.54009,2011,KVLD0,30.7814,-83.2762,16.211095065844198,True,1315.0,2951.0,Good,Good,Good,Suspicious,Suspicious,Good,Good,Good,False,False,False
G1300290,13,29,32.0179692,-81.4385431,31.979537,-81.375954,30233.0,Bryan,Georgia,G1300290,31.979537,-81.375954,2011,72207,32.1167,-81.0333,22.19236814384305,True,1747.0,2569.0,Good,Good,Good,Good,Suspicious,Good,Good,Good,False,False,False
G1300310,13,31,32.3934083,-81.7438099,32.417702,-81.76242,70217.0,Bulloch,Georgia,G1300310,32.417702,-81.76242,2011,72207,32.1167,-81.0333,47.40304267933936,True,1747.0,2569.0,Good,Good,Good,Good,Suspicious,Good,Good,Good,False,False,False
G1300330,13,33,33.0508189,-82.0115709,33.101987,-81.998447,23316.0,Burke,Georgia,G1300330,33.101987,-81.998447,2011,72218,33.3667,-81.9667,18.38168880627424,True,2378.0,2357.0,Good,Good,Good,Good,Suspicious,Good,Good,Good,True,True,True
G1300350,13,35,33.2903551,-83.9582206,33.296102,-83.970002,23655.0,Butts,Georgia,G1300350,33.296102,-83.970002,2011,72219,33.65,-84.1,25.574075487522123,True,2561.0,2126.0,Good,Good,Good,Suspicious,Suspicious,Good,Good,Good,False,False,False
G1300370,13,37,31.521279,-84.6262895,31.527412,-84.668445,6694.0,Calhoun,Georgia,G1300370,31.527412,-84.668445,2011,72216,31.5333,-84.2,27.59091765355645,True,1768.0,2680.0,Good,Good,Good,Suspicious,Suspicious,Good,Good,Good,False,True,True
G1300390,13,39,30.9133473,-81.6420006,30.814165,-81.635079,50513.0,Camden,Georgia,G1300390,30.814165,-81.635079,2011,KNRB0,30.3914,-81.4245,31.781501799681777,True,940.0,2865.0,Good,Good,Good,Good,Suspicious,Good,Good,Good,True,True,True
G1300430,13,43,32.4038515,-82.071235,32.399861,-82.062305,10998.0,Candler,Georgia,G1300430,32.399861,-82.062305,2011,72207,32.1167,-81.0333,63.22630324702762,True,1747.0,2569.0,Good,Good,Good,Good,Suspicious,Good,Good,Good,False,False,False
G1300450,13,45,33.5822366,-85.0805272,33.622193,-85.044673,110527.0,Carroll,Georgia,G1300450,33.622193,-85.044673,2011,KFTY0,33.7791,-84.5214,31.972841291343865,True,2783.0,1952.0,Good,Good,Good,Suspicious,Suspicious,Good,Good,Good,True,True,True
G1300470,13,47,34.8993926,-85.1373531,34.927795,-85.17282,63942.0,Catoosa,Georgia,G1300470,34.927795,-85.17282,2011,72324,35.0333,-85.2,7.450312170274778,True,3098.0,1957.0,Good,Good,Good,Suspicious,Suspicious,Good,Good,Good,False,False,False
G1300490,13,49,30.7799036,-82.1396442,30.780002,-82.023033,12171.0,Charlton,Georgia,G1300490,30.780002,-82.023033,2011,KVQQ0,30.2187,-81.8767,39.74860647537517,True,1484.0,2227.0,Good,Good,Good,Suspicious,Suspicious,Good,Good,Good,True,True,True
G1300510,13,51,31.980523,-81.0851899,32.036008,-81.126449,265128.0,Chatham,Georgia,G1300510,32.036008,-81.126449,2011,72207,32.1167,-81.0333,7.798972269648296,True,1747.0,2569.0,Good,Good,Good,Good,Suspicious,Good,Good,Good,False,False,False
G1300530,13,53,32.3474454,-84.7880206,32.344231,-84.899254,11267.0,Chattahoochee,Georgia,G1300530,32.344231,-84.899254,2011,72226,32.3,-86.0667,68.23259206545333,True,2075.0,2401.0,Good,Good,Good,Good,Suspicious,Good,Good,Good,False,False,False
G1300550,13,55,34.4741785,-85.3452894,34.495509,-85.344167,26015.0,Chattooga,Georgia,G1300550,34.495509,-85.344167,2011,72324,35.0333,-85.2,38.04811094598344,True,3098.0,1957.0,Good,Good,Good,Suspicious,Suspicious,Good,Good,Good,False,False,False
G1300570,13,57,34.2443166,-84.4750574,34.169606,-84.496595,214346.0,Cherokee,Georgia,G1300570,34.169606,-84.496595,2011,72227,33.9167,-84.5167,17.511980346925363,True,2859.0,1931.0,Good,Good,Good,Good,Suspicious,Good,Good,Good,True,True,True
G1300590,13,59,33.9521852,-83.3671522,33.950406,-83.380863,116714.0,Clarke,Georgia,G1300590,33.950406,-83.380863,2011,KGVL0,34.2726,-83.8302,34.00432293969812,True,2968.0,1839.0,Good,Good,Good,Suspicious,Suspicious,Good,Good,Good,False,False,False
G1300630,13,63,33.5426863,-84.3555727,33.553383,-84.362238,259424.0,Clayton,Georgia,G1300630,33.553383,-84.362238,2011,72219,33.65,-84.1,16.501845917890908,True,2561.0,2126.0,Good,Good,Good,Suspicious,Suspicious,Good,Good,Good,False,False,False
G1300650,13,65,30.9176531,-82.7026143,31.017888,-82.740932,6798.0,Clinch,Georgia,G1300650,31.017888,-82.740932,2011,KVLD0,30.7814,-83.2762,35.693811905634185,True,1315.0,2951.0,Good,Good,Good,Suspicious,Suspicious,Good,Good,Good,False,False,False
G1300670,13,67,33.93994,-84.5741657,33.943254,-84.557878,688078.0,Cobb,Georgia,G1300670,33.943254,-84.557878,2011,72227,33.9167,-84.5167,2.989789269355506,True,2859.0,1931.0,Good,Good,Good,Good,Suspicious,Good,Good,Good,True,True,True
G1300690,13,69,31.5492446,-82.8449382,31.516,-82.840667,42356.0,Coffee,Georgia,G1300690,31.516,-82.840667,2011,KVLD0,30.7814,-83.2762,56.915815628136016,True,1315.0,2951.0,Good,Good,Good,Suspicious,Suspicious,Good,Good,Good,False,False,False
G1300710,13,71,31.1897575,-83.7697405,31.180955,-83.768671,45498.0,Colquitt,Georgia,G1300710,31.180955,-83.768671,2011,72216,31.5333,-84.2,35.21809528150309,True,1768.0,2680.0,Good,Good,Good,Suspicious,Suspicious,Good,Good,Good,False,True,True
G1300730,13,73,33.5476299,-82.2522954,33.51622,-82.165654,124053.0,Columbia,Georgia,G1300730,33.51622,-82.165654,2011,KDNL0,33.4665,-82.0394,8.045281086446396,True,2103.0,2468.0,Good,Good,Good,Good,Suspicious,Good,Good,Good,False,False,False
G1300750,13,75,31.1525285,-83.4294384,31.149847,-83.424499,17212.0,Cook,Georgia,G1300750,31.149847,-83.424499,2011,KVLD0,30.7814,-83.2762,26.93074592864992,True,1315.0,2951.0,Good,Good,Good,Suspicious,Suspicious,Good,Good,Good,False,False,False
G1300770,13,77,33.3528965,-84.7621381,33.379117,-84.736399,127317.0,Coweta,Georgia,G1300770,33.379117,-84.736399,2011,72215,33.3667,-84.5667,9.82920799773741,True,2947.0,1694.0,Good,Good,Good,Suspicious,Suspicious,Good,Good,Good,False,False,False
G1300790,13,79,32.7094283,-83.9791874,32.707681,-83.934002,12630.0,Crawford,Georgia,G1300790,32.707681,-83.934002,2011,72217,32.6833,-83.15,45.61735263088144,True,2382.0,2268.0,Good,Good,Good,Suspicious,Suspicious,Good,Good,Good,False,False,False
G1300810,13,81,31.9151491,-83.7535313,31.947962,-83.777791,23439.0,Crisp,Georgia,G1300810,31.947962,-83.777791,2011,72216,31.5333,-84.2,37.89874522917548,True,1768.0,2680.0,Good,Good,Good,Suspicious,Suspicious,Good,Good,Good,False,True,True
G1300830,13,83,34.8524237,-85.5062006,34.882709,-85.497004,16633.0,Dade,Georgia,G1300830,34.882709,-85.497004,2011,72324,35.0333,-85.2,19.776741450771432,True,3098.0,1957.0,Good,Good,Good,Suspicious,Suspicious,Good,Good,Good,False,False,False
G1300850,13,85,34.4428421,-84.1732841,34.40138,-84.104119,22330.0,Dawson,Georgia,G1300850,34.40138,-84.104119,2011,KGVL0,34.2726,-83.8302,17.983322461473946,True,2968.0,1839.0,Good,Good,Good,Suspicious,Suspicious,Good,Good,Good,False,False,False
G1300870,13,87,30.8806553,-84.5841442,30.888345,-84.57036,27842.0,Decatur,Georgia,G1300870,30.888345,-84.57036,2011,72214,30.4,-84.0167,47.1345130024517,True,1503.0,2683.0,Good,Good,Good,Good,Suspicious,Good,Good,Good,False,False,False
G1300890,13,89,33.7706611,-84.2263431,33.789813,-84.248029,691893.0,DeKalb,Georgia,G1300890,33.789813,-84.248029,2011,KPDK0,33.8756,-84.302,6.687899510838638,True,2865.0,1968.0,Good,Good,Good,Good,Suspicious,Good,Good,Good,False,False,False
G1300910,13,91,32.1602346,-83.1562413,32.212815,-83.175591,21796.0,Dodge,Georgia,G1300910,32.212815,-83.175591,2011,72217,32.6833,-83.15,32.54158887445428,True,2382.0,2268.0,Good,Good,Good,Suspicious,Suspicious,Good,Good,Good,False,False,False
G1300930,13,93,32.1519954,-83.807167,32.16758,-83.784195,14918.0,Dooly,Georgia,G1300930,32.16758,-83.784195,2011,72216,31.5333,-84.2,50.160788766023806,True,1768.0,2680.0,Good,Good,Good,Suspicious,Suspicious,Good,Good,Good,False,True,True
G1300950,13,95,31.5325876,-84.20904,31.573426,-84.167625,94565.0,Dougherty,Georgia,G1300950,31.573426,-84.167625,2011,72216,31.5333,-84.2,3.364509605250982,True,1768.0,2680.0,Good,Good,Good,Suspicious,Suspicious,Good,Good,Good,False,True,True
G1300970,13,97,33.6993166,-84.7659441,33.724923,-84.734644,132403.0,Douglas,Georgia,G1300970,33.724923,-84.734644,2011,KFTY0,33.7791,-84.5214,12.809503297847067,True,2783.0,1952.0,Good,Good,Good,Suspicious,Suspicious,Good,Good,Good,True,True,True
G1300990,13,99,31.3241906,-84.9067225,31.331726,-84.916722,11008.0,Early,Georgia,G1300990,31.331726,-84.916722,2011,72216,31.5333,-84.2,44.48982207507885,True,1768.0,2680.0,Good,Good,Good,Suspicious,Suspicious,Good,Good,Good,False,True,True
G1301010,13,101,30.7085,-82.836132,30.708629,-83.057989,4034.0,Echols,Georgia,G1301010,30.708629,-83.057989,2011,KVLD0,30.7814,-83.2762,13.89917262991876,True,1315.0,2951.0,Good,Good,Good,Suspicious,Suspicious,Good,Good,Good,False,False,False
G1301030,13,103,32.3617106,-81.3433367,32.291745,-81.299511,52250.0,Effingham,Georgia,G1301030,32.291745,-81.299511,2011,72207,32.1167,-81.0333,19.71045178200583,True,1747.0,2569.0,Good,Good,Good,Good,Suspicious,Good,Good,Good,False,False,False
G1301050,13,105,34.1164548,-82.8418338,34.126521,-82.879523,20166.0,Elbert,Georgia,G1301050,34.126521,-82.879523,2011,KCEU0,34.6719,-82.8868,37.684320003860485,True,2440.0,2245.0,Good,Good,Good,Suspicious,Suspicious,Good,Good,Good,False,True,True
G1301070,13,107,32.5910995,-82.2997628,32.58586,-82.307952,22598.0,Emanuel,Georgia,G1301070,32.58586,-82.307952,2011,72217,32.6833,-83.15,49.45510469677409,True,2382.0,2268.0,Good,Good,Good,Suspicious,Suspicious,Good,Good,Good,False,False,False
G1301090,13,109,32.153087,-81.8901549,32.169649,-81.907367,11000.0,Evans,Georgia,G1301090,32.169649,-81.907367,2011,72207,32.1167,-81.0333,51.26589663050686,True,1747.0,2569.0,Good,Good,Good,Good,Suspicious,Good,Good,Good,False,False,False
G1301110,13,111,34.8665428,-84.3173308,34.901383,-84.313402,23682.0,Fannin,Georgia,G1301110,34.901383,-84.313402,2011,72324,35.0333,-85.2,51.02017641740523,True,3098.0,1957.0,Good,Good,Good,Suspicious,Suspicious,Good,Good,Good,False,False,False
G1301130,13,113,33.4127172,-84.4939407,33.427941,-84.512414,106567.0,Fayette,Georgia,G1301130,33.427941,-84.512414,2011,72215,33.3667,-84.5667,5.264047569253044,True,2947.0,1694.0,Good,Good,Good,Suspicious,Suspicious,Good,Good,Good,False,False,False
G1301150,13,115,34.2636769,-85.2137297,34.255796,-85.183164,96317.0,Floyd,Georgia,G1301150,34.255796,-85.183164,2011,72227,33.9167,-84.5167,44.7586517910548,True,2859.0,1931.0,Good,Good,Good,Good,Suspicious,Good,Good,Good,True,True,True
G1301170,13,117,34.225143,-84.1274353,34.19492,-84.144322,175511.0,Forsyth,Georgia,G1301170,34.19492,-84.144322,2011,KGVL0,34.2726,-83.8302,18.72903413466721,True,2968.0,1839.0,Good,Good,Good,Suspicious,Suspicious,Good,Good,Good,False,False,False
G1301190,13,119,34.3750807,-83.2280639,34.377335,-83.186079,22084.0,Franklin,Georgia,G1301190,34.377335,-83.186079,2011,KCEU0,34.6719,-82.8868,26.54166263582509,True,2440.0,2245.0,Good,Good,Good,Suspicious,Suspicious,Good,Good,Good,False,True,True
G1301210,13,121,33.7900338,-84.4681816,33.836086,-84.393645,920581.0,Fulton,Georgia,G1301210,33.836086,-84.393645,2011,KPDK0,33.8756,-84.302,5.924908896754157,True,2865.0,1968.0,Good,Good,Good,Good,Suspicious,Good,Good,Good,False,False,False
G1301230,13,123,34.6904951,-84.4546507,34.677249,-84.483646,28292.0,Gilmer,Georgia,G1301230,34.677249,-84.483646,2011,KGVL0,34.2726,-83.8302,46.55049314671644,True,2968.0,1839.0,Good,Good,Good,Suspicious,Suspicious,Good,Good,Good,False,False,False
G1301270,13,127,31.2127465,-81.4965167,31.202698,-81.486488,79626.0,Glynn,Georgia,G1301270,31.202698,-81.486488,2011,72206,30.5,-81.0333,55.49657926093208,True,1304.0,2483.0,Good,Good,Good,Suspicious,Suspicious,Good,Good,Good,False,False,False
G1301290,13,129,34.5096669,-84.8738622,34.498326,-84.908795,55186.0,Gordon,Georgia,G1301290,34.498326,-84.908795,2011,72324,35.0333,-85.2,40.490280711603,True,3098.0,1957.0,Good,Good,Good,Suspicious,Suspicious,Good,Good,Good,False,False,False
G1301310,13,131,30.875891,-84.2450655,30.882764,-84.214288,25011.0,Grady,Georgia,G1301310,30.882764,-84.214288,2011,72214,30.4,-84.0167,35.36339329480587,True,1503.0,2683.0,Good,Good,Good,Good,Suspicious,Good,Good,Good,False,False,False
G1301330,13,133,33.5767403,-83.1666127,33.549876,-83.166093,15994.0,Greene,Georgia,G1301330,33.549876,-83.166093,2011,72219,33.65,-84.1,54.18890794383074,True,2561.0,2126.0,Good,Good,Good,Suspicious,Suspicious,Good,Good,Good,False,False,False
G1301350,13,135,33.9591477,-84.0230847,33.951956,-84.057963,805321.0,Gwinnett,Georgia,G1301350,33.951956,-84.057963,2011,KPDK0,33.8756,-84.302,14.954343028971657,True,2865.0,1968.0,Good,Good,Good,Good,Suspicious,Good,Good,Good,False,False,False
G1301370,13,137,34.6343924,-83.5258749,34.56516,-83.541626,43041.0,Habersham,Georgia,G1301370,34.56516,-83.541626,2011,KGVL0,34.2726,-83.8302,26.06018062097045,True,2968.0,1839.0,Good,Good,Good,Suspicious,Suspicious,Good,Good,Good,False,False,False
G1301390,13,139,34.3175876,-83.8184973,34.275205,-83.844712,179684.0,Hall,Georgia,G1301390,34.275205,-83.844712,2011,KGVL0,34.2726,-83.8302,0.8478949803299588,True,2968.0,1839.0,Good,Good,Good,Suspicious,Suspicious,Good,Good,Good,False,False,False
G1301410,13,141,33.2692195,-83.0004653,33.255825,-83.002047,9429.0,Hancock,Georgia,G1301410,33.255825,-83.002047,2011,72217,32.6833,-83.15,40.47664715206994,True,2382.0,2268.0,Good,Good,Good,Suspicious,Suspicious,Good,Good,Good,False,False,False
G1301430,13,143,33.7951649,-85.2200622,33.76192,-85.18547,28780.0,Haralson,Georgia,G1301430,33.76192,-85.18547,2011,KFTY0,33.7791,-84.5214,38.15941832868847,True,2783.0,1952.0,Good,Good,Good,Suspicious,Suspicious,Good,Good,Good,True,True,True
G1301450,13,145,32.7315494,-84.912432,32.699933,-84.895034,32024.0,Harris,Georgia,G1301450,32.699933,-84.895034,2011,72215,33.3667,-84.5667,49.84038183415079,True,2947.0,1694.0,Good,Good,Good,Suspicious,Suspicious,Good,Good,Good,False,False,False
G1301470,13,147,34.3487328,-82.96329,34.355413,-82.964953,25213.0,Hart,Georgia,G1301470,34.355413,-82.964953,2011,KCEU0,34.6719,-82.8868,22.315213453421503,True,2440.0,2245.0,Good,Good,Good,Suspicious,Suspicious,Good,Good,Good,False,True,True
G1301490,13,149,33.2913474,-85.1378787,33.309334,-85.1134,11834.0,Heard,Georgia,G1301490,33.309334,-85.1134,2011,72215,33.3667,-84.5667,31.80534314654,True,2947.0,1694.0,Good,Good,Good,Suspicious,Suspicious,Good,Good,Good,False,False,False
G1301510,13,151,33.4529466,-84.1540207,33.475842,-84.175416,203922.0,Henry,Georgia,G1301510,33.475842,-84.175416,2011,72219,33.65,-84.1,12.792563350450438,True,2561.0,2126.0,Good,Good,Good,Suspicious,Suspicious,Good,Good,Good,False,False,False
G1301530,13,153,32.4583811,-83.6628559,32.571603,-83.663357,139900.0,Houston,Georgia,G1301530,32.571603,-83.663357,2011,72217,32.6833,-83.15,30.853004636337573,True,2382.0,2268.0,Good,Good,Good,Suspicious,Suspicious,Good,Good,Good,False,False,False
G1301550,13,155,31.6043062,-83.2770374,31.604647,-83.280834,9538.0,Irwin,Georgia,G1301550,31.604647,-83.280834,2011,72216,31.5333,-84.2,54.33359226762488,True,1768.0,2680.0,Good,Good,Good,Suspicious,Suspicious,Good,Good,Good,False,True,True
G1301570,13,157,34.1308883,-83.5625382,34.132059,-83.584805,60485.0,Jackson,Georgia,G1301570,34.132059,-83.584805,2011,KGVL0,34.2726,-83.8302,17.056780315648222,True,2968.0,1839.0,Good,Good,Good,Suspicious,Suspicious,Good,Good,Good,False,False,False
G1301590,13,159,33.3181691,-83.6901425,33.356251,-83.724341,13900.0,Jasper,Georgia,G1301590,33.356251,-83.724341,2011,72219,33.65,-84.1,29.670771445390606,True,2561.0,2126.0,Good,Good,Good,Suspicious,Suspicious,Good,Good,Good,False,False,False
G1301610,13,161,31.8116153,-82.6368248,31.848776,-82.600696,15068.0,Jeff Davis,Georgia,G1301610,31.848776,-82.600696,2011,72217,32.6833,-83.15,65.98908764266211,True,2382.0,2268.0,Good,Good,Good,Suspicious,Suspicious,Good,Good,Good,False,False,False
G1301630,13,163,33.0581756,-82.4200036,33.063551,-82.407657,16930.0,Jefferson,Georgia,G1301630,33.063551,-82.407657,2011,72218,33.3667,-81.9667,32.991269399687944,True,2378.0,2357.0,Good,Good,Good,Good,Suspicious,Good,Good,Good,True,True,True
G1301650,13,165,32.7945631,-81.9715244,32.794618,-81.950133,8340.0,Jenkins,Georgia,G1301650,32.794618,-81.950133,2011,72218,33.3667,-81.9667,39.53866941452645,True,2378.0,2357.0,Good,Good,Good,Good,Suspicious,Good,Good,Good,True,True,True
G1301670,13,167,32.6945842,-82.6639696,32.701199,-82.679535,9980.0,Johnson,Georgia,G1301670,32.701199,-82.679535,2011,72217,32.6833,-83.15,27.38442523917349,True,2382.0,2268.0,Good,Good,Good,Suspicious,Suspicious,Good,Good,Good,False,False,False
G1301690,13,169,33.0202261,-83.5623393,32.962134,-83.54514,28669.0,Jones,Georgia,G1301690,32.962134,-83.54514,2011,72217,32.6833,-83.15,29.958888201138024,True,2382.0,2268.0,Good,Good,Good,Suspicious,Suspicious,Good,Good,Good,False,False,False
G1301710,13,171,33.0744604,-84.1467206,33.08002,-84.1544,18317.0,Lamar,Georgia,G1301710,33.08002,-84.1544,2011,72215,33.3667,-84.5667,30.98776845350512,True,2947.0,1694.0,Good,Good,Good,Suspicious,Suspicious,Good,Good,Good,False,False,False
G1301730,13,173,31.0381973,-83.0631635,31.035393,-83.090886,10078.0,Lanier,Georgia,G1301730,31.035393,-83.090886,2011,KVLD0,30.7814,-83.2762,20.70408858622942,True,1315.0,2951.0,Good,Good,Good,Suspicious,Suspicious,Good,Good,Good,False,False,False
G1301750,13,175,32.3932197,-82.9263171,32.516487,-82.926131,48434.0,Laurens,Georgia,G1301750,32.516487,-82.926131,2011,72217,32.6833,-83.15,17.396723074063946,True,2382.0,2268.0,Good,Good,Good,Suspicious,Suspicious,Good,Good,Good,False,False,False
G1301770,13,177,31.8184185,-84.1466814,31.681194,-84.173396,28298.0,Lee,Georgia,G1301770,31.681194,-84.173396,2011,72216,31.5333,-84.2,10.337706746232884,True,1768.0,2680.0,Good,Good,Good,Suspicious,Suspicious,Good,Good,Good,False,True,True
G1301790,13,179,31.8074577,-81.4578706,31.827766,-81.578482,63453.0,Liberty,Georgia,G1301790,31.827766,-81.578482,2011,72207,32.1167,-81.0333,37.67769015907509,True,1747.0,2569.0,Good,Good,Good,Good,Suspicious,Good,Good,Good,False,False,False
G1301810,13,181,33.7921507,-82.4482992,33.781126,-82.44638,7996.0,Lincoln,Georgia,G1301810,33.781126,-82.44638,2011,KDNL0,33.4665,-82.0394,31.95027170840372,True,2103.0,2468.0,Good,Good,Good,Good,Suspicious,Good,Good,Good,False,False,False
G1301830,13,183,31.7495633,-81.7428697,31.778807,-81.733663,14464.0,Long,Georgia,G1301830,31.778807,-81.733663,2011,72207,32.1167,-81.0333,47.23357762688566,True,1747.0,2569.0,Good,Good,Good,Good,Suspicious,Good,Good,Good,False,False,False
G1301850,13,185,30.8331273,-83.2689923,30.857006,-83.280221,109233.0,Lowndes,Georgia,G1301850,30.857006,-83.280221,2011,KVLD0,30.7814,-83.2762,5.229314072368403,True,1315.0,2951.0,Good,Good,Good,Suspicious,Suspicious,Good,Good,Good,False,False,False
G1301870,13,187,34.568135,-83.9989062,34.524951,-83.986879,29966.0,Lumpkin,Georgia,G1301870,34.524951,-83.986879,2011,KGVL0,34.2726,-83.8302,19.590630600952338,True,2968.0,1839.0,Good,Good,Good,Suspicious,Suspicious,Good,Good,Good,False,False,False
G1301890,13,189,33.4824637,-82.473188,33.459617,-82.469866,21875.0,McDuffie,Georgia,G1301890,33.459617,-82.469866,2011,KDNL0,33.4665,-82.0394,24.81681536908497,True,2103.0,2468.0,Good,Good,Good,Good,Suspicious,Good,Good,Good,False,False,False
G1301910,13,191,31.4885923,-81.3724597,31.47526,-81.407579,14333.0,McIntosh,Georgia,G1301910,31.47526,-81.407579,2011,72207,32.1167,-81.0333,49.46990708048367,True,1747.0,2569.0,Good,Good,Good,Good,Suspicious,Good,Good,Good,False,False,False
G1301930,13,193,32.3626859,-84.0512306,32.325042,-84.038814,14740.0,Macon,Georgia,G1301930,32.325042,-84.038814,2011,72216,31.5333,-84.2,55.5145964559651,True,1768.0,2680.0,Good,Good,Good,Suspicious,Suspicious,Good,Good,Good,False,True,True
G1301950,13,195,34.1285257,-83.2037373,34.104614,-83.24068,28120.0,Madison,Georgia,G1301950,34.104614,-83.24068,2011,KGVL0,34.2726,-83.8302,35.63615667867656,True,2968.0,1839.0,Good,Good,Good,Suspicious,Suspicious,Good,Good,Good,False,False,False
G1301970,13,197,32.3595381,-84.5295606,32.380907,-84.523557,8742.0,Marion,Georgia,G1301970,32.380907,-84.523557,2011,72216,31.5333,-84.2,61.5588341066209,True,1768.0,2680.0,Good,Good,Good,Suspicious,Suspicious,Good,Good,Good,False,True,True
G1301990,13,199,33.0292436,-84.6670413,33.008863,-84.672846,21992.0,Meriwether,Georgia,G1301990,33.008863,-84.672846,2011,72215,33.3667,-84.5667,25.47457128137729,True,2947.0,1694.0,Good,Good,Good,Suspicious,Suspicious,Good,Good,Good,False,False,False
G1302010,13,201,31.1629079,-84.7303856,31.159722,-84.737198,6125.0,Miller,Georgia,G1302010,31.159722,-84.737198,2011,72216,31.5333,-84.2,40.87871388374407,True,1768.0,2680.0,Good,Good,Good,Suspicious,Suspicious,Good,Good,Good,False,True,True
G1302050,13,205,31.228997,-84.192038,31.216853,-84.172094,23498.0,Mitchell,Georgia,G1302050,31.216853,-84.172094,2011,72216,31.5333,-84.2,21.92625160167371,True,1768.0,2680.0,Good,Good,Good,Suspicious,Suspicious,Good,Good,Good,False,True,True
G1302070,13,207,33.0174352,-83.9229376,33.038194,-83.906823,26424.0,Monroe,Georgia,G1302070,33.038194,-83.906823,2011,72219,33.65,-84.1,43.717477295673305,True,2561.0,2126.0,Good,Good,Good,Suspicious,Suspicious,Good,Good,Good,False,False,False
G1302090,13,209,32.1721081,-82.5333487,32.167319,-82.533261,9123.0,Montgomery,Georgia,G1302090,32.167319,-82.533261,2011,72217,32.6833,-83.15,50.64304477585312,True,2382.0,2268.0,Good,Good,Good,Suspicious,Suspicious,Good,Good,Good,False,False,False
G1302110,13,211,33.5932361,-83.491027,33.600243,-83.485957,17868.0,Morgan,Georgia,G1302110,33.600243,-83.485957,2011,72219,33.65,-84.1,35.49426408003889,True,2561.0,2126.0,Good,Good,Good,Suspicious,Suspicious,Good,Good,Good,False,False,False
G1302130,13,213,34.7970974,-84.7379899,34.782329,-84.792066,39628.0,Murray,Georgia,G1302130,34.782329,-84.792066,2011,72324,35.0333,-85.2,28.89555793413093,True,3098.0,1957.0,Good,Good,Good,Suspicious,Suspicious,Good,Good,Good,False,False,False
G1302150,13,215,32.510197,-84.874946,32.492289,-84.930634,189885.0,Muscogee,Georgia,G1302150,32.492289,-84.930634,2011,72215,33.3667,-84.5667,63.99617456010807,True,2947.0,1694.0,Good,Good,Good,Suspicious,Suspicious,Good,Good,Good,False,False,False
G1302170,13,217,33.5440212,-83.8551846,33.56952,-83.896609,99958.0,Newton,Georgia,G1302170,33.56952,-83.896609,2011,72219,33.65,-84.1,12.957493510668424,True,2561.0,2126.0,Good,Good,Good,Suspicious,Suspicious,Good,Good,Good,False,False,False
G1302190,13,219,33.8341247,-83.4377284,33.875278,-83.457946,32808.0,Oconee,Georgia,G1302190,33.875278,-83.457946,2011,KGVL0,34.2726,-83.8302,34.74916310503387,True,2968.0,1839.0,Good,Good,Good,Suspicious,Suspicious,Good,Good,Good,False,False,False
G1302210,13,221,33.8668062,-83.0740805,33.916594,-83.14492,14899.0,Oglethorpe,Georgia,G1302210,33.916594,-83.14492,2011,KGVL0,34.2726,-83.8302,46.28636826529975,True,2968.0,1839.0,Good,Good,Good,Suspicious,Suspicious,Good,Good,Good,False,False,False
G1302230,13,223,33.921026,-84.8671616,33.905688,-84.816609,142324.0,Paulding,Georgia,G1302230,33.905688,-84.816609,2011,72227,33.9167,-84.5167,17.21382705909135,True,2859.0,1931.0,Good,Good,Good,Good,Suspicious,Good,Good,Good,True,True,True
G1302250,13,225,32.5713241,-83.8319779,32.584826,-83.82958,27695.0,Peach,Georgia,G1302250,32.584826,-83.82958,2011,72217,32.6833,-83.15,40.12284281029499,True,2382.0,2268.0,Good,Good,Good,Suspicious,Suspicious,Good,Good,Good,False,False,False
G1302270,13,227,34.4568125,-84.490339,34.455892,-84.442301,29431.0,Pickens,Georgia,G1302270,34.455892,-84.442301,2011,KGVL0,34.2726,-83.8302,37.13666460026713,True,2968.0,1839.0,Good,Good,Good,Suspicious,Suspicious,Good,Good,Good,False,False,False
G1302290,13,229,31.3539879,-82.2104267,31.314668,-82.240429,18758.0,Pierce,Georgia,G1302290,31.314668,-82.240429,2011,KVLD0,30.7814,-83.2762,71.53086191503854,True,1315.0,2951.0,Good,Good,Good,Suspicious,Suspicious,Good,Good,Good,False,False,False
G1302310,13,231,33.0907685,-84.3866265,33.103227,-84.366796,17869.0,Pike,Georgia,G1302310,33.103227,-84.366796,2011,72215,33.3667,-84.5667,21.56061453552103,True,2947.0,1694.0,Good,Good,Good,Suspicious,Suspicious,Good,Good,Good,False,False,False
G1302330,13,233,33.9960153,-85.1883384,34.010878,-85.176771,41475.0,Polk,Georgia,G1302330,34.010878,-85.176771,2011,72227,33.9167,-84.5167,38.38114488384264,True,2859.0,1931.0,Good,Good,Good,Good,Suspicious,Good,Good,Good,True,True,True
G1302350,13,235,32.2387936,-83.4818548,32.275344,-83.480342,12010.0,Pulaski,Georgia,G1302350,32.275344,-83.480342,2011,72217,32.6833,-83.15,34.13553212138449,True,2382.0,2268.0,Good,Good,Good,Suspicious,Suspicious,Good,Good,Good,False,False,False
G1302370,13,237,33.3210605,-83.3717898,33.317059,-83.339663,21218.0,Putnam,Georgia,G1302370,33.317059,-83.339663,2011,72217,32.6833,-83.15,45.14661187915345,True,2382.0,2268.0,Good,Good,Good,Suspicious,Suspicious,Good,Good,Good,False,False,False
G1302410,13,241,34.8839494,-83.4048594,34.87903,-83.407223,16276.0,Rabun,Georgia,G1302410,34.87903,-83.407223,2011,KCEU0,34.6719,-82.8868,32.819996766535816,True,2440.0,2245.0,Good,Good,Good,Suspicious,Suspicious,Good,Good,Good,False,True,True
G1302430,13,243,31.762651,-84.7523108,31.760403,-84.758026,7719.0,Randolph,Georgia,G1302430,31.760403,-84.758026,2011,72216,31.5333,-84.2,36.38035298807602,True,1768.0,2680.0,Good,Good,Good,Suspicious,Suspicious,Good,Good,Good,False,True,True
G1302450,13,245,33.361487,-82.0749983,33.426859,-82.049444,200549.0,Richmond,Georgia,G1302450,33.426859,-82.049444,2011,KDNL0,33.4665,-82.0394,2.79946852088514,True,2103.0,2468.0,Good,Good,Good,Good,Suspicious,Good,Good,Good,False,False,False
G1302470,13,247,33.6520811,-84.0263696,33.642043,-84.020894,85215.0,Rockdale,Georgia,G1302470,33.642043,-84.020894,2011,72219,33.65,-84.1,4.583156029602305,True,2561.0,2126.0,Good,Good,Good,Suspicious,Suspicious,Good,Good,Good,False,False,False
G1302490,13,249,32.263441,-84.3227238,32.241549,-84.306781,5010.0,Schley,Georgia,G1302490,32.241549,-84.306781,2011,72216,31.5333,-84.2,49.33459321366556,True,1768.0,2680.0,Good,Good,Good,Suspicious,Suspicious,Good,Good,Good,False,True,True
G1302510,13,251,32.7447512,-81.6175849,32.722842,-81.627328,14593.0,Screven,Georgia,G1302510,32.722842,-81.627328,2011,72218,33.3667,-81.9667,48.63492086358782,True,2378.0,2357.0,Good,Good,Good,Good,Suspicious,Good,Good,Good,True,True,True
G1302530,13,253,30.933894,-84.8675915,30.972496,-84.868027,8729.0,Seminole,Georgia,G1302530,30.972496,-84.868027,2011,72216,31.5333,-84.2,55.302041735332814,True,1768.0,2680.0,Good,Good,Good,Suspicious,Suspicious,Good,Good,Good,False,True,True
G1302550,13,255,33.2623888,-84.2860671,33.258051,-84.273339,64073.0,Spalding,Georgia,G1302550,33.258051,-84.273339,2011,72215,33.3667,-84.5667,18.52772814587873,True,2947.0,1694.0,Good,Good,Good,Suspicious,Suspicious,Good,Good,Good,False,False,False
G1302570,13,257,34.5529139,-83.2902156,34.556904,-83.288681,26175.0,Stephens,Georgia,G1302570,34.556904,-83.288681,2011,KCEU0,34.6719,-82.8868,24.194145232021736,True,2440.0,2245.0,Good,Good,Good,Suspicious,Suspicious,Good,Good,Good,False,True,True
G1302590,13,259,32.073225,-84.8349117,32.069335,-84.764519,6058.0,Stewart,Georgia,G1302590,32.069335,-84.764519,2011,72216,31.5333,-84.2,49.70456290924061,True,1768.0,2680.0,Good,Good,Good,Suspicious,Suspicious,Good,Good,Good,False,True,True
G1302610,13,261,32.0421975,-84.2042602,32.059981,-84.221818,32819.0,Sumter,Georgia,G1302610,32.059981,-84.221818,2011,72216,31.5333,-84.2,36.41267773118135,True,1768.0,2680.0,Good,Good,Good,Suspicious,Suspicious,Good,Good,Good,False,True,True
G1302630,13,263,32.7046026,-84.5300288,32.703124,-84.582116,6865.0,Talbot,Georgia,G1302630,32.703124,-84.582116,2011,72215,33.3667,-84.5667,45.85735199018049,True,2947.0,1694.0,Good,Good,Good,Suspicious,Suspicious,Good,Good,Good,False,False,False
G1302650,13,265,33.559319,-82.8752721,33.5688,-82.88576,1717.0,Taliaferro,Georgia,G1302650,33.5688,-82.88576,2011,KDNL0,33.4665,-82.0394,49.26342724345463,True,2103.0,2468.0,Good,Good,Good,Good,Suspicious,Good,Good,Good,False,False,False
G1302670,13,267,32.0437683,-82.0592081,32.043908,-82.052217,25520.0,Tattnall,Georgia,G1302670,32.043908,-82.052217,2011,72207,32.1167,-81.0333,59.86195238684061,True,1747.0,2569.0,Good,Good,Good,Good,Suspicious,Good,Good,Good,False,False,False
G1302690,13,269,32.5546668,-84.2514261,32.560542,-84.215083,8906.0,Taylor,Georgia,G1302690,32.560542,-84.215083,2011,72215,33.3667,-84.5667,59.312473053224295,True,2947.0,1694.0,Good,Good,Good,Suspicious,Suspicious,Good,Good,Good,False,False,False
G1302710,13,271,31.9136387,-82.9310624,32.01562,-82.892471,16500.0,Telfair,Georgia,G1302710,32.01562,-82.892471,2011,72217,32.6833,-83.15,48.51943941964009,True,2382.0,2268.0,Good,Good,Good,Suspicious,Suspicious,Good,Good,Good,False,False,False
G1302730,13,273,31.7771909,-84.4394464,31.772157,-84.42886,9315.0,Terrell,Georgia,G1302730,31.772157,-84.42886,2011,72216,31.5333,-84.2,21.29662775900971,True,1768.0,2680.0,Good,Good,Good,Suspicious,Suspicious,Good,Good,Good,False,True,True
G1302750,13,275,30.8646064,-83.9198196,30.868962,-83.948411,44720.0,Thomas,Georgia,G1302750,30.868962,-83.948411,2011,72214,30.4,-84.0167,32.6554753338535,True,1503.0,2683.0,Good,Good,Good,Good,Suspicious,Good,Good,Good,False,False,False
G1302770,13,277,31.4570027,-83.5259307,31.454362,-83.515048,40118.0,Tift,Georgia,G1302770,31.454362,-83.515048,2011,72216,31.5333,-84.2,40.72119945188496,True,1768.0,2680.0,Good,Good,Good,Suspicious,Suspicious,Good,Good,Good,False,True,True
G1302790,13,279,32.1266975,-82.3320708,32.183936,-82.367022,27223.0,Toombs,Georgia,G1302790,32.183936,-82.367022,2011,72217,32.6833,-83.15,57.22957078270988,True,2382.0,2268.0,Good,Good,Good,Suspicious,Suspicious,Good,Good,Good,False,False,False
G1302810,13,281,34.9025294,-83.7322645,34.938692,-83.782961,10471.0,Towns,Georgia,G1302810,34.938692,-83.782961,2011,KGVL0,34.2726,-83.8302,46.10083491506441,True,2968.0,1839.0,Good,Good,Good,Suspicious,Suspicious,Good,Good,Good,False,False,False
G1302830,13,283,32.4095857,-82.5708819,32.387047,-82.589718,6885.0,Treutlen,Georgia,G1302830,32.387047,-82.589718,2011,72217,32.6833,-83.15,38.52413419226549,True,2382.0,2268.0,Good,Good,Good,Suspicious,Suspicious,Good,Good,Good,False,False,False
G1302850,13,285,33.034482,-85.02836,33.036737,-85.031746,67044.0,Troup,Georgia,G1302850,33.036737,-85.031746,2011,72215,33.3667,-84.5667,35.25069760480641,True,2947.0,1694.0,Good,Good,Good,Suspicious,Suspicious,Good,Good,Good,False,False,False
G1302870,13,287,31.7248005,-83.6203195,31.700824,-83.636891,8930.0,Turner,Georgia,G1302870,31.700824,-83.636891,2011,72216,31.5333,-84.2,35.09571049934588,True,1768.0,2680.0,Good,Good,Good,Suspicious,Suspicious,Good,Good,Good,False,True,True
G1302890,13,289,32.6658469,-83.4258792,32.703662,-83.416286,9023.0,Twiggs,Georgia,G1302890,32.703662,-83.416286,2011,72217,32.6833,-83.15,15.547513623614671,True,2382.0,2268.0,Good,Good,Good,Suspicious,Suspicious,Good,Good,Good,False,False,False
G1302910,13,291,34.8346913,-83.9907155,34.874243,-84.002286,21356.0,Union,Georgia,G1302910,34.874243,-84.002286,2011,KGVL0,34.2726,-83.8302,42.70678667260961,True,2968.0,1839.0,Good,Good,Good,Suspicious,Suspicious,Good,Good,Good,False,False,False
G1302930,13,293,32.8818366,-84.292281,32.907469,-84.324382,27153.0,Upson,Georgia,G1302930,32.907469,-84.324382,2011,72215,33.3667,-84.5667,34.689001461399094,True,2947.0,1694.0,Good,Good,Good,Suspicious,Suspicious,Good,Good,Good,False,False,False
G1302950,13,295,34.7358269,-85.3053852,34.83654,-85.293376,68756.0,Walker,Georgia,G1302950,34.83654,-85.293376,2011,72324,35.0333,-85.2,14.587423136758964,True,3098.0,1957.0,Good,Good,Good,Suspicious,Suspicious,Good,Good,Good,False,False,False
G1302970,13,297,33.7838866,-83.731829,33.795381,-83.784266,83768.0,Walton,Georgia,G1302970,33.795381,-83.784266,2011,72219,33.65,-84.1,20.7392533382185,True,2561.0,2126.0,Good,Good,Good,Suspicious,Suspicious,Good,Good,Good,False,False,False
G1302990,13,299,31.050881,-82.4215072,31.22682,-82.383943,36312.0,Ware,Georgia,G1302990,31.22682,-82.383943,2011,KVLD0,30.7814,-83.2762,61.14968100338152,True,1315.0,2951.0,Good,Good,Good,Suspicious,Suspicious,Good,Good,Good,False,False,False
G1303010,13,301,33.4191691,-82.6880123,33.407596,-82.662844,5834.0,Warren,Georgia,G1303010,33.407596,-82.662844,2011,KDNL0,33.4665,-82.0394,36.176009411727215,True,2103.0,2468.0,Good,Good,Good,Good,Suspicious,Good,Good,Good,False,False,False
G1303030,13,303,32.9718477,-82.7981123,32.962029,-82.773406,21187.0,Washington,Georgia,G1303030,32.962029,-82.773406,2011,72217,32.6833,-83.15,29.13768614540952,True,2382.0,2268.0,Good,Good,Good,Suspicious,Suspicious,Good,Good,Good,False,False,False
G1303050,13,305,31.5478449,-81.9123763,31.611857,-81.919105,30099.0,Wayne,Georgia,G1303050,31.611857,-81.919105,2011,72207,32.1167,-81.0333,62.59843127019177,True,1747.0,2569.0,Good,Good,Good,Good,Suspicious,Good,Good,Good,False,False,False
G1303090,13,309,32.1052681,-82.7338646,32.146558,-82.751307,7421.0,Wheeler,Georgia,G1303090,32.146558,-82.751307,2011,72217,32.6833,-83.15,43.77324912617103,True,2382.0,2268.0,Good,Good,Good,Suspicious,Suspicious,Good,Good,Good,False,False,False
G1303110,13,311,34.643776,-83.7434165,34.601048,-83.744309,27144.0,White,Georgia,G1303110,34.601048,-83.744309,2011,KGVL0,34.2726,-83.8302,23.21536675214587,True,2968.0,1839.0,Good,Good,Good,Suspicious,Suspicious,Good,Good,Good,False,False,False
G1303130,13,313,34.8017261,-84.968541,34.792742,-84.965686,102599.0,Whitfield,Georgia,G1303130,34.792742,-84.965686,2011,72324,35.0333,-85.2,21.272073901319207,True,3098.0,1957.0,Good,Good,Good,Suspicious,Suspicious,Good,Good,Good,False,False,False
G1303150,13,315,31.9627168,-83.4382617,31.975167,-83.405657,9255.0,Wilcox,Georgia,G1303150,31.975167,-83.405657,2011,72217,32.6833,-83.15,51.15326028661491,True,2382.0,2268.0,Good,Good,Good,Suspicious,Suspicious,Good,Good,Good,False,False,False
G1303170,13,317,33.7790312,-82.7479211,33.755364,-82.753524,10593.0,Wilkes,Georgia,G1303170,33.755364,-82.753524,2011,KDNL0,33.4665,-82.0394,45.68250223307073,True,2103.0,2468.0,Good,Good,Good,Good,Suspicious,Good,Good,Good,False,False,False
G1303190,13,319,32.8042663,-83.1755122,32.8443,-83.239491,9563.0,Wilkinson,Georgia,G1303190,32.8443,-83.239491,2011,72217,32.6833,-83.15,12.279207583927562,True,2382.0,2268.0,Good,Good,Good,Suspicious,Suspicious,Good,Good,Good,False,False,False
G1303210,13,321,31.5517733,-83.8499598,31.535712,-83.861186,21679.0,Worth,Georgia,G1303210,31.535712,-83.861186,2011,72216,31.5333,-84.2,19.953435206573417,True,1768.0,2680.0,Good,Good,Good,Suspicious,Suspicious,Good,Good,Good,False,True,True
G1500010,15,1,19.5977643,-155.5024434,19.672837,-155.421895,185079.0,Hawaii,Hawaii,G1500010,19.672837,-155.421895,2011,91285,19.7167,-155.05,24.38138760223743,True,0.0,2860.0,Good,Good,Good,Good,Good,Good,Good,Good,False,False,False
G1500030,15,3,21.4613654,-158.201974,21.372464,-157.913673,953207.0,Honolulu,Hawaii,G1500030,21.372464,-157.913673,2011,91182,21.3333,-157.95,3.5758802372513414,True,0.0,4608.0,Good,Good,Good,Good,Good,Good,Good,Good,False,False,False
G1500070,15,7,22.0120383,-159.7059653,22.021022,-159.442112,67091.0,Kauai,Hawaii,G1500070,22.021022,-159.442112,2011,91165,21.9833,-159.3333,7.441952957920512,True,0.0,3960.0,Good,Good,Good,Suspicious,Good,Good,Good,Good,False,False,False
G1500090,15,9,20.8559306,-156.6015503,20.863747,-156.493816,154834.0,Maui,Hawaii,G1500090,20.863747,-156.493816,2011,91190,20.9,-156.4333,4.640674141558526,True,0.0,3675.0,Good,Good,Good,Suspicious,Good,Good,Good,Good,False,False,False
G1600010,16,1,43.4514767,-116.244376,43.611186,-116.304409,392365.0,Ada,Idaho,G1600010,43.611186,-116.304409,2011,72681,43.5667,-116.2333,4.702268716355415,True,5708.0,1070.0,Good,Good,Good,Suspicious,Suspicious,Good,Good,Good,False,False,False
G1600030,16,3,44.877004,-116.4616241,44.848619,-116.375947,3976.0,Adams,Idaho,G1600030,44.848619,-116.375947,2011,72681,43.5667,-116.2333,88.85329123189011,True,5708.0,1070.0,Good,Good,Good,Suspicious,Suspicious,Good,Good,Good,False,False,False
G1600050,16,5,42.6929211,-112.2289819,42.869212,-112.423672,82839.0,Bannock,Idaho,G1600050,42.869212,-112.423672,2011,KRXE0,43.8339,-111.8051,73.54210906451786,True,8393.0,241.0,Good,Good,Good,Suspicious,Suspicious,Good,Good,Good,True,True,True
G1600070,16,7,42.2858922,-111.3275168,42.306336,-111.341632,5986.0,Bear Lake,Idaho,G1600070,42.306336,-111.341632,2011,72575,41.2,-112.0167,83.98685281917687,True,6431.0,980.0,Good,Good,Good,Good,Suspicious,Good,Good,Good,False,False,False
G1600090,16,9,47.2184513,-116.6335414,47.271692,-116.639736,9285.0,Benewah,Idaho,G1600090,47.271692,-116.639736,2011,KPUW0,46.7439,-117.1096,42.66011173269245,True,6875.0,204.0,Good,Good,Suspicious,Suspicious,Suspicious,Good,Good,Good,True,True,True
G1600110,16,11,43.2163568,-112.3992058,43.217372,-112.355721,45607.0,Bingham,Idaho,G1600110,43.217372,-112.355721,2011,KRXE0,43.8339,-111.8051,50.74904089152616,True,8393.0,241.0,Good,Good,Good,Suspicious,Suspicious,Good,Good,Good,True,True,True
G1600130,16,13,43.394192,-113.9553713,43.541366,-114.294277,21376.0,Blaine,Idaho,G1600130,43.541366,-114.294277,2011,KTWF0,42.4818,-114.4878,73.85884337253823,True,6336.0,743.0,Good,Good,Good,Good,Suspicious,Good,Good,Good,False,False,False
G1600150,16,15,43.9872749,-115.7151105,43.899702,-115.993695,7028.0,Boise,Idaho,G1600150,43.899702,-115.993695,2011,72681,43.5667,-116.2333,25.93201497456503,True,5708.0,1070.0,Good,Good,Good,Suspicious,Suspicious,Good,Good,Good,False,False,False
G1600170,16,17,48.3246293,-116.6274296,48.235649,-116.630982,40877.0,Bonner,Idaho,G1600170,48.235649,-116.630982,2011,KSFF0,47.6828,-117.3226,49.83055960755674,True,6603.0,357.0,Good,Good,Good,Suspicious,Suspicious,Good,Good,Good,False,False,False
G1600190,16,19,43.3951708,-111.6218783,43.494876,-111.997623,104234.0,Bonneville,Idaho,G1600190,43.494876,-111.997623,2011,KRXE0,43.8339,-111.8051,25.32373803273236,True,8393.0,241.0,Good,Good,Good,Suspicious,Suspicious,Good,Good,Good,True,True,True
G1600210,16,21,48.7731326,-116.5246729,48.705964,-116.302851,10972.0,Boundary,Idaho,G1600210,48.705964,-116.302851,2011,71880,49.61,-115.78,66.78094879554496,True,8403.0,180.0,Good,Good,Good,Suspicious,Suspicious,Good,Good,Good,False,False,False
G1600230,16,23,43.685101,-113.1776308,43.699097,-113.294562,2891.0,Butte,Idaho,G1600230,43.699097,-113.294562,2011,KRXE0,43.8339,-111.8051,74.89961679356792,True,8393.0,241.0,Good,Good,Good,Suspicious,Suspicious,Good,Good,Good,True,True,True
G1600250,16,25,43.4633958,-114.8044265,43.350524,-114.756451,1117.0,Camas,Idaho,G1600250,43.350524,-114.756451,2011,KTWF0,42.4818,-114.4878,61.54301434051053,True,6336.0,743.0,Good,Good,Good,Good,Suspicious,Good,Good,Good,False,False,False
G1600270,16,27,43.6230509,-116.7085267,43.611438,-116.627276,188923.0,Canyon,Idaho,G1600270,43.611438,-116.627276,2011,72681,43.5667,-116.2333,19.95715546836149,True,5708.0,1070.0,Good,Good,Good,Suspicious,Suspicious,Good,Good,Good,False,False,False
G1600290,16,29,42.7860724,-111.5442734,42.643778,-111.656063,6963.0,Caribou,Idaho,G1600290,42.643778,-111.656063,2011,KRXE0,43.8339,-111.8051,82.57089558260353,True,8393.0,241.0,Good,Good,Good,Suspicious,Suspicious,Good,Good,Good,True,True,True
G1600310,16,31,42.282313,-113.6263276,42.482791,-113.741833,22952.0,Cassia,Idaho,G1600310,42.482791,-113.741833,2011,KTWF0,42.4818,-114.4878,38.01094703107693,True,6336.0,743.0,Good,Good,Good,Good,Suspicious,Good,Good,Good,False,False,False
G1600350,16,35,46.67257,-115.6535003,46.48524,-116.185221,8761.0,Clearwater,Idaho,G1600350,46.48524,-116.185221,2011,KPUW0,46.7439,-117.1096,47.371490548563735,True,6875.0,204.0,Good,Good,Suspicious,Suspicious,Suspicious,Good,Good,Good,True,True,True
G1600370,16,37,44.273351,-114.2522675,44.285168,-114.048035,4368.0,Custer,Idaho,G1600370,44.285168,-114.048035,2011,KRXE0,43.8339,-111.8051,115.64351225145408,True,8393.0,241.0,Good,Good,Good,Suspicious,Suspicious,Good,Good,Good,True,True,True
G1600390,16,39,43.3946984,-115.471205,43.11532,-115.684407,27038.0,Elmore,Idaho,G1600390,43.11532,-115.684407,2011,72681,43.5667,-116.2333,41.63413636802345,True,5708.0,1070.0,Good,Good,Good,Suspicious,Suspicious,Good,Good,Good,False,False,False
G1600410,16,41,42.1736093,-111.8229653,42.0993,-111.872202,12786.0,Franklin,Idaho,G1600410,42.0993,-111.872202,2011,72575,41.2,-112.0167,62.58181597552854,True,6431.0,980.0,Good,Good,Good,Good,Suspicious,Good,Good,Good,False,False,False
G1600430,16,43,44.2180909,-111.484429,44.014844,-111.615464,13242.0,Fremont,Idaho,G1600430,44.014844,-111.615464,2011,KRXE0,43.8339,-111.8051,15.664006731850234,True,8393.0,241.0,Good,Good,Good,Suspicious,Suspicious,Good,Good,Good,True,True,True
G1600450,16,45,44.0614727,-116.3987839,43.884323,-116.506739,16719.0,Gem,Idaho,G1600450,43.884323,-116.506739,2011,72681,43.5667,-116.2333,25.845976577534955,True,5708.0,1070.0,Good,Good,Good,Suspicious,Suspicious,Good,Good,Good,False,False,False
G1600470,16,47,42.9731849,-114.8214203,42.852717,-114.751067,15464.0,Gooding,Idaho,G1600470,42.852717,-114.751067,2011,KTWF0,42.4818,-114.4878,28.90813208530053,True,6336.0,743.0,Good,Good,Good,Good,Suspicious,Good,Good,Good,False,False,False
G1600490,16,49,45.849644,-115.4673371,45.974127,-116.106566,16267.0,Idaho,Idaho,G1600490,45.974127,-116.106566,2011,KPUW0,46.7439,-117.1096,71.52732867976187,True,6875.0,204.0,Good,Good,Suspicious,Suspicious,Suspicious,Good,Good,Good,True,True,True
G1600510,16,51,43.7969649,-112.3185879,43.691123,-111.969394,26140.0,Jefferson,Idaho,G1600510,43.691123,-111.969394,2011,KRXE0,43.8339,-111.8051,12.826871376995634,True,8393.0,241.0,Good,Good,Good,Suspicious,Suspicious,Good,Good,Good,True,True,True
G1600530,16,53,42.6913953,-114.2620858,42.698447,-114.462669,22374.0,Jerome,Idaho,G1600530,42.698447,-114.462669,2011,KTWF0,42.4818,-114.4878,15.023343293069589,True,6336.0,743.0,Good,Good,Good,Good,Suspicious,Good,Good,Good,False,False,False
G1600550,16,55,47.6771129,-116.6949184,47.73713,-116.832581,138494.0,Kootenai,Idaho,G1600550,47.73713,-116.832581,2011,KSFF0,47.6828,-117.3226,23.089003554804894,True,6603.0,357.0,Good,Good,Good,Suspicious,Suspicious,Good,Good,Good,False,False,False
G1600570,16,57,46.8189202,-116.7309737,46.742968,-116.934434,37244.0,Latah,Idaho,G1600570,46.742968,-116.934434,2011,KPUW0,46.7439,-117.1096,8.293889406366686,True,6875.0,204.0,Good,Good,Suspicious,Suspicious,Suspicious,Good,Good,Good,True,True,True
G1600590,16,59,44.9285059,-113.8870422,45.127412,-113.86153,7936.0,Lemhi,Idaho,G1600590,45.127412,-113.86153,2011,72773,46.9167,-114.1,124.15591416951555,True,7745.0,255.0,Good,Good,Good,Good,Suspicious,Good,Good,Good,False,False,False
G1600610,16,61,46.2363277,-116.42376,46.238066,-116.25739,3821.0,Lewis,Idaho,G1600610,46.238066,-116.25739,2011,KPUW0,46.7439,-117.1096,53.5236921388106,True,6875.0,204.0,Good,Good,Suspicious,Suspicious,Suspicious,Good,Good,Good,True,True,True
G1600630,16,63,42.9861805,-114.1538989,42.973467,-114.326069,5208.0,Lincoln,Idaho,G1600630,42.973467,-114.326069,2011,KTWF0,42.4818,-114.4878,34.94857054089477,True,6336.0,743.0,Good,Good,Good,Good,Suspicious,Good,Good,Good,False,False,False
G1600650,16,65,43.788614,-111.6569925,43.819114,-111.794073,37536.0,Madison,Idaho,G1600650,43.819114,-111.794073,2011,KRXE0,43.8339,-111.8051,1.160094624566638,True,8393.0,241.0,Good,Good,Good,Suspicious,Suspicious,Good,Good,Good,True,True,True
G1600670,16,67,42.8572114,-113.6398404,42.613266,-113.712227,20069.0,Minidoka,Idaho,G1600670,42.613266,-113.712227,2011,KTWF0,42.4818,-114.4878,40.50970354805385,True,6336.0,743.0,Good,Good,Good,Good,Suspicious,Good,Good,Good,False,False,False
G1600690,16,69,46.3337914,-116.7609091,46.394126,-116.950462,39265.0,Nez Perce,Idaho,G1600690,46.394126,-116.950462,2011,KPUW0,46.7439,-117.1096,25.32163267020038,True,6875.0,204.0,Good,Good,Suspicious,Suspicious,Suspicious,Good,Good,Good,True,True,True
G1600710,16,71,42.1838954,-112.5204486,42.181568,-112.301274,4286.0,Oneida,Idaho,G1600710,42.181568,-112.301274,2011,72575,41.2,-112.0167,69.39080077412004,True,6431.0,980.0,Good,Good,Good,Good,Suspicious,Good,Good,Good,False,False,False
G1600730,16,73,42.5728508,-116.1896903,43.376748,-116.681558,11526.0,Owyhee,Idaho,G1600730,43.376748,-116.681558,2011,72681,43.5667,-116.2333,26.027719484782345,True,5708.0,1070.0,Good,Good,Good,Suspicious,Suspicious,Good,Good,Good,False,False,False
G1600750,16,75,44.00243,-116.7502379,44.020334,-116.894281,22623.0,Payette,Idaho,G1600750,44.020334,-116.894281,2011,72681,43.5667,-116.2333,45.487491305936565,True,5708.0,1070.0,Good,Good,Good,Suspicious,Suspicious,Good,Good,Good,False,False,False
G1600770,16,77,42.694126,-112.844407,42.775001,-112.829004,7817.0,Power,Idaho,G1600770,42.775001,-112.829004,2011,KTWF0,42.4818,-114.4878,86.72447123878497,True,6336.0,743.0,Good,Good,Good,Good,Suspicious,Good,Good,Good,False,False,False
G1600790,16,79,47.3476935,-115.8850916,47.514637,-116.085925,12765.0,Shoshone,Idaho,G1600790,47.514637,-116.085925,2011,KSFF0,47.6828,-117.3226,58.77697134886859,True,6603.0,357.0,Good,Good,Good,Suspicious,Suspicious,Good,Good,Good,False,False,False
G1600810,16,81,43.7609939,-111.2117653,43.692977,-111.125546,10170.0,Teton,Idaho,G1600810,43.692977,-111.125546,2011,KRXE0,43.8339,-111.8051,35.279399855044346,True,8393.0,241.0,Good,Good,Good,Suspicious,Suspicious,Good,Good,Good,True,True,True
G1600830,16,83,42.352309,-114.6656386,42.558563,-114.504002,77230.0,Twin Falls,Idaho,G1600830,42.558563,-114.504002,2011,KTWF0,42.4818,-114.4878,5.367601523140015,True,6336.0,743.0,Good,Good,Good,Good,Suspicious,Good,Good,Good,False,False,False
G1600850,16,85,44.7714884,-115.6379533,44.758677,-116.073719,9862.0,Valley,Idaho,G1600850,44.758677,-116.073719,2011,72681,43.5667,-116.2333,82.73652561288675,True,5708.0,1070.0,Good,Good,Good,Suspicious,Suspicious,Good,Good,Good,False,False,False
G1600870,16,87,44.4482229,-116.7977917,44.297898,-116.919922,10198.0,Washington,Idaho,G1600870,44.297898,-116.919922,2011,72681,43.5667,-116.2333,60.988091946795166,True,5708.0,1070.0,Good,Good,Good,Suspicious,Suspicious,Good,Good,Good,False,False,False
G1700010,17,1,39.9860525,-91.1949607,39.943826,-91.328948,67103.0,Adams,Illinois,G1700010,39.943826,-91.328948,2011,72542,40.7832,-91.1255,58.97580792079159,True,5816.0,1200.0,Good,Good,Good,Suspicious,Suspicious,Good,Good,Good,False,True,True
G1700030,17,3,37.1836566,-89.3495161,37.149251,-89.289666,8238.0,Alexander,Illinois,G1700030,37.149251,-89.289666,2011,72435,37.05,-88.7667,29.624197512423468,True,3951.0,1644.0,Good,Good,Good,Good,Suspicious,Good,Good,Good,False,False,False
G1700050,17,5,38.885924,-89.4365916,38.884622,-89.432819,17768.0,Bond,Illinois,G1700050,38.884622,-89.432819,2011,72434,38.75,-90.0333,33.63777219948544,True,4258.0,1962.0,Good,Good,Good,Suspicious,Suspicious,Good,Good,Good,False,False,False
G1700070,17,7,42.3189831,-88.8242951,42.293981,-88.851989,54165.0,Boone,Illinois,G1700070,42.293981,-88.851989,2011,72543,42.2,-89.1,14.250321147364106,True,6366.0,991.0,Good,Good,Good,Suspicious,Suspicious,Good,Good,Good,False,False,False
G1700090,17,9,39.9620694,-90.7503095,39.964815,-90.746466,6937.0,Brown,Illinois,G1700090,39.964815,-90.746466,2011,72439,39.8442,-89.6781,57.23564102849054,True,5162.0,1395.0,Good,Good,Good,Good,Suspicious,Good,Good,Good,False,False,False
G1700110,17,11,41.4013043,-89.5283772,41.382964,-89.42378,34978.0,Bureau,Illinois,G1700110,41.382964,-89.42378,2011,72532,40.6667,-89.6839,51.31279190143776,True,5710.0,1213.0,Good,Good,Good,Good,Suspicious,Good,Good,Good,False,False,False
G1700130,17,13,39.1642619,-90.6662949,39.12353,-90.63801,5089.0,Calhoun,Illinois,G1700130,39.12353,-90.63801,2011,KSUS0,38.6621,-90.6521,31.890725385809283,True,4618.0,1615.0,Good,Good,Good,Good,Suspicious,Good,Good,Good,False,False,False
G1700150,17,15,42.0709,-89.9241894,42.071879,-89.963255,15387.0,Carroll,Illinois,G1700150,42.071879,-89.963255,2011,72543,42.2,-89.1,45.10710492188997,True,6366.0,991.0,Good,Good,Good,Suspicious,Suspicious,Good,Good,Good,False,False,False
G1700170,17,17,39.9692024,-90.2457045,39.979866,-90.319209,13642.0,Cass,Illinois,G1700170,39.979866,-90.319209,2011,72439,39.8442,-89.6781,35.2458503454896,True,5162.0,1395.0,Good,Good,Good,Good,Suspicious,Good,Good,Good,False,False,False
G1700190,17,19,40.13898,-88.1969961,40.128073,-88.233083,201081.0,Champaign,Illinois,G1700190,40.128073,-88.233083,2011,KCMI0,40.0388,-88.2778,6.605630051038134,True,5564.0,1170.0,Good,Good,Good,Suspicious,Suspicious,Good,Good,Good,True,True,True
G1700210,17,21,39.5455242,-89.2795927,39.525298,-89.254627,34800.0,Christian,Illinois,G1700210,39.525298,-89.254627,2011,72439,39.8442,-89.6781,31.504045634046804,True,5162.0,1395.0,Good,Good,Good,Good,Suspicious,Good,Good,Good,False,False,False
G1700230,17,23,39.3323642,-87.7916872,39.351007,-87.800246,16335.0,Clark,Illinois,G1700230,39.351007,-87.800246,2011,KMTO0,39.4779,-88.2792,27.02788558501765,True,5181.0,1271.0,Good,Good,Good,Suspicious,Suspicious,Good,Good,Good,False,True,True
G1700250,17,25,38.746832,-88.4823443,38.716132,-88.490134,13815.0,Clay,Illinois,G1700250,38.716132,-88.490134,2011,KMTO0,39.4779,-88.2792,53.83461243096291,True,5181.0,1271.0,Good,Good,Good,Suspicious,Suspicious,Good,Good,Good,False,True,True
G1700270,17,27,38.6062953,-89.4262278,38.587753,-89.472099,37762.0,Clinton,Illinois,G1700270,38.587753,-89.472099,2011,72434,38.75,-90.0333,32.28329167372237,True,4258.0,1962.0,Good,Good,Good,Suspicious,Suspicious,Good,Good,Good,False,False,False
G1700290,17,29,39.5136797,-88.220782,39.487297,-88.258277,53873.0,Coles,Illinois,G1700290,39.487297,-88.258277,2011,KMTO0,39.4779,-88.2792,1.290927494863335,True,5181.0,1271.0,Good,Good,Good,Suspicious,Suspicious,Good,Good,Good,False,True,True
G1700310,17,31,41.8942937,-87.6454546,41.865937,-87.757714,5194675.0,Cook,Illinois,G1700310,41.865937,-87.757714,2011,72534,41.7833,-87.75,5.72346073199143,True,5929.0,1169.0,Good,Good,Good,Suspicious,Suspicious,Good,Good,Good,False,False,False
G1700330,17,33,39.0027685,-87.7606208,39.00569,-87.748024,19817.0,Crawford,Illinois,G1700330,39.00569,-87.748024,2011,KMTO0,39.4779,-88.2792,43.27128343414776,True,5181.0,1271.0,Good,Good,Good,Suspicious,Suspicious,Good,Good,Good,False,True,True
G1700350,17,35,39.273121,-88.2406193,39.275965,-88.280887,11048.0,Cumberland,Illinois,G1700350,39.275965,-88.280887,2011,KMTO0,39.4779,-88.2792,13.95264700813292,True,5181.0,1271.0,Good,Good,Good,Suspicious,Suspicious,Good,Good,Good,False,True,True
G1700370,17,37,41.8946125,-88.768991,41.927172,-88.72946,105160.0,DeKalb,Illinois,G1700370,41.927172,-88.72946,2011,KARR0,41.7719,-88.4757,16.901753334676677,True,6461.0,870.0,Good,Good,Good,Suspicious,Suspicious,Good,Good,Good,False,False,False
G1700390,17,39,40.1814993,-88.9018526,40.171701,-88.908946,16561.0,De Witt,Illinois,G1700390,40.171701,-88.908946,2011,KCMI0,40.0388,-88.2778,34.5949215322985,True,5564.0,1170.0,Good,Good,Good,Suspicious,Suspicious,Good,Good,Good,True,True,True
G1700410,17,41,39.766078,-88.2228656,39.766826,-88.279794,19980.0,Douglas,Illinois,G1700410,39.766826,-88.279794,2011,KCMI0,40.0388,-88.2778,18.791879137028992,True,5564.0,1170.0,Good,Good,Good,Suspicious,Suspicious,Good,Good,Good,True,True,True
G1700430,17,43,41.8520581,-88.0860383,41.849815,-88.071617,916924.0,DuPage,Illinois,G1700430,41.849815,-88.071617,2011,72530,41.9833,-87.9167,12.186091738128864,True,6208.0,1043.0,Good,Good,Good,Suspicious,Suspicious,Good,Good,Good,False,False,False
G1700450,17,45,39.679037,-87.7471102,39.635942,-87.71537,18576.0,Edgar,Illinois,G1700450,39.635942,-87.71537,2011,KMTO0,39.4779,-88.2792,31.95875895112973,True,5181.0,1271.0,Good,Good,Good,Suspicious,Suspicious,Good,Good,Good,False,True,True
G1700470,17,47,38.4170954,-88.0479408,38.402493,-88.04063,6721.0,Edwards,Illinois,G1700470,38.402493,-88.04063,2011,72432,38.0333,-87.5333,37.53846813103765,True,4220.0,1577.0,Good,Good,Good,Suspicious,Suspicious,Good,Good,Good,False,False,False
G1700490,17,49,39.0479445,-88.5928488,39.094723,-88.576033,34242.0,Effingham,Illinois,G1700490,39.094723,-88.576033,2011,KMTO0,39.4779,-88.2792,30.869113938329857,True,5181.0,1271.0,Good,Good,Good,Suspicious,Suspicious,Good,Good,Good,False,True,True
G1700510,17,51,39.0011246,-89.0179232,38.997829,-89.033295,22140.0,Fayette,Illinois,G1700510,38.997829,-89.033295,2011,KMTO0,39.4779,-88.2792,52.23719058810112,True,5181.0,1271.0,Good,Good,Good,Suspicious,Suspicious,Good,Good,Good,False,True,True
G1700530,17,53,40.5965386,-88.2245882,40.527422,-88.217453,14081.0,Ford,Illinois,G1700530,40.527422,-88.217453,2011,KCMI0,40.0388,-88.2778,33.910015603921195,True,5564.0,1170.0,Good,Good,Good,Suspicious,Suspicious,Good,Good,Good,True,True,True
G1700550,17,55,37.9918483,-88.9262457,37.962135,-88.953316,39561.0,Franklin,Illinois,G1700550,37.962135,-88.953316,2011,KMDH0,37.7781,-89.252,20.66595162851072,True,4269.0,1583.0,Good,Good,Good,Suspicious,Suspicious,Good,Good,Good,False,False,False
G1700570,17,57,40.4652401,-90.2022689,40.521963,-90.119357,37069.0,Fulton,Illinois,G1700570,40.521963,-90.119357,2011,72532,40.6667,-89.6839,24.93905796426132,True,5710.0,1213.0,Good,Good,Good,Good,Suspicious,Good,Good,Good,False,False,False
G1700590,17,59,37.7686768,-88.2279642,37.770001,-88.238563,5589.0,Gallatin,Illinois,G1700590,37.770001,-88.238563,2011,72432,38.0333,-87.5333,42.53672689265589,True,4220.0,1577.0,Good,Good,Good,Suspicious,Suspicious,Good,Good,Good,False,False,False
G1700610,17,61,39.3554444,-90.3877569,39.37224,-90.373465,13886.0,Greene,Illinois,G1700610,39.37224,-90.373465,2011,72434,38.75,-90.0333,46.7054785051905,True,4258.0,1962.0,Good,Good,Good,Suspicious,Suspicious,Good,Good,Good,False,False,False
G1700630,17,63,41.2924096,-88.4010545,41.345274,-88.347437,50063.0,Grundy,Illinois,G1700630,41.345274,-88.347437,2011,KARR0,41.7719,-88.4757,30.213693079544846,True,6461.0,870.0,Good,Good,Good,Suspicious,Suspicious,Good,Good,Good,False,False,False
G1700650,17,65,38.085226,-88.5390048,38.092156,-88.557747,8457.0,Hamilton,Illinois,G1700650,38.092156,-88.557747,2011,KMDH0,37.7781,-89.252,43.61381798963373,True,4269.0,1583.0,Good,Good,Good,Suspicious,Suspicious,Good,Good,Good,False,False,False
G1700670,17,67,40.4057924,-91.1679875,40.425725,-91.203133,19104.0,Hancock,Illinois,G1700670,40.425725,-91.203133,2011,72542,40.7832,-91.1255,25.03260281532783,True,5816.0,1200.0,Good,Good,Good,Suspicious,Suspicious,Good,Good,Good,False,True,True
G1700690,17,69,37.5178517,-88.2661478,37.478453,-88.290573,4320.0,Hardin,Illinois,G1700690,37.478453,-88.290573,2011,72435,37.05,-88.7667,39.51962444793707,True,3951.0,1644.0,Good,Good,Good,Good,Suspicious,Good,Good,Good,False,False,False
G1700710,17,71,40.814471,-90.9412464,40.828841,-90.9448,7331.0,Henderson,Illinois,G1700710,40.828841,-90.9448,2011,72542,40.7832,-91.1255,9.96260477063787,True,5816.0,1200.0,Good,Good,Good,Suspicious,Suspicious,Good,Good,Good,False,True,True
G1700730,17,73,41.3500209,-90.1308378,41.348782,-90.134757,50486.0,Henry,Illinois,G1700730,41.348782,-90.134757,2011,72532,40.6667,-89.6839,52.66455203032636,True,5710.0,1213.0,Good,Good,Good,Good,Suspicious,Good,Good,Good,False,False,False
G1700750,17,75,40.7488665,-87.833601,40.763597,-87.834391,29718.0,Iroquois,Illinois,G1700750,40.763597,-87.834391,2011,KLAF0,40.4123,-86.9369,52.978285640281136,True,5324.0,1200.0,Good,Good,Good,Suspicious,Suspicious,Good,Good,Good,False,True,True
G1700770,17,77,37.7860959,-89.3812119,37.747793,-89.274031,60218.0,Jackson,Illinois,G1700770,37.747793,-89.274031,2011,KMDH0,37.7781,-89.252,2.4151577207518,True,4269.0,1583.0,Good,Good,Good,Suspicious,Suspicious,Good,Good,Good,False,False,False
G1700790,17,79,39.0048737,-88.1507629,39.003765,-88.159885,9698.0,Jasper,Illinois,G1700790,39.003765,-88.159885,2011,KMTO0,39.4779,-88.2792,33.37594347689942,True,5181.0,1271.0,Good,Good,Good,Suspicious,Suspicious,Good,Good,Good,False,True,True
G1700810,17,81,38.3007796,-88.92421,38.308488,-88.910808,38827.0,Jefferson,Illinois,G1700810,38.308488,-88.910808,2011,KMDH0,37.7781,-89.252,41.08070794254821,True,4269.0,1583.0,Good,Good,Good,Suspicious,Suspicious,Good,Good,Good,False,False,False
G1700830,17,83,39.0801918,-90.3613647,39.072862,-90.32042,22985.0,Jersey,Illinois,G1700830,39.072862,-90.32042,2011,72434,38.75,-90.0333,27.127626493681262,True,4258.0,1962.0,Good,Good,Good,Suspicious,Suspicious,Good,Good,Good,False,False,False
G1700850,17,85,42.3623905,-90.2114705,42.411324,-90.305944,22678.0,Jo Daviess,Illinois,G1700850,42.411324,-90.305944,2011,KLNR0,43.2119,-90.1798,55.68271920267393,True,6884.0,872.0,Good,Good,Good,Suspicious,Suspicious,Good,Good,Good,True,True,True
G1700870,17,87,37.4607092,-88.8821305,37.474558,-88.882358,12582.0,Johnson,Illinois,G1700870,37.474558,-88.882358,2011,KMDH0,37.7781,-89.252,29.13783538248744,True,4269.0,1583.0,Good,Good,Good,Suspicious,Suspicious,Good,Good,Good,False,False,False
G1700890,17,89,41.9395938,-88.4280395,41.918111,-88.331264,515269.0,Kane,Illinois,G1700890,41.918111,-88.331264,2011,KARR0,41.7719,-88.4757,12.542850447673136,True,6461.0,870.0,Good,Good,Good,Suspicious,Suspicious,Good,Good,Good,False,False,False
G1700910,17,91,41.1395105,-87.8611165,41.148582,-87.850867,113449.0,Kankakee,Illinois,G1700910,41.148582,-87.850867,2011,72534,41.7833,-87.75,44.16460885689091,True,5929.0,1169.0,Good,Good,Good,Suspicious,Suspicious,Good,Good,Good,False,False,False
G1700930,17,93,41.5881403,-88.4306257,41.663724,-88.379066,114736.0,Kendall,Illinois,G1700930,41.663724,-88.379066,2011,KARR0,41.7719,-88.4757,8.983423786745922,True,6461.0,870.0,Good,Good,Good,Suspicious,Suspicious,Good,Good,Good,False,False,False
G1700950,17,95,40.9309412,-90.2137611,40.937032,-90.328601,52919.0,Knox,Illinois,G1700950,40.937032,-90.328601,2011,72532,40.6667,-89.6839,38.54651616044202,True,5710.0,1213.0,Good,Good,Good,Good,Suspicious,Good,Good,Good,False,False,False
G1700970,17,97,42.3264435,-87.4361178,42.313072,-87.969458,703462.0,Lake,Illinois,G1700970,42.313072,-87.969458,2011,KPWK0,42.1143,-87.9015,14.167274516678347,True,6144.0,1022.0,Good,Good,Good,Suspicious,Suspicious,Good,Good,Good,False,False,False
G1700990,17,99,41.3433407,-88.8859312,41.350798,-88.895997,113924.0,LaSalle,Illinois,G1700990,41.350798,-88.895997,2011,KARR0,41.7719,-88.4757,36.3135305384018,True,6461.0,870.0,Good,Good,Good,Suspicious,Suspicious,Good,Good,Good,False,False,False
G1701010,17,101,38.7189542,-87.7302207,38.718291,-87.748328,16833.0,Lawrence,Illinois,G1701010,38.718291,-87.748328,2011,72432,38.0333,-87.5333,48.74033511405474,True,4220.0,1577.0,Good,Good,Good,Suspicious,Suspicious,Good,Good,Good,False,False,False
G1701030,17,103,41.7474419,-89.2993505,41.810242,-89.398207,36031.0,Lee,Illinois,G1701030,41.810242,-89.398207,2011,72543,42.2,-89.1,30.977705062522435,True,6366.0,991.0,Good,Good,Good,Suspicious,Suspicious,Good,Good,Good,False,False,False
G1701050,17,105,40.8943761,-88.5528518,40.907044,-88.573187,38950.0,Livingston,Illinois,G1701050,40.907044,-88.573187,2011,KARR0,41.7719,-88.4757,59.96936266907394,True,6461.0,870.0,Good,Good,Good,Suspicious,Suspicious,Good,Good,Good,False,False,False
G1701070,17,107,40.1291223,-89.3653067,40.140775,-89.361505,30305.0,Logan,Illinois,G1701070,40.140775,-89.361505,2011,72439,39.8442,-89.6781,26.47166197783809,True,5162.0,1395.0,Good,Good,Good,Good,Suspicious,Good,Good,Good,False,False,False
G1701090,17,109,40.4558082,-90.6789543,40.469472,-90.669344,32612.0,McDonough,Illinois,G1701090,40.469472,-90.669344,2011,72542,40.7832,-91.1255,32.28108087600234,True,5816.0,1200.0,Good,Good,Good,Suspicious,Suspicious,Good,Good,Good,False,True,True
G1701110,17,111,42.3242982,-88.452245,42.271472,-88.34988,308760.0,McHenry,Illinois,G1701110,42.271472,-88.34988,2011,KPWK0,42.1143,-87.9015,25.392043276800795,True,6144.0,1022.0,Good,Good,Good,Suspicious,Suspicious,Good,Good,Good,False,False,False
G1701130,17,113,40.4945594,-88.8445391,40.494123,-88.954977,169572.0,McLean,Illinois,G1701130,40.494123,-88.954977,2011,72532,40.6667,-89.6839,40.06619831056179,True,5710.0,1213.0,Good,Good,Good,Good,Suspicious,Good,Good,Good,False,False,False
G1701150,17,115,39.8602372,-88.9615288,39.851176,-88.947076,110768.0,Macon,Illinois,G1701150,39.851176,-88.947076,2011,KCMI0,40.0388,-88.2778,37.74800526926891,True,5564.0,1170.0,Good,Good,Good,Suspicious,Suspicious,Good,Good,Good,True,True,True
G1701170,17,117,39.2659,-89.9263435,39.19403,-89.877035,47765.0,Macoupin,Illinois,G1701170,39.19403,-89.877035,2011,72434,38.75,-90.0333,31.807087506203715,True,4258.0,1962.0,Good,Good,Good,Suspicious,Suspicious,Good,Good,Good,False,False,False
G1701190,17,119,38.8270818,-89.9001953,38.801396,-90.018097,269282.0,Madison,Illinois,G1701190,38.801396,-90.018097,2011,72434,38.75,-90.0333,3.644320440621721,True,4258.0,1962.0,Good,Good,Good,Suspicious,Suspicious,Good,Good,Good,False,False,False
G1701210,17,121,38.6481057,-88.9204885,38.59071,-89.016967,39437.0,Marion,Illinois,G1701210,38.59071,-89.016967,2011,72434,38.75,-90.0333,55.91937533916847,True,4258.0,1962.0,Good,Good,Good,Suspicious,Suspicious,Good,Good,Good,False,False,False
G1701230,17,123,41.0311192,-89.3423714,41.043034,-89.315638,12640.0,Marshall,Illinois,G1701230,41.043034,-89.315638,2011,72532,40.6667,-89.6839,32.34953169195427,True,5710.0,1213.0,Good,Good,Good,Good,Suspicious,Good,Good,Good,False,False,False
G1701250,17,125,40.2369926,-89.9135746,40.286475,-89.898924,14666.0,Mason,Illinois,G1701250,40.286475,-89.898924,2011,72532,40.6667,-89.6839,28.598572104707117,True,5710.0,1213.0,Good,Good,Good,Good,Suspicious,Good,Good,Good,False,False,False
G1701270,17,127,37.216119,-88.7056578,37.178592,-88.714109,15429.0,Massac,Illinois,G1701270,37.178592,-88.714109,2011,72435,37.05,-88.7667,9.345410342650103,True,3951.0,1644.0,Good,Good,Good,Good,Suspicious,Good,Good,Good,False,False,False
G1701290,17,129,40.0225693,-89.7941326,39.99726,-89.799507,12705.0,Menard,Illinois,G1701290,39.99726,-89.799507,2011,72439,39.8442,-89.6781,12.37850659224056,True,5162.0,1395.0,Good,Good,Good,Good,Suspicious,Good,Good,Good,False,False,False
G1701310,17,131,41.2047906,-90.7414333,41.214043,-90.687167,16434.0,Mercer,Illinois,G1701310,41.214043,-90.687167,2011,72542,40.7832,-91.1255,37.53148792543467,True,5816.0,1200.0,Good,Good,Good,Suspicious,Suspicious,Good,Good,Good,False,True,True
G1701330,17,133,38.2779831,-90.1790777,38.358529,-90.171163,32957.0,Monroe,Illinois,G1701330,38.358529,-90.171163,2011,KCPS0,38.5707,-90.1562,14.68192779483164,True,4578.0,1554.0,Good,Good,Good,Suspicious,Suspicious,Good,Good,Good,True,True,True
G1701350,17,135,39.2280932,-89.4780041,39.198961,-89.505319,30104.0,Montgomery,Illinois,G1701350,39.198961,-89.505319,2011,72434,38.75,-90.0333,42.03039928252527,True,4258.0,1962.0,Good,Good,Good,Suspicious,Suspicious,Good,Good,Good,False,False,False
G1701370,17,137,39.7183001,-90.2025434,39.718155,-90.231161,35547.0,Morgan,Illinois,G1701370,39.718155,-90.231161,2011,72439,39.8442,-89.6781,30.63038557877146,True,5162.0,1395.0,Good,Good,Good,Good,Suspicious,Good,Good,Good,False,False,False
G1701390,17,139,39.6368956,-88.6257259,39.631979,-88.614419,14846.0,Moultrie,Illinois,G1701390,39.631979,-88.614419,2011,KMTO0,39.4779,-88.2792,20.79019774713958,True,5181.0,1271.0,Good,Good,Good,Suspicious,Suspicious,Good,Good,Good,False,True,True
G1701410,17,141,42.041884,-89.3201764,42.028653,-89.256098,53497.0,Ogle,Illinois,G1701410,42.028653,-89.256098,2011,72543,42.2,-89.1,14.28882005191987,True,6366.0,991.0,Good,Good,Good,Suspicious,Suspicious,Good,Good,Good,False,False,False
G1701430,17,143,40.7859952,-89.7671064,40.742915,-89.638993,186494.0,Peoria,Illinois,G1701430,40.742915,-89.638993,2011,72532,40.6667,-89.6839,5.767390212166505,True,5710.0,1213.0,Good,Good,Good,Good,Suspicious,Good,Good,Good,False,False,False
G1701450,17,145,38.0843809,-89.3685249,38.058514,-89.323862,22350.0,Perry,Illinois,G1701450,38.058514,-89.323862,2011,KMDH0,37.7781,-89.252,19.766707427698616,True,4269.0,1583.0,Good,Good,Good,Suspicious,Suspicious,Good,Good,Good,False,False,False
G1701470,17,147,40.0090561,-88.5923282,40.007008,-88.581585,16729.0,Piatt,Illinois,G1701470,40.007008,-88.581585,2011,KCMI0,40.0388,-88.2778,16.222894705269145,True,5564.0,1170.0,Good,Good,Good,Suspicious,Suspicious,Good,Good,Good,True,True,True
G1701490,17,149,39.6251059,-90.8890344,39.621311,-90.859127,16430.0,Pike,Illinois,G1701490,39.621311,-90.859127,2011,72439,39.8442,-89.6781,64.61545786997485,True,5162.0,1395.0,Good,Good,Good,Good,Suspicious,Good,Good,Good,False,False,False
G1701530,17,153,37.2156152,-89.1277549,37.199543,-89.13475,6161.0,Pulaski,Illinois,G1701530,37.199543,-89.13475,2011,72435,37.05,-88.7667,22.756627912586392,True,3951.0,1644.0,Good,Good,Good,Good,Suspicious,Good,Good,Good,False,False,False
G1701550,17,155,41.1989401,-89.2983865,41.229306,-89.270945,6006.0,Putnam,Illinois,G1701550,41.229306,-89.270945,2011,72532,40.6667,-89.6839,44.44631282758516,True,5710.0,1213.0,Good,Good,Good,Good,Suspicious,Good,Good,Good,False,False,False
G1701570,17,157,38.0565149,-89.8212096,38.055541,-89.809249,33476.0,Randolph,Illinois,G1701570,38.055541,-89.809249,2011,KMDH0,37.7781,-89.252,35.917482368114904,True,4269.0,1583.0,Good,Good,Good,Suspicious,Suspicious,Good,Good,Good,False,False,False
G1701590,17,159,38.7115503,-88.0856978,38.725943,-88.088315,16233.0,Richland,Illinois,G1701590,38.725943,-88.088315,2011,KMTO0,39.4779,-88.2792,52.95366564188491,True,5181.0,1271.0,Good,Good,Good,Suspicious,Suspicious,Good,Good,Good,False,True,True
G1701610,17,161,41.4684044,-90.5722031,41.489142,-90.504005,147546.0,Rock Island,Illinois,G1701610,41.489142,-90.504005,2011,KIOW0,41.6398,-91.5481,54.97003875629266,True,6318.0,1085.0,Good,Good,Good,Suspicious,Suspicious,Good,Good,Good,False,False,False
G1701630,17,163,38.4701976,-89.9285459,38.550219,-90.000674,270056.0,St. Clair,Illinois,G1701630,38.550219,-90.000674,2011,KCPS0,38.5707,-90.1562,8.521015654695843,True,4578.0,1554.0,Good,Good,Good,Suspicious,Suspicious,Good,Good,Good,True,True,True
G1701650,17,165,37.7516531,-88.545031,37.754786,-88.536395,24913.0,Saline,Illinois,G1701650,37.754786,-88.536395,2011,KMDH0,37.7781,-89.252,39.118865211042014,True,4269.0,1583.0,Good,Good,Good,Suspicious,Suspicious,Good,Good,Good,False,False,False
G1701670,17,167,39.7572579,-89.6620322,39.772757,-89.652867,197465.0,Sangamon,Illinois,G1701670,39.772757,-89.652867,2011,72439,39.8442,-89.6781,5.11469221973077,True,5162.0,1395.0,Good,Good,Good,Good,Suspicious,Good,Good,Good,False,False,False
G1701690,17,169,40.1569048,-90.6134641,40.13118,-90.568639,7544.0,Schuyler,Illinois,G1701690,40.13118,-90.568639,2011,72439,39.8442,-89.6781,51.14327894827612,True,5162.0,1395.0,Good,Good,Good,Good,Suspicious,Good,Good,Good,False,False,False
G1701710,17,171,39.6370016,-90.4777707,39.645737,-90.462754,5355.0,Scott,Illinois,G1701710,39.645737,-90.462754,2011,72439,39.8442,-89.6781,43.882558645900346,True,5162.0,1395.0,Good,Good,Good,Good,Suspicious,Good,Good,Good,False,False,False
G1701730,17,173,39.3849258,-88.7988615,39.396539,-88.802073,22363.0,Shelby,Illinois,G1701730,39.396539,-88.802073,2011,KMTO0,39.4779,-88.2792,28.46228016192356,True,5181.0,1271.0,Good,Good,Good,Suspicious,Suspicious,Good,Good,Good,False,True,True
G1701750,17,175,41.0969077,-89.7974111,41.098377,-89.792451,5994.0,Stark,Illinois,G1701750,41.098377,-89.792451,2011,72532,40.6667,-89.6839,30.36023431623852,True,5710.0,1213.0,Good,Good,Good,Good,Suspicious,Good,Good,Good,False,False,False
G1701770,17,177,42.3497262,-89.6659942,42.324139,-89.644541,47711.0,Stephenson,Illinois,G1701770,42.324139,-89.644541,2011,72543,42.2,-89.1,29.13577955934228,True,6366.0,991.0,Good,Good,Good,Suspicious,Suspicious,Good,Good,Good,False,False,False
G1701790,17,179,40.5080739,-89.5162597,40.602899,-89.534104,135394.0,Tazewell,Illinois,G1701790,40.602899,-89.534104,2011,72532,40.6667,-89.6839,9.006789469491482,True,5710.0,1213.0,Good,Good,Good,Good,Suspicious,Good,Good,Good,False,False,False
G1701810,17,181,37.4856444,-89.2446383,37.46858,-89.236505,17808.0,Union,Illinois,G1701810,37.46858,-89.236505,2011,KMDH0,37.7781,-89.252,21.4025634411684,True,4269.0,1583.0,Good,Good,Good,Suspicious,Suspicious,Good,Good,Good,False,False,False
G1701830,17,183,40.1867542,-87.7267779,40.149683,-87.654806,81625.0,Vermilion,Illinois,G1701830,40.149683,-87.654806,2011,KCMI0,40.0388,-88.2778,33.808029788382306,True,5564.0,1170.0,Good,Good,Good,Suspicious,Suspicious,Good,Good,Good,True,True,True
G1701850,17,185,38.4458209,-87.8391674,38.431283,-87.789625,11947.0,Wabash,Illinois,G1701850,38.431283,-87.789625,2011,72432,38.0333,-87.5333,30.816693223679323,True,4220.0,1577.0,Good,Good,Good,Suspicious,Suspicious,Good,Good,Good,False,False,False
G1701870,17,187,40.8504412,-90.6202228,40.890638,-90.636371,17707.0,Warren,Illinois,G1701870,40.890638,-90.636371,2011,72542,40.7832,-91.1255,26.62455373156476,True,5816.0,1200.0,Good,Good,Good,Suspicious,Suspicious,Good,Good,Good,False,True,True
G1701890,17,189,38.3531405,-89.4171873,38.359407,-89.39393,14716.0,Washington,Illinois,G1701890,38.359407,-89.39393,2011,KMDH0,37.7781,-89.252,40.89966225066083,True,4269.0,1583.0,Good,Good,Good,Suspicious,Suspicious,Good,Good,Good,False,False,False
G1701910,17,191,38.4318573,-88.4324302,38.406869,-88.422496,16760.0,Wayne,Illinois,G1701910,38.406869,-88.422496,2011,72432,38.0333,-87.5333,54.73525501863313,True,4220.0,1577.0,Good,Good,Good,Suspicious,Suspicious,Good,Good,Good,False,False,False
G1701930,17,193,38.087372,-88.1785848,38.089959,-88.192241,14665.0,White,Illinois,G1701930,38.089959,-88.192241,2011,72432,38.0333,-87.5333,36.05975535380391,True,4220.0,1577.0,Good,Good,Good,Suspicious,Suspicious,Good,Good,Good,False,False,False
G1701950,17,195,41.7505708,-89.9109567,41.780798,-89.823253,58498.0,Whiteside,Illinois,G1701950,41.780798,-89.823253,2011,72543,42.2,-89.1,47.10004622114607,True,6366.0,991.0,Good,Good,Good,Suspicious,Suspicious,Good,Good,Good,False,False,False
G1701970,17,197,41.4484742,-87.9784564,41.565138,-88.057232,677560.0,Will,Illinois,G1701970,41.565138,-88.057232,2011,72534,41.7833,-87.75,21.8772651189023,True,5929.0,1169.0,Good,Good,Good,Suspicious,Suspicious,Good,Good,Good,False,False,False
G1701990,17,199,37.7303533,-88.9300182,37.755675,-88.974979,66357.0,Williamson,Illinois,G1701990,37.755675,-88.974979,2011,KMDH0,37.7781,-89.252,15.209697757761608,True,4269.0,1583.0,Good,Good,Good,Suspicious,Suspicious,Good,Good,Good,False,False,False
G1702010,17,201,42.3373957,-89.1612053,42.307128,-89.06224,295266.0,Winnebago,Illinois,G1702010,42.307128,-89.06224,2011,72543,42.2,-89.1,7.649585806512319,True,6366.0,991.0,Good,Good,Good,Suspicious,Suspicious,Good,Good,Good,False,False,False
G1702030,17,203,40.7897895,-89.210607,40.771239,-89.29031,38664.0,Woodford,Illinois,G1702030,40.771239,-89.29031,2011,72532,40.6667,-89.6839,21.840096222642007,True,5710.0,1213.0,Good,Good,Good,Good,Suspicious,Good,Good,Good,False,False,False
G1800010,18,1,40.7457327,-84.9361305,40.753767,-84.934317,34387.0,Adams,Indiana,G1800010,40.753767,-84.934317,2011,72533,41.0,-85.0333,17.78157514992157,True,5949.0,1056.0,Good,Good,Good,Suspicious,Suspicious,Good,Good,Good,False,False,False
G1800030,18,3,41.0918553,-85.0722302,41.098642,-85.122329,355329.0,Allen,Indiana,G1800030,41.098642,-85.122329,2011,72533,41.0,-85.0333,8.244460752086002,True,5949.0,1056.0,Good,Good,Good,Suspicious,Suspicious,Good,Good,Good,False,False,False
G1800050,18,5,39.205843,-85.8979988,39.216785,-85.902794,76794.0,Bartholomew,Indiana,G1800050,39.216785,-85.902794,2011,KGEZ0,39.5831,-85.8048,25.84501835384975,True,5012.0,1183.0,Good,Good,Good,Good,Suspicious,Good,Good,Good,False,True,True
G1800070,18,7,40.6009448,-87.3148463,40.575066,-87.291433,8854.0,Benton,Indiana,G1800070,40.575066,-87.291433,2011,KLAF0,40.4123,-86.9369,21.759941366172008,True,5324.0,1200.0,Good,Good,Good,Suspicious,Suspicious,Good,Good,Good,False,True,True
G1800090,18,9,40.4726717,-85.3237297,40.469726,-85.34419,12766.0,Blackford,Indiana,G1800090,40.469726,-85.34419,2011,72533,41.0,-85.0333,40.091016683639374,True,5949.0,1056.0,Good,Good,Good,Suspicious,Suspicious,Good,Good,Good,False,False,False
G1800110,18,11,40.0508916,-86.4690137,40.013009,-86.398737,56640.0,Boone,Indiana,G1800110,40.013009,-86.398737,2011,72438,39.7167,-86.1167,25.35471964357137,True,5056.0,1380.0,Good,Good,Good,Suspicious,Suspicious,Good,Good,Good,False,False,False
G1800130,18,13,39.1928644,-86.2397283,39.236241,-86.20969,15242.0,Brown,Indiana,G1800130,39.236241,-86.20969,2011,KBMG0,39.146,-86.6167,22.669756275776685,True,4932.0,1106.0,Good,Good,Good,Suspicious,Suspicious,Good,Good,Good,False,False,False
G1800150,18,15,40.5849801,-86.5651412,40.578983,-86.600098,20155.0,Carroll,Indiana,G1800150,40.578983,-86.600098,2011,KLAF0,40.4123,-86.9369,21.113847210118607,True,5324.0,1200.0,Good,Good,Good,Suspicious,Suspicious,Good,Good,Good,False,True,True
G1800170,18,17,40.7537986,-86.3551685,40.747104,-86.339592,38966.0,Cass,Indiana,G1800170,40.747104,-86.339592,2011,KLAF0,40.4123,-86.9369,38.95632615516879,True,5324.0,1200.0,Good,Good,Good,Suspicious,Suspicious,Good,Good,Good,False,True,True
G1800190,18,19,38.4762174,-85.7111221,38.371546,-85.732035,110232.0,Clark,Indiana,G1800190,38.371546,-85.732035,2011,72423,38.1833,-85.7333,13.006718847352854,True,3898.0,1795.0,Good,Good,Good,Suspicious,Suspicious,Good,Good,Good,False,False,False
G1800210,18,21,39.3939513,-87.1158369,39.469066,-87.124217,26890.0,Clay,Indiana,G1800210,39.469066,-87.124217,2011,KBMG0,39.146,-86.6167,35.13441715467522,True,4932.0,1106.0,Good,Good,Good,Suspicious,Suspicious,Good,Good,Good,False,False,False
G1800230,18,23,40.305944,-86.4775665,40.298201,-86.512307,33224.0,Clinton,Indiana,G1800230,40.298201,-86.512307,2011,KLAF0,40.4123,-86.9369,23.7049929286252,True,5324.0,1200.0,Good,Good,Good,Suspicious,Suspicious,Good,Good,Good,False,True,True
G1800250,18,25,38.2894327,-86.4408711,38.313435,-86.423444,10713.0,Crawford,Indiana,G1800250,38.313435,-86.423444,2011,72423,38.1833,-85.7333,38.51236326012396,True,3898.0,1795.0,Good,Good,Good,Suspicious,Suspicious,Good,Good,Good,False,False,False
G1800270,18,27,38.6945459,-87.072759,38.696963,-87.098076,31648.0,Daviess,Indiana,G1800270,38.696963,-87.098076,2011,KBMG0,39.146,-86.6167,40.399952221502936,True,4932.0,1106.0,Good,Good,Good,Suspicious,Suspicious,Good,Good,Good,False,False,False
G1800290,18,29,39.1483206,-84.9734972,39.14462,-84.920935,50047.0,Dearborn,Indiana,G1800290,39.14462,-84.920935,2011,72421,39.05,-84.6667,15.119033442322015,True,4762.0,1295.0,Good,Good,Good,Suspicious,Suspicious,Good,Good,Good,False,False,False
G1800310,18,31,39.3059799,-85.499831,39.319975,-85.494211,25740.0,Decatur,Indiana,G1800310,39.319975,-85.494211,2011,KGEZ0,39.5831,-85.8048,24.59862206976757,True,5012.0,1183.0,Good,Good,Good,Good,Suspicious,Good,Good,Good,False,True,True
G1800330,18,33,41.4011894,-85.0001854,41.378214,-85.034285,42223.0,DeKalb,Indiana,G1800330,41.378214,-85.034285,2011,72533,41.0,-85.0333,26.13210459898457,True,5949.0,1056.0,Good,Good,Good,Suspicious,Suspicious,Good,Good,Good,False,False,False
G1800350,18,35,40.2275433,-85.3992617,40.20517,-85.401962,117671.0,Delaware,Indiana,G1800350,40.20517,-85.401962,2011,KGEZ0,39.5831,-85.8048,47.99334963238755,True,5012.0,1183.0,Good,Good,Good,Good,Suspicious,Good,Good,Good,False,True,True
G1800370,18,37,38.3733441,-86.8733845,38.357067,-86.914032,41889.0,Dubois,Indiana,G1800370,38.357067,-86.914032,2011,72432,38.0333,-87.5333,40.387846342090185,True,4220.0,1577.0,Good,Good,Good,Suspicious,Suspicious,Good,Good,Good,False,False,False
G1800390,18,39,41.6006928,-85.8639864,41.637679,-85.906728,197559.0,Elkhart,Indiana,G1800390,41.637679,-85.906728,2011,72535,41.7,-86.3167,21.593416450180605,True,6123.0,933.0,Good,Good,Good,Suspicious,Suspicious,Good,Good,Good,False,False,False
G1800410,18,41,39.6396552,-85.1850315,39.640791,-85.147496,24277.0,Fayette,Indiana,G1800410,39.640791,-85.147496,2011,KGEZ0,39.5831,-85.8048,35.21330829191968,True,5012.0,1183.0,Good,Good,Good,Good,Suspicious,Good,Good,Good,False,True,True
G1800430,18,43,38.3179365,-85.9114742,38.321514,-85.855645,74578.0,Floyd,Indiana,G1800430,38.321514,-85.855645,2011,72423,38.1833,-85.7333,11.630226253166722,True,3898.0,1795.0,Good,Good,Good,Suspicious,Suspicious,Good,Good,Good,False,False,False
G1800450,18,45,40.1212366,-87.2348725,40.152089,-87.271946,17240.0,Fountain,Indiana,G1800450,40.152089,-87.271946,2011,KLAF0,40.4123,-86.9369,25.20142615468436,True,5324.0,1200.0,Good,Good,Good,Suspicious,Suspicious,Good,Good,Good,False,True,True
G1800470,18,47,39.409762,-85.0669641,39.401885,-85.070265,23087.0,Franklin,Indiana,G1800470,39.401885,-85.070265,2011,72421,39.05,-84.6667,32.52205913180017,True,4762.0,1295.0,Good,Good,Good,Suspicious,Suspicious,Good,Good,Good,False,False,False
G1800490,18,49,41.0503837,-86.265006,41.059389,-86.220078,20836.0,Fulton,Indiana,G1800490,41.059389,-86.220078,2011,72535,41.7,-86.3167,44.54447436934299,True,6123.0,933.0,Good,Good,Good,Suspicious,Suspicious,Good,Good,Good,False,False,False
G1800510,18,51,38.3173981,-87.5805231,38.30918,-87.546685,33503.0,Gibson,Indiana,G1800510,38.30918,-87.546685,2011,72432,38.0333,-87.5333,19.075321287021588,True,4220.0,1577.0,Good,Good,Good,Suspicious,Suspicious,Good,Good,Good,False,False,False
G1800530,18,53,40.5157575,-85.6549455,40.525253,-85.644413,70061.0,Grant,Indiana,G1800530,40.525253,-85.644413,2011,72533,41.0,-85.0333,45.81195602820402,True,5949.0,1056.0,Good,Good,Good,Suspicious,Suspicious,Good,Good,Good,False,False,False
G1800550,18,55,39.0471466,-87.0047712,39.052316,-86.992172,33165.0,Greene,Indiana,G1800550,39.052316,-86.992172,2011,KBMG0,39.146,-86.6167,21.147856302731107,True,4932.0,1106.0,Good,Good,Good,Suspicious,Suspicious,Good,Good,Good,False,False,False
G1800570,18,57,40.0536465,-86.0217262,40.002534,-86.059737,274569.0,Hamilton,Indiana,G1800570,40.002534,-86.059737,2011,72438,39.7167,-86.1167,19.978959771425277,True,5056.0,1380.0,Good,Good,Good,Suspicious,Suspicious,Good,Good,Good,False,False,False
G1800590,18,59,39.8225298,-85.7731618,39.811662,-85.824125,70002.0,Hancock,Indiana,G1800590,39.811662,-85.824125,2011,KGEZ0,39.5831,-85.8048,15.82548583983526,True,5012.0,1183.0,Good,Good,Good,Good,Suspicious,Good,Good,Good,False,True,True
G1800610,18,61,38.1864398,-86.1036808,38.233745,-86.097474,39364.0,Harrison,Indiana,G1800610,38.233745,-86.097474,2011,72423,38.1833,-85.7333,20.076253166962413,True,3898.0,1795.0,Good,Good,Good,Suspicious,Suspicious,Good,Good,Good,False,False,False
G1800630,18,63,39.7689631,-86.5099076,39.772784,-86.415055,145448.0,Hendricks,Indiana,G1800630,39.772784,-86.415055,2011,72438,39.7167,-86.1167,16.317162870117034,True,5056.0,1380.0,Good,Good,Good,Suspicious,Suspicious,Good,Good,Good,False,False,False
G1800650,18,65,39.9295911,-85.3973629,39.928644,-85.403678,49462.0,Henry,Indiana,G1800650,39.928644,-85.403678,2011,KGEZ0,39.5831,-85.8048,31.999492593181355,True,5012.0,1183.0,Good,Good,Good,Good,Suspicious,Good,Good,Good,False,True,True
G1800670,18,67,40.4835368,-86.1141178,40.470704,-86.132959,82752.0,Howard,Indiana,G1800670,40.470704,-86.132959,2011,KLAF0,40.4123,-86.9369,42.46703989599905,True,5324.0,1200.0,Good,Good,Good,Suspicious,Suspicious,Good,Good,Good,False,True,True
G1800690,18,69,40.8263938,-85.4785975,40.870224,-85.487085,37124.0,Huntington,Indiana,G1800690,40.870224,-85.487085,2011,72533,41.0,-85.0333,25.326443628630397,True,5949.0,1056.0,Good,Good,Good,Suspicious,Suspicious,Good,Good,Good,False,False,False
G1800710,18,71,38.9119571,-86.0425161,38.925896,-85.942654,42376.0,Jackson,Indiana,G1800710,38.925896,-85.942654,2011,KBMG0,39.146,-86.6167,39.241391955401824,True,4932.0,1106.0,Good,Good,Good,Suspicious,Suspicious,Good,Good,Good,False,False,False
G1800730,18,73,41.0176883,-87.1188137,41.075783,-87.149436,33478.0,Jasper,Indiana,G1800730,41.075783,-87.149436,2011,KLAF0,40.4123,-86.9369,47.17294611708458,True,5324.0,1200.0,Good,Good,Good,Suspicious,Suspicious,Good,Good,Good,False,True,True
G1800750,18,75,40.4349719,-85.0033804,40.428424,-85.033025,21253.0,Jay,Indiana,G1800750,40.428424,-85.033025,2011,72533,41.0,-85.0333,39.492076246656005,True,5949.0,1056.0,Good,Good,Good,Suspicious,Suspicious,Good,Good,Good,False,False,False
G1800770,18,77,38.7836039,-85.44009,38.758956,-85.433692,32428.0,Jefferson,Indiana,G1800770,38.758956,-85.433692,2011,72423,38.1833,-85.7333,42.94921889795748,True,3898.0,1795.0,Good,Good,Good,Suspicious,Suspicious,Good,Good,Good,False,False,False
G1800790,18,79,38.9962339,-85.6281106,39.005169,-85.648821,28525.0,Jennings,Indiana,G1800790,39.005169,-85.648821,2011,KGEZ0,39.5831,-85.8048,40.79288010855178,True,5012.0,1183.0,Good,Good,Good,Good,Suspicious,Good,Good,Good,False,True,True
G1800810,18,81,39.4959859,-86.0946003,39.553276,-86.113609,139654.0,Johnson,Indiana,G1800810,39.553276,-86.113609,2011,72438,39.7167,-86.1167,11.292701713773932,True,5056.0,1380.0,Good,Good,Good,Suspicious,Suspicious,Good,Good,Good,False,False,False
G1800830,18,83,38.688391,-87.4203544,38.698623,-87.45768,38440.0,Knox,Indiana,G1800830,38.698623,-87.45768,2011,72432,38.0333,-87.5333,46.15153236040306,True,4220.0,1577.0,Good,Good,Good,Suspicious,Suspicious,Good,Good,Good,False,False,False
G1800850,18,85,41.2442928,-85.8615754,41.266796,-85.830484,77358.0,Kosciusko,Indiana,G1800850,41.266796,-85.830484,2011,72535,41.7,-86.3167,39.10580535419975,True,6123.0,933.0,Good,Good,Good,Suspicious,Suspicious,Good,Good,Good,False,False,False
G1800870,18,87,41.6424683,-85.4263018,41.6324,-85.46117,37128.0,LaGrange,Indiana,G1800870,41.6324,-85.46117,2011,KAZO0,42.2344,-85.5516,41.853064809755686,True,6257.0,853.0,Good,Good,Good,Suspicious,Suspicious,Good,Good,Good,True,True,True
G1800890,18,89,41.472247,-87.3743368,41.526226,-87.408155,496005.0,Lake,Indiana,G1800890,41.526226,-87.408155,2011,72534,41.7833,-87.75,25.038377199547064,True,5929.0,1169.0,Good,Good,Good,Suspicious,Suspicious,Good,Good,Good,False,False,False
G1800910,18,91,41.5490129,-86.7447386,41.631837,-86.790977,111467.0,LaPorte,Indiana,G1800910,41.631837,-86.790977,2011,72535,41.7,-86.3167,24.92870417141888,True,6123.0,933.0,Good,Good,Good,Suspicious,Suspicious,Good,Good,Good,False,False,False
G1800930,18,93,38.8398148,-86.4878198,38.846386,-86.495718,46134.0,Lawrence,Indiana,G1800930,38.846386,-86.495718,2011,KBMG0,39.146,-86.6167,21.696763170095217,True,4932.0,1106.0,Good,Good,Good,Suspicious,Suspicious,Good,Good,Good,False,False,False
G1800950,18,95,40.166203,-85.7224543,40.11412,-85.708901,131636.0,Madison,Indiana,G1800950,40.11412,-85.708901,2011,72438,39.7167,-86.1167,34.943172550190496,True,5056.0,1380.0,Good,Good,Good,Suspicious,Suspicious,Good,Good,Good,False,False,False
G1800970,18,97,39.7829759,-86.1357939,39.791299,-86.135905,903393.0,Marion,Indiana,G1800970,39.791299,-86.135905,2011,72438,39.7167,-86.1167,5.2542758598733785,True,5056.0,1380.0,Good,Good,Good,Suspicious,Suspicious,Good,Good,Good,False,False,False
G1800990,18,99,41.3250032,-86.2690363,41.347248,-86.273082,47051.0,Marshall,Indiana,G1800990,41.347248,-86.273082,2011,72535,41.7,-86.3167,24.477015959028112,True,6123.0,933.0,Good,Good,Good,Suspicious,Suspicious,Good,Good,Good,False,False,False
G1801010,18,101,38.705322,-86.8018468,38.678357,-86.848113,10334.0,Martin,Indiana,G1801010,38.678357,-86.848113,2011,KBMG0,39.146,-86.6167,34.6234474249578,True,4932.0,1106.0,Good,Good,Good,Suspicious,Suspicious,Good,Good,Good,False,False,False
G1801030,18,103,40.7728813,-86.0442585,40.730651,-86.073933,36903.0,Miami,Indiana,G1801030,40.730651,-86.073933,2011,KLAF0,40.4123,-86.9369,50.34944054001626,True,5324.0,1200.0,Good,Good,Good,Suspicious,Suspicious,Good,Good,Good,False,True,True
G1801050,18,105,39.1607509,-86.5233253,39.162879,-86.537697,137974.0,Monroe,Indiana,G1801050,39.162879,-86.537697,2011,KBMG0,39.146,-86.6167,4.390557054378871,True,4932.0,1106.0,Good,Good,Good,Suspicious,Suspicious,Good,Good,Good,False,False,False
G1801070,18,107,40.0402962,-86.8927145,40.03511,-86.90006,38124.0,Montgomery,Indiana,G1801070,40.03511,-86.90006,2011,KLAF0,40.4123,-86.9369,26.133667863579674,True,5324.0,1200.0,Good,Good,Good,Suspicious,Suspicious,Good,Good,Good,False,True,True
G1801090,18,109,39.4826458,-86.4474573,39.512251,-86.399318,68894.0,Morgan,Indiana,G1801090,39.512251,-86.399318,2011,72438,39.7167,-86.1167,20.63556738285612,True,5056.0,1380.0,Good,Good,Good,Suspicious,Suspicious,Good,Good,Good,False,False,False
G1801110,18,111,40.9623985,-87.4021716,40.994087,-87.380385,14244.0,Newton,Indiana,G1801110,40.994087,-87.380385,2011,KLAF0,40.4123,-86.9369,46.42672057911579,True,5324.0,1200.0,Good,Good,Good,Suspicious,Suspicious,Good,Good,Good,False,True,True
G1801130,18,113,41.4046795,-85.4172706,41.413892,-85.391205,47536.0,Noble,Indiana,G1801130,41.413892,-85.391205,2011,72533,41.0,-85.0333,34.11619940586615,True,5949.0,1056.0,Good,Good,Good,Suspicious,Suspicious,Good,Good,Good,False,False,False
G1801150,18,115,38.940527,-84.9642994,38.954549,-84.911295,6128.0,Ohio,Indiana,G1801150,38.954549,-84.911295,2011,72421,39.05,-84.6667,14.69613371022977,True,4762.0,1295.0,Good,Good,Good,Suspicious,Suspicious,Good,Good,Good,False,False,False
G1801170,18,117,38.5473812,-86.489257,38.562156,-86.496982,19840.0,Orange,Indiana,G1801170,38.562156,-86.496982,2011,KBMG0,39.146,-86.6167,40.85076389672461,True,4932.0,1106.0,Good,Good,Good,Suspicious,Suspicious,Good,Good,Good,False,False,False
G1801190,18,119,39.3173394,-86.8388453,39.315596,-86.799822,21575.0,Owen,Indiana,G1801190,39.315596,-86.799822,2011,KBMG0,39.146,-86.6167,15.276241229393314,True,4932.0,1106.0,Good,Good,Good,Suspicious,Suspicious,Good,Good,Good,False,False,False
G1801210,18,121,39.7742496,-87.1969502,39.758327,-87.227997,17339.0,Parke,Indiana,G1801210,39.758327,-87.227997,2011,KLAF0,40.4123,-86.9369,47.73345475912074,True,5324.0,1200.0,Good,Good,Good,Suspicious,Suspicious,Good,Good,Good,False,True,True
G1801230,18,123,38.0814361,-86.6265397,38.009327,-86.705205,19338.0,Perry,Indiana,G1801230,38.009327,-86.705205,2011,72432,38.0333,-87.5333,45.10384804281557,True,4220.0,1577.0,Good,Good,Good,Suspicious,Suspicious,Good,Good,Good,False,False,False
G1801250,18,125,38.3978982,-87.232532,38.424833,-87.233923,12845.0,Pike,Indiana,G1801250,38.424833,-87.233923,2011,72432,38.0333,-87.5333,31.55711436057571,True,4220.0,1577.0,Good,Good,Good,Suspicious,Suspicious,Good,Good,Good,False,False,False
G1801270,18,127,41.5099169,-87.0713138,41.513679,-87.105308,164343.0,Porter,Indiana,G1801270,41.513679,-87.105308,2011,72534,41.7833,-87.75,38.14322841948147,True,5929.0,1169.0,Good,Good,Good,Suspicious,Suspicious,Good,Good,Good,False,False,False
G1801290,18,129,38.0276138,-87.8686526,38.013245,-87.823041,25910.0,Posey,Indiana,G1801290,38.013245,-87.823041,2011,72432,38.0333,-87.5333,15.83106044436672,True,4220.0,1577.0,Good,Good,Good,Suspicious,Suspicious,Good,Good,Good,False,False,False
G1801310,18,131,41.0452718,-86.6925383,41.050592,-86.685266,13402.0,Pulaski,Indiana,G1801310,41.050592,-86.685266,2011,KLAF0,40.4123,-86.9369,46.02750724395367,True,5324.0,1200.0,Good,Good,Good,Suspicious,Suspicious,Good,Good,Good,False,True,True
G1801330,18,133,39.6655479,-86.853373,39.646107,-86.835611,37963.0,Putnam,Indiana,G1801330,39.646107,-86.835611,2011,KBMG0,39.146,-86.6167,36.47738701895799,True,4932.0,1106.0,Good,Good,Good,Suspicious,Suspicious,Good,Good,Good,False,False,False
G1801350,18,135,40.1641738,-85.0054812,40.168573,-84.997064,26171.0,Randolph,Indiana,G1801350,40.168573,-84.997064,2011,72429,39.9,-84.2167,45.261402870826686,True,5442.0,1114.0,Good,Good,Good,Suspicious,Suspicious,Good,Good,Good,False,False,False
G1801370,18,137,39.1002301,-85.2605409,39.159402,-85.218379,28818.0,Ripley,Indiana,G1801370,39.159402,-85.218379,2011,72421,39.05,-84.6667,30.52936208454442,True,4762.0,1295.0,Good,Good,Good,Suspicious,Suspicious,Good,Good,Good,False,False,False
G1801390,18,139,39.6223553,-85.4664159,39.623616,-85.474569,17392.0,Rush,Indiana,G1801390,39.623616,-85.474569,2011,KGEZ0,39.5831,-85.8048,17.80123549262027,True,5012.0,1183.0,Good,Good,Good,Good,Suspicious,Good,Good,Good,False,True,True
G1801410,18,141,41.6176989,-86.2881592,41.6754,-86.228686,266931.0,St. Joseph,Indiana,G1801410,41.6754,-86.228686,2011,72535,41.7,-86.3167,4.848962707313175,True,6123.0,933.0,Good,Good,Good,Suspicious,Suspicious,Good,Good,Good,False,False,False
G1801430,18,143,38.6794309,-85.7518981,38.698198,-85.762718,24181.0,Scott,Indiana,G1801430,38.698198,-85.762718,2011,72423,38.1833,-85.7333,35.61160650519088,True,3898.0,1795.0,Good,Good,Good,Suspicious,Suspicious,Good,Good,Good,False,False,False
G1801450,18,145,39.5241345,-85.7921742,39.536039,-85.789825,44436.0,Shelby,Indiana,G1801450,39.536039,-85.789825,2011,KGEZ0,39.5831,-85.8048,3.348016933393424,True,5012.0,1183.0,Good,Good,Good,Good,Suspicious,Good,Good,Good,False,True,True
G1801470,18,147,38.0097889,-87.0106449,38.015495,-87.011149,20952.0,Spencer,Indiana,G1801470,38.015495,-87.011149,2011,72432,38.0333,-87.5333,28.44628744698586,True,4220.0,1577.0,Good,Good,Good,Suspicious,Suspicious,Good,Good,Good,False,False,False
G1801490,18,149,41.2844785,-86.6446359,41.282896,-86.631962,23363.0,Starke,Indiana,G1801490,41.282896,-86.631962,2011,72535,41.7,-86.3167,33.117318385714704,True,6123.0,933.0,Good,Good,Good,Suspicious,Suspicious,Good,Good,Good,False,False,False
G1801510,18,151,41.6434372,-85.0024667,41.649521,-85.010662,34185.0,Steuben,Indiana,G1801510,41.649521,-85.010662,2011,72533,41.0,-85.0333,44.89292041822636,True,5949.0,1056.0,Good,Good,Good,Suspicious,Suspicious,Good,Good,Good,False,False,False
G1801530,18,153,39.0892251,-87.4158429,39.103093,-87.390988,21475.0,Sullivan,Indiana,G1801530,39.103093,-87.390988,2011,KBMG0,39.146,-86.6167,41.608180750819,True,4932.0,1106.0,Good,Good,Good,Suspicious,Suspicious,Good,Good,Good,False,False,False
G1801550,18,155,38.8258545,-85.029681,38.819835,-85.023499,10613.0,Switzerland,Indiana,G1801550,38.819835,-85.023499,2011,72421,39.05,-84.6667,24.91231365663854,True,4762.0,1295.0,Good,Good,Good,Suspicious,Suspicious,Good,Good,Good,False,False,False
G1801570,18,157,40.3891303,-86.8935554,40.41788,-86.886971,172780.0,Tippecanoe,Indiana,G1801570,40.41788,-86.886971,2011,KLAF0,40.4123,-86.9369,2.6546803689042826,True,5324.0,1200.0,Good,Good,Good,Suspicious,Suspicious,Good,Good,Good,False,True,True
G1801590,18,159,40.3102294,-86.0562066,40.308849,-86.050587,15936.0,Tipton,Indiana,G1801590,40.308849,-86.050587,2011,72438,39.7167,-86.1167,41.06284061697029,True,5056.0,1380.0,Good,Good,Good,Suspicious,Suspicious,Good,Good,Good,False,False,False
G1801610,18,161,39.6231109,-84.9251523,39.618626,-84.919102,7516.0,Union,Indiana,G1801610,39.618626,-84.919102,2011,KMGY0,39.589,-84.2249,37.011962754715405,True,5193.0,1095.0,Good,Good,Good,Suspicious,Suspicious,Good,Good,Good,False,False,False
G1801630,18,163,38.0200703,-87.5861659,37.996062,-87.551819,179703.0,Vanderburgh,Indiana,G1801630,37.996062,-87.551819,2011,72432,38.0333,-87.5333,2.7633382467397647,True,4220.0,1577.0,Good,Good,Good,Suspicious,Suspicious,Good,Good,Good,False,False,False
G1801650,18,165,39.8540452,-87.4620713,39.763164,-87.440231,16212.0,Vermillion,Indiana,G1801650,39.763164,-87.440231,2011,KCMI0,40.0388,-88.2778,48.30769326739984,True,5564.0,1170.0,Good,Good,Good,Suspicious,Suspicious,Good,Good,Good,True,True,True
G1801670,18,167,39.4291426,-87.3903754,39.460817,-87.387985,107848.0,Vigo,Indiana,G1801670,39.460817,-87.387985,2011,KBMG0,39.146,-86.6167,46.6214311762645,True,4932.0,1106.0,Good,Good,Good,Suspicious,Suspicious,Good,Good,Good,False,False,False
G1801690,18,169,40.8437475,-85.7951915,40.858522,-85.802372,32888.0,Wabash,Indiana,G1801690,40.858522,-85.802372,2011,72533,41.0,-85.0333,41.319334836082646,True,5949.0,1056.0,Good,Good,Good,Suspicious,Suspicious,Good,Good,Good,False,False,False
G1801710,18,171,40.3526584,-87.3758466,40.312186,-87.326289,8508.0,Warren,Indiana,G1801710,40.312186,-87.326289,2011,KLAF0,40.4123,-86.9369,21.63558500603788,True,5324.0,1200.0,Good,Good,Good,Suspicious,Suspicious,Good,Good,Good,False,True,True
G1801730,18,173,38.0977639,-87.2720225,38.012884,-87.352574,59689.0,Warrick,Indiana,G1801730,38.012884,-87.352574,2011,72432,38.0333,-87.5333,9.937382166990451,True,4220.0,1577.0,Good,Good,Good,Suspicious,Suspicious,Good,Good,Good,False,False,False
G1801750,18,175,38.6006126,-86.1047512,38.572886,-86.086677,28262.0,Washington,Indiana,G1801750,38.572886,-86.086677,2011,72423,38.1833,-85.7333,33.02906532872382,True,3898.0,1795.0,Good,Good,Good,Suspicious,Suspicious,Good,Good,Good,False,False,False
G1801770,18,177,39.8630908,-85.0067351,39.842737,-84.949811,68917.0,Wayne,Indiana,G1801770,39.842737,-84.949811,2011,72429,39.9,-84.2167,39.07619480168394,True,5442.0,1114.0,Good,Good,Good,Suspicious,Suspicious,Good,Good,Good,False,False,False
G1801790,18,179,40.7352727,-85.2129742,40.770771,-85.194412,27636.0,Wells,Indiana,G1801790,40.770771,-85.194412,2011,72533,41.0,-85.0333,17.935278908897192,True,5949.0,1056.0,Good,Good,Good,Suspicious,Suspicious,Good,Good,Good,False,False,False
G1801810,18,181,40.7509496,-86.8642934,40.755698,-86.810306,24643.0,White,Indiana,G1801810,40.755698,-86.810306,2011,KLAF0,40.4123,-86.9369,24.638851763931967,True,5324.0,1200.0,Good,Good,Good,Suspicious,Suspicious,Good,Good,Good,False,True,True
G1801830,18,183,41.1364261,-85.5018918,41.163144,-85.47848,33292.0,Whitley,Indiana,G1801830,41.163144,-85.47848,2011,72533,41.0,-85.0333,25.78019618989245,True,5949.0,1056.0,Good,Good,Good,Suspicious,Suspicious,Good,Good,Good,False,False,False
G1900010,19,1,41.3285283,-94.4781643,41.344629,-94.479157,7682.0,Adair,Iowa,G1900010,41.344629,-94.479157,2011,72546,41.5333,-93.6531,44.72846416551816,True,5979.0,1305.0,Good,Good,Good,Suspicious,Suspicious,Good,Good,Good,False,False,False
G1900030,19,3,41.0216555,-94.6969059,41.006693,-94.709635,4029.0,Adams,Iowa,G1900030,41.006693,-94.709635,2011,72554,41.1167,-95.9,62.4774422550058,True,6261.0,1250.0,Good,Good,Good,Suspicious,Suspicious,Good,Good,Good,False,True,True
G1900050,19,5,43.2749637,-91.382751,43.25705,-91.417115,14330.0,Allamakee,Iowa,G1900050,43.25705,-91.417115,2011,72548,42.55,-92.0667,58.884137463618,True,7000.0,913.0,Good,Good,Good,Suspicious,Suspicious,Good,Good,Good,False,False,False
G1900070,19,7,40.7442964,-92.873061,40.739836,-92.867034,12887.0,Appanoose,Iowa,G1900070,40.739836,-92.867034,2011,KOTM0,41.1066,-92.4479,33.48059014011785,True,6225.0,1076.0,Good,Good,Good,Suspicious,Suspicious,Good,Good,Good,True,True,True
G1900090,19,9,41.679178,-94.9043119,41.676829,-94.925302,6119.0,Audubon,Iowa,G1900090,41.676829,-94.925302,2011,72550,41.3,-95.9,56.7695958116602,True,6110.0,1326.0,Good,Good,Good,Good,Suspicious,Good,Good,Good,False,False,False
G1900110,19,11,42.0925474,-92.05763,42.06222,-92.017478,26076.0,Benton,Iowa,G1900110,42.06222,-92.017478,2011,72548,42.55,-92.0667,33.79605157775046,True,7000.0,913.0,Good,Good,Good,Suspicious,Suspicious,Good,Good,Good,False,False,False
G1900130,19,13,42.4715414,-92.3080334,42.490851,-92.370013,131090.0,Black Hawk,Iowa,G1900130,42.490851,-92.370013,2011,72548,42.55,-92.0667,15.977497377013623,True,7000.0,913.0,Good,Good,Good,Suspicious,Suspicious,Good,Good,Good,False,False,False
G1900150,19,15,42.038601,-93.9383625,42.026494,-93.895155,26306.0,Boone,Iowa,G1900150,42.026494,-93.895155,2011,KAMW0,41.9921,-93.6218,14.233499633109254,True,6716.0,950.0,Good,Good,Good,Suspicious,Suspicious,Good,Good,Good,False,False,False
G1900170,19,17,42.7808902,-92.3275863,42.743058,-92.376967,24276.0,Bremer,Iowa,G1900170,42.743058,-92.376967,2011,72548,42.55,-92.0667,20.653432469340604,True,7000.0,913.0,Good,Good,Good,Suspicious,Suspicious,Good,Good,Good,False,False,False
G1900190,19,19,42.4703284,-91.8386658,42.486957,-91.901041,20958.0,Buchanan,Iowa,G1900190,42.486957,-91.901041,2011,72548,42.55,-92.0667,9.494472761205856,True,7000.0,913.0,Good,Good,Good,Suspicious,Suspicious,Good,Good,Good,False,False,False
G1900210,19,21,42.741521,-95.1414313,42.679153,-95.181444,20260.0,Buena Vista,Iowa,G1900210,42.679153,-95.181444,2011,KSPW0,43.1655,-95.2028,33.62068770450418,True,7589.0,865.0,Good,Good,Good,Suspicious,Suspicious,Good,Good,Good,False,False,False
G1900230,19,23,42.7347076,-92.7800664,42.707538,-92.758692,14867.0,Butler,Iowa,G1900230,42.707538,-92.758692,2011,72548,42.55,-92.0667,36.823408203161975,True,7000.0,913.0,Good,Good,Good,Suspicious,Suspicious,Good,Good,Good,False,False,False
G1900250,19,25,42.3861699,-94.6436829,42.400162,-94.625331,9670.0,Calhoun,Iowa,G1900250,42.400162,-94.625331,2011,KAMW0,41.9921,-93.6218,58.596728606663305,True,6716.0,950.0,Good,Good,Good,Suspicious,Suspicious,Good,Good,Good,False,False,False
G1900270,19,27,42.039492,-94.8676471,42.038571,-94.867634,20816.0,Carroll,Iowa,G1900270,42.038571,-94.867634,2011,KAMW0,41.9921,-93.6218,64.03356619188968,True,6716.0,950.0,Good,Good,Good,Suspicious,Suspicious,Good,Good,Good,False,False,False
G1900290,19,29,41.3338235,-94.9333023,41.365898,-94.979466,13956.0,Cass,Iowa,G1900290,41.365898,-94.979466,2011,72550,41.3,-95.9,47.97462121723583,True,6110.0,1326.0,Good,Good,Good,Good,Suspicious,Good,Good,Good,False,False,False
G1900310,19,31,41.77236,-91.1326105,41.757883,-91.137388,18499.0,Cedar,Iowa,G1900310,41.757883,-91.137388,2011,KIOW0,41.6398,-91.5481,22.704580197886045,True,6318.0,1085.0,Good,Good,Good,Suspicious,Suspicious,Good,Good,Good,False,False,False
G1900330,19,33,43.0749751,-93.2509646,43.135116,-93.246222,44151.0,Cerro Gordo,Iowa,G1900330,43.135116,-93.246222,2011,KMCW0,43.1578,-93.3313,4.566274879113758,True,7544.0,783.0,Good,Good,Good,Suspicious,Suspicious,Good,Good,Good,False,False,False
G1900350,19,35,42.7427375,-95.6332616,42.749288,-95.593937,12072.0,Cherokee,Iowa,G1900350,42.749288,-95.593937,2011,72557,42.3833,-96.05,34.3225086056692,True,7019.0,1045.0,Good,Good,Good,Suspicious,Suspicious,Good,Good,Good,False,False,False
G1900370,19,37,43.0597409,-92.3172101,43.038059,-92.344319,12439.0,Chickasaw,Iowa,G1900370,43.038059,-92.344319,2011,72548,42.55,-92.0667,36.54123102260984,True,7000.0,913.0,Good,Good,Good,Suspicious,Suspicious,Good,Good,Good,False,False,False
G1900390,19,39,41.0291908,-93.7840961,41.036835,-93.78126,9286.0,Clarke,Iowa,G1900390,41.036835,-93.78126,2011,72546,41.5333,-93.6531,34.941800485512545,True,5979.0,1305.0,Good,Good,Good,Suspicious,Suspicious,Good,Good,Good,False,False,False
G1900410,19,41,43.079822,-95.1497261,43.127315,-95.159571,16667.0,Clay,Iowa,G1900410,43.127315,-95.159571,2011,KSPW0,43.1655,-95.2028,3.421954534270131,True,7589.0,865.0,Good,Good,Good,Suspicious,Suspicious,Good,Good,Good,False,False,False
G1900430,19,43,42.8409979,-91.3235108,42.860097,-91.322919,18129.0,Clayton,Iowa,G1900430,42.860097,-91.322919,2011,72548,42.55,-92.0667,43.41872607523543,True,7000.0,913.0,Good,Good,Good,Suspicious,Suspicious,Good,Good,Good,False,False,False
G1900450,19,45,41.8980732,-90.5342431,41.852707,-90.335737,49116.0,Clinton,Iowa,G1900450,41.852707,-90.335737,2011,KIOW0,41.6398,-91.5481,64.20528688873058,True,6318.0,1085.0,Good,Good,Good,Suspicious,Suspicious,Good,Good,Good,False,False,False
G1900470,19,47,42.0431192,-95.3890903,42.027366,-95.358454,17096.0,Crawford,Iowa,G1900470,42.027366,-95.358454,2011,72557,42.3833,-96.05,43.09850064100247,True,7019.0,1045.0,Good,Good,Good,Suspicious,Suspicious,Good,Good,Good,False,False,False
G1900490,19,49,41.6853206,-94.0407065,41.645223,-93.923368,66135.0,Dallas,Iowa,G1900490,41.645223,-93.923368,2011,72546,41.5333,-93.6531,15.96445084674906,True,5979.0,1305.0,Good,Good,Good,Suspicious,Suspicious,Good,Good,Good,False,False,False
G1900510,19,51,40.7480892,-92.4103453,40.765097,-92.415821,8753.0,Davis,Iowa,G1900510,40.765097,-92.415821,2011,KOTM0,41.1066,-92.4479,23.654904682299588,True,6225.0,1076.0,Good,Good,Good,Suspicious,Suspicious,Good,Good,Good,True,True,True
G1900530,19,53,40.7363787,-93.7845799,40.71001,-93.821366,8457.0,Decatur,Iowa,G1900530,40.71001,-93.821366,2011,72546,41.5333,-93.6531,57.55405428157101,True,5979.0,1305.0,Good,Good,Good,Suspicious,Suspicious,Good,Good,Good,False,False,False
G1900550,19,55,42.4730017,-91.3594378,42.482434,-91.383342,17764.0,Delaware,Iowa,G1900550,42.482434,-91.383342,2011,72548,42.55,-92.0667,35.11347244118588,True,7000.0,913.0,Good,Good,Good,Suspicious,Suspicious,Good,Good,Good,False,False,False
G1900570,19,57,40.9153393,-91.1869253,40.833525,-91.141489,40325.0,Des Moines,Iowa,G1900570,40.833525,-91.141489,2011,72542,40.7832,-91.1255,3.576248037891124,True,5816.0,1200.0,Good,Good,Good,Suspicious,Suspicious,Good,Good,Good,False,True,True
G1900590,19,59,43.3896107,-95.1960572,43.389624,-95.133548,16667.0,Dickinson,Iowa,G1900590,43.389624,-95.133548,2011,KSPW0,43.1655,-95.2028,15.872456902436966,True,7589.0,865.0,Good,Good,Good,Suspicious,Suspicious,Good,Good,Good,False,False,False
G1900610,19,61,42.4634808,-90.8787708,42.493726,-90.759915,93653.0,Dubuque,Iowa,G1900610,42.493726,-90.759915,2011,KLNR0,43.2119,-90.1798,57.668341401765474,True,6884.0,872.0,Good,Good,Good,Suspicious,Suspicious,Good,Good,Good,True,True,True
G1900630,19,63,43.3779844,-94.6693702,43.394425,-94.75499,10302.0,Emmet,Iowa,G1900630,43.394425,-94.75499,2011,KSPW0,43.1655,-95.2028,27.52388357333351,True,7589.0,865.0,Good,Good,Good,Suspicious,Suspicious,Good,Good,Good,False,False,False
G1900650,19,65,42.8644496,-91.8393728,42.820385,-91.855375,20880.0,Fayette,Iowa,G1900650,42.820385,-91.855375,2011,72548,42.55,-92.0667,21.545512121328517,True,7000.0,913.0,Good,Good,Good,Suspicious,Suspicious,Good,Good,Good,False,False,False
G1900670,19,67,43.052741,-92.7873669,43.074625,-92.75233,16303.0,Floyd,Iowa,G1900670,43.074625,-92.75233,2011,KMCW0,43.1578,-93.3313,29.760969248161484,True,7544.0,783.0,Good,Good,Good,Suspicious,Suspicious,Good,Good,Good,False,False,False
G1900690,19,69,42.7365489,-93.2714247,42.755202,-93.240318,10680.0,Franklin,Iowa,G1900690,42.755202,-93.240318,2011,KMCW0,43.1578,-93.3313,28.19471797725127,True,7544.0,783.0,Good,Good,Good,Suspicious,Suspicious,Good,Good,Good,False,False,False
G1900710,19,71,40.7425902,-95.5991816,40.747942,-95.623322,7441.0,Fremont,Iowa,G1900710,40.747942,-95.623322,2011,72554,41.1167,-95.9,29.28722574429581,True,6261.0,1250.0,Good,Good,Good,Suspicious,Suspicious,Good,Good,Good,False,True,True
G1900730,19,73,42.042494,-94.3887028,42.029792,-94.375962,9336.0,Greene,Iowa,G1900730,42.029792,-94.375962,2011,KAMW0,41.9921,-93.6218,38.80415057150383,True,6716.0,950.0,Good,Good,Good,Suspicious,Suspicious,Good,Good,Good,False,False,False
G1900750,19,75,42.4033232,-92.7902613,42.380262,-92.748284,12453.0,Grundy,Iowa,G1900750,42.380262,-92.748284,2011,72548,42.55,-92.0667,36.66592061254066,True,7000.0,913.0,Good,Good,Good,Suspicious,Suspicious,Good,Good,Good,False,False,False
G1900770,19,77,41.6835728,-94.5012723,41.669446,-94.431251,10954.0,Guthrie,Iowa,G1900770,41.669446,-94.431251,2011,72546,41.5333,-93.6531,41.29016634999384,True,5979.0,1305.0,Good,Good,Good,Suspicious,Suspicious,Good,Good,Good,False,False,False
G1900790,19,79,42.3907681,-93.709198,42.407552,-93.766985,15673.0,Hamilton,Iowa,G1900790,42.407552,-93.766985,2011,KAMW0,41.9921,-93.6218,29.651256340882,True,6716.0,950.0,Good,Good,Good,Suspicious,Suspicious,Good,Good,Good,False,False,False
G1900810,19,81,43.0754105,-93.7436965,43.092013,-93.705072,11341.0,Hancock,Iowa,G1900810,43.092013,-93.705072,2011,KMCW0,43.1578,-93.3313,19.389179552783784,True,7544.0,783.0,Good,Good,Good,Suspicious,Suspicious,Good,Good,Good,False,False,False
G1900830,19,83,42.3902079,-93.241669,42.436775,-93.215799,17534.0,Hardin,Iowa,G1900830,42.436775,-93.215799,2011,KAMW0,41.9921,-93.6218,37.08925691027554,True,6716.0,950.0,Good,Good,Good,Suspicious,Suspicious,Good,Good,Good,False,False,False
G1900850,19,85,41.6885844,-95.8271491,41.662391,-95.807433,14928.0,Harrison,Iowa,G1900850,41.662391,-95.807433,2011,72550,41.3,-95.9,25.493127990663407,True,6110.0,1326.0,Good,Good,Good,Good,Suspicious,Good,Good,Good,False,False,False
G1900870,19,87,40.985864,-91.5442697,40.981343,-91.537058,20145.0,Henry,Iowa,G1900870,40.981343,-91.537058,2011,72542,40.7832,-91.1255,25.48796268410322,True,5816.0,1200.0,Good,Good,Good,Suspicious,Suspicious,Good,Good,Good,False,True,True
G1900890,19,89,43.3653125,-92.3219084,43.361616,-92.231027,9566.0,Howard,Iowa,G1900890,43.361616,-92.231027,2011,72644,43.9,-92.5,39.55600305475061,True,7561.0,706.0,Good,Good,Good,Suspicious,Suspicious,Good,Good,Good,False,False,False
G1900910,19,91,42.7822212,-94.2027754,42.74679,-94.215551,9815.0,Humboldt,Iowa,G1900910,42.74679,-94.215551,2011,KMCW0,43.1578,-93.3313,52.97205986353822,True,7544.0,783.0,Good,Good,Good,Suspicious,Suspicious,Good,Good,Good,False,False,False
G1900930,19,93,42.3918601,-95.5074206,42.391343,-95.504381,7089.0,Ida,Iowa,G1900930,42.391343,-95.504381,2011,72557,42.3833,-96.05,27.849867775398277,True,7019.0,1045.0,Good,Good,Good,Suspicious,Suspicious,Good,Good,Good,False,False,False
G1900950,19,95,41.6839184,-92.0591226,41.702615,-92.039923,16355.0,Iowa,Iowa,G1900950,41.702615,-92.039923,2011,KIOW0,41.6398,-91.5481,25.751700773014843,True,6318.0,1085.0,Good,Good,Good,Suspicious,Suspicious,Good,Good,Good,False,False,False
G1900970,19,97,42.1642812,-90.5745965,42.139283,-90.566782,19848.0,Jackson,Iowa,G1900970,42.139283,-90.566782,2011,KIOW0,41.6398,-91.5481,61.1440225839059,True,6318.0,1085.0,Good,Good,Good,Suspicious,Suspicious,Good,Good,Good,False,False,False
G1900990,19,99,41.6855513,-93.0541468,41.678374,-93.070038,36842.0,Jasper,Iowa,G1900990,41.678374,-93.070038,2011,72546,41.5333,-93.6531,31.74670286027437,True,5979.0,1305.0,Good,Good,Good,Suspicious,Suspicious,Good,Good,Good,False,False,False
G1901010,19,101,41.0068799,-91.9671367,41.013171,-91.964603,16843.0,Jefferson,Iowa,G1901010,41.013171,-91.964603,2011,KOTM0,41.1066,-92.4479,25.99308889522193,True,6225.0,1076.0,Good,Good,Good,Suspicious,Suspicious,Good,Good,Good,True,True,True
G1901030,19,103,41.6687365,-91.5888122,41.679755,-91.55831,130882.0,Johnson,Iowa,G1901030,41.679755,-91.55831,2011,KIOW0,41.6398,-91.5481,2.810482107933662,True,6318.0,1085.0,Good,Good,Good,Suspicious,Suspicious,Good,Good,Good,False,False,False
G1901050,19,105,42.1251175,-91.1169141,42.136467,-91.198513,20638.0,Jones,Iowa,G1901050,42.136467,-91.198513,2011,KIOW0,41.6398,-91.5481,38.74197857656015,True,6318.0,1085.0,Good,Good,Good,Suspicious,Suspicious,Good,Good,Good,False,False,False
G1901070,19,107,41.3311823,-92.1677213,41.325439,-92.17499,10511.0,Keokuk,Iowa,G1901070,41.325439,-92.17499,2011,KOTM0,41.1066,-92.4479,20.7319996463507,True,6225.0,1076.0,Good,Good,Good,Suspicious,Suspicious,Good,Good,Good,True,True,True
G1901090,19,109,43.2124777,-94.213983,43.147016,-94.22057,15543.0,Kossuth,Iowa,G1901090,43.147016,-94.22057,2011,KMCW0,43.1578,-93.3313,44.83063187383604,True,7544.0,783.0,Good,Good,Good,Suspicious,Suspicious,Good,Good,Good,False,False,False
G1901110,19,111,40.6475875,-91.4771574,40.55857,-91.396226,35862.0,Lee,Iowa,G1901110,40.55857,-91.396226,2011,72542,40.7832,-91.1255,21.02769851336328,True,5816.0,1200.0,Good,Good,Good,Suspicious,Suspicious,Good,Good,Good,False,True,True
G1901130,19,113,42.0779506,-91.5976735,42.009607,-91.647251,211226.0,Linn,Iowa,G1901130,42.009607,-91.647251,2011,KIOW0,41.6398,-91.5481,26.056175652937927,True,6318.0,1085.0,Good,Good,Good,Suspicious,Suspicious,Good,Good,Good,False,False,False
G1901150,19,115,41.2182111,-91.2569936,41.22579,-91.259929,11387.0,Louisa,Iowa,G1901150,41.22579,-91.259929,2011,72542,40.7832,-91.1255,31.373032973923877,True,5816.0,1200.0,Good,Good,Good,Suspicious,Suspicious,Good,Good,Good,False,True,True
G1901170,19,117,41.033344,-93.3314666,41.021148,-93.313045,8898.0,Lucas,Iowa,G1901170,41.021148,-93.313045,2011,72546,41.5333,-93.6531,39.54704287707851,True,5979.0,1305.0,Good,Good,Good,Suspicious,Suspicious,Good,Good,Good,False,False,False
G1901190,19,119,43.3835796,-96.2072011,43.385265,-96.218544,11581.0,Lyon,Iowa,G1901190,43.385265,-96.218544,2011,72651,43.5833,-96.75,29.950807102969968,True,7642.0,822.0,Good,Good,Good,Suspicious,Suspicious,Good,Good,Good,False,False,False
G1901210,19,121,41.3306216,-94.0151842,41.347064,-93.989405,15679.0,Madison,Iowa,G1901210,41.347064,-93.989405,2011,72546,41.5333,-93.6531,21.656432218559598,True,5979.0,1305.0,Good,Good,Good,Suspicious,Suspicious,Good,Good,Good,False,False,False
G1901230,19,123,41.3307969,-92.6363663,41.31208,-92.641016,22381.0,Mahaska,Iowa,G1901230,41.31208,-92.641016,2011,KOTM0,41.1066,-92.4479,17.38750318221698,True,6225.0,1076.0,Good,Good,Good,Suspicious,Suspicious,Good,Good,Good,True,True,True
G1901250,19,125,41.3314552,-93.093849,41.35483,-93.04269,33309.0,Marion,Iowa,G1901250,41.35483,-93.04269,2011,72546,41.5333,-93.6531,33.93427861684505,True,5979.0,1305.0,Good,Good,Good,Suspicious,Suspicious,Good,Good,Good,False,False,False
G1901270,19,127,42.041691,-92.9814523,42.031353,-92.938421,40648.0,Marshall,Iowa,G1901270,42.031353,-92.938421,2011,KAMW0,41.9921,-93.6218,35.18711820916774,True,6716.0,950.0,Good,Good,Good,Suspicious,Suspicious,Good,Good,Good,False,False,False
G1901290,19,129,41.0337028,-95.619101,41.04967,-95.695267,15059.0,Mills,Iowa,G1901290,41.04967,-95.695267,2011,72554,41.1167,-95.9,11.624789278334733,True,6261.0,1250.0,Good,Good,Good,Suspicious,Suspicious,Good,Good,Good,False,True,True
G1901310,19,131,43.3485643,-92.7844663,43.336257,-92.803247,10776.0,Mitchell,Iowa,G1901310,43.336257,-92.803247,2011,KMCW0,43.1578,-93.3313,29.296845936212605,True,7544.0,783.0,Good,Good,Good,Suspicious,Suspicious,Good,Good,Good,False,False,False
G1901330,19,133,42.0494317,-95.9565661,42.063026,-95.985135,9243.0,Monona,Iowa,G1901330,42.063026,-95.985135,2011,72557,42.3833,-96.05,22.37628439995705,True,7019.0,1045.0,Good,Good,Good,Suspicious,Suspicious,Good,Good,Good,False,False,False
G1901350,19,135,41.0288473,-92.8696415,41.035615,-92.827682,7970.0,Monroe,Iowa,G1901350,41.035615,-92.827682,2011,KOTM0,41.1066,-92.4479,20.38139653648968,True,6225.0,1076.0,Good,Good,Good,Suspicious,Suspicious,Good,Good,Good,True,True,True
G1901370,19,137,41.0217348,-95.1577896,41.008619,-95.167995,10740.0,Montgomery,Iowa,G1901370,41.008619,-95.167995,2011,72554,41.1167,-95.9,38.85853989027332,True,6261.0,1250.0,Good,Good,Good,Suspicious,Suspicious,Good,Good,Good,False,True,True
G1901390,19,139,41.483776,-91.1186992,41.464065,-91.078997,42745.0,Muscatine,Iowa,G1901390,41.464065,-91.078997,2011,KIOW0,41.6398,-91.5481,27.124918438436087,True,6318.0,1085.0,Good,Good,Good,Suspicious,Suspicious,Good,Good,Good,False,False,False
G1901410,19,141,43.0837455,-95.6256244,43.126413,-95.690881,14398.0,O'Brien,Iowa,G1901410,43.126413,-95.690881,2011,KSPW0,43.1655,-95.2028,24.75259902595649,True,7589.0,865.0,Good,Good,Good,Suspicious,Suspicious,Good,Good,Good,False,False,False
G1901430,19,143,43.3785421,-95.6337878,43.38638,-95.680373,6462.0,Osceola,Iowa,G1901430,43.38638,-95.680373,2011,KSPW0,43.1655,-95.2028,28.46139800266781,True,7589.0,865.0,Good,Good,Good,Suspicious,Suspicious,Good,Good,Good,False,False,False
G1901450,19,145,40.7390902,-95.1442898,40.747616,-95.188476,15932.0,Page,Iowa,G1901450,40.747616,-95.188476,2011,72554,41.1167,-95.9,45.05255311395162,True,6261.0,1250.0,Good,Good,Good,Suspicious,Suspicious,Good,Good,Good,False,True,True
G1901470,19,147,43.0753374,-94.6690546,43.099878,-94.690212,9421.0,Palo Alto,Iowa,G1901470,43.099878,-94.690212,2011,KSPW0,43.1655,-95.2028,26.240542956615247,True,7589.0,865.0,Good,Good,Good,Suspicious,Suspicious,Good,Good,Good,False,False,False
G1901490,19,149,42.7375854,-96.2158638,42.747907,-96.203431,24986.0,Plymouth,Iowa,G1901490,42.747907,-96.203431,2011,72557,42.3833,-96.05,26.374069412876544,True,7019.0,1045.0,Good,Good,Good,Suspicious,Suspicious,Good,Good,Good,False,False,False
G1901510,19,151,42.7340333,-94.6782789,42.745402,-94.700868,7310.0,Pocahontas,Iowa,G1901510,42.745402,-94.700868,2011,KSPW0,43.1655,-95.2028,38.55815454451016,True,7589.0,865.0,Good,Good,Good,Suspicious,Suspicious,Good,Good,Good,False,False,False
G1901530,19,153,41.6842807,-93.5697204,41.623296,-93.641654,430640.0,Polk,Iowa,G1901530,41.623296,-93.641654,2011,72546,41.5333,-93.6531,6.246199199800149,True,5979.0,1305.0,Good,Good,Good,Suspicious,Suspicious,Good,Good,Good,False,False,False
G1901550,19,155,41.3401835,-95.5449053,41.278533,-95.79515,93158.0,Pottawattamie,Iowa,G1901550,41.278533,-95.79515,2011,72550,41.3,-95.9,5.641836581461391,True,6110.0,1326.0,Good,Good,Good,Good,Suspicious,Good,Good,Good,False,False,False
G1901570,19,157,41.6845262,-92.5228819,41.709953,-92.620663,18914.0,Poweshiek,Iowa,G1901570,41.709953,-92.620663,2011,KOTM0,41.1066,-92.4479,42.63812503234096,True,6225.0,1076.0,Good,Good,Good,Suspicious,Suspicious,Good,Good,Good,True,True,True
G1901590,19,159,40.7353342,-94.2442514,40.733763,-94.23852,5131.0,Ringgold,Iowa,G1901590,40.733763,-94.23852,2011,72546,41.5333,-93.6531,63.085774474693736,True,5979.0,1305.0,Good,Good,Good,Suspicious,Suspicious,Good,Good,Good,False,False,False
G1901610,19,161,42.3875259,-95.1052244,42.375805,-95.088801,10350.0,Sac,Iowa,G1901610,42.375805,-95.088801,2011,72557,42.3833,-96.05,49.06105160977066,True,7019.0,1045.0,Good,Good,Good,Suspicious,Suspicious,Good,Good,Good,False,False,False
G1901630,19,163,41.6420791,-90.6222889,41.563153,-90.567812,165224.0,Scott,Iowa,G1901630,41.563153,-90.567812,2011,KIOW0,41.6398,-91.5481,50.92403353120229,True,6318.0,1085.0,Good,Good,Good,Suspicious,Suspicious,Good,Good,Good,False,False,False
G1901650,19,165,41.6790143,-95.3089173,41.665153,-95.320336,12167.0,Shelby,Iowa,G1901650,41.665153,-95.320336,2011,72550,41.3,-95.9,39.20185851430886,True,6110.0,1326.0,Good,Good,Good,Good,Suspicious,Good,Good,Good,False,False,False
G1901670,19,167,43.082646,-96.1780098,43.079825,-96.16727,33704.0,Sioux,Iowa,G1901670,43.079825,-96.16727,2011,72651,43.5833,-96.75,45.47326002771458,True,7642.0,822.0,Good,Good,Good,Suspicious,Suspicious,Good,Good,Good,False,False,False
G1901690,19,169,42.0375379,-93.4660934,42.026371,-93.601827,89542.0,Story,Iowa,G1901690,42.026371,-93.601827,2011,KAMW0,41.9921,-93.6218,2.58038013142182,True,6716.0,950.0,Good,Good,Good,Suspicious,Suspicious,Good,Good,Good,False,False,False
G1901710,19,171,42.074848,-92.5294115,42.065599,-92.542587,17767.0,Tama,Iowa,G1901710,42.065599,-92.542587,2011,72548,42.55,-92.0667,41.36959656845485,True,7000.0,913.0,Good,Good,Good,Suspicious,Suspicious,Good,Good,Good,False,False,False
G1901730,19,173,40.7379489,-94.6971082,40.755364,-94.673438,6317.0,Taylor,Iowa,G1901730,40.755364,-94.673438,2011,72554,41.1167,-95.9,68.71641977222549,True,6261.0,1250.0,Good,Good,Good,Suspicious,Suspicious,Good,Good,Good,False,True,True
G1901750,19,175,41.0285502,-94.2450907,41.053083,-94.318925,12534.0,Union,Iowa,G1901750,41.053083,-94.318925,2011,72546,41.5333,-93.6531,47.912357699931306,True,5979.0,1305.0,Good,Good,Good,Suspicious,Suspicious,Good,Good,Good,False,False,False
G1901770,19,177,40.7541168,-91.952943,40.745557,-91.939134,7570.0,Van Buren,Iowa,G1901770,40.745557,-91.939134,2011,KOTM0,41.1066,-92.4479,36.437405343282464,True,6225.0,1076.0,Good,Good,Good,Suspicious,Suspicious,Good,Good,Good,True,True,True
G1901790,19,179,41.0312631,-92.4094822,41.016218,-92.418385,35625.0,Wapello,Iowa,G1901790,41.016218,-92.418385,2011,KOTM0,41.1066,-92.4479,6.431309049106685,True,6225.0,1076.0,Good,Good,Good,Suspicious,Suspicious,Good,Good,Good,True,True,True
G1901810,19,181,41.3368623,-93.5642216,41.400885,-93.588243,46225.0,Warren,Iowa,G1901810,41.400885,-93.588243,2011,72546,41.5333,-93.6531,9.745746665508394,True,5979.0,1305.0,Good,Good,Good,Suspicious,Suspicious,Good,Good,Good,False,False,False
G1901830,19,183,41.3294012,-91.7250523,41.361978,-91.695465,21704.0,Washington,Iowa,G1901830,41.361978,-91.695465,2011,KIOW0,41.6398,-91.5481,20.65487081197968,True,6318.0,1085.0,Good,Good,Good,Suspicious,Suspicious,Good,Good,Good,False,False,False
G1901850,19,185,40.7399827,-93.3326126,40.740054,-93.312926,6403.0,Wayne,Iowa,G1901850,40.740054,-93.312926,2011,KOTM0,41.1066,-92.4479,51.77590733511274,True,6225.0,1076.0,Good,Good,Good,Suspicious,Suspicious,Good,Good,Good,True,True,True
G1901870,19,187,42.4335786,-94.1758309,42.480374,-94.179066,38013.0,Webster,Iowa,G1901870,42.480374,-94.179066,2011,KAMW0,41.9921,-93.6218,44.16767379311513,True,6716.0,950.0,Good,Good,Good,Suspicious,Suspicious,Good,Good,Good,False,False,False
G1901890,19,189,43.3781243,-93.7434883,43.34288,-93.667031,10866.0,Winnebago,Iowa,G1901890,43.34288,-93.667031,2011,KMCW0,43.1578,-93.3313,21.189449668320027,True,7544.0,783.0,Good,Good,Good,Suspicious,Suspicious,Good,Good,Good,False,False,False
G1901910,19,191,43.2929889,-91.850788,43.281284,-91.814375,21056.0,Winneshiek,Iowa,G1901910,43.281284,-91.814375,2011,72548,42.55,-92.0667,52.11497997404105,True,7000.0,913.0,Good,Good,Good,Suspicious,Suspicious,Good,Good,Good,False,False,False
G1901930,19,193,42.3932198,-96.0532956,42.483225,-96.344174,102172.0,Woodbury,Iowa,G1901930,42.483225,-96.344174,2011,72557,42.3833,-96.05,16.51397141431973,True,7019.0,1045.0,Good,Good,Good,Suspicious,Suspicious,Good,Good,Good,False,False,False
G1901950,19,195,43.373491,-93.2485332,43.36654,-93.252258,7598.0,Worth,Iowa,G1901950,43.36654,-93.252258,2011,KMCW0,43.1578,-93.3313,14.960825806171677,True,7544.0,783.0,Good,Good,Good,Suspicious,Suspicious,Good,Good,Good,False,False,False
G1901970,19,197,42.7330073,-93.7347352,42.732195,-93.755488,13229.0,Wright,Iowa,G1901970,42.732195,-93.755488,2011,KMCW0,43.1578,-93.3313,36.40067581503656,True,7544.0,783.0,Good,Good,Good,Suspicious,Suspicious,Good,Good,Good,False,False,False
G2000010,20,1,37.8842285,-95.3009448,37.896584,-95.367053,13371.0,Allen,Kansas,G2000010,37.896584,-95.367053,2011,KPPF0,37.3308,-95.5062,39.82680159151739,True,4444.0,2179.0,Good,Good,Good,Suspicious,Suspicious,Good,Good,Good,True,True,True
G2000030,20,3,38.2151139,-95.2920464,38.250112,-95.264386,8102.0,Anderson,Kansas,G2000030,38.250112,-95.264386,2011,72447,38.8309,-94.8903,44.933286272589775,True,5221.0,1697.0,Good,Good,Good,Suspicious,Suspicious,Good,Good,Good,False,False,False
G2000050,20,5,39.5325441,-95.3133975,39.555583,-95.181488,16924.0,Atchison,Kansas,G2000050,39.555583,-95.181488,2011,72446,39.2972,-94.7306,29.9631570513635,True,5266.0,1575.0,Good,Good,Good,Suspicious,Suspicious,Good,Good,Good,False,False,False
G2000070,20,7,37.2229059,-98.685052,37.212182,-98.557384,4861.0,Barber,Kansas,G2000070,37.212182,-98.557384,2011,72452,37.2833,-98.55,4.930531727090544,True,4598.0,2420.0,Good,Good,Suspicious,Suspicious,Suspicious,Good,Good,Good,False,False,False
G2000090,20,9,38.4812394,-98.7678374,38.394738,-98.757739,27674.0,Barton,Kansas,G2000090,38.394738,-98.757739,2011,KHYS0,38.8422,-99.2732,41.59500792484141,True,5658.0,1626.0,Good,Good,Good,Suspicious,Suspicious,Good,Good,Good,False,False,False
G2000110,20,11,37.8560997,-94.8509284,37.845557,-94.749443,15173.0,Bourbon,Kansas,G2000110,37.845557,-94.749443,2011,KJLN0,37.1518,-94.4983,49.87165122703796,True,4296.0,2111.0,Good,Good,Good,Good,Suspicious,Good,Good,Good,False,False,False
G2000130,20,13,39.8259308,-95.5699047,39.801273,-95.550384,9984.0,Brown,Kansas,G2000130,39.801273,-95.550384,2011,72446,39.2972,-94.7306,55.86103039153892,True,5266.0,1575.0,Good,Good,Good,Suspicious,Suspicious,Good,Good,Good,False,False,False
G2000150,20,15,37.7736487,-96.8388402,37.727135,-96.989771,65880.0,Butler,Kansas,G2000150,37.727135,-96.989771,2011,72450,37.65,-97.1,8.045363213699975,True,4646.0,2236.0,Good,Good,Good,Suspicious,Suspicious,Good,Good,Good,False,False,False
G2000170,20,17,38.2994749,-96.5940289,38.358336,-96.559378,2790.0,Chase,Kansas,G2000170,38.358336,-96.559378,2011,72450,37.65,-97.1,57.109775331464114,True,4646.0,2236.0,Good,Good,Good,Suspicious,Suspicious,Good,Good,Good,False,False,False
G2000190,20,19,37.1542592,-96.2453962,37.111002,-96.231466,3669.0,Chautauqua,Kansas,G2000190,37.111002,-96.231466,2011,KPPF0,37.3308,-95.5062,42.69587791816399,True,4444.0,2179.0,Good,Good,Good,Suspicious,Suspicious,Good,Good,Good,True,True,True
G2000210,20,21,37.1693922,-94.8456975,37.115229,-94.755079,21603.0,Cherokee,Kansas,G2000210,37.115229,-94.755079,2011,KJLN0,37.1518,-94.4983,14.36816451680649,True,4296.0,2111.0,Good,Good,Good,Good,Suspicious,Good,Good,Good,False,False,False
G2000230,20,23,39.7899182,-101.7273264,39.768136,-101.738994,2726.0,Cheyenne,Kansas,G2000230,39.768136,-101.738994,2011,72465,39.3667,-101.7,27.814188988120566,True,6192.0,1034.0,Good,Good,Good,Good,Suspicious,Good,Good,Good,False,False,False
G2000250,20,25,37.2338311,-99.8138686,37.290453,-99.873033,2215.0,Clark,Kansas,G2000250,37.290453,-99.873033,2011,72452,37.2833,-98.55,72.73016658515257,True,4598.0,2420.0,Good,Good,Suspicious,Suspicious,Suspicious,Good,Good,Good,False,False,False
G2000270,20,27,39.3449643,-97.1688527,39.356195,-97.12257,8535.0,Clay,Kansas,G2000270,39.356195,-97.12257,2011,72458,39.55,-97.65,31.162073964217644,True,5577.0,1428.0,Good,Good,Good,Suspicious,Suspicious,Good,Good,Good,False,False,False
G2000290,20,29,39.4873286,-97.6413898,39.53395,-97.637247,9533.0,Cloud,Kansas,G2000290,39.53395,-97.637247,2011,72458,39.55,-97.65,1.300572950344171,True,5577.0,1428.0,Good,Good,Good,Suspicious,Suspicious,Good,Good,Good,False,False,False
G2000310,20,31,38.2364502,-95.7291373,38.247657,-95.739982,8601.0,Coffey,Kansas,G2000310,38.247657,-95.739982,2011,72447,38.8309,-94.8903,61.09420273609954,True,5221.0,1697.0,Good,Good,Good,Suspicious,Suspicious,Good,Good,Good,False,False,False
G2000330,20,33,37.1814417,-99.2512929,37.23627,-99.365215,1891.0,Comanche,Kansas,G2000330,37.23627,-99.365215,2011,72452,37.2833,-98.55,44.94717514745941,True,4598.0,2420.0,Good,Good,Suspicious,Suspicious,Suspicious,Good,Good,Good,False,False,False
G2000350,20,35,37.2345068,-96.8372468,37.174285,-96.997786,36311.0,Cowley,Kansas,G2000350,37.174285,-96.997786,2011,KWLD0,37.1686,-97.0375,2.221484070023961,True,4381.0,2299.0,Good,Good,Good,Suspicious,Suspicious,Good,Good,Good,False,False,False
G2000370,20,37,37.5058198,-94.8538971,37.439934,-94.731394,39134.0,Crawford,Kansas,G2000370,37.439934,-94.731394,2011,KJLN0,37.1518,-94.4983,23.67445256839685,True,4296.0,2111.0,Good,Good,Good,Good,Suspicious,Good,Good,Good,False,False,False
G2000390,20,39,39.783542,-100.4597084,39.804329,-100.490859,2961.0,Decatur,Kansas,G2000390,39.804329,-100.490859,2011,KHLC0,39.3802,-99.8315,45.7295301399332,True,5731.0,1500.0,Good,Good,Good,Suspicious,Suspicious,Good,Good,Good,False,True,True
G2000410,20,41,38.8677353,-97.1579434,38.881314,-97.149128,19754.0,Dickinson,Kansas,G2000410,38.881314,-97.149128,2011,74545,38.65,-97.8,38.53485538202808,True,5268.0,1959.0,Good,Good,Good,Suspicious,Suspicious,Good,Good,Good,False,False,False
G2000430,20,43,39.7885021,-95.1472253,39.788642,-95.07501,7945.0,Doniphan,Kansas,G2000430,39.788642,-95.07501,2011,72446,39.2972,-94.7306,38.59666158111797,True,5266.0,1575.0,Good,Good,Good,Suspicious,Suspicious,Good,Good,Good,False,False,False
G2000450,20,45,38.8964154,-95.2909464,38.941783,-95.251337,110826.0,Douglas,Kansas,G2000450,38.941783,-95.251337,2011,72447,38.8309,-94.8903,20.87394824830156,True,5221.0,1697.0,Good,Good,Good,Suspicious,Suspicious,Good,Good,Good,False,False,False
G2000470,20,47,37.8835945,-99.3047457,37.914412,-99.354911,3037.0,Edwards,Kansas,G2000470,37.914412,-99.354911,2011,72452,37.2833,-98.55,61.991407735403456,True,4598.0,2420.0,Good,Good,Suspicious,Suspicious,Suspicious,Good,Good,Good,False,False,False
G2000490,20,49,37.4560259,-96.2446421,37.421638,-96.236702,2882.0,Elk,Kansas,G2000490,37.421638,-96.236702,2011,KPPF0,37.3308,-95.5062,40.59702749414792,True,4444.0,2179.0,Good,Good,Good,Suspicious,Suspicious,Good,Good,Good,True,True,True
G2000510,20,51,38.9145957,-99.3173291,38.88156,-99.32999,28452.0,Ellis,Kansas,G2000510,38.88156,-99.32999,2011,KHYS0,38.8422,-99.2732,4.090318013160356,True,5658.0,1626.0,Good,Good,Good,Suspicious,Suspicious,Good,Good,Good,False,False,False
G2000530,20,53,38.7008451,-98.2053552,38.721016,-98.262851,6497.0,Ellsworth,Kansas,G2000530,38.721016,-98.262851,2011,74545,38.65,-97.8,25.4407766934563,True,5268.0,1959.0,Good,Good,Good,Suspicious,Suspicious,Good,Good,Good,False,False,False
G2000550,20,55,38.0498075,-100.7399674,37.97733,-100.86582,36776.0,Finney,Kansas,G2000550,37.97733,-100.86582,2011,KGUY0,36.6851,-101.5078,95.99749566243833,True,4535.0,2117.0,Good,Good,Good,Good,Suspicious,Good,Good,Good,False,True,True
G2000570,20,57,37.6884159,-99.8847484,37.751112,-99.994842,33848.0,Ford,Kansas,G2000570,37.751112,-99.994842,2011,KHYS0,38.8422,-99.2732,84.93700363280027,True,5658.0,1626.0,Good,Good,Good,Suspicious,Suspicious,Good,Good,Good,False,False,False
G2000590,20,59,38.5580187,-95.2789618,38.602731,-95.260071,25992.0,Franklin,Kansas,G2000590,38.602731,-95.260071,2011,72447,38.8309,-94.8903,25.41471235164398,True,5221.0,1697.0,Good,Good,Good,Suspicious,Suspicious,Good,Good,Good,False,False,False
G2000610,20,61,39.0021553,-96.7680381,39.03865,-96.83925,34362.0,Geary,Kansas,G2000610,39.03865,-96.83925,2011,72458,39.55,-97.65,55.925108993971165,True,5577.0,1428.0,Good,Good,Good,Suspicious,Suspicious,Good,Good,Good,False,False,False
G2000630,20,63,38.9172385,-100.4873598,39.047631,-100.374241,2695.0,Gove,Kansas,G2000630,39.047631,-100.374241,2011,KHLC0,39.3802,-99.8315,37.0426121107474,True,5731.0,1500.0,Good,Good,Good,Suspicious,Suspicious,Good,Good,Good,False,True,True
G2000650,20,65,39.3549716,-99.8798939,39.359746,-99.857852,2597.0,Graham,Kansas,G2000650,39.359746,-99.857852,2011,KHLC0,39.3802,-99.8315,1.9946051681927777,True,5731.0,1500.0,Good,Good,Good,Suspicious,Suspicious,Good,Good,Good,False,True,True
G2000670,20,67,37.547537,-101.2993622,37.580306,-101.34973,7829.0,Grant,Kansas,G2000670,37.580306,-101.34973,2011,KGUY0,36.6851,-101.5078,62.46255648228232,True,4535.0,2117.0,Good,Good,Good,Good,Suspicious,Good,Good,Good,False,True,True
G2000690,20,69,37.7445134,-100.4517163,37.726577,-100.412964,6006.0,Gray,Kansas,G2000690,37.726577,-100.412964,2011,KGUY0,36.6851,-101.5078,93.8498817941111,True,4535.0,2117.0,Good,Good,Good,Good,Suspicious,Good,Good,Good,False,True,True
G2000730,20,73,37.8793471,-96.2417321,37.85753,-96.226569,6689.0,Greenwood,Kansas,G2000730,37.85753,-96.226569,2011,72450,37.65,-97.1,49.82203339958559,True,4646.0,2236.0,Good,Good,Good,Suspicious,Suspicious,Good,Good,Good,False,False,False
G2000770,20,77,37.188184,-98.06659,37.215092,-98.051218,6034.0,Harper,Kansas,G2000770,37.215092,-98.051218,2011,72452,37.2833,-98.55,27.834335295309067,True,4598.0,2420.0,Good,Good,Suspicious,Suspicious,Suspicious,Good,Good,Good,False,False,False
G2000790,20,79,38.0501436,-97.4367065,38.047085,-97.385273,34684.0,Harvey,Kansas,G2000790,38.047085,-97.385273,2011,72450,37.65,-97.1,31.543095023290626,True,4646.0,2236.0,Good,Good,Good,Suspicious,Suspicious,Good,Good,Good,False,False,False
G2000850,20,85,39.4111453,-95.794485,39.400924,-95.751346,13462.0,Jackson,Kansas,G2000850,39.400924,-95.751346,2011,72446,39.2972,-94.7306,55.006679036241984,True,5266.0,1575.0,Good,Good,Good,Suspicious,Suspicious,Good,Good,Good,False,False,False
G2000870,20,87,39.239644,-95.375314,39.210891,-95.397856,19126.0,Jefferson,Kansas,G2000870,39.210891,-95.397856,2011,72446,39.2972,-94.7306,36.19425558612383,True,5266.0,1575.0,Good,Good,Good,Suspicious,Suspicious,Good,Good,Good,False,False,False
G2000890,20,89,39.7770098,-98.2225842,39.775457,-98.201227,3077.0,Jewell,Kansas,G2000890,39.775457,-98.201227,2011,72458,39.55,-97.65,33.2004906398686,True,5577.0,1428.0,Good,Good,Good,Suspicious,Suspicious,Good,Good,Good,False,False,False
G2000910,20,91,38.8839065,-94.8223295,38.928049,-94.737132,544179.0,Johnson,Kansas,G2000910,38.928049,-94.737132,2011,72447,38.8309,-94.8903,10.626728053797075,True,5221.0,1697.0,Good,Good,Good,Suspicious,Suspicious,Good,Good,Good,False,False,False
G2000930,20,93,37.9944614,-101.3081363,37.954211,-101.237967,3977.0,Kearny,Kansas,G2000930,37.954211,-101.237967,2011,KGUY0,36.6851,-101.5078,88.93158739053345,True,4535.0,2117.0,Good,Good,Good,Good,Suspicious,Good,Good,Good,False,True,True
G2000950,20,95,37.5529509,-98.1445285,37.608437,-98.097712,7858.0,Kingman,Kansas,G2000950,37.608437,-98.097712,2011,72452,37.2833,-98.55,33.46957635141092,True,4598.0,2420.0,Good,Good,Suspicious,Suspicious,Suspicious,Good,Good,Good,False,False,False
G2000970,20,97,37.5612311,-99.2865389,37.598711,-99.257059,2553.0,Kiowa,Kansas,G2000970,37.598711,-99.257059,2011,72452,37.2833,-98.55,44.490922591459125,True,4598.0,2420.0,Good,Good,Suspicious,Suspicious,Suspicious,Good,Good,Good,False,False,False
G2000990,20,99,37.1914676,-95.2974732,37.258236,-95.260544,21607.0,Labette,Kansas,G2000990,37.258236,-95.260544,2011,KPPF0,37.3308,-95.5062,14.403466476598124,True,4444.0,2179.0,Good,Good,Good,Suspicious,Suspicious,Good,Good,Good,True,True,True
G2001010,20,101,38.4812863,-100.4661853,38.503002,-100.487778,1750.0,Lane,Kansas,G2001010,38.503002,-100.487778,2011,KHYS0,38.8422,-99.2732,69.5829979056193,True,5658.0,1626.0,Good,Good,Good,Suspicious,Suspicious,Good,Good,Good,False,False,False
G2001030,20,103,39.1895108,-95.038977,39.238518,-94.959302,76227.0,Leavenworth,Kansas,G2001030,39.238518,-94.959302,2011,72446,39.2972,-94.7306,12.88804178095001,True,5266.0,1575.0,Good,Good,Good,Suspicious,Suspicious,Good,Good,Good,False,False,False
G2001050,20,105,39.0472763,-98.214265,39.036065,-98.175271,3241.0,Lincoln,Kansas,G2001050,39.036065,-98.175271,2011,74545,38.65,-97.8,33.45688369205064,True,5268.0,1959.0,Good,Good,Good,Suspicious,Suspicious,Good,Good,Good,False,False,False
G2001070,20,107,38.2165494,-94.8449321,38.237359,-94.801632,9656.0,Linn,Kansas,G2001070,38.237359,-94.801632,2011,72447,38.8309,-94.8903,41.28875647315007,True,5221.0,1697.0,Good,Good,Good,Suspicious,Suspicious,Good,Good,Good,False,False,False
G2001090,20,109,38.9132695,-101.1574069,39.098288,-100.925261,2756.0,Logan,Kansas,G2001090,39.098288,-100.925261,2011,72465,39.3667,-101.7,45.421327091852966,True,6192.0,1034.0,Good,Good,Good,Good,Suspicious,Good,Good,Good,False,False,False
G2001110,20,111,38.4554978,-96.1615888,38.416154,-96.179779,33690.0,Lyon,Kansas,G2001110,38.416154,-96.179779,2011,72450,37.65,-97.1,72.87050691649495,True,4646.0,2236.0,Good,Good,Good,Suspicious,Suspicious,Good,Good,Good,False,False,False
G2001130,20,113,38.395812,-97.6474893,38.381163,-97.647603,29180.0,McPherson,Kansas,G2001130,38.381163,-97.647603,2011,74545,38.65,-97.8,20.31998074797747,True,5268.0,1959.0,Good,Good,Good,Suspicious,Suspicious,Good,Good,Good,False,False,False
G2001150,20,115,38.3596474,-97.1027707,38.326437,-97.124507,12660.0,Marion,Kansas,G2001150,38.326437,-97.124507,2011,74545,38.65,-97.8,42.82937564297317,True,5268.0,1959.0,Good,Good,Good,Suspicious,Suspicious,Good,Good,Good,False,False,False
G2001170,20,117,39.7827091,-96.5212426,39.800028,-96.573612,10117.0,Marshall,Kansas,G2001170,39.800028,-96.573612,2011,72458,39.55,-97.65,59.79140698873752,True,5577.0,1428.0,Good,Good,Good,Suspicious,Suspicious,Good,Good,Good,False,False,False
G2001190,20,119,37.2438862,-100.3600936,37.292089,-100.394216,4575.0,Meade,Kansas,G2001190,37.292089,-100.394216,2011,KGUY0,36.6851,-101.5078,74.40239698178597,True,4535.0,2117.0,Good,Good,Good,Good,Suspicious,Good,Good,Good,False,True,True
G2001210,20,121,38.5667718,-94.8329626,38.590405,-94.836385,32787.0,Miami,Kansas,G2001210,38.590405,-94.836385,2011,72447,38.8309,-94.8903,16.868925176632235,True,5221.0,1697.0,Good,Good,Good,Suspicious,Suspicious,Good,Good,Good,False,False,False
G2001230,20,123,39.3930256,-98.2073621,39.454968,-98.174198,6373.0,Mitchell,Kansas,G2001230,39.454968,-98.174198,2011,72458,39.55,-97.65,28.70709648254256,True,5577.0,1428.0,Good,Good,Good,Suspicious,Suspicious,Good,Good,Good,False,False,False
G2001250,20,125,37.1895369,-95.7424028,37.139982,-95.695334,35471.0,Montgomery,Kansas,G2001250,37.139982,-95.695334,2011,KPPF0,37.3308,-95.5062,16.794910523266935,True,4444.0,2179.0,Good,Good,Good,Suspicious,Suspicious,Good,Good,Good,True,True,True
G2001270,20,127,38.688204,-96.6514482,38.698154,-96.588826,5923.0,Morris,Kansas,G2001270,38.698154,-96.588826,2011,74545,38.65,-97.8,65.41739635219592,True,5268.0,1959.0,Good,Good,Good,Suspicious,Suspicious,Good,Good,Good,False,False,False
G2001290,20,129,37.1852495,-101.8095163,37.047093,-101.838333,3233.0,Morton,Kansas,G2001290,37.047093,-101.838333,2011,KGUY0,36.6851,-101.5078,30.974036453293568,True,4535.0,2117.0,Good,Good,Good,Good,Suspicious,Good,Good,Good,False,True,True
G2001310,20,131,39.7910427,-96.0053805,39.829915,-95.962628,10178.0,Nemaha,Kansas,G2001310,39.829915,-95.962628,2011,72446,39.2972,-94.7306,75.24062329612404,True,5266.0,1575.0,Good,Good,Good,Suspicious,Suspicious,Good,Good,Good,False,False,False
G2001330,20,133,37.5642833,-95.3156826,37.624963,-95.39482,16512.0,Neosho,Kansas,G2001330,37.624963,-95.39482,2011,KPPF0,37.3308,-95.5062,21.222397969528167,True,4444.0,2179.0,Good,Good,Good,Suspicious,Suspicious,Good,Good,Good,True,True,True
G2001350,20,135,38.4804369,-99.9087452,38.492429,-99.898826,3107.0,Ness,Kansas,G2001350,38.492429,-99.898826,2011,KHYS0,38.8422,-99.2732,41.51064347412274,True,5658.0,1626.0,Good,Good,Good,Suspicious,Suspicious,Good,Good,Good,False,False,False
G2001370,20,137,39.7838666,-99.8992352,39.820601,-99.878289,5671.0,Norton,Kansas,G2001370,39.820601,-99.878289,2011,KHLC0,39.3802,-99.8315,30.53054095807512,True,5731.0,1500.0,Good,Good,Good,Suspicious,Suspicious,Good,Good,Good,False,True,True
G2001390,20,139,38.6484085,-95.7075964,38.698945,-95.711621,16295.0,Osage,Kansas,G2001390,38.698945,-95.711621,2011,72447,38.8309,-94.8903,45.17682568075202,True,5221.0,1697.0,Good,Good,Good,Suspicious,Suspicious,Good,Good,Good,False,False,False
G2001410,20,141,39.3482608,-98.7679416,39.424792,-98.707572,3858.0,Osborne,Kansas,G2001410,39.424792,-98.707572,2011,KHYS0,38.8422,-99.2732,50.39100133410313,True,5658.0,1626.0,Good,Good,Good,Suspicious,Suspicious,Good,Good,Good,False,False,False
G2001430,20,143,39.1379632,-97.6548025,39.096434,-97.681833,6091.0,Ottawa,Kansas,G2001430,39.096434,-97.681833,2011,72458,39.55,-97.65,31.384526867866956,True,5577.0,1428.0,Good,Good,Good,Suspicious,Suspicious,Good,Good,Good,False,False,False
G2001450,20,145,38.1814768,-99.2347717,38.178541,-99.147286,6973.0,Pawnee,Kansas,G2001450,38.178541,-99.147286,2011,KHYS0,38.8422,-99.2732,46.35694898540756,True,5658.0,1626.0,Good,Good,Good,Suspicious,Suspicious,Good,Good,Good,False,False,False
G2001470,20,147,39.7845058,-99.3421498,39.757048,-99.349355,5642.0,Phillips,Kansas,G2001470,39.757048,-99.349355,2011,KHLC0,39.3802,-99.8315,36.57047786621625,True,5731.0,1500.0,Good,Good,Good,Suspicious,Suspicious,Good,Good,Good,False,True,True
G2001490,20,149,39.3821868,-96.3371126,39.258473,-96.316121,21604.0,Pottawatomie,Kansas,G2001490,39.258473,-96.316121,2011,72458,39.55,-97.65,74.00545460400112,True,5577.0,1428.0,Good,Good,Good,Suspicious,Suspicious,Good,Good,Good,False,False,False
G2001510,20,151,37.6475943,-98.7401199,37.645065,-98.731177,9656.0,Pratt,Kansas,G2001510,37.645065,-98.731177,2011,72452,37.2833,-98.55,26.897976666380192,True,4598.0,2420.0,Good,Good,Suspicious,Suspicious,Suspicious,Good,Good,Good,False,False,False
G2001530,20,153,39.7861975,-101.0767378,39.807807,-101.053756,2519.0,Rawlins,Kansas,G2001530,39.807807,-101.053756,2011,72465,39.3667,-101.7,45.96681654279628,True,6192.0,1034.0,Good,Good,Good,Good,Suspicious,Good,Good,Good,False,False,False
G2001550,20,155,37.9481849,-98.0783463,38.050915,-97.933041,64511.0,Reno,Kansas,G2001550,38.050915,-97.933041,2011,74545,38.65,-97.8,42.01578999149273,True,5268.0,1959.0,Good,Good,Good,Suspicious,Suspicious,Good,Good,Good,False,False,False
G2001570,20,157,39.8289103,-97.6509213,39.818188,-97.659183,4980.0,Republic,Kansas,G2001570,39.818188,-97.659183,2011,72458,39.55,-97.65,18.536426917804917,True,5577.0,1428.0,Good,Good,Good,Suspicious,Suspicious,Good,Good,Good,False,False,False
G2001590,20,159,38.3471776,-98.2014154,38.321963,-98.201028,10083.0,Rice,Kansas,G2001590,38.321963,-98.201028,2011,74545,38.65,-97.8,31.370650354926877,True,5268.0,1959.0,Good,Good,Good,Suspicious,Suspicious,Good,Good,Good,False,False,False
G2001610,20,161,39.2912114,-96.7274889,39.189473,-96.633015,71115.0,Riley,Kansas,G2001610,39.189473,-96.633015,2011,72458,39.55,-97.65,59.75977058573237,True,5577.0,1428.0,Good,Good,Good,Suspicious,Suspicious,Good,Good,Good,False,False,False
G2001630,20,163,39.3460064,-99.3244921,39.314266,-99.316791,5181.0,Rooks,Kansas,G2001630,39.314266,-99.316791,2011,KHLC0,39.3802,-99.8315,27.87617962142122,True,5731.0,1500.0,Good,Good,Good,Suspicious,Suspicious,Good,Good,Good,False,True,True
G2001650,20,165,38.5235917,-99.3091827,38.525797,-99.283593,3307.0,Rush,Kansas,G2001650,38.525797,-99.283593,2011,KHYS0,38.8422,-99.2732,21.86851341519885,True,5658.0,1626.0,Good,Good,Good,Suspicious,Suspicious,Good,Good,Good,False,False,False
G2001670,20,167,38.9160397,-98.7709489,38.904508,-98.824959,6970.0,Russell,Kansas,G2001670,38.904508,-98.824959,2011,KHYS0,38.8422,-99.2732,24.49287053860145,True,5658.0,1626.0,Good,Good,Good,Suspicious,Suspicious,Good,Good,Good,False,False,False
G2001690,20,169,38.7863268,-97.6501534,38.815777,-97.606733,55606.0,Saline,Kansas,G2001690,38.815777,-97.606733,2011,74545,38.65,-97.8,15.482320885484944,True,5268.0,1959.0,Good,Good,Good,Suspicious,Suspicious,Good,Good,Good,False,False,False
G2001710,20,171,38.4818768,-100.9063604,38.482303,-100.913605,4936.0,Scott,Kansas,G2001710,38.482303,-100.913605,2011,72465,39.3667,-101.7,74.30107700024507,True,6192.0,1034.0,Good,Good,Good,Good,Suspicious,Good,Good,Good,False,False,False
G2001730,20,173,37.681045,-97.4610535,37.678808,-97.344603,498365.0,Sedgwick,Kansas,G2001730,37.678808,-97.344603,2011,72450,37.65,-97.1,13.525689467069926,True,4646.0,2236.0,Good,Good,Good,Suspicious,Suspicious,Good,Good,Good,False,False,False
G2001750,20,175,37.1806229,-100.8549323,37.052196,-100.9161,22952.0,Seward,Kansas,G2001750,37.052196,-100.9161,2011,KGUY0,36.6851,-101.5078,41.38877520118939,True,4535.0,2117.0,Good,Good,Good,Good,Suspicious,Good,Good,Good,False,True,True
G2001770,20,177,39.0418052,-95.7556639,39.035591,-95.705467,177934.0,Shawnee,Kansas,G2001770,39.035591,-95.705467,2011,72447,38.8309,-94.8903,46.03805252173121,True,5221.0,1697.0,Good,Good,Good,Suspicious,Suspicious,Good,Good,Good,False,False,False
G2001810,20,181,39.3513521,-101.719859,39.349294,-101.726283,6010.0,Sherman,Kansas,G2001810,39.349294,-101.726283,2011,72465,39.3667,-101.7,1.848748459991049,True,6192.0,1034.0,Good,Good,Good,Good,Suspicious,Good,Good,Good,False,False,False
G2001830,20,183,39.7846603,-98.7854295,39.770675,-98.809623,3853.0,Smith,Kansas,G2001830,39.770675,-98.809623,2011,KHLC0,39.3802,-99.8315,60.741130939573566,True,5731.0,1500.0,Good,Good,Good,Suspicious,Suspicious,Good,Good,Good,False,True,True
G2001850,20,185,38.0356303,-98.7198888,38.00686,-98.736685,4437.0,Stafford,Kansas,G2001850,38.00686,-98.736685,2011,72452,37.2833,-98.55,51.02570547592365,True,4598.0,2420.0,Good,Good,Suspicious,Suspicious,Suspicious,Good,Good,Good,False,False,False
G2001890,20,189,37.2009692,-101.3175772,37.190103,-101.322335,5724.0,Stevens,Kansas,G2001890,37.190103,-101.322335,2011,KGUY0,36.6851,-101.5078,36.36453822315397,True,4535.0,2117.0,Good,Good,Good,Good,Suspicious,Good,Good,Good,False,True,True
G2001910,20,191,37.2366617,-97.4933519,37.304076,-97.406852,24132.0,Sumner,Kansas,G2001910,37.304076,-97.406852,2011,KWLD0,37.1686,-97.0375,22.369992681416225,True,4381.0,2299.0,Good,Good,Good,Suspicious,Suspicious,Good,Good,Good,False,False,False
G2001930,20,193,39.3577058,-101.0834385,39.38443,-101.04619,7900.0,Thomas,Kansas,G2001930,39.38443,-101.04619,2011,72465,39.3667,-101.7,34.94101282230726,True,6192.0,1034.0,Good,Good,Good,Good,Suspicious,Good,Good,Good,False,False,False
G2001950,20,195,38.9213022,-99.865423,39.004452,-99.881979,3001.0,Trego,Kansas,G2001950,39.004452,-99.881979,2011,KHLC0,39.3802,-99.8315,26.102013045862048,True,5731.0,1500.0,Good,Good,Good,Suspicious,Suspicious,Good,Good,Good,False,True,True
G2001970,20,197,38.9551537,-96.2012619,38.984769,-96.177572,7053.0,Wabaunsee,Kansas,G2001970,38.984769,-96.177572,2011,72447,38.8309,-94.8903,70.02190439376028,True,5221.0,1697.0,Good,Good,Good,Suspicious,Suspicious,Good,Good,Good,False,False,False
G2002010,20,201,39.7767142,-97.0956108,39.782029,-97.054087,5799.0,Washington,Kansas,G2002010,39.782029,-97.054087,2011,72458,39.55,-97.65,35.51830387585457,True,5577.0,1428.0,Good,Good,Good,Suspicious,Suspicious,Good,Good,Good,False,False,False
G2002050,20,205,37.5585146,-95.7451749,37.512574,-95.741217,9409.0,Wilson,Kansas,G2002050,37.512574,-95.741217,2011,KPPF0,37.3308,-95.5062,18.001258997222667,True,4444.0,2179.0,Good,Good,Good,Suspicious,Suspicious,Good,Good,Good,True,True,True
G2002070,20,207,37.8881968,-95.7584899,37.8733,-95.739522,3309.0,Woodson,Kansas,G2002070,37.8733,-95.739522,2011,KPPF0,37.3308,-95.5062,39.599344933037294,True,4444.0,2179.0,Good,Good,Good,Suspicious,Suspicious,Good,Good,Good,True,True,True
G2002090,20,209,39.1153842,-94.7630866,39.104143,-94.707937,157505.0,Wyandotte,Kansas,G2002090,39.104143,-94.707937,2011,72446,39.2972,-94.7306,13.394025395952813,True,5266.0,1575.0,Good,Good,Good,Suspicious,Suspicious,Good,Good,Good,False,False,False
G2100010,21,1,37.1055589,-85.2813796,37.107756,-85.279096,18656.0,Adair,Kentucky,G2100010,37.107756,-85.279096,2011,KBWG0,36.9645,-86.4197,63.68252241931527,True,3665.0,1772.0,Good,Good,Good,Suspicious,Suspicious,Good,Good,Good,False,False,False
G2100030,21,3,36.7507703,-86.192458,36.747908,-86.208056,19956.0,Allen,Kentucky,G2100030,36.747908,-86.208056,2011,KBWG0,36.9645,-86.4197,18.99624891191217,True,3665.0,1772.0,Good,Good,Good,Suspicious,Suspicious,Good,Good,Good,False,False,False
G2100050,21,5,38.0053963,-84.9864171,38.028088,-84.923071,21421.0,Anderson,Kentucky,G2100050,38.028088,-84.923071,2011,72422,38.0333,-84.6,17.586323307807287,True,4486.0,1228.0,Good,Good,Good,Suspicious,Suspicious,Good,Good,Good,False,False,False
G2100070,21,7,37.0513234,-89.0103673,37.04421,-88.97886,8249.0,Ballard,Kentucky,G2100070,37.04421,-88.97886,2011,72435,37.05,-88.7667,11.706644482492653,True,3951.0,1644.0,Good,Good,Good,Good,Suspicious,Good,Good,Good,False,False,False
G2100090,21,9,36.9636713,-85.9251618,36.996774,-85.931813,42173.0,Barren,Kentucky,G2100090,36.996774,-85.931813,2011,KBWG0,36.9645,-86.4197,27.020777106089216,True,3665.0,1772.0,Good,Good,Good,Suspicious,Suspicious,Good,Good,Good,False,False,False
G2100110,21,11,38.1522485,-83.7376405,38.139441,-83.73656,11591.0,Bath,Kentucky,G2100110,38.139441,-83.73656,2011,72422,38.0333,-84.6,47.52471748703855,True,4486.0,1228.0,Good,Good,Good,Suspicious,Suspicious,Good,Good,Good,False,False,False
G2100130,21,13,36.7226802,-83.6810456,36.687928,-83.701396,28691.0,Bell,Kentucky,G2100130,36.687928,-83.701396,2011,K1A60,36.6106,-83.7374,5.7034544824950375,True,3539.0,1485.0,Good,Good,Good,Suspicious,Suspicious,Good,Good,Good,False,True,True
G2100150,21,15,38.9745952,-84.731431,38.9871,-84.679715,118811.0,Boone,Kentucky,G2100150,38.9871,-84.679715,2011,72421,39.05,-84.6667,4.401769710561035,True,4762.0,1295.0,Good,Good,Good,Suspicious,Suspicious,Good,Good,Good,False,False,False
G2100170,21,17,38.2025623,-84.2098602,38.202978,-84.246611,19985.0,Bourbon,Kentucky,G2100170,38.202978,-84.246611,2011,72422,38.0333,-84.6,22.50452182333926,True,4486.0,1228.0,Good,Good,Good,Suspicious,Suspicious,Good,Good,Good,False,False,False
G2100190,21,19,38.3600037,-82.6814063,38.431905,-82.666548,49542.0,Boyd,Kentucky,G2100190,38.431905,-82.666548,2011,72425,38.3667,-82.55,7.753999469029109,True,4374.0,1092.0,Good,Good,Good,Suspicious,Suspicious,Good,Good,Good,True,True,True
G2100210,21,21,37.6181043,-84.8683523,37.635777,-84.799493,28432.0,Boyle,Kentucky,G2100210,37.635777,-84.799493,2011,72422,38.0333,-84.6,29.54482844830006,True,4486.0,1228.0,Good,Good,Good,Suspicious,Suspicious,Good,Good,Good,False,False,False
G2100230,21,23,38.6803649,-84.1152351,38.702562,-84.070088,8488.0,Bracken,Kentucky,G2100230,38.702562,-84.070088,2011,72421,39.05,-84.6667,40.07634869535468,True,4762.0,1295.0,Good,Good,Good,Suspicious,Suspicious,Good,Good,Good,False,False,False
G2100250,21,25,37.506632,-83.2830396,37.520092,-83.37768,13878.0,Breathitt,Kentucky,G2100250,37.520092,-83.37768,2011,KLOZ0,37.0869,-84.0774,48.73083080814085,True,4299.0,1115.0,Good,Good,Good,Suspicious,Suspicious,Good,Good,Good,False,True,True
G2100270,21,27,37.777988,-86.4329188,37.770382,-86.410471,20059.0,Breckinridge,Kentucky,G2100270,37.770382,-86.410471,2011,72423,38.1833,-85.7333,46.62771966258494,True,3898.0,1795.0,Good,Good,Good,Suspicious,Suspicious,Good,Good,Good,False,False,False
G2100290,21,29,37.969928,-85.7026414,38.022943,-85.655385,74319.0,Bullitt,Kentucky,G2100290,38.022943,-85.655385,2011,72423,38.1833,-85.7333,11.861823202411095,True,3898.0,1795.0,Good,Good,Good,Suspicious,Suspicious,Good,Good,Good,False,False,False
G2100310,21,31,37.2070133,-86.6824707,37.218921,-86.680574,12690.0,Butler,Kentucky,G2100310,37.218921,-86.680574,2011,KBWG0,36.9645,-86.4197,22.709736790324364,True,3665.0,1772.0,Good,Good,Good,Suspicious,Suspicious,Good,Good,Good,False,False,False
G2100330,21,33,37.1486421,-87.8705095,37.127446,-87.87922,12984.0,Caldwell,Kentucky,G2100330,37.127446,-87.87922,2011,74671,36.6667,-87.5,38.11151323055892,True,3771.0,1684.0,Good,Good,Good,Good,Suspicious,Good,Good,Good,False,False,False
G2100350,21,35,36.6209783,-88.2740857,36.620185,-88.305814,37191.0,Calloway,Kentucky,G2100350,36.620185,-88.305814,2011,72435,37.05,-88.7667,39.134448467334025,True,3951.0,1644.0,Good,Good,Good,Good,Suspicious,Good,Good,Good,False,False,False
G2100370,21,37,38.9469811,-84.3795832,39.035049,-84.44141,90336.0,Campbell,Kentucky,G2100370,39.035049,-84.44141,2011,72421,39.05,-84.6667,12.133853154984363,True,4762.0,1295.0,Good,Good,Good,Suspicious,Suspicious,Good,Good,Good,False,False,False
G2100390,21,39,36.857726,-88.975757,36.854337,-88.94788,5104.0,Carlisle,Kentucky,G2100390,36.854337,-88.94788,2011,72435,37.05,-88.7667,16.81786099880672,True,3951.0,1644.0,Good,Good,Good,Good,Suspicious,Good,Good,Good,False,False,False
G2100410,21,41,38.6683939,-85.1240238,38.668554,-85.139328,10811.0,Carroll,Kentucky,G2100410,38.668554,-85.139328,2011,72421,39.05,-84.6667,36.62242374272931,True,4762.0,1295.0,Good,Good,Good,Suspicious,Suspicious,Good,Good,Good,False,False,False
G2100430,21,43,38.3095486,-83.0487958,38.313503,-83.03816,27720.0,Carter,Kentucky,G2100430,38.313503,-83.03816,2011,72425,38.3667,-82.55,26.708842889321534,True,4374.0,1092.0,Good,Good,Good,Suspicious,Suspicious,Good,Good,Good,True,True,True
G2100450,21,45,37.3219623,-84.9282195,37.303319,-84.924168,15955.0,Casey,Kentucky,G2100450,37.303319,-84.924168,2011,KLOZ0,37.0869,-84.0774,48.9446716969518,True,4299.0,1115.0,Good,Good,Good,Suspicious,Suspicious,Good,Good,Good,False,True,True
G2100470,21,47,36.8920592,-87.4929864,36.810955,-87.478173,73955.0,Christian,Kentucky,G2100470,36.810955,-87.478173,2011,74671,36.6667,-87.5,10.040057549499704,True,3771.0,1684.0,Good,Good,Good,Good,Suspicious,Good,Good,Good,False,False,False
G2100490,21,49,37.9701332,-84.144974,37.986825,-84.182232,35613.0,Clark,Kentucky,G2100490,37.986825,-84.182232,2011,72422,38.0333,-84.6,22.96833921171174,True,4486.0,1228.0,Good,Good,Good,Suspicious,Suspicious,Good,Good,Good,False,False,False
G2100510,21,51,37.1573172,-83.7184326,37.169598,-83.746759,21730.0,Clay,Kentucky,G2100510,37.169598,-83.746759,2011,KLOZ0,37.0869,-84.0774,19.089271822617288,True,4299.0,1115.0,Good,Good,Good,Suspicious,Suspicious,Good,Good,Good,False,True,True
G2100530,21,53,36.7288647,-85.1534262,36.713992,-85.135223,10272.0,Clinton,Kentucky,G2100530,36.713992,-85.135223,2011,72325,35.9513,-85.085,52.7710008883877,True,4073.0,1119.0,Good,Good,Good,Suspicious,Suspicious,Good,Good,Good,True,True,True
G2100550,21,55,37.3581494,-88.1050103,37.332496,-88.095078,9315.0,Crittenden,Kentucky,G2100550,37.332496,-88.095078,2011,72435,37.05,-88.7667,41.80329143863504,True,3951.0,1644.0,Good,Good,Good,Good,Suspicious,Good,Good,Good,False,False,False
G2100570,21,57,36.7842237,-85.3935066,36.778888,-85.389079,6856.0,Cumberland,Kentucky,G2100570,36.778888,-85.389079,2011,KBWG0,36.9645,-86.4197,58.39126568531047,True,3665.0,1772.0,Good,Good,Good,Suspicious,Suspicious,Good,Good,Good,False,False,False
G2100590,21,59,37.731671,-87.087139,37.747732,-87.094971,96656.0,Daviess,Kentucky,G2100590,37.747732,-87.094971,2011,72432,38.0333,-87.5333,30.992862716063147,True,4220.0,1577.0,Good,Good,Good,Suspicious,Suspicious,Good,Good,Good,False,False,False
G2100610,21,61,37.2275136,-86.2180153,37.196775,-86.255277,12161.0,Edmonson,Kentucky,G2100610,37.196775,-86.255277,2011,KBWG0,36.9645,-86.4197,18.431005569390464,True,3665.0,1772.0,Good,Good,Good,Suspicious,Suspicious,Good,Good,Good,False,False,False
G2100630,21,63,38.115438,-83.0972089,38.122128,-83.106515,7852.0,Elliott,Kentucky,G2100630,38.122128,-83.106515,2011,72425,38.3667,-82.55,34.60518932609061,True,4374.0,1092.0,Good,Good,Good,Suspicious,Suspicious,Good,Good,Good,True,True,True
G2100650,21,65,37.6924493,-83.9639825,37.706277,-83.988899,14672.0,Estill,Kentucky,G2100650,37.706277,-83.988899,2011,72422,38.0333,-84.6,40.26775584026481,True,4486.0,1228.0,Good,Good,Good,Suspicious,Suspicious,Good,Good,Good,False,False,False
G2100670,21,67,38.0401488,-84.4584208,38.020523,-84.496639,295803.0,Fayette,Kentucky,G2100670,38.020523,-84.496639,2011,72422,38.0333,-84.6,5.694401363010436,True,4486.0,1228.0,Good,Good,Good,Suspicious,Suspicious,Good,Good,Good,False,False,False
G2100690,21,69,38.3684311,-83.7061517,38.388567,-83.708286,14348.0,Fleming,Kentucky,G2100690,38.388567,-83.708286,2011,72422,38.0333,-84.6,54.27774229996291,True,4486.0,1228.0,Good,Good,Good,Suspicious,Suspicious,Good,Good,Good,False,False,False
G2100710,21,71,37.559878,-82.7433611,37.552299,-82.738526,39451.0,Floyd,Kentucky,G2100710,37.552299,-82.738526,2011,72425,38.3667,-82.55,57.19917893278212,True,4374.0,1092.0,Good,Good,Good,Suspicious,Suspicious,Good,Good,Good,True,True,True
G2100730,21,73,38.234919,-84.8687863,38.196045,-84.867592,49285.0,Franklin,Kentucky,G2100730,38.196045,-84.867592,2011,72422,38.0333,-84.6,18.385947416359,True,4486.0,1228.0,Good,Good,Good,Suspicious,Suspicious,Good,Good,Good,False,False,False
G2100750,21,75,36.5525115,-89.1876586,36.538176,-89.035017,6813.0,Fulton,Kentucky,G2100750,36.538176,-89.035017,2011,72435,37.05,-88.7667,38.35335156755867,True,3951.0,1644.0,Good,Good,Good,Good,Suspicious,Good,Good,Good,False,False,False
G2100770,21,77,38.7601027,-84.8621526,38.764401,-84.842979,8589.0,Gallatin,Kentucky,G2100770,38.764401,-84.842979,2011,72421,39.05,-84.6667,21.89106318448294,True,4762.0,1295.0,Good,Good,Good,Suspicious,Suspicious,Good,Good,Good,False,False,False
G2100790,21,79,37.6301619,-84.5458557,37.649333,-84.575557,16912.0,Garrard,Kentucky,G2100790,37.649333,-84.575557,2011,72422,38.0333,-84.6,26.56305095557104,True,4486.0,1228.0,Good,Good,Good,Suspicious,Suspicious,Good,Good,Good,False,False,False
G2100810,21,81,38.6491599,-84.6259265,38.688104,-84.602069,24662.0,Grant,Kentucky,G2100810,38.688104,-84.602069,2011,72421,39.05,-84.6667,25.24515051399584,True,4762.0,1295.0,Good,Good,Good,Suspicious,Suspicious,Good,Good,Good,False,False,False
G2100830,21,83,36.7233435,-88.6498974,36.741213,-88.650362,37121.0,Graves,Kentucky,G2100830,36.741213,-88.650362,2011,72435,37.05,-88.7667,22.28252291585393,True,3951.0,1644.0,Good,Good,Good,Good,Suspicious,Good,Good,Good,False,False,False
G2100850,21,85,37.4585771,-86.3440113,37.46909,-86.306723,25746.0,Grayson,Kentucky,G2100850,37.46909,-86.306723,2011,KBWG0,36.9645,-86.4197,35.41363340988709,True,3665.0,1772.0,Good,Good,Good,Suspicious,Suspicious,Good,Good,Good,False,False,False
G2100870,21,87,37.2696366,-85.5614029,37.265597,-85.538944,11258.0,Green,Kentucky,G2100870,37.265597,-85.538944,2011,KBWG0,36.9645,-86.4197,52.79788226985001,True,3665.0,1772.0,Good,Good,Good,Suspicious,Suspicious,Good,Good,Good,False,False,False
G2100890,21,89,38.5635616,-82.9338199,38.555431,-82.812206,36910.0,Greenup,Kentucky,G2100890,38.555431,-82.812206,2011,72425,38.3667,-82.55,19.26869335012306,True,4374.0,1092.0,Good,Good,Good,Suspicious,Suspicious,Good,Good,Good,True,True,True
G2100910,21,91,37.8433252,-86.7927612,37.868017,-86.804762,8565.0,Hancock,Kentucky,G2100910,37.868017,-86.804762,2011,72432,38.0333,-87.5333,41.30285953037477,True,4220.0,1577.0,Good,Good,Good,Suspicious,Suspicious,Good,Good,Good,False,False,False
G2100930,21,93,37.6958356,-85.9631827,37.746047,-85.917039,105543.0,Hardin,Kentucky,G2100930,37.746047,-85.917039,2011,72423,38.1833,-85.7333,31.82597873135516,True,3898.0,1795.0,Good,Good,Good,Suspicious,Suspicious,Good,Good,Good,False,False,False
G2100950,21,95,36.8592233,-83.2214968,36.865625,-83.232825,29278.0,Harlan,Kentucky,G2100950,36.865625,-83.232825,2011,K1A60,36.6106,-83.7374,33.030633959313164,True,3539.0,1485.0,Good,Good,Good,Suspicious,Suspicious,Good,Good,Good,False,True,True
G2100970,21,97,38.4445776,-84.3341313,38.415966,-84.314823,18846.0,Harrison,Kentucky,G2100970,38.415966,-84.314823,2011,72422,38.0333,-84.6,30.637503884030007,True,4486.0,1228.0,Good,Good,Good,Suspicious,Suspicious,Good,Good,Good,False,False,False
G2100990,21,99,37.3164351,-85.8790995,37.278157,-85.885789,18199.0,Hart,Kentucky,G2100990,37.278157,-85.885789,2011,KBWG0,36.9645,-86.4197,36.53563438641997,True,3665.0,1772.0,Good,Good,Good,Suspicious,Suspicious,Good,Good,Good,False,False,False
G2101010,21,101,37.7925421,-87.5725767,37.818482,-87.564405,46250.0,Henderson,Kentucky,G2101010,37.818482,-87.564405,2011,72432,38.0333,-87.5333,14.93898473736586,True,4220.0,1577.0,Good,Good,Good,Suspicious,Suspicious,Good,Good,Good,False,False,False
G2101030,21,103,38.4515849,-85.1198896,38.431904,-85.179495,15416.0,Henry,Kentucky,G2101030,38.431904,-85.179495,2011,72423,38.1833,-85.7333,34.59163458585906,True,3898.0,1795.0,Good,Good,Good,Suspicious,Suspicious,Good,Good,Good,False,False,False
G2101050,21,105,36.675896,-88.9720844,36.666725,-88.959953,4902.0,Hickman,Kentucky,G2101050,36.666725,-88.959953,2011,72435,37.05,-88.7667,28.55556889820182,True,3951.0,1644.0,Good,Good,Good,Good,Suspicious,Good,Good,Good,False,False,False
G2101070,21,107,37.3110702,-87.5421956,37.305866,-87.523154,46920.0,Hopkins,Kentucky,G2101070,37.305866,-87.523154,2011,74671,36.6667,-87.5,44.18057392193198,True,3771.0,1684.0,Good,Good,Good,Good,Suspicious,Good,Good,Good,False,False,False
G2101090,21,109,37.4034585,-84.0205757,37.402802,-83.99368,13494.0,Jackson,Kentucky,G2101090,37.402802,-83.99368,2011,KLOZ0,37.0869,-84.0774,22.307156753464437,True,4299.0,1115.0,Good,Good,Good,Suspicious,Suspicious,Good,Good,Good,False,True,True
G2101110,21,111,38.1895321,-85.6576243,38.201775,-85.691832,741096.0,Jefferson,Kentucky,G2101110,38.201775,-85.691832,2011,72423,38.1833,-85.7333,2.588478374475109,True,3898.0,1795.0,Good,Good,Good,Suspicious,Suspicious,Good,Good,Good,False,False,False
G2101130,21,113,37.8732908,-84.5839603,37.884455,-84.587046,48586.0,Jessamine,Kentucky,G2101130,37.884455,-84.587046,2011,72422,38.0333,-84.6,10.308376166964374,True,4486.0,1228.0,Good,Good,Good,Suspicious,Suspicious,Good,Good,Good,False,False,False
G2101150,21,115,37.8492599,-82.8306393,37.829598,-82.813992,23356.0,Johnson,Kentucky,G2101150,37.829598,-82.813992,2011,72425,38.3667,-82.55,39.78944163599382,True,4374.0,1092.0,Good,Good,Good,Suspicious,Suspicious,Good,Good,Good,True,True,True
G2101170,21,117,38.9304771,-84.533492,39.01319,-84.548581,159720.0,Kenton,Kentucky,G2101170,39.01319,-84.548581,2011,72421,39.05,-84.6667,6.830773313386441,True,4762.0,1295.0,Good,Good,Good,Suspicious,Suspicious,Good,Good,Good,False,False,False
G2101190,21,119,37.3597236,-82.9457242,37.32759,-82.940555,16346.0,Knott,Kentucky,G2101190,37.32759,-82.940555,2011,KLOZ0,37.0869,-84.0774,64.73226242205939,True,4299.0,1115.0,Good,Good,Good,Suspicious,Suspicious,Good,Good,Good,False,True,True
G2101210,21,121,36.8874755,-83.8556297,36.901584,-83.915231,31883.0,Knox,Kentucky,G2101210,36.901584,-83.915231,2011,KLOZ0,37.0869,-84.0774,15.62156223348432,True,4299.0,1115.0,Good,Good,Good,Suspicious,Suspicious,Good,Good,Good,False,True,True
G2101230,21,123,37.5444579,-85.6968124,37.544796,-85.723408,14193.0,Larue,Kentucky,G2101230,37.544796,-85.723408,2011,72423,38.1833,-85.7333,44.11964971931862,True,3898.0,1795.0,Good,Good,Good,Suspicious,Suspicious,Good,Good,Good,False,False,False
G2101250,21,125,37.1132678,-84.1193951,37.091397,-84.087834,58849.0,Laurel,Kentucky,G2101250,37.091397,-84.087834,2011,KLOZ0,37.0869,-84.0774,0.6536473932201294,True,4299.0,1115.0,Good,Good,Good,Suspicious,Suspicious,Good,Good,Good,False,True,True
G2101270,21,127,38.0744569,-82.7383015,38.078995,-82.681643,15860.0,Lawrence,Kentucky,G2101270,38.078995,-82.681643,2011,72425,38.3667,-82.55,21.12378048753018,True,4374.0,1092.0,Good,Good,Good,Suspicious,Suspicious,Good,Good,Good,True,True,True
G2101290,21,129,37.608116,-83.7192475,37.591773,-83.701692,7887.0,Lee,Kentucky,G2101290,37.591773,-83.701692,2011,KLOZ0,37.0869,-84.0774,40.5314724146861,True,4299.0,1115.0,Good,Good,Good,Suspicious,Suspicious,Good,Good,Good,False,True,True
G2101310,21,131,37.0878462,-83.3886172,37.115255,-83.37635,11310.0,Leslie,Kentucky,G2101310,37.115255,-83.37635,2011,KLOZ0,37.0869,-84.0774,38.6822645147612,True,4299.0,1115.0,Good,Good,Good,Suspicious,Suspicious,Good,Good,Good,False,True,True
G2101330,21,133,37.1185357,-82.8612507,37.14583,-82.807173,24519.0,Letcher,Kentucky,G2101330,37.14583,-82.807173,2011,K1A60,36.6106,-83.7374,63.33039539042466,True,3539.0,1485.0,Good,Good,Good,Suspicious,Suspicious,Good,Good,Good,False,True,True
G2101350,21,135,38.5521522,-83.3767743,38.562531,-83.347091,13870.0,Lewis,Kentucky,G2101350,38.562531,-83.347091,2011,72425,38.3667,-82.55,45.19501336491323,True,4374.0,1092.0,Good,Good,Good,Suspicious,Suspicious,Good,Good,Good,True,True,True
G2101370,21,137,37.4571737,-84.6583354,37.473121,-84.669872,24742.0,Lincoln,Kentucky,G2101370,37.473121,-84.669872,2011,72422,38.0333,-84.6,38.89237505489987,True,4486.0,1228.0,Good,Good,Good,Suspicious,Suspicious,Good,Good,Good,False,False,False
G2101390,21,139,37.2095174,-88.3634261,37.135813,-88.350899,9519.0,Livingston,Kentucky,G2101390,37.135813,-88.350899,2011,72435,37.05,-88.7667,23.67056292895937,True,3951.0,1644.0,Good,Good,Good,Good,Suspicious,Good,Good,Good,False,False,False
G2101410,21,141,36.8598288,-86.8814363,36.85949,-86.865922,26835.0,Logan,Kentucky,G2101410,36.85949,-86.865922,2011,KBWG0,36.9645,-86.4197,25.69669980180879,True,3665.0,1772.0,Good,Good,Good,Suspicious,Suspicious,Good,Good,Good,False,False,False
G2101430,21,143,37.0239759,-88.0833909,37.060704,-88.079778,8314.0,Lyon,Kentucky,G2101430,37.060704,-88.079778,2011,72435,37.05,-88.7667,37.88413207554853,True,3951.0,1644.0,Good,Good,Good,Good,Suspicious,Good,Good,Good,False,False,False
G2101450,21,145,37.0536832,-88.7123663,37.048079,-88.648273,65565.0,McCracken,Kentucky,G2101450,37.048079,-88.648273,2011,72435,37.05,-88.7667,6.53197616118989,True,3951.0,1644.0,Good,Good,Good,Good,Suspicious,Good,Good,Good,False,False,False
G2101470,21,147,36.7311363,-84.4910515,36.715761,-84.446083,18306.0,McCreary,Kentucky,G2101470,36.715761,-84.446083,2011,KLOZ0,37.0869,-84.0774,32.74942457881566,True,4299.0,1115.0,Good,Good,Good,Suspicious,Suspicious,Good,Good,Good,False,True,True
G2101490,21,149,37.5267075,-87.2655972,37.513232,-87.219315,9531.0,McLean,Kentucky,G2101490,37.513232,-87.219315,2011,72432,38.0333,-87.5333,39.815135735897016,True,4220.0,1577.0,Good,Good,Good,Suspicious,Suspicious,Good,Good,Good,False,False,False
G2101510,21,151,37.7235918,-84.2769982,37.70616,-84.287451,82916.0,Madison,Kentucky,G2101510,37.70616,-84.287451,2011,72422,38.0333,-84.6,28.31099052483684,True,4486.0,1228.0,Good,Good,Good,Suspicious,Suspicious,Good,Good,Good,False,False,False
G2101530,21,153,37.6989535,-83.0697158,37.729816,-83.056234,13333.0,Magoffin,Kentucky,G2101530,37.729816,-83.056234,2011,72425,38.3667,-82.55,51.91395787459405,True,4374.0,1092.0,Good,Good,Good,Suspicious,Suspicious,Good,Good,Good,True,True,True
G2101550,21,155,37.552604,-85.2689592,37.569587,-85.287195,19820.0,Marion,Kentucky,G2101550,37.569587,-85.287195,2011,72423,38.1833,-85.7333,48.887283219377736,True,3898.0,1795.0,Good,Good,Good,Suspicious,Suspicious,Good,Good,Good,False,False,False
G2101570,21,157,36.882017,-88.3327524,36.898302,-88.339329,31448.0,Marshall,Kentucky,G2101570,36.898302,-88.339329,2011,72435,37.05,-88.7667,25.81410440159536,True,3951.0,1644.0,Good,Good,Good,Good,Suspicious,Good,Good,Good,False,False,False
G2101590,21,159,37.796774,-82.5066231,37.830545,-82.51692,12929.0,Martin,Kentucky,G2101590,37.830545,-82.51692,2011,72425,38.3667,-82.55,37.08835886248224,True,4374.0,1092.0,Good,Good,Good,Suspicious,Suspicious,Good,Good,Good,True,True,True
G2101610,21,161,38.594164,-83.8280061,38.616398,-83.788535,17490.0,Mason,Kentucky,G2101610,38.616398,-83.788535,2011,72421,39.05,-84.6667,55.95917958146431,True,4762.0,1295.0,Good,Good,Good,Suspicious,Suspicious,Good,Good,Good,False,False,False
G2101630,21,163,37.9674757,-86.2008628,37.934298,-86.132811,28602.0,Meade,Kentucky,G2101630,37.934298,-86.132811,2011,72423,38.1833,-85.7333,27.719541614243592,True,3898.0,1795.0,Good,Good,Good,Suspicious,Suspicious,Good,Good,Good,False,False,False
G2101650,21,165,37.9506654,-83.5975146,37.939449,-83.598399,6306.0,Menifee,Kentucky,G2101650,37.939449,-83.598399,2011,72422,38.0333,-84.6,54.92739106828034,True,4486.0,1228.0,Good,Good,Good,Suspicious,Suspicious,Good,Good,Good,False,False,False
G2101670,21,167,37.8120851,-84.8796945,37.785009,-84.849691,21331.0,Mercer,Kentucky,G2101670,37.785009,-84.849691,2011,72422,38.0333,-84.6,21.89922930937633,True,4486.0,1228.0,Good,Good,Good,Suspicious,Suspicious,Good,Good,Good,False,False,False
G2101690,21,169,36.9925151,-85.6335985,36.990816,-85.641586,10099.0,Metcalfe,Kentucky,G2101690,36.990816,-85.641586,2011,KBWG0,36.9645,-86.4197,42.98757844580982,True,3665.0,1772.0,Good,Good,Good,Suspicious,Suspicious,Good,Good,Good,False,False,False
G2101710,21,171,36.714077,-85.713508,36.708328,-85.729921,10963.0,Monroe,Kentucky,G2101710,36.708328,-85.729921,2011,KBWG0,36.9645,-86.4197,42.050364512175456,True,3665.0,1772.0,Good,Good,Good,Suspicious,Suspicious,Good,Good,Good,False,False,False
G2101730,21,173,38.0381379,-83.9123375,38.035773,-83.917436,26499.0,Montgomery,Kentucky,G2101730,38.035773,-83.917436,2011,72422,38.0333,-84.6,37.14586209559047,True,4486.0,1228.0,Good,Good,Good,Suspicious,Suspicious,Good,Good,Good,False,False,False
G2101750,21,175,37.9229402,-83.2589444,37.91274,-83.266566,13923.0,Morgan,Kentucky,G2101750,37.91274,-83.266566,2011,72425,38.3667,-82.55,50.00085935926489,True,4374.0,1092.0,Good,Good,Good,Suspicious,Suspicious,Good,Good,Good,True,True,True
G2101770,21,177,37.2138159,-87.1340919,37.23809,-87.14704,31499.0,Muhlenberg,Kentucky,G2101770,37.23809,-87.14704,2011,74671,36.6667,-87.5,44.02734958576436,True,3771.0,1684.0,Good,Good,Good,Good,Suspicious,Good,Good,Good,False,False,False
G2101790,21,179,37.8031876,-85.4659548,37.818018,-85.460371,43437.0,Nelson,Kentucky,G2101790,37.818018,-85.460371,2011,72423,38.1833,-85.7333,29.28815805352615,True,3898.0,1795.0,Good,Good,Good,Suspicious,Suspicious,Good,Good,Good,False,False,False
G2101810,21,181,38.3371317,-84.0255542,38.327655,-84.023779,7135.0,Nicholas,Kentucky,G2101810,38.327655,-84.023779,2011,72422,38.0333,-84.6,37.32352060197306,True,4486.0,1228.0,Good,Good,Good,Suspicious,Suspicious,Good,Good,Good,False,False,False
G2101830,21,183,37.4778588,-86.844871,37.465058,-86.864293,23842.0,Ohio,Kentucky,G2101830,37.465058,-86.864293,2011,KBWG0,36.9645,-86.4197,42.36247831736196,True,3665.0,1772.0,Good,Good,Good,Suspicious,Suspicious,Good,Good,Good,False,False,False
G2101850,21,185,38.4001274,-85.4561516,38.372848,-85.459538,60316.0,Oldham,Kentucky,G2101850,38.372848,-85.459538,2011,72423,38.1833,-85.7333,19.79896887691863,True,3898.0,1795.0,Good,Good,Good,Suspicious,Suspicious,Good,Good,Good,False,False,False
G2101870,21,187,38.499588,-84.8414921,38.531935,-84.831925,10841.0,Owen,Kentucky,G2101870,38.531935,-84.831925,2011,72422,38.0333,-84.6,36.67673287309621,True,4486.0,1228.0,Good,Good,Good,Suspicious,Suspicious,Good,Good,Good,False,False,False
G2101910,21,191,38.6962842,-84.3519435,38.715798,-84.359742,14877.0,Pendleton,Kentucky,G2101910,38.715798,-84.359742,2011,72421,39.05,-84.6667,28.38594632505876,True,4762.0,1295.0,Good,Good,Good,Suspicious,Suspicious,Good,Good,Good,False,False,False
G2101930,21,193,37.2412822,-83.2177723,37.257625,-83.20106,28712.0,Perry,Kentucky,G2101930,37.257625,-83.20106,2011,KLOZ0,37.0869,-84.0774,49.6678459120159,True,4299.0,1115.0,Good,Good,Good,Suspicious,Suspicious,Good,Good,Good,False,True,True
G2101950,21,195,37.4860314,-82.4109127,37.463505,-82.420659,65024.0,Pike,Kentucky,G2101950,37.463505,-82.420659,2011,72425,38.3667,-82.55,62.80169823244767,True,4374.0,1092.0,Good,Good,Good,Suspicious,Suspicious,Good,Good,Good,True,True,True
G2101970,21,197,37.8006287,-83.8200155,37.852293,-83.88113,12613.0,Powell,Kentucky,G2101970,37.852293,-83.88113,2011,72422,38.0333,-84.6,41.11824804708427,True,4486.0,1228.0,Good,Good,Good,Suspicious,Suspicious,Good,Good,Good,False,False,False
G2101990,21,199,37.1083118,-84.5799857,37.092819,-84.614645,63063.0,Pulaski,Kentucky,G2101990,37.092819,-84.614645,2011,KLOZ0,37.0869,-84.0774,29.613087528036008,True,4299.0,1115.0,Good,Good,Good,Suspicious,Suspicious,Good,Good,Good,False,True,True
G2102030,21,203,37.3610502,-84.3143684,37.381612,-84.348396,17056.0,Rockcastle,Kentucky,G2102030,37.381612,-84.348396,2011,KLOZ0,37.0869,-84.0774,25.23623290313483,True,4299.0,1115.0,Good,Good,Good,Suspicious,Suspicious,Good,Good,Good,False,True,True
G2102050,21,205,38.2042499,-83.4280697,38.194616,-83.442318,23333.0,Rowan,Kentucky,G2102050,38.194616,-83.442318,2011,72425,38.3667,-82.55,49.835753529979286,True,4374.0,1092.0,Good,Good,Good,Suspicious,Suspicious,Good,Good,Good,True,True,True
G2102070,21,207,36.9906049,-85.0548741,37.029336,-85.05932,17565.0,Russell,Kentucky,G2102070,37.029336,-85.05932,2011,KLOZ0,37.0869,-84.0774,54.28690633007423,True,4299.0,1115.0,Good,Good,Good,Suspicious,Suspicious,Good,Good,Good,False,True,True
G2102090,21,209,38.2898823,-84.579376,38.231691,-84.570575,47173.0,Scott,Kentucky,G2102090,38.231691,-84.570575,2011,72422,38.0333,-84.6,13.800458111467533,True,4486.0,1228.0,Good,Good,Good,Suspicious,Suspicious,Good,Good,Good,False,False,False
G2102110,21,211,38.239426,-85.2283599,38.213513,-85.230241,42074.0,Shelby,Kentucky,G2102110,38.213513,-85.230241,2011,72423,38.1833,-85.7333,27.39503405453425,True,3898.0,1795.0,Good,Good,Good,Suspicious,Suspicious,Good,Good,Good,False,False,False
G2102130,21,213,36.7409472,-86.5817465,36.733285,-86.572109,17327.0,Simpson,Kentucky,G2102130,36.733285,-86.572109,2011,KBWG0,36.9645,-86.4197,18.06162042830934,True,3665.0,1772.0,Good,Good,Good,Suspicious,Suspicious,Good,Good,Good,False,False,False
G2102150,21,215,38.0249081,-85.3167579,38.059721,-85.350915,17061.0,Spencer,Kentucky,G2102150,38.059721,-85.350915,2011,72423,38.1833,-85.7333,22.470343240004688,True,3898.0,1795.0,Good,Good,Good,Suspicious,Suspicious,Good,Good,Good,False,False,False
G2102170,21,217,37.366184,-85.3278364,37.350402,-85.343425,24512.0,Taylor,Kentucky,G2102170,37.350402,-85.343425,2011,72423,38.1833,-85.7333,61.36097699299373,True,3898.0,1795.0,Good,Good,Good,Suspicious,Suspicious,Good,Good,Good,False,False,False
G2102190,21,219,36.8403384,-87.1836416,36.81176,-87.171454,12460.0,Todd,Kentucky,G2102190,36.81176,-87.171454,2011,74671,36.6667,-87.5,20.76958780030961,True,3771.0,1684.0,Good,Good,Good,Good,Suspicious,Good,Good,Good,False,False,False
G2102210,21,221,36.8076808,-87.8586515,36.847047,-87.836202,14339.0,Trigg,Kentucky,G2102210,36.847047,-87.836202,2011,74671,36.6667,-87.5,22.39721801247719,True,3771.0,1684.0,Good,Good,Good,Good,Suspicious,Good,Good,Good,False,False,False
G2102250,21,225,37.6580293,-87.9516496,37.653315,-87.926958,15007.0,Union,Kentucky,G2102250,37.653315,-87.926958,2011,72432,38.0333,-87.5333,33.920984778861985,True,4220.0,1577.0,Good,Good,Good,Suspicious,Suspicious,Good,Good,Good,False,False,False
G2102270,21,227,36.995634,-86.4235786,36.970396,-86.434563,113792.0,Warren,Kentucky,G2102270,36.970396,-86.434563,2011,KBWG0,36.9645,-86.4197,0.9160614580531028,True,3665.0,1772.0,Good,Good,Good,Suspicious,Suspicious,Good,Good,Good,False,False,False
G2102290,21,229,37.7542085,-85.1754162,37.738655,-85.190875,11717.0,Washington,Kentucky,G2102290,37.738655,-85.190875,2011,72422,38.0333,-84.6,38.11330546095012,True,4486.0,1228.0,Good,Good,Good,Suspicious,Suspicious,Good,Good,Good,False,False,False
G2102310,21,231,36.8020113,-84.8304404,36.837888,-84.844614,20813.0,Wayne,Kentucky,G2102310,36.837888,-84.844614,2011,KLOZ0,37.0869,-84.0774,45.71689173916853,True,4299.0,1115.0,Good,Good,Good,Suspicious,Suspicious,Good,Good,Good,False,True,True
G2102330,21,233,37.5194601,-87.6847904,37.499711,-87.687044,13621.0,Webster,Kentucky,G2102330,37.499711,-87.687044,2011,72432,38.0333,-87.5333,37.81165810317362,True,4220.0,1577.0,Good,Good,Good,Suspicious,Suspicious,Good,Good,Good,False,False,False
G2102350,21,235,36.7580236,-84.1446484,36.809692,-84.140995,35637.0,Whitley,Kentucky,G2102350,36.809692,-84.140995,2011,KLOZ0,37.0869,-84.0774,19.472463213814112,True,4299.0,1115.0,Good,Good,Good,Suspicious,Suspicious,Good,Good,Good,False,True,True
G2102370,21,237,37.7437739,-83.4950678,37.740622,-83.510902,7355.0,Wolfe,Kentucky,G2102370,37.740622,-83.510902,2011,KLOZ0,37.0869,-84.0774,54.83250222805333,True,4299.0,1115.0,Good,Good,Good,Suspicious,Suspicious,Good,Good,Good,False,True,True
G2102390,21,239,38.0431027,-84.7488633,38.050068,-84.727271,24939.0,Woodford,Kentucky,G2102390,38.050068,-84.727271,2011,72422,38.0333,-84.6,7.021727574770089,True,4486.0,1228.0,Good,Good,Good,Suspicious,Suspicious,Good,Good,Good,False,False,False
G2200010,22,1,30.291497,-92.4110366,30.278555,-92.351799,61773.0,Acadia,Louisiana,G2200010,30.278555,-92.351799,2011,KLFT0,30.2052,-91.9876,22.32210107138669,True,1494.0,3062.0,Good,Good,Good,Suspicious,Suspicious,Good,Good,Good,False,True,True
G2200030,22,3,30.6527435,-92.8196052,30.669387,-92.774458,25764.0,Allen,Louisiana,G2200030,30.669387,-92.774458,2011,72239,31.05,-93.1833,35.77128597604077,True,1883.0,2947.0,Good,Good,Good,Suspicious,Suspicious,Good,Good,Good,False,False,False
G2200050,22,5,30.2064437,-90.9125023,30.248525,-90.934028,107215.0,Ascension,Louisiana,G2200050,30.248525,-90.934028,2011,72231,30.0,-90.0833,53.66210519388493,True,1225.0,3301.0,Good,Good,Good,Suspicious,Suspicious,Good,Good,Good,False,False,False
G2200070,22,7,29.8988529,-91.0524649,29.922957,-91.06645,23421.0,Assumption,Louisiana,G2200070,29.922957,-91.06645,2011,KP920,29.5622,-91.5256,37.14859410974573,True,1349.0,2972.0,Good,Good,Good,Suspicious,Suspicious,Good,Good,Good,False,True,True
G2200090,22,9,31.0850937,-91.9937975,31.053586,-92.062566,42073.0,Avoyelles,Louisiana,G2200090,31.053586,-92.062566,2011,KLFT0,30.2052,-91.9876,58.78698316678184,True,1494.0,3062.0,Good,Good,Good,Suspicious,Suspicious,Good,Good,Good,False,True,True
G2200110,22,11,30.6450184,-93.3402526,30.733885,-93.287136,35654.0,Beauregard,Louisiana,G2200110,30.733885,-93.287136,2011,72239,31.05,-93.1833,22.69254280543853,True,1883.0,2947.0,Good,Good,Good,Suspicious,Suspicious,Good,Good,Good,False,False,False
G2200130,22,13,32.3409517,-93.0411511,32.388898,-93.080261,14353.0,Bienville,Louisiana,G2200130,32.388898,-93.080261,2011,72248,32.45,-93.0,6.30371297238459,True,2160.0,3269.0,Good,Good,Good,Good,Suspicious,Good,Good,Good,False,False,False
G2200150,22,15,32.6958514,-93.6161317,32.555697,-93.656675,116979.0,Bossier,Louisiana,G2200150,32.555697,-93.656675,2011,72248,32.45,-93.0,38.95560119631397,True,2160.0,3269.0,Good,Good,Good,Good,Suspicious,Good,Good,Good,False,False,False
G2200170,22,17,32.5771951,-93.8824228,32.472074,-93.800831,254969.0,Caddo,Louisiana,G2200170,32.472074,-93.800831,2011,72248,32.45,-93.0,46.71158690721469,True,2160.0,3269.0,Good,Good,Good,Good,Suspicious,Good,Good,Good,False,False,False
G2200190,22,19,30.2295588,-93.3580154,30.227531,-93.261485,192768.0,Calcasieu,Louisiana,G2200190,30.227531,-93.261485,2011,72240,30.2,-93.3833,7.517871074797558,True,1499.0,3038.0,Good,Good,Good,Suspicious,Suspicious,Good,Good,Good,True,True,True
G2200230,22,23,29.871812,-93.1649478,29.956693,-93.212142,6839.0,Cameron,Louisiana,G2200230,29.956693,-93.212142,2011,72240,30.2,-93.3833,19.680654899544837,True,1499.0,3038.0,Good,Good,Good,Suspicious,Suspicious,Good,Good,Good,True,True,True
G2200250,22,25,31.666517,-91.846703,31.696936,-91.824471,10407.0,Catahoula,Louisiana,G2200250,31.696936,-91.824471,2011,KTVR0,32.3516,-91.0277,64.99550215607249,True,2382.0,2516.0,Good,Good,Good,Suspicious,Suspicious,Good,Good,Good,False,False,False
G2200270,22,27,32.8270432,-92.9897672,32.833682,-93.03306,17195.0,Claiborne,Louisiana,G2200270,32.833682,-93.03306,2011,72248,32.45,-93.0,26.579543455955008,True,2160.0,3269.0,Good,Good,Good,Good,Suspicious,Good,Good,Good,False,False,False
G2200290,22,29,31.4698055,-91.626314,31.592783,-91.545991,20822.0,Concordia,Louisiana,G2200290,31.592783,-91.545991,2011,KTVR0,32.3516,-91.0277,60.59390176273542,True,2382.0,2516.0,Good,Good,Good,Suspicious,Suspicious,Good,Good,Good,False,False,False
G2200310,22,31,32.0592476,-93.7407968,32.10498,-93.776734,26656.0,De Soto,Louisiana,G2200310,32.10498,-93.776734,2011,72248,32.45,-93.0,51.25482744361855,True,2160.0,3269.0,Good,Good,Good,Good,Suspicious,Good,Good,Good,False,False,False
G2200330,22,33,30.5439829,-91.0931672,30.462492,-91.100943,440171.0,East Baton Rouge,Louisiana,G2200330,30.462492,-91.100943,2011,KLFT0,30.2052,-91.9876,55.7833494517876,True,1494.0,3062.0,Good,Good,Good,Suspicious,Suspicious,Good,Good,Good,False,True,True
G2200350,22,35,32.7301699,-91.2341409,32.770972,-91.19516,7759.0,East Carroll,Louisiana,G2200350,32.770972,-91.19516,2011,KTVR0,32.3516,-91.0277,30.57272155569647,True,2382.0,2516.0,Good,Good,Good,Suspicious,Suspicious,Good,Good,Good,False,False,False
G2200370,22,37,30.8397837,-91.0434338,30.826843,-91.089224,20267.0,East Feliciana,Louisiana,G2200370,30.826843,-91.089224,2011,KLFT0,30.2052,-91.9876,68.58731402391507,True,1494.0,3062.0,Good,Good,Good,Suspicious,Suspicious,Good,Good,Good,False,True,True
G2200390,22,39,30.7206932,-92.4040858,30.685722,-92.362231,33984.0,Evangeline,Louisiana,G2200390,30.685722,-92.362231,2011,KLFT0,30.2052,-91.9876,40.0033010480478,True,1494.0,3062.0,Good,Good,Good,Suspicious,Suspicious,Good,Good,Good,False,True,True
G2200410,22,41,32.1390764,-91.6723711,32.143813,-91.696268,20767.0,Franklin,Louisiana,G2200410,32.143813,-91.696268,2011,KTVR0,32.3516,-91.0277,41.62244888812007,True,2382.0,2516.0,Good,Good,Good,Suspicious,Suspicious,Good,Good,Good,False,False,False
G2200430,22,43,31.5977873,-92.5617156,31.534149,-92.542816,22309.0,Grant,Louisiana,G2200430,31.534149,-92.542816,2011,72239,31.05,-93.1833,50.48765534931738,True,1883.0,2947.0,Good,Good,Good,Suspicious,Suspicious,Good,Good,Good,False,False,False
G2200450,22,45,29.6060126,-91.8427057,29.994199,-91.810231,73240.0,Iberia,Louisiana,G2200450,29.994199,-91.810231,2011,KLFT0,30.2052,-91.9876,18.02643201837813,True,1494.0,3062.0,Good,Good,Good,Suspicious,Suspicious,Good,Good,Good,False,True,True
G2200470,22,47,30.2706327,-91.3658402,30.272099,-91.234302,33387.0,Iberville,Louisiana,G2200470,30.272099,-91.234302,2011,KLFT0,30.2052,-91.9876,45.202833400591885,True,1494.0,3062.0,Good,Good,Good,Suspicious,Suspicious,Good,Good,Good,False,True,True
G2200490,22,49,32.3042901,-92.5616997,32.280659,-92.646015,16274.0,Jackson,Louisiana,G2200490,32.280659,-92.646015,2011,72248,32.45,-93.0,23.741734242224027,True,2160.0,3269.0,Good,Good,Good,Good,Suspicious,Good,Good,Good,False,False,False
G2200510,22,51,29.5033,-90.036231,29.945261,-90.153175,432552.0,Jefferson,Louisiana,G2200510,29.945261,-90.153175,2011,72231,30.0,-90.0833,5.638734645938069,True,1225.0,3301.0,Good,Good,Good,Suspicious,Suspicious,Good,Good,Good,False,False,False
G2200530,22,53,30.2695293,-92.8162205,30.240194,-92.738028,31594.0,Jefferson Davis,Louisiana,G2200530,30.240194,-92.738028,2011,72240,30.2,-93.3833,38.62485087875055,True,1499.0,3038.0,Good,Good,Good,Suspicious,Suspicious,Good,Good,Good,True,True,True
G2200550,22,55,30.2065065,-92.06417,30.205215,-92.043759,221578.0,Lafayette,Louisiana,G2200550,30.205215,-92.043759,2011,KLFT0,30.2052,-91.9876,3.353391126961472,True,1494.0,3062.0,Good,Good,Good,Suspicious,Suspicious,Good,Good,Good,False,True,True
G2200570,22,57,29.4919925,-90.394849,29.679993,-90.615099,96318.0,Lafourche,Louisiana,G2200570,29.679993,-90.615099,2011,72231,30.0,-90.0833,38.79042819117048,True,1225.0,3301.0,Good,Good,Good,Suspicious,Suspicious,Good,Good,Good,False,False,False
G2200590,22,59,31.6800826,-92.1615956,31.730558,-92.172553,14890.0,La Salle,Louisiana,G2200590,31.730558,-92.172553,2011,72248,32.45,-93.0,69.40399637101609,True,2160.0,3269.0,Good,Good,Good,Good,Suspicious,Good,Good,Good,False,False,False
G2200610,22,61,32.6018231,-92.6623026,32.549258,-92.64793,46735.0,Lincoln,Louisiana,G2200610,32.549258,-92.64793,2011,72248,32.45,-93.0,21.63203643387028,True,2160.0,3269.0,Good,Good,Good,Good,Suspicious,Good,Good,Good,False,False,False
G2200630,22,63,30.4404194,-90.7274738,30.483388,-90.840765,128026.0,Livingston,Louisiana,G2200630,30.483388,-90.840765,2011,72231,30.0,-90.0833,56.211172676753066,True,1225.0,3301.0,Good,Good,Good,Suspicious,Suspicious,Good,Good,Good,False,False,False
G2200650,22,65,32.3413753,-91.2420231,32.397648,-91.196834,12093.0,Madison,Louisiana,G2200650,32.397648,-91.196834,2011,KTVR0,32.3516,-91.0277,10.369755089416175,True,2382.0,2516.0,Good,Good,Good,Suspicious,Suspicious,Good,Good,Good,False,False,False
G2200670,22,67,32.8200082,-91.8003988,32.786393,-91.886161,27979.0,Morehouse,Louisiana,G2200670,32.786393,-91.886161,2011,KTVR0,32.3516,-91.0277,58.31879140249693,True,2382.0,2516.0,Good,Good,Good,Suspicious,Suspicious,Good,Good,Good,False,False,False
G2200690,22,69,31.7325509,-93.0826114,31.759482,-93.097361,39566.0,Natchitoches,Louisiana,G2200690,31.759482,-93.097361,2011,72248,32.45,-93.0,48.04924421248182,True,2160.0,3269.0,Good,Good,Good,Good,Suspicious,Good,Good,Good,False,False,False
G2200710,22,71,30.0534195,-89.9345018,29.972699,-90.05284,343829.0,Orleans,Louisiana,G2200710,29.972699,-90.05284,2011,72231,30.0,-90.0833,2.6231758782354264,True,1225.0,3301.0,Good,Good,Good,Suspicious,Suspicious,Good,Good,Good,False,False,False
G2200730,22,73,32.4776643,-92.1548478,32.514346,-92.129634,153720.0,Ouachita,Louisiana,G2200730,32.514346,-92.129634,2011,72248,32.45,-93.0,50.92292871184697,True,2160.0,3269.0,Good,Good,Good,Good,Suspicious,Good,Good,Good,False,False,False
G2200750,22,75,29.402337,-89.2984889,29.72176,-89.90076,23042.0,Plaquemines,Louisiana,G2200750,29.72176,-89.90076,2011,72231,30.0,-90.0833,22.11827620243018,True,1225.0,3301.0,Good,Good,Good,Suspicious,Suspicious,Good,Good,Good,False,False,False
G2200770,22,77,30.708319,-91.6046207,30.67107,-91.50006,22802.0,Pointe Coupee,Louisiana,G2200770,30.67107,-91.50006,2011,KLFT0,30.2052,-91.9876,43.35421892931099,True,1494.0,3062.0,Good,Good,Good,Suspicious,Suspicious,Good,Good,Good,False,True,True
G2200790,22,79,31.1932037,-92.5359531,31.28458,-92.457473,131613.0,Rapides,Louisiana,G2200790,31.28458,-92.457473,2011,72239,31.05,-93.1833,45.86994351961808,True,1883.0,2947.0,Good,Good,Good,Suspicious,Suspicious,Good,Good,Good,False,False,False
G2200810,22,81,32.1012125,-93.3490504,32.054629,-93.307602,9091.0,Red River,Louisiana,G2200810,32.054629,-93.307602,2011,72248,32.45,-93.0,32.7002550856894,True,2160.0,3269.0,Good,Good,Good,Good,Suspicious,Good,Good,Good,False,False,False
G2200830,22,83,32.413158,-91.7483534,32.441085,-91.714756,20725.0,Richland,Louisiana,G2200830,32.441085,-91.714756,2011,KTVR0,32.3516,-91.0277,40.55666163583963,True,2382.0,2516.0,Good,Good,Good,Suspicious,Suspicious,Good,Good,Good,False,False,False
G2200850,22,85,31.5604024,-93.5595793,31.581882,-93.566643,24233.0,Sabine,Louisiana,G2200850,31.581882,-93.566643,2011,72239,31.05,-93.1833,43.15704848757122,True,1883.0,2947.0,Good,Good,Good,Suspicious,Suspicious,Good,Good,Good,False,False,False
G2200870,22,87,29.9181102,-89.2634941,29.928239,-89.934425,35897.0,St. Bernard,Louisiana,G2200870,29.928239,-89.934425,2011,72231,30.0,-90.0833,10.197870596994877,True,1225.0,3301.0,Good,Good,Good,Suspicious,Suspicious,Good,Good,Good,False,False,False
G2200890,22,89,29.9057222,-90.3578553,29.939397,-90.376773,52780.0,St. Charles,Louisiana,G2200890,29.939397,-90.376773,2011,72231,30.0,-90.0833,18.05794306611038,True,1225.0,3301.0,Good,Good,Good,Suspicious,Suspicious,Good,Good,Good,False,False,False
G2200910,22,91,30.8225386,-90.7083074,30.788338,-90.693879,11203.0,St. Helena,Louisiana,G2200910,30.788338,-90.693879,2011,72231,30.0,-90.0833,65.50549402279813,True,1225.0,3301.0,Good,Good,Good,Suspicious,Suspicious,Good,Good,Good,False,False,False
G2200930,22,93,30.02482,-90.7939556,30.020769,-90.737207,22102.0,St. James,Louisiana,G2200930,30.020769,-90.737207,2011,72231,30.0,-90.0833,39.149702076823566,True,1225.0,3301.0,Good,Good,Good,Suspicious,Suspicious,Good,Good,Good,False,False,False
G2200950,22,95,30.1473067,-90.4856737,30.071497,-90.513417,45924.0,St. John the Baptist,Louisiana,G2200950,30.071497,-90.513417,2011,72231,30.0,-90.0833,26.19739777702689,True,1225.0,3301.0,Good,Good,Good,Suspicious,Suspicious,Good,Good,Good,False,False,False
G2200970,22,97,30.5834409,-91.9892745,30.514029,-92.111314,83384.0,St. Landry,Louisiana,G2200970,30.514029,-92.111314,2011,KLFT0,30.2052,-91.9876,22.57677646006804,True,1494.0,3062.0,Good,Good,Good,Suspicious,Suspicious,Good,Good,Good,False,True,True
G2200990,22,99,30.1214329,-91.6114814,30.229052,-91.835169,52160.0,St. Martin,Louisiana,G2200990,30.229052,-91.835169,2011,KLFT0,30.2052,-91.9876,9.24893319204624,True,1494.0,3062.0,Good,Good,Good,Suspicious,Suspicious,Good,Good,Good,False,True,True
G2201010,22,101,29.6293488,-91.4638037,29.740593,-91.344782,54650.0,St. Mary,Louisiana,G2201010,29.740593,-91.344782,2011,KP920,29.5622,-91.5256,16.42576781820403,True,1349.0,2972.0,Good,Good,Good,Suspicious,Suspicious,Good,Good,Good,False,True,True
G2201030,22,103,30.4100224,-89.9519622,30.383308,-89.948329,233740.0,St. Tammany,Louisiana,G2201030,30.383308,-89.948329,2011,72231,30.0,-90.0833,27.683482066714674,True,1225.0,3301.0,Good,Good,Good,Suspicious,Suspicious,Good,Good,Good,False,False,False
G2201050,22,105,30.6215806,-90.4066332,30.571611,-90.455513,121097.0,Tangipahoa,Louisiana,G2201050,30.571611,-90.455513,2011,72231,30.0,-90.0833,45.30982584947046,True,1225.0,3301.0,Good,Good,Good,Suspicious,Suspicious,Good,Good,Good,False,False,False
G2201070,22,107,32.0014894,-91.342576,31.964792,-91.297084,5252.0,Tensas,Louisiana,G2201070,31.964792,-91.297084,2011,KTVR0,32.3516,-91.0277,31.02507145975093,True,2382.0,2516.0,Good,Good,Good,Suspicious,Suspicious,Good,Good,Good,False,False,False
G2201090,22,109,29.3341299,-90.8436739,29.592812,-90.722239,111860.0,Terrebonne,Louisiana,G2201090,29.592812,-90.722239,2011,72231,30.0,-90.0833,47.53070396741024,True,1225.0,3301.0,Good,Good,Good,Suspicious,Suspicious,Good,Good,Good,False,False,False
G2201110,22,111,32.8293486,-92.3756501,32.794504,-92.404307,22721.0,Union,Louisiana,G2201110,32.794504,-92.404307,2011,KELD0,33.221,-92.8133,37.81448819766413,True,2780.0,2437.0,Good,Good,Good,Suspicious,Suspicious,Good,Good,Good,False,False,False
G2201130,22,113,29.7897222,-92.2915678,29.993689,-92.165923,57999.0,Vermilion,Louisiana,G2201130,29.993689,-92.165923,2011,KLFT0,30.2052,-91.9876,18.0885050168436,True,1494.0,3062.0,Good,Good,Good,Suspicious,Suspicious,Good,Good,Good,False,True,True
G2201150,22,115,31.1105625,-93.1815202,31.094949,-93.245823,52334.0,Vernon,Louisiana,G2201150,31.094949,-93.245823,2011,72239,31.05,-93.1833,4.830712876706823,True,1883.0,2947.0,Good,Good,Good,Suspicious,Suspicious,Good,Good,Good,False,False,False
G2201170,22,117,30.8521435,-90.0462534,30.835918,-89.996174,47168.0,Washington,Louisiana,G2201170,30.835918,-89.996174,2011,72231,30.0,-90.0833,57.98915523811928,True,1225.0,3301.0,Good,Good,Good,Suspicious,Suspicious,Good,Good,Good,False,False,False
G2201190,22,119,32.7321522,-93.3398245,32.7001,-93.340925,41207.0,Webster,Louisiana,G2201190,32.7001,-93.340925,2011,72248,32.45,-93.0,26.317832174037868,True,2160.0,3269.0,Good,Good,Good,Good,Suspicious,Good,Good,Good,False,False,False
G2201210,22,121,30.4640516,-91.309808,30.443957,-91.264463,23788.0,West Baton Rouge,Louisiana,G2201210,30.443957,-91.264463,2011,KLFT0,30.2052,-91.9876,46.17500653062727,True,1494.0,3062.0,Good,Good,Good,Suspicious,Suspicious,Good,Good,Good,False,True,True
G2201230,22,123,32.7924797,-91.4519982,32.816551,-91.431802,11604.0,West Carroll,Louisiana,G2201230,32.816551,-91.431802,2011,KTVR0,32.3516,-91.0277,39.81814237150436,True,2382.0,2516.0,Good,Good,Good,Suspicious,Suspicious,Good,Good,Good,False,False,False
G2201250,22,125,30.872701,-91.4210081,30.893607,-91.404737,15625.0,West Feliciana,Louisiana,G2201250,30.893607,-91.404737,2011,KLFT0,30.2052,-91.9876,58.86561898400788,True,1494.0,3062.0,Good,Good,Good,Suspicious,Suspicious,Good,Good,Good,False,True,True
G2201270,22,127,31.9411871,-92.6412694,31.929892,-92.676588,15313.0,Winn,Louisiana,G2201270,31.929892,-92.676588,2011,72248,32.45,-93.0,40.60796477637775,True,2160.0,3269.0,Good,Good,Good,Good,Suspicious,Good,Good,Good,False,False,False
G2300010,23,1,44.1676811,-70.2074347,44.119069,-70.201312,107702.0,Androscoggin,Maine,G2300010,44.119069,-70.201312,2011,KAUG0,44.3206,-69.7973,24.374308736897174,True,7135.0,370.0,Good,Good,Good,Suspicious,Suspicious,Good,Good,Good,True,True,True
G2300030,23,3,46.7270816,-68.6494264,46.705048,-68.086628,71870.0,Aroostook,Maine,G2300030,46.705048,-68.086628,2011,72712,46.8667,-68.0167,11.648730788787985,True,8534.0,132.0,Good,Good,Good,Suspicious,Suspicious,Good,Good,Good,False,False,False
G2300050,23,5,43.8083479,-70.3303753,43.748088,-70.305589,281674.0,Cumberland,Maine,G2300050,43.748088,-70.305589,2011,72606,43.65,-70.1333,10.954447719608403,True,6617.0,413.0,Good,Good,Good,Suspicious,Suspicious,Good,Good,Good,False,False,False
G2300070,23,7,44.9730121,-70.4447274,44.70749,-70.225634,30768.0,Franklin,Maine,G2300070,44.70749,-70.225634,2011,KAUG0,44.3206,-69.7973,34.05769412589995,True,7135.0,370.0,Good,Good,Good,Suspicious,Suspicious,Good,Good,Good,True,True,True
G2300090,23,9,44.5649063,-68.3707034,44.471475,-68.467743,54418.0,Hancock,Maine,G2300090,44.471475,-68.467743,2011,72607,44.8074,-68.8281,29.198809556789502,True,7200.0,327.0,Good,Good,Good,Suspicious,Suspicious,Good,Good,Good,False,False,False
G2300110,23,11,44.4170119,-69.7657639,44.396102,-69.749178,122151.0,Kennebec,Maine,G2300110,44.396102,-69.749178,2011,KAUG0,44.3206,-69.7973,5.732806753244865,True,7135.0,370.0,Good,Good,Good,Suspicious,Suspicious,Good,Good,Good,True,True,True
G2300130,23,13,44.0420446,-69.0385145,44.129786,-69.162849,39736.0,Knox,Maine,G2300130,44.129786,-69.162849,2011,KAUG0,44.3206,-69.7973,34.0676195898523,True,7135.0,370.0,Good,Good,Good,Suspicious,Suspicious,Good,Good,Good,True,True,True
G2300150,23,15,43.9942631,-69.5140377,44.032332,-69.555057,34457.0,Lincoln,Maine,G2300150,44.032332,-69.555057,2011,KAUG0,44.3206,-69.7973,23.255039030787287,True,7135.0,370.0,Good,Good,Good,Suspicious,Suspicious,Good,Good,Good,True,True,True
G2300170,23,17,44.4945,-70.7344207,44.28237,-70.61336,57833.0,Oxford,Maine,G2300170,44.28237,-70.61336,2011,72616,44.5833,-71.0167,28.780476084370925,True,8304.0,164.0,Good,Good,Good,Suspicious,Suspicious,Good,Good,Good,False,False,False
G2300190,23,19,45.4092789,-68.6665979,44.953036,-68.79423,153923.0,Penobscot,Maine,G2300190,44.953036,-68.79423,2011,72607,44.8074,-68.8281,10.198187865982607,True,7200.0,327.0,Good,Good,Good,Suspicious,Suspicious,Good,Good,Good,False,False,False
G2300210,23,21,45.9176853,-69.1045359,45.242097,-69.263375,17535.0,Piscataquis,Maine,G2300210,45.242097,-69.263375,2011,72619,45.463,-69.5516,20.70766277906723,True,8668.0,150.0,Good,Good,Good,Suspicious,Suspicious,Good,Good,Good,False,False,False
G2300230,23,23,43.9166939,-69.8439936,43.956202,-69.869704,35293.0,Sagadahoc,Maine,G2300230,43.956202,-69.869704,2011,72606,43.65,-70.1333,24.90732573593713,True,6617.0,413.0,Good,Good,Good,Suspicious,Suspicious,Good,Good,Good,False,False,False
G2300250,23,25,45.5074824,-69.9760395,44.821921,-69.685757,52228.0,Somerset,Maine,G2300250,44.821921,-69.685757,2011,KAUG0,44.3206,-69.7973,35.07032064838969,True,7135.0,370.0,Good,Good,Good,Suspicious,Suspicious,Good,Good,Good,True,True,True
G2300270,23,27,44.5058342,-69.1389521,44.491137,-69.086553,38786.0,Waldo,Maine,G2300270,44.491137,-69.086553,2011,72607,44.8074,-68.8281,25.276232544828357,True,7200.0,327.0,Good,Good,Good,Suspicious,Suspicious,Good,Good,Good,False,False,False
G2300290,23,29,44.9670088,-67.6093542,44.863591,-67.464919,32856.0,Washington,Maine,G2300290,44.863591,-67.464919,2011,71030,44.71,-66.8,34.28951178209872,True,7504.0,42.0,Good,Good,Suspicious,Good,Suspicious,Suspicious,Good,Good,True,True,True
G2300310,23,31,43.4260188,-70.6684248,43.424108,-70.640561,197131.0,York,Maine,G2300310,43.424108,-70.640561,2011,72606,43.65,-70.1333,29.818397912146477,True,6617.0,413.0,Good,Good,Good,Suspicious,Suspicious,Good,Good,Good,False,False,False
G2400010,24,1,39.6123134,-78.7031037,39.629197,-78.822261,75087.0,Allegany,Maryland,G2400010,39.629197,-78.822261,2011,KMRB0,39.4019,-77.9847,47.32531348043453,True,4646.0,1238.0,Good,Good,Good,Suspicious,Suspicious,Good,Good,Good,False,False,False
G2400030,24,3,38.9935793,-76.560484,39.067301,-76.598917,537656.0,Anne Arundel,Maryland,G2400030,39.067301,-76.598917,2011,72406,39.1667,-76.6833,8.223667904795324,True,4217.0,1502.0,Good,Good,Good,Suspicious,Suspicious,Good,Good,Good,False,False,False
G2400050,24,5,39.4431666,-76.6165693,39.369252,-76.620366,805029.0,Baltimore,Maryland,G2400050,39.369252,-76.620366,2011,72406,39.1667,-76.6833,14.394184520098232,True,4217.0,1502.0,Good,Good,Good,Suspicious,Suspicious,Good,Good,Good,False,False,False
G2400090,24,9,38.5226102,-76.5294945,38.548518,-76.542042,88737.0,Calvert,Maryland,G2400090,38.548518,-76.542042,2011,72404,38.3,-76.0667,30.93343991144676,True,3740.0,1671.0,Good,Good,Good,Suspicious,Suspicious,Good,Good,Good,False,True,True
G2400110,24,11,38.8715306,-75.831662,38.874331,-75.831491,33066.0,Caroline,Maryland,G2400110,38.874331,-75.831491,2011,KGED0,38.6879,-75.3583,28.556811186240992,True,3942.0,1448.0,Good,Good,Good,Suspicious,Suspicious,Good,Good,Good,False,True,True
G2400130,24,13,39.5633179,-77.0153531,39.527218,-76.9931,167134.0,Carroll,Maryland,G2400130,39.527218,-76.9931,2011,72406,39.1667,-76.6833,29.907799177799227,True,4217.0,1502.0,Good,Good,Good,Suspicious,Suspicious,Good,Good,Good,False,False,False
G2400150,24,15,39.5623537,-75.9415852,39.613824,-75.936585,101108.0,Cecil,Maryland,G2400150,39.613824,-75.936585,2011,KLNS0,40.1224,-76.2944,39.93509488323922,True,5058.0,1124.0,Good,Good,Good,Good,Suspicious,Good,Good,Good,False,False,False
G2400170,24,17,38.4728532,-77.0154272,38.578559,-76.953006,146551.0,Charles,Maryland,G2400170,38.578559,-76.953006,2011,72405,38.85,-77.0333,19.24783518644706,True,3809.0,1805.0,Good,Good,Good,Suspicious,Suspicious,Good,Good,Good,False,False,False
G2400190,24,19,38.4291957,-76.0474333,38.570623,-76.009758,32618.0,Dorchester,Maryland,G2400190,38.570623,-76.009758,2011,72404,38.3,-76.0667,18.95049924976924,True,3740.0,1671.0,Good,Good,Good,Suspicious,Suspicious,Good,Good,Good,False,True,True
G2400210,24,21,39.4704287,-77.3976237,39.432254,-77.400231,233385.0,Frederick,Maryland,G2400210,39.432254,-77.400231,2011,KHGR0,39.7085,-77.7265,25.81212460387232,True,4794.0,1267.0,Good,Good,Good,Good,Suspicious,Good,Good,Good,False,False,False
G2400230,24,23,39.5472985,-79.2746192,39.512187,-79.303138,30097.0,Garrett,Maryland,G2400230,39.512187,-79.303138,2011,KMGW0,39.6429,-79.9163,33.87953572137069,True,4802.0,910.0,Good,Good,Good,Suspicious,Suspicious,Good,Good,Good,False,False,False
G2400250,24,25,39.5374292,-76.2997894,39.521376,-76.310879,244826.0,Harford,Maryland,G2400250,39.521376,-76.310879,2011,72406,39.1667,-76.6833,31.567822845478165,True,4217.0,1502.0,Good,Good,Good,Suspicious,Suspicious,Good,Good,Good,False,False,False
G2400270,24,27,39.2522639,-76.9244057,39.219271,-76.856729,287085.0,Howard,Maryland,G2400270,39.219271,-76.856729,2011,72406,39.1667,-76.6833,9.971982735631704,True,4217.0,1502.0,Good,Good,Good,Suspicious,Suspicious,Good,Good,Good,False,False,False
G2400290,24,29,39.2412793,-76.1259867,39.24506,-76.058525,20197.0,Kent,Maryland,G2400290,39.24506,-76.058525,2011,72406,39.1667,-76.6833,33.8850823077137,True,4217.0,1502.0,Good,Good,Good,Suspicious,Suspicious,Good,Good,Good,False,False,False
G2400310,24,31,39.1373815,-77.2030633,39.086185,-77.122862,971777.0,Montgomery,Maryland,G2400310,39.086185,-77.122862,2011,72405,38.85,-77.0333,17.013269304444663,True,3809.0,1805.0,Good,Good,Good,Suspicious,Suspicious,Good,Good,Good,False,False,False
G2400330,24,33,38.8258796,-76.8472724,38.908576,-76.889947,863420.0,Prince George's,Maryland,G2400330,38.908576,-76.889947,2011,72405,38.85,-77.0333,8.708172624484035,True,3809.0,1805.0,Good,Good,Good,Suspicious,Suspicious,Good,Good,Good,False,False,False
G2400350,24,35,39.0406929,-76.0824053,39.022436,-76.148099,47798.0,Queen Anne's,Maryland,G2400350,39.022436,-76.148099,2011,72406,39.1667,-76.6833,30.38109629469736,True,4217.0,1502.0,Good,Good,Good,Suspicious,Suspicious,Good,Good,Good,False,False,False
G2400370,24,37,38.2202894,-76.5303837,38.307326,-76.578864,105151.0,St. Mary's,Maryland,G2400370,38.307326,-76.578864,2011,72404,38.3,-76.0667,27.77413680327848,True,3740.0,1671.0,Good,Good,Good,Suspicious,Suspicious,Good,Good,Good,False,True,True
G2400390,24,39,38.0744501,-75.8533228,38.132883,-75.743445,26470.0,Somerset,Maryland,G2400390,38.132883,-75.743445,2011,72398,38.3402,-75.5095,19.140978609031148,True,3817.0,1618.0,Good,Good,Good,Suspicious,Suspicious,Good,Good,Good,False,True,True
G2400410,24,41,38.7483519,-76.1784798,38.769665,-76.098126,37782.0,Talbot,Maryland,G2400410,38.769665,-76.098126,2011,72404,38.3,-76.0667,32.4951241683942,True,3740.0,1671.0,Good,Good,Good,Suspicious,Suspicious,Good,Good,Good,False,True,True
G2400430,24,43,39.6036207,-77.8146709,39.617574,-77.731386,147430.0,Washington,Maryland,G2400430,39.617574,-77.731386,2011,KHGR0,39.7085,-77.7265,6.287750532969354,True,4794.0,1267.0,Good,Good,Good,Good,Suspicious,Good,Good,Good,False,False,False
G2400450,24,45,38.3671597,-75.632027,38.371571,-75.595082,98733.0,Wicomico,Maryland,G2400450,38.371571,-75.595082,2011,72398,38.3402,-75.5095,5.118512991176265,True,3817.0,1618.0,Good,Good,Good,Suspicious,Suspicious,Good,Good,Good,False,True,True
G2400470,24,47,38.2221332,-75.3099315,38.301936,-75.238169,51454.0,Worcester,Maryland,G2400470,38.301936,-75.238169,2011,72398,38.3402,-75.5095,14.943767428511835,True,3817.0,1618.0,Good,Good,Good,Suspicious,Suspicious,Good,Good,Good,False,True,True
G2405100,24,510,39.3000324,-76.6104761,39.314892,-76.619614,620961.0,Baltimore,Maryland,G2405100,39.314892,-76.619614,2011,72406,39.1667,-76.6833,10.791339940068132,True,4217.0,1502.0,Good,Good,Good,Suspicious,Suspicious,Good,Good,Good,False,False,False
G2500010,25,1,41.7988188,-70.2110827,41.690216,-70.333968,215888.0,Barnstable,Massachusetts,G2500010,41.690216,-70.333968,2011,KHYA0,41.6693,-70.2804,3.119284557270228,True,5329.0,620.0,Good,Good,Good,Suspicious,Suspicious,Good,Good,Good,False,False,False
G2500030,25,3,42.3753141,-73.2139479,42.460781,-73.216577,131219.0,Berkshire,Massachusetts,G2500030,42.460781,-73.216577,2011,72518,42.75,-73.1333,20.426934079079636,True,6164.0,756.0,Good,Good,Good,Suspicious,Suspicious,Good,Good,Good,False,False,False
G2500050,25,5,41.7468629,-71.0905088,41.793219,-71.108301,548285.0,Bristol,Massachusetts,G2500050,41.793219,-71.108301,2011,KTAN0,41.8744,-71.0166,7.33126244753889,True,5719.0,630.0,Good,Good,Good,Suspicious,Suspicious,Good,Good,Good,False,True,True
G2500070,25,7,41.3809686,-70.7015043,41.421286,-70.602745,16535.0,Dukes,Massachusetts,G2500070,41.421286,-70.602745,2011,KHYA0,41.6693,-70.2804,23.90605137575239,True,5329.0,620.0,Good,Good,Good,Suspicious,Suspicious,Good,Good,Good,False,False,False
G2500090,25,9,42.642711,-70.8651073,42.62479,-70.987816,743159.0,Essex,Massachusetts,G2500090,42.62479,-70.987816,2011,KBVY0,42.5841,-70.9161,4.604982086108919,True,6016.0,627.0,Good,Good,Suspicious,Suspicious,Suspicious,Good,Good,Good,True,True,True
G2500110,25,11,42.5845038,-72.5917921,42.578289,-72.558703,71372.0,Franklin,Massachusetts,G2500110,42.578289,-72.558703,2011,72518,42.75,-73.1333,31.512122095740988,True,6164.0,756.0,Good,Good,Good,Suspicious,Suspicious,Good,Good,Good,False,False,False
G2500130,25,13,42.1361975,-72.6356476,42.125927,-72.575325,463490.0,Hampden,Massachusetts,G2500130,42.125927,-72.575325,2011,KHFD0,41.7367,-72.6494,27.161182001141825,True,5383.0,1054.0,Good,Good,Good,Suspicious,Suspicious,Good,Good,Good,False,False,False
G2500150,25,15,42.3394593,-72.6636936,42.312537,-72.573322,158080.0,Hampshire,Massachusetts,G2500150,42.312537,-72.573322,2011,KHFD0,41.7367,-72.6494,39.97763299063846,True,5383.0,1054.0,Good,Good,Good,Suspicious,Suspicious,Good,Good,Good,False,False,False
G2500170,25,17,42.4817114,-71.3949166,42.448546,-71.255223,1503085.0,Middlesex,Massachusetts,G2500170,42.448546,-71.255223,2011,74490,42.4667,-71.3,2.6044669403639937,True,6041.0,679.0,Good,Good,Good,Suspicious,Suspicious,Good,Good,Good,False,False,False
G2500190,25,19,41.3058778,-70.1419099,41.267912,-70.09112,10172.0,Nantucket,Massachusetts,G2500190,41.267912,-70.09112,2011,74493,41.2531,-70.0603,1.8999407698527235,True,5174.0,342.0,Good,Good,Good,Good,Suspicious,Good,Good,Good,False,False,False
G2500210,25,21,42.17175,-71.1811147,42.202695,-71.14756,670850.0,Norfolk,Massachusetts,G2500210,42.202695,-71.14756,2011,72509,42.3667,-71.0167,13.158621372257114,True,5250.0,925.0,Good,Good,Good,Suspicious,Suspicious,Good,Good,Good,False,False,False
G2500230,25,23,41.9871959,-70.7419417,42.023962,-70.853689,494919.0,Plymouth,Massachusetts,G2500230,42.023962,-70.853689,2011,KTAN0,41.8744,-71.0166,13.299205731995434,True,5719.0,630.0,Good,Good,Good,Suspicious,Suspicious,Good,Good,Good,False,True,True
G2500250,25,25,42.33196,-71.0201725,42.334806,-71.078632,722023.0,Suffolk,Massachusetts,G2500250,42.334806,-71.078632,2011,72509,42.3667,-71.0167,3.854459006387575,True,5250.0,925.0,Good,Good,Good,Suspicious,Suspicious,Good,Good,Good,False,False,False
G2500270,25,27,42.3116934,-71.940282,42.303704,-71.805321,798552.0,Worcester,Massachusetts,G2500270,42.303704,-71.805321,2011,74490,42.4667,-71.3,28.140470966944832,True,6041.0,679.0,Good,Good,Good,Suspicious,Suspicious,Good,Good,Good,False,False,False
G2600010,26,1,44.6825347,-82.8340798,44.665115,-83.467594,10942.0,Alcona,Michigan,G2600010,44.665115,-83.467594,2011,KMBS0,43.5329,-84.0796,83.91496256333781,True,6732.0,732.0,Good,Good,Good,Suspicious,Suspicious,Good,Good,Good,False,True,True
G2600030,26,3,47.0800765,-86.5641076,46.388671,-86.70041,9601.0,Alger,Michigan,G2600030,46.388671,-86.70041,2011,71433,47.33,-85.83,76.9483459889793,True,8942.0,3.0,Good,Good,Good,Suspicious,Suspicious,Good,Good,Good,False,False,False
G2600050,26,5,42.5957875,-86.6347446,42.603137,-85.874288,111408.0,Allegan,Michigan,G2600050,42.603137,-85.874288,2011,KBIV0,42.7428,-86.1078,15.291612243388586,True,6117.0,854.0,Good,Good,Good,Suspicious,Suspicious,Good,Good,Good,False,True,True
G2600070,26,7,44.894954,-83.4265739,45.050953,-83.504463,29598.0,Alpena,Michigan,G2600070,45.050953,-83.504463,2011,KPLN0,45.5709,-84.7967,72.33975257291651,True,7936.0,341.0,Good,Good,Good,Suspicious,Suspicious,Good,Good,Good,False,False,False
G2600090,26,9,45.0054553,-85.175639,44.978647,-85.198692,23580.0,Antrim,Michigan,G2600090,44.978647,-85.198692,2011,KTVC0,44.7416,-85.5824,24.92785198962753,True,7043.0,649.0,Good,Good,Good,Suspicious,Suspicious,Good,Good,Good,False,False,False
G2600110,26,11,44.0368327,-83.7406755,44.044496,-83.88273,15899.0,Arenac,Michigan,G2600110,44.044496,-83.88273,2011,KMBS0,43.5329,-84.0796,36.68639638283072,True,6732.0,732.0,Good,Good,Good,Suspicious,Suspicious,Good,Good,Good,False,True,True
G2600130,26,13,46.6958592,-88.3618101,46.765021,-88.45426,8860.0,Baraga,Michigan,G2600130,46.765021,-88.45426,2011,KRHI0,45.6309,-89.4666,92.10814406472556,True,8626.0,366.0,Good,Good,Good,Suspicious,Suspicious,Good,Good,Good,True,True,True
G2600150,26,15,42.5828109,-85.3145503,42.614153,-85.341744,59173.0,Barry,Michigan,G2600150,42.614153,-85.341744,2011,72635,42.8833,-85.5167,20.606291169179467,True,6357.0,855.0,Good,Good,Good,Suspicious,Suspicious,Good,Good,Good,False,False,False
G2600170,26,17,43.6997112,-83.9787007,43.630574,-83.928385,107771.0,Bay,Michigan,G2600170,43.630574,-83.928385,2011,KMBS0,43.5329,-84.0796,10.14024262314576,True,6732.0,732.0,Good,Good,Good,Suspicious,Suspicious,Good,Good,Good,False,True,True
G2600190,26,19,44.6486213,-86.4943167,44.650382,-86.016123,17525.0,Benzie,Michigan,G2600190,44.650382,-86.016123,2011,KTVC0,44.7416,-85.5824,22.2150124605888,True,7043.0,649.0,Good,Good,Good,Suspicious,Suspicious,Good,Good,Good,False,False,False
G2600210,26,21,41.7926389,-86.7418216,41.987514,-86.407539,156813.0,Berrien,Michigan,G2600210,41.987514,-86.407539,2011,72535,41.7,-86.3167,20.408127948650424,True,6123.0,933.0,Good,Good,Good,Suspicious,Suspicious,Good,Good,Good,False,False,False
G2600230,26,23,41.9184551,-85.0668852,41.929764,-85.031761,45248.0,Branch,Michigan,G2600230,41.929764,-85.031761,2011,KBTL0,42.3073,-85.2515,28.41238292233414,True,6509.0,793.0,Good,Good,Good,Good,Suspicious,Good,Good,Good,False,False,False
G2600250,26,25,42.2429896,-85.0123853,42.289509,-85.101835,136146.0,Calhoun,Michigan,G2600250,42.289509,-85.101835,2011,KBTL0,42.3073,-85.2515,7.746754584184758,True,6509.0,793.0,Good,Good,Good,Good,Suspicious,Good,Good,Good,False,False,False
G2600270,26,27,41.9169658,-86.0002567,41.891974,-86.040589,52293.0,Cass,Michigan,G2600270,41.891974,-86.040589,2011,72535,41.7,-86.3167,19.447873272657255,True,6123.0,933.0,Good,Good,Good,Suspicious,Suspicious,Good,Good,Good,False,False,False
G2600290,26,29,45.5131638,-85.450392,45.247029,-85.115158,25949.0,Charlevoix,Michigan,G2600290,45.247029,-85.115158,2011,KPLN0,45.5709,-84.7967,27.19115184082797,True,7936.0,341.0,Good,Good,Good,Suspicious,Suspicious,Good,Good,Good,False,False,False
G2600310,26,31,45.4761203,-84.4952706,45.512741,-84.518691,26152.0,Cheboygan,Michigan,G2600310,45.512741,-84.518691,2011,KPLN0,45.5709,-84.7967,14.04075130637272,True,7936.0,341.0,Good,Good,Good,Suspicious,Suspicious,Good,Good,Good,False,False,False
G2600330,26,33,46.3218192,-84.5206297,46.367641,-84.395364,38520.0,Chippewa,Michigan,G2600330,46.367641,-84.395364,2011,71260,46.49,-84.51,10.063657183037591,True,8435.0,194.0,Good,Good,Good,Good,Suspicious,Good,Good,Good,False,False,False
G2600350,26,35,43.9911368,-84.8383253,43.945731,-84.826409,30926.0,Clare,Michigan,G2600350,43.945731,-84.826409,2011,KMBS0,43.5329,-84.0796,46.94035828182023,True,6732.0,732.0,Good,Good,Good,Suspicious,Suspicious,Good,Good,Good,False,True,True
G2600370,26,37,42.950455,-84.5916949,42.891278,-84.55503,75382.0,Clinton,Michigan,G2600370,42.891278,-84.55503,2011,72539,42.7833,-84.5833,7.596802356649625,True,6664.0,757.0,Good,Good,Good,Suspicious,Suspicious,Good,Good,Good,False,False,False
G2600390,26,39,44.6802083,-84.6111321,44.655061,-84.666533,14074.0,Crawford,Michigan,G2600390,44.655061,-84.666533,2011,KTVC0,44.7416,-85.5824,45.37630098797906,True,7043.0,649.0,Good,Good,Good,Suspicious,Suspicious,Good,Good,Good,False,False,False
G2600410,26,41,45.8052288,-86.9019375,45.802381,-87.066378,37069.0,Delta,Michigan,G2600410,45.802381,-87.066378,2011,KTVC0,44.7416,-85.5824,102.84789517608654,True,7043.0,649.0,Good,Good,Good,Suspicious,Suspicious,Good,Good,Good,False,False,False
G2600430,26,43,46.0128231,-87.8661191,45.833651,-88.01381,26168.0,Dickinson,Michigan,G2600430,45.833651,-88.01381,2011,KRHI0,45.6309,-89.4666,71.45072121923474,True,8626.0,366.0,Good,Good,Good,Suspicious,Suspicious,Good,Good,Good,True,True,True
G2600450,26,45,42.5896144,-84.8465237,42.64387,-84.740485,107759.0,Eaton,Michigan,G2600450,42.64387,-84.740485,2011,72539,42.7833,-84.5833,12.50935396537762,True,6664.0,757.0,Good,Good,Good,Suspicious,Suspicious,Good,Good,Good,False,False,False
G2600470,26,47,45.5900944,-84.9868217,45.433951,-84.908934,32694.0,Emmet,Michigan,G2600470,45.433951,-84.908934,2011,KPLN0,45.5709,-84.7967,10.91210511670429,True,7936.0,341.0,Good,Good,Good,Suspicious,Suspicious,Good,Good,Good,False,False,False
G2600490,26,49,43.0210768,-83.7063718,43.006414,-83.694732,425790.0,Genesee,Michigan,G2600490,43.006414,-83.694732,2011,KPTK0,42.6656,-83.4205,27.3414822346157,True,6650.0,813.0,Good,Good,Good,Suspicious,Suspicious,Good,Good,Good,False,False,False
G2600510,26,51,43.9897504,-84.3898162,43.967071,-84.437377,25692.0,Gladwin,Michigan,G2600510,43.967071,-84.437377,2011,KMBS0,43.5329,-84.0796,34.91072808563068,True,6732.0,732.0,Good,Good,Good,Suspicious,Suspicious,Good,Good,Good,False,True,True
G2600530,26,53,46.4880535,-89.788314,46.435975,-89.978538,16427.0,Gogebic,Michigan,G2600530,46.435975,-89.978538,2011,KASX0,46.5485,-90.919,45.40568961973614,True,8483.0,359.0,Good,Good,Good,Suspicious,Suspicious,Good,Good,Good,False,False,False
G2600550,26,55,44.7186875,-85.5538484,44.710656,-85.607171,86986.0,Grand Traverse,Michigan,G2600550,44.710656,-85.607171,2011,KTVC0,44.7416,-85.5824,2.459629659164383,True,7043.0,649.0,Good,Good,Good,Suspicious,Suspicious,Good,Good,Good,False,False,False
G2600570,26,57,43.2923259,-84.60469,43.343314,-84.629372,42476.0,Gratiot,Michigan,G2600570,43.343314,-84.629372,2011,KMBS0,43.5329,-84.0796,30.534366103423416,True,6732.0,732.0,Good,Good,Good,Suspicious,Suspicious,Good,Good,Good,False,True,True
G2600590,26,59,41.8644753,-84.6424093,41.917025,-84.603983,46688.0,Hillsdale,Michigan,G2600590,41.917025,-84.603983,2011,KJXN0,42.2604,-84.4604,24.840944265859655,True,6616.0,694.0,Good,Good,Good,Suspicious,Suspicious,Good,Good,Good,True,True,True
G2600610,26,61,46.998431,-88.6519079,47.12765,-88.54161,36628.0,Houghton,Michigan,G2600610,47.12765,-88.54161,2011,KRHI0,45.6309,-89.4666,112.41993244667356,True,8626.0,366.0,Good,Good,Good,Suspicious,Suspicious,Good,Good,Good,True,True,True
G2600630,26,63,43.907616,-82.8570449,43.833604,-83.061783,33118.0,Huron,Michigan,G2600630,43.833604,-83.061783,2011,KMBS0,43.5329,-84.0796,54.9361976860612,True,6732.0,732.0,Good,Good,Good,Suspicious,Suspicious,Good,Good,Good,False,True,True
G2600650,26,65,42.6035338,-84.3738107,42.68888,-84.487816,280895.0,Ingham,Michigan,G2600650,42.68888,-84.487816,2011,72539,42.7833,-84.5833,8.126500090645205,True,6664.0,757.0,Good,Good,Good,Suspicious,Suspicious,Good,Good,Good,False,False,False
G2600670,26,67,42.9446503,-85.073766,42.956879,-85.085925,63905.0,Ionia,Michigan,G2600670,42.956879,-85.085925,2011,72635,42.8833,-85.5167,22.38106467129632,True,6357.0,855.0,Good,Good,Good,Suspicious,Suspicious,Good,Good,Good,False,False,False
G2600690,26,69,44.329482,-82.8494466,44.356582,-83.53696,25887.0,Iosco,Michigan,G2600690,44.356582,-83.53696,2011,KMBS0,43.5329,-84.0796,62.98841390955875,True,6732.0,732.0,Good,Good,Good,Suspicious,Suspicious,Good,Good,Good,False,True,True
G2600710,26,71,46.1702542,-88.5405261,46.098021,-88.534279,11817.0,Iron,Michigan,G2600710,46.098021,-88.534279,2011,KRHI0,45.6309,-89.4666,55.26108640334031,True,8626.0,366.0,Good,Good,Good,Suspicious,Suspicious,Good,Good,Good,True,True,True
G2600730,26,73,43.6452331,-84.8394245,43.607247,-84.799832,70311.0,Isabella,Michigan,G2600730,43.607247,-84.799832,2011,KMBS0,43.5329,-84.0796,36.41900924365447,True,6732.0,732.0,Good,Good,Good,Suspicious,Suspicious,Good,Good,Good,False,True,True
G2600750,26,75,42.2484738,-84.4208679,42.241313,-84.406366,160248.0,Jackson,Michigan,G2600750,42.241313,-84.406366,2011,KJXN0,42.2604,-84.4604,3.062030695059498,True,6616.0,694.0,Good,Good,Good,Suspicious,Suspicious,Good,Good,Good,True,True,True
G2600770,26,77,42.2462657,-85.5328544,42.26348,-85.584896,250331.0,Kalamazoo,Michigan,G2600770,42.26348,-85.584896,2011,KAZO0,42.2344,-85.5516,2.6338118723794657,True,6257.0,853.0,Good,Good,Good,Suspicious,Suspicious,Good,Good,Good,True,True,True
G2600790,26,79,44.6788808,-85.0889915,44.720698,-85.166074,17153.0,Kalkaska,Michigan,G2600790,44.720698,-85.166074,2011,KTVC0,44.7416,-85.5824,20.48632928888797,True,7043.0,649.0,Good,Good,Good,Suspicious,Suspicious,Good,Good,Good,False,False,False
G2600810,26,81,43.0324971,-85.547446,42.963793,-85.626605,602622.0,Kent,Michigan,G2600810,42.963793,-85.626605,2011,72635,42.8833,-85.5167,7.864520109476592,True,6357.0,855.0,Good,Good,Good,Suspicious,Suspicious,Good,Good,Good,False,False,False
G2600830,26,83,47.6819737,-88.1487965,47.333639,-88.30247,2156.0,Keweenaw,Michigan,G2600830,47.333639,-88.30247,2011,71433,47.33,-85.83,115.77644980205804,True,8942.0,3.0,Good,Good,Good,Suspicious,Suspicious,Good,Good,Good,False,False,False
G2600850,26,85,43.9951867,-85.8113997,43.95981,-85.798358,11539.0,Lake,Michigan,G2600850,43.95981,-85.798358,2011,KTVC0,44.7416,-85.5824,55.0601039499995,True,7043.0,649.0,Good,Good,Good,Suspicious,Suspicious,Good,Good,Good,False,False,False
G2600870,26,87,43.0886327,-83.2243247,43.059695,-83.250561,88319.0,Lapeer,Michigan,G2600870,43.059695,-83.250561,2011,KPTK0,42.6656,-83.4205,28.557072368590678,True,6650.0,813.0,Good,Good,Good,Suspicious,Suspicious,Good,Good,Good,False,False,False
G2600890,26,89,45.1461816,-86.051574,44.909768,-85.732585,21708.0,Leelanau,Michigan,G2600890,44.909768,-85.732585,2011,KTVC0,44.7416,-85.5824,13.754050654965155,True,7043.0,649.0,Good,Good,Good,Suspicious,Suspicious,Good,Good,Good,False,False,False
G2600910,26,91,41.8961086,-84.0743496,41.925187,-84.052388,99892.0,Lenawee,Michigan,G2600910,41.925187,-84.052388,2011,KADG0,41.8677,-84.0773,4.173492780369529,True,6427.0,858.0,Good,Good,Good,Suspicious,Suspicious,Good,Good,Good,False,True,True
G2600930,26,93,42.6025316,-83.9117183,42.573054,-83.857596,180967.0,Livingston,Michigan,G2600930,42.573054,-83.857596,2011,KPTK0,42.6656,-83.4205,23.12512022959736,True,6650.0,813.0,Good,Good,Good,Suspicious,Suspicious,Good,Good,Good,False,False,False
G2600950,26,95,46.9406018,-85.5823683,46.334456,-85.550951,6631.0,Luce,Michigan,G2600950,46.334456,-85.550951,2011,71260,46.49,-84.51,50.739016837492855,True,8435.0,194.0,Good,Good,Good,Good,Suspicious,Good,Good,Good,False,False,False
G2600970,26,97,46.1678678,-85.3037625,45.997905,-84.879992,11113.0,Mackinac,Michigan,G2600970,45.997905,-84.879992,2011,KPLN0,45.5709,-84.7967,29.77488620009915,True,7936.0,341.0,Good,Good,Good,Suspicious,Suspicious,Good,Good,Good,False,False,False
G2600990,26,99,42.6714669,-82.9108693,42.58689,-82.957388,840978.0,Macomb,Michigan,G2600990,42.58689,-82.957388,2011,KDET0,42.4092,-83.0099,12.565248667667891,True,6210.0,993.0,Good,Good,Good,Suspicious,Suspicious,Good,Good,Good,True,True,True
G2601010,26,101,44.3503854,-86.6029672,44.303916,-86.188019,24733.0,Manistee,Michigan,G2601010,44.303916,-86.188019,2011,KTVC0,44.7416,-85.5824,42.480019276729045,True,7043.0,649.0,Good,Good,Good,Suspicious,Suspicious,Good,Good,Good,False,False,False
G2601030,26,103,46.6566287,-87.583982,46.486961,-87.494598,67077.0,Marquette,Michigan,G2601030,46.486961,-87.494598,2011,71433,47.33,-85.83,97.80493774356655,True,8942.0,3.0,Good,Good,Good,Suspicious,Suspicious,Good,Good,Good,False,False,False
G2601050,26,105,43.9966363,-86.7508137,43.974937,-86.347842,28705.0,Mason,Michigan,G2601050,43.974937,-86.347842,2011,72636,43.1667,-86.2333,56.1373489610942,True,6285.0,751.0,Good,Good,Good,Suspicious,Suspicious,Good,Good,Good,False,False,False
G2601070,26,107,43.6352949,-85.3327509,43.653562,-85.388822,42798.0,Mecosta,Michigan,G2601070,43.653562,-85.388822,2011,72635,42.8833,-85.5167,53.6073811811765,True,6357.0,855.0,Good,Good,Good,Suspicious,Suspicious,Good,Good,Good,False,False,False
G2601090,26,109,45.5382374,-87.4929489,45.341048,-87.582124,24029.0,Menominee,Michigan,G2601090,45.341048,-87.582124,2011,72645,44.4833,-88.1333,65.11224984721025,True,7550.0,599.0,Good,Good,Good,Suspicious,Suspicious,Good,Good,Good,False,False,False
G2601110,26,111,43.6482031,-84.3794144,43.642775,-84.298064,83629.0,Midland,Michigan,G2601110,43.642775,-84.298064,2011,KMBS0,43.5329,-84.0796,13.310384269389749,True,6732.0,732.0,Good,Good,Good,Suspicious,Suspicious,Good,Good,Good,False,True,True
G2601130,26,113,44.325424,-85.0854708,44.305822,-85.179438,14849.0,Missaukee,Michigan,G2601130,44.305822,-85.179438,2011,KTVC0,44.7416,-85.5824,36.0637714809426,True,7043.0,649.0,Good,Good,Good,Suspicious,Suspicious,Good,Good,Good,False,False,False
G2601150,26,115,41.916097,-83.4871059,41.900249,-83.485782,152021.0,Monroe,Michigan,G2601150,41.900249,-83.485782,2011,KTDZ0,41.5649,-83.4822,23.171106075657733,True,5663.0,1365.0,Good,Good,Good,Suspicious,Suspicious,Good,Good,Good,True,True,True
G2601170,26,117,43.3127822,-85.1494679,43.288474,-85.180571,63342.0,Montcalm,Michigan,G2601170,43.288474,-85.180571,2011,72635,42.8833,-85.5167,32.73214562690972,True,6357.0,855.0,Good,Good,Good,Suspicious,Suspicious,Good,Good,Good,False,False,False
G2601190,26,119,45.0241337,-84.1301067,44.999428,-84.123031,9765.0,Montmorency,Michigan,G2601190,44.999428,-84.123031,2011,KPLN0,45.5709,-84.7967,51.2981197046264,True,7936.0,341.0,Good,Good,Good,Suspicious,Suspicious,Good,Good,Good,False,False,False
G2601210,26,121,43.2892579,-86.751892,43.244173,-86.215441,172188.0,Muskegon,Michigan,G2601210,43.244173,-86.215441,2011,72636,43.1667,-86.2333,5.427902625980479,True,6285.0,751.0,Good,Good,Good,Suspicious,Suspicious,Good,Good,Good,False,False,False
G2601230,26,123,43.5627086,-85.7914227,43.46692,-85.809843,48460.0,Newaygo,Michigan,G2601230,43.46692,-85.809843,2011,72636,43.1667,-86.2333,29.72246861979608,True,6285.0,751.0,Good,Good,Good,Suspicious,Suspicious,Good,Good,Good,False,False,False
G2601250,26,125,42.6604518,-83.3842103,42.587535,-83.310386,1202362.0,Oakland,Michigan,G2601250,42.587535,-83.310386,2011,KPTK0,42.6656,-83.4205,7.773651915059617,True,6650.0,813.0,Good,Good,Good,Suspicious,Suspicious,Good,Good,Good,False,False,False
G2601270,26,127,43.6472546,-86.8075751,43.632703,-86.304176,26570.0,Oceana,Michigan,G2601270,43.632703,-86.304176,2011,72636,43.1667,-86.2333,32.39368441673949,True,6285.0,751.0,Good,Good,Good,Suspicious,Suspicious,Good,Good,Good,False,False,False
G2601290,26,129,44.3332801,-84.1280728,44.287569,-84.123289,21699.0,Ogemaw,Michigan,G2601290,44.287569,-84.123289,2011,KMBS0,43.5329,-84.0796,52.187901169234806,True,6732.0,732.0,Good,Good,Good,Suspicious,Suspicious,Good,Good,Good,False,True,True
G2601310,26,131,47.2166041,-89.5004614,46.720246,-89.2851,6780.0,Ontonagon,Michigan,G2601310,46.720246,-89.2851,2011,KRHI0,45.6309,-89.4666,75.7657163739433,True,8626.0,366.0,Good,Good,Good,Suspicious,Suspicious,Good,Good,Good,True,True,True
G2601330,26,133,43.9975523,-85.3222825,43.965561,-85.351195,23528.0,Osceola,Michigan,G2601330,43.965561,-85.351195,2011,KTVC0,44.7416,-85.5824,54.82220792967147,True,7043.0,649.0,Good,Good,Good,Suspicious,Suspicious,Good,Good,Good,False,False,False
G2601350,26,135,44.687257,-84.126905,44.696783,-84.147141,8640.0,Oscoda,Michigan,G2601350,44.696783,-84.147141,2011,KPLN0,45.5709,-84.7967,68.19060366594486,True,7936.0,341.0,Good,Good,Good,Suspicious,Suspicious,Good,Good,Good,False,False,False
G2601370,26,137,45.0217871,-84.5766031,45.006777,-84.666879,24164.0,Otsego,Michigan,G2601370,45.006777,-84.666879,2011,KPLN0,45.5709,-84.7967,39.48464748642524,True,7936.0,341.0,Good,Good,Good,Suspicious,Suspicious,Good,Good,Good,False,False,False
G2601390,26,139,42.9423461,-86.6553423,42.909362,-86.021326,263801.0,Ottawa,Michigan,G2601390,42.909362,-86.021326,2011,KBIV0,42.7428,-86.1078,12.314360140941371,True,6117.0,854.0,Good,Good,Good,Suspicious,Suspicious,Good,Good,Good,False,True,True
G2601410,26,141,45.4895147,-83.3840186,45.356834,-83.873629,13376.0,Presque Isle,Michigan,G2601410,45.356834,-83.873629,2011,KPLN0,45.5709,-84.7967,47.11280255333456,True,7936.0,341.0,Good,Good,Good,Suspicious,Suspicious,Good,Good,Good,False,False,False
G2601430,26,143,44.3395168,-84.6112715,44.364864,-84.649836,24449.0,Roscommon,Michigan,G2601430,44.364864,-84.649836,2011,KTVC0,44.7416,-85.5824,52.78013330220527,True,7043.0,649.0,Good,Good,Good,Suspicious,Suspicious,Good,Good,Good,False,False,False
G2601450,26,145,43.3282667,-84.05541,43.3982,-83.993736,200169.0,Saginaw,Michigan,G2601450,43.3982,-83.993736,2011,KMBS0,43.5329,-84.0796,10.254654194677338,True,6732.0,732.0,Good,Good,Good,Suspicious,Suspicious,Good,Good,Good,False,True,True
G2601470,26,147,42.9288035,-82.6689135,42.911355,-82.564383,163040.0,St. Clair,Michigan,G2601470,42.911355,-82.564383,2011,KDET0,42.4092,-83.0099,41.42695065347946,True,6210.0,993.0,Good,Good,Good,Suspicious,Suspicious,Good,Good,Good,True,True,True
G2601490,26,149,41.9114878,-85.5228703,41.888048,-85.52719,61295.0,St. Joseph,Michigan,G2601490,41.888048,-85.52719,2011,KAZO0,42.2344,-85.5516,23.963340127681253,True,6257.0,853.0,Good,Good,Good,Suspicious,Suspicious,Good,Good,Good,True,True,True
G2601510,26,151,43.4491547,-82.6428148,43.364275,-82.779371,43114.0,Sanilac,Michigan,G2601510,43.364275,-82.779371,2011,KPTK0,42.6656,-83.4205,58.132426255488745,True,6650.0,813.0,Good,Good,Good,Suspicious,Suspicious,Good,Good,Good,False,False,False
G2601530,26,153,46.0211217,-86.197029,46.004789,-86.227647,8485.0,Schoolcraft,Michigan,G2601530,46.004789,-86.227647,2011,KPLN0,45.5709,-84.7967,75.17738176049133,True,7936.0,341.0,Good,Good,Good,Suspicious,Suspicious,Good,Good,Good,False,False,False
G2601550,26,155,42.9515446,-84.1463518,42.942805,-84.147237,70648.0,Shiawassee,Michigan,G2601550,42.942805,-84.147237,2011,72539,42.7833,-84.5833,24.681138509661533,True,6664.0,757.0,Good,Good,Good,Suspicious,Suspicious,Good,Good,Good,False,False,False
G2601570,26,157,43.4879024,-83.4366179,43.429727,-83.435718,55729.0,Tuscola,Michigan,G2601570,43.429727,-83.435718,2011,KMBS0,43.5329,-84.0796,33.05803913843735,True,6732.0,732.0,Good,Good,Good,Suspicious,Suspicious,Good,Good,Good,False,True,True
G2601590,26,159,42.2821497,-86.3060762,42.260692,-86.00994,76258.0,Van Buren,Michigan,G2601590,42.260692,-86.00994,2011,KAZO0,42.2344,-85.5516,23.512557886403066,True,6257.0,853.0,Good,Good,Good,Suspicious,Suspicious,Good,Good,Good,True,True,True
G2601610,26,161,42.2523272,-83.8446336,42.256943,-83.727147,344791.0,Washtenaw,Michigan,G2601610,42.256943,-83.727147,2011,KARB0,42.223,-83.7456,2.5280610958152803,True,6562.0,738.0,Good,Good,Good,Suspicious,Suspicious,Good,Good,Good,False,True,True
G2601630,26,163,42.2846636,-83.2619533,42.33261,-83.217933,1820584.0,Wayne,Michigan,G2601630,42.33261,-83.217933,2011,KDET0,42.4092,-83.0099,11.86473844634918,True,6210.0,993.0,Good,Good,Good,Suspicious,Suspicious,Good,Good,Good,True,True,True
G2601650,26,165,44.3313751,-85.5700462,44.307684,-85.485562,32735.0,Wexford,Michigan,G2601650,44.307684,-85.485562,2011,KTVC0,44.7416,-85.5824,30.357807971859017,True,7043.0,649.0,Good,Good,Good,Suspicious,Suspicious,Good,Good,Good,False,False,False
G2700010,27,1,46.6024464,-93.41976,46.570765,-93.524368,16202.0,Aitkin,Minnesota,G2700010,46.570765,-93.524368,2011,KBRD0,46.4017,-94.1356,31.33645899335336,True,8409.0,553.0,Good,Good,Good,Suspicious,Suspicious,Good,Good,Good,False,False,False
G2700030,27,3,45.2741098,-93.2427232,45.195145,-93.270245,330844.0,Anoka,Minnesota,G2700030,45.195145,-93.270245,2011,KMIC0,45.062,-93.3539,10.06273685004321,True,7473.0,901.0,Good,Good,Good,Good,Suspicious,Good,Good,Good,False,False,False
G2700050,27,5,46.9376289,-95.7417568,46.849159,-95.776251,32504.0,Becker,Minnesota,G2700050,46.849159,-95.776251,2011,72753,46.9333,-96.8167,49.46966743271014,True,8610.0,693.0,Good,Good,Good,Suspicious,Suspicious,Good,Good,Good,False,False,False
G2700070,27,7,47.8795077,-95.00505,47.591009,-94.863032,44442.0,Beltrami,Minnesota,G2700070,47.591009,-94.863032,2011,KBDE0,48.7284,-94.6122,79.43174746575211,True,9353.0,324.0,Good,Good,Good,Suspicious,Suspicious,Good,Good,Good,True,True,True
G2700090,27,9,45.7012247,-94.0014387,45.633538,-94.102484,38451.0,Benton,Minnesota,G2700090,45.633538,-94.102484,2011,KBRD0,46.4017,-94.1356,53.09862734753123,True,8409,553,Good,Good,Good,Suspicious,Suspicious,Good,Good,Good,False,False,False
G2700110,27,11,45.4199252,-96.4022263,45.400021,-96.443222,5269.0,Big Stone,Minnesota,G2700110,45.400021,-96.443222,2011,72753,46.9333,-96.8167,107.43577246819618,True,8610,693,Good,Good,Good,Suspicious,Suspicious,Good,Good,Good,False,False,False
G2700130,27,13,44.0337104,-94.0640122,44.129816,-93.998839,64013.0,Blue Earth,Minnesota,G2700130,44.129816,-93.998839,2011,KMIC0,45.062,-93.3539,71.79902324091533,True,7473,901,Good,Good,Good,Good,Suspicious,Good,Good,Good,False,False,False
G2700150,27,15,44.2465415,-94.7336472,44.284244,-94.599226,25893.0,Brown,Minnesota,G2700150,44.284244,-94.599226,2011,KMIC0,45.062,-93.3539,81.43365167427044,True,7473,901,Good,Good,Good,Good,Suspicious,Good,Good,Good,False,False,False
G2700170,27,17,46.6038184,-92.6710435,46.642726,-92.536239,35386.0,Carlton,Minnesota,G2700170,46.642726,-92.536239,2011,KASX0,46.5485,-90.919,77.05577663987408,True,8483,359,Good,Good,Good,Suspicious,Suspicious,Good,Good,Good,False,False,False
G2700190,27,19,44.8213196,-93.8000913,44.83804,-93.679956,91042.0,Carver,Minnesota,G2700190,44.83804,-93.679956,2011,KMIC0,45.062,-93.3539,22.218276438322217,True,7473,901,Good,Good,Good,Good,Suspicious,Good,Good,Good,False,False,False
G2700210,27,21,46.9517447,-94.3337048,46.814565,-94.415763,28567.0,Cass,Minnesota,G2700210,46.814565,-94.415763,2011,KBRD0,46.4017,-94.1356,31.47353893611311,True,8409,553,Good,Good,Good,Suspicious,Suspicious,Good,Good,Good,False,False,False
G2700230,27,23,45.0286254,-95.5641082,44.960561,-95.620749,12441.0,Chippewa,Minnesota,G2700230,44.960561,-95.620749,2011,72651,43.5833,-96.75,110.34446621643362,True,7642,822,Good,Good,Good,Suspicious,Suspicious,Good,Good,Good,False,False,False
G2700250,27,25,45.5054439,-92.9038486,45.453007,-92.924051,53887.0,Chisago,Minnesota,G2700250,45.453007,-92.924051,2011,KMIC0,45.062,-93.3539,34.160297656924484,True,7473,901,Good,Good,Good,Good,Suspicious,Good,Good,Good,False,False,False
G2700270,27,27,46.8983772,-96.4949007,46.857998,-96.672421,58999.0,Clay,Minnesota,G2700270,46.857998,-96.672421,2011,72753,46.9333,-96.8167,8.571575325216509,True,8610,693,Good,Good,Good,Suspicious,Suspicious,Good,Good,Good,False,False,False
G2700290,27,29,47.5758729,-95.371117,47.561894,-95.388249,8695.0,Clearwater,Minnesota,G2700290,47.561894,-95.388249,2011,72753,46.9333,-96.8167,79.84197549585599,True,8610,693,Good,Good,Good,Suspicious,Suspicious,Good,Good,Good,False,False,False
G2700310,27,31,47.5385711,-90.2901903,47.783499,-90.337909,5176.0,Cook,Minnesota,G2700310,47.783499,-90.337909,2011,KASX0,46.5485,-90.919,89.58913543420746,True,8483,359,Good,Good,Good,Suspicious,Suspicious,Good,Good,Good,False,False,False
G2700330,27,33,44.0107107,-95.1831303,43.94151,-95.119501,11687.0,Cottonwood,Minnesota,G2700330,43.94151,-95.119501,2011,KSPW0,43.1655,-95.2028,53.77908527098327,True,7589,865,Good,Good,Good,Suspicious,Suspicious,Good,Good,Good,False,False,False
G2700350,27,35,46.4916527,-94.0707183,46.430372,-94.158899,62500.0,Crow Wing,Minnesota,G2700350,46.430372,-94.158899,2011,KBRD0,46.4017,-94.1356,2.2707370980892825,True,8409,553,Good,Good,Good,Suspicious,Suspicious,Good,Good,Good,False,False,False
G2700370,27,37,44.6708929,-93.0624811,44.765954,-93.151767,398552.0,Dakota,Minnesota,G2700370,44.765954,-93.151767,2011,KMIC0,45.062,-93.3539,22.720380545809462,True,7473,901,Good,Good,Good,Good,Suspicious,Good,Good,Good,False,False,False
G2700390,27,39,44.0207056,-92.869353,44.02998,-92.808798,20087.0,Dodge,Minnesota,G2700390,44.02998,-92.808798,2011,72644,43.9,-92.5,17.790007533638917,True,7561,706,Good,Good,Good,Suspicious,Suspicious,Good,Good,Good,False,False,False
G2700410,27,41,45.9368293,-95.462156,45.909027,-95.39199,36009.0,Douglas,Minnesota,G2700410,45.909027,-95.39199,2011,KBRD0,46.4017,-94.1356,69.09768962768688,True,8409,553,Good,Good,Good,Suspicious,Suspicious,Good,Good,Good,False,False,False
G2700430,27,43,43.6765219,-93.9472338,43.680245,-93.957933,14553.0,Faribault,Minnesota,G2700430,43.680245,-93.957933,2011,KMCW0,43.1578,-93.3313,47.87455389850281,True,7544,783,Good,Good,Good,Suspicious,Suspicious,Good,Good,Good,False,False,False
G2700450,27,45,43.6791876,-92.0939452,43.692687,-92.082719,20866.0,Fillmore,Minnesota,G2700450,43.692687,-92.082719,2011,72644,43.9,-92.5,25.26366179912478,True,7561,706,Good,Good,Good,Suspicious,Suspicious,Good,Good,Good,False,False,False
G2700470,27,47,43.6742019,-93.3502887,43.662563,-93.361794,31255.0,Freeborn,Minnesota,G2700470,43.662563,-93.361794,2011,KMCW0,43.1578,-93.3313,34.909312095076125,True,7544,783,Good,Good,Good,Suspicious,Suspicious,Good,Good,Good,False,False,False
G2700490,27,49,44.4061779,-92.7160003,44.449072,-92.667524,46183.0,Goodhue,Minnesota,G2700490,44.449072,-92.667524,2011,72644,43.9,-92.5,38.834864647156344,True,7561,706,Good,Good,Good,Suspicious,Suspicious,Good,Good,Good,False,False,False
G2700510,27,51,45.9307426,-96.0106987,45.943212,-95.936611,6018.0,Grant,Minnesota,G2700510,45.943212,-95.936611,2011,72753,46.9333,-96.8167,80.2218850459786,True,8610,693,Good,Good,Good,Suspicious,Suspicious,Good,Good,Good,False,False,False
G2700530,27,53,45.0061221,-93.4752245,44.974633,-93.36119,1152425.0,Hennepin,Minnesota,G2700530,44.974633,-93.36119,2011,KMIC0,45.062,-93.3539,6.046965857371885,True,7473,901,Good,Good,Good,Good,Suspicious,Good,Good,Good,False,False,False
G2700550,27,55,43.6669899,-91.5015556,43.718927,-91.440063,19027.0,Houston,Minnesota,G2700550,43.718927,-91.440063,2011,72644,43.9,-92.5,54.30963776063128,True,7561,706,Good,Good,Good,Suspicious,Suspicious,Good,Good,Good,False,False,False
G2700570,27,57,47.0955506,-94.9132898,47.057887,-94.934153,20428.0,Hubbard,Minnesota,G2700570,47.057887,-94.934153,2011,KBRD0,46.4017,-94.1356,59.04011382386537,True,8409,553,Good,Good,Good,Suspicious,Suspicious,Good,Good,Good,False,False,False
G2700590,27,59,45.5624313,-93.2963388,45.544297,-93.261468,37816.0,Isanti,Minnesota,G2700590,45.544297,-93.261468,2011,KMIC0,45.062,-93.3539,33.624873805354866,True,7473,901,Good,Good,Good,Good,Suspicious,Good,Good,Good,False,False,False
G2700610,27,61,47.4908166,-93.6111022,47.315978,-93.520532,45058.0,Itasca,Minnesota,G2700610,47.315978,-93.520532,2011,KBRD0,46.4017,-94.1356,69.53328025757567,True,8409,553,Good,Good,Good,Suspicious,Suspicious,Good,Good,Good,False,False,False
G2700630,27,63,43.671111,-95.1497314,43.665988,-95.112558,10266.0,Jackson,Minnesota,G2700630,43.665988,-95.112558,2011,KSPW0,43.1655,-95.2028,34.87569626835076,True,7589,865,Good,Good,Good,Suspicious,Suspicious,Good,Good,Good,False,False,False
G2700650,27,65,45.9477598,-93.2977883,45.886315,-93.299412,16239.0,Kanabec,Minnesota,G2700650,45.886315,-93.299412,2011,KBRD0,46.4017,-94.1356,53.57547255502334,True,8409,553,Good,Good,Good,Suspicious,Suspicious,Good,Good,Good,False,False,False
G2700670,27,67,45.1527137,-95.0049812,45.15505,-95.016796,42239.0,Kandiyohi,Minnesota,G2700670,45.15505,-95.016796,2011,KMIC0,45.062,-93.3539,81.3419951928651,True,7473,901,Good,Good,Good,Good,Suspicious,Good,Good,Good,False,False,False
G2700690,27,69,48.7760403,-96.7803493,48.729536,-96.781108,4552.0,Kittson,Minnesota,G2700690,48.729536,-96.781108,2011,KBDE0,48.7284,-94.6122,98.84564547226451,True,9353,324,Good,Good,Good,Suspicious,Suspicious,Good,Good,Good,True,True,True
G2700710,27,71,48.2454895,-93.7828417,48.509405,-93.485728,13311.0,Koochiching,Minnesota,G2700710,48.509405,-93.485728,2011,KBDE0,48.7284,-94.6122,53.62991760403198,True,9353,324,Good,Good,Good,Suspicious,Suspicious,Good,Good,Good,True,True,True
G2700730,27,73,44.999855,-96.1768363,44.982243,-96.133339,7259.0,Lac qui Parle,Minnesota,G2700730,44.982243,-96.133339,2011,72651,43.5833,-96.75,101.35538693616473,True,7642,822,Good,Good,Good,Suspicious,Suspicious,Good,Good,Good,False,False,False
G2700750,27,75,47.5171114,-91.4117038,47.180205,-91.55743,10866.0,Lake,Minnesota,G2700750,47.180205,-91.55743,2011,KASX0,46.5485,-90.919,53.05289209276433,True,8483,359,Good,Good,Good,Suspicious,Suspicious,Good,Good,Good,False,False,False
G2700770,27,77,48.7681003,-94.9046335,48.765863,-94.745194,4045.0,Lake of the Woods,Minnesota,G2700770,48.765863,-94.745194,2011,KBDE0,48.7284,-94.6122,6.5888057088406065,True,9353,324,Good,Good,Good,Suspicious,Suspicious,Good,Good,Good,True,True,True
G2700790,27,79,44.3733973,-93.7301797,44.39373,-93.717527,27703.0,Le Sueur,Minnesota,G2700790,44.39373,-93.717527,2011,KMIC0,45.062,-93.3539,49.502928869956456,True,7473,901,Good,Good,Good,Good,Suspicious,Good,Good,Good,False,False,False
G2700810,27,81,44.4082382,-96.2720323,44.375241,-96.253532,5896.0,Lincoln,Minnesota,G2700810,44.375241,-96.253532,2011,72651,43.5833,-96.75,60.02744208027126,True,7642,822,Good,Good,Good,Suspicious,Suspicious,Good,Good,Good,False,False,False
G2700830,27,83,44.4091953,-95.8472678,44.428427,-95.795395,25857.0,Lyon,Minnesota,G2700830,44.428427,-95.795395,2011,72651,43.5833,-96.75,75.23386669383821,True,7642,822,Good,Good,Good,Suspicious,Suspicious,Good,Good,Good,False,False,False
G2700850,27,85,44.8216437,-94.2723203,44.859713,-94.264668,36651.0,McLeod,Minnesota,G2700850,44.859713,-94.264668,2011,KMIC0,45.062,-93.3539,46.668923692977266,True,7473,901,Good,Good,Good,Good,Suspicious,Good,Good,Good,False,False,False
G2700870,27,87,47.3283866,-95.8110885,47.296073,-95.840755,5413.0,Mahnomen,Minnesota,G2700870,47.296073,-95.840755,2011,72753,46.9333,-96.8167,52.28789332883763,True,8610,693,Good,Good,Good,Suspicious,Suspicious,Good,Good,Good,False,False,False
G2700890,27,89,48.3627284,-96.357761,48.310109,-96.532098,9439.0,Marshall,Minnesota,G2700890,48.310109,-96.532098,2011,KBDE0,48.7284,-94.6122,92.49259880925875,True,9353,324,Good,Good,Good,Suspicious,Suspicious,Good,Good,Good,True,True,True
G2700910,27,91,43.677118,-94.5371975,43.665285,-94.511487,20840.0,Martin,Minnesota,G2700910,43.665285,-94.511487,2011,KSPW0,43.1655,-95.2028,48.951289772883506,True,7589,865,Good,Good,Good,Suspicious,Suspicious,Good,Good,Good,False,False,False
G2700930,27,93,45.1231555,-94.527346,45.136368,-94.482983,23300.0,Meeker,Minnesota,G2700930,45.136368,-94.482983,2011,KMIC0,45.062,-93.3539,55.30604062858822,True,7473,901,Good,Good,Good,Good,Suspicious,Good,Good,Good,False,False,False
G2700950,27,95,45.9290434,-93.6329964,45.794231,-93.624487,26097.0,Mille Lacs,Minnesota,G2700950,45.794231,-93.624487,2011,KBRD0,46.4017,-94.1356,48.593105950435934,True,8409,553,Good,Good,Good,Suspicious,Suspicious,Good,Good,Good,False,False,False
G2700970,27,97,46.0204839,-94.2666194,45.983428,-94.327628,33198.0,Morrison,Minnesota,G2700970,45.983428,-94.327628,2011,KBRD0,46.4017,-94.1356,30.324105534412954,True,8409,553,Good,Good,Good,Suspicious,Suspicious,Good,Good,Good,False,False,False
G2700990,27,99,43.6662486,-92.7595136,43.665099,-92.898185,39163.0,Mower,Minnesota,G2700990,43.665099,-92.898185,2011,72644,43.9,-92.5,25.65041748793961,True,7561,706,Good,Good,Good,Suspicious,Suspicious,Good,Good,Good,False,False,False
G2701010,27,101,44.0155937,-95.7615809,43.98645,-95.74103,8725.0,Murray,Minnesota,G2701010,43.98645,-95.74103,2011,72651,43.5833,-96.75,57.522363546673894,True,7642,822,Good,Good,Good,Suspicious,Suspicious,Good,Good,Good,False,False,False
G2701030,27,103,44.3588195,-94.245685,44.265357,-94.06079,32727.0,Nicollet,Minnesota,G2701030,44.265357,-94.06079,2011,KMIC0,45.062,-93.3539,65.08729605598182,True,7473,901,Good,Good,Good,Good,Suspicious,Good,Good,Good,False,False,False
G2701050,27,105,43.6776863,-95.7631323,43.636327,-95.667405,21378.0,Nobles,Minnesota,G2701050,43.636327,-95.667405,2011,KSPW0,43.1655,-95.2028,40.02796497044889,True,7589,865,Good,Good,Good,Suspicious,Suspicious,Good,Good,Good,False,False,False
G2701070,27,107,47.3294703,-96.4638068,47.307989,-96.477907,6852.0,Norman,Minnesota,G2701070,47.307989,-96.477907,2011,72753,46.9333,-96.8167,30.396094816561746,True,8610,693,Good,Good,Good,Suspicious,Suspicious,Good,Good,Good,False,False,False
G2701090,27,109,44.0034295,-92.4067216,44.023967,-92.473176,144248.0,Olmsted,Minnesota,G2701090,44.023967,-92.473176,2011,72644,43.9,-92.5,8.668556211121059,True,7561,706,Good,Good,Good,Suspicious,Suspicious,Good,Good,Good,False,False,False
G2701110,27,111,46.405725,-95.7145779,46.405065,-95.793598,57303.0,Otter Tail,Minnesota,G2701110,46.405065,-95.793598,2011,72753,46.9333,-96.8167,60.70395398447814,True,8610,693,Good,Good,Good,Suspicious,Suspicious,Good,Good,Good,False,False,False
G2701130,27,113,48.069247,-96.0377254,48.102255,-96.148403,13930.0,Pennington,Minnesota,G2701130,48.102255,-96.148403,2011,KBDE0,48.7284,-94.6122,82.66960980007504,True,9353,324,Good,Good,Good,Suspicious,Suspicious,Good,Good,Good,True,True,True
G2701150,27,115,46.1009402,-92.7630936,46.03341,-92.892705,29750.0,Pine,Minnesota,G2701150,46.03341,-92.892705,2011,KBRD0,46.4017,-94.1356,64.63781466641066,True,8409,553,Good,Good,Good,Suspicious,Suspicious,Good,Good,Good,False,False,False
G2701170,27,117,44.0153614,-96.2570147,43.981472,-96.270609,9596.0,Pipestone,Minnesota,G2701170,43.981472,-96.270609,2011,72651,43.5833,-96.75,36.451487380677406,True,7642,822,Good,Good,Good,Suspicious,Suspicious,Good,Good,Good,False,False,False
G2701190,27,119,47.7742536,-96.4000265,47.780427,-96.550934,31600.0,Polk,Minnesota,G2701190,47.780427,-96.550934,2011,72753,46.9333,-96.8167,59.837954460867884,True,8610,693,Good,Good,Good,Suspicious,Suspicious,Good,Good,Good,False,False,False
G2701210,27,121,45.5896228,-95.4467052,45.629871,-95.43713,10995.0,Pope,Minnesota,G2701210,45.629871,-95.43713,2011,KBRD0,46.4017,-94.1356,82.11976356631843,True,8409,553,Good,Good,Good,Suspicious,Suspicious,Good,Good,Good,False,False,False
G2701230,27,123,45.0152499,-93.1001408,44.993146,-93.106321,508640.0,Ramsey,Minnesota,G2701230,44.993146,-93.106321,2011,KMIC0,45.062,-93.3539,12.992300238800688,True,7473,901,Good,Good,Good,Good,Suspicious,Good,Good,Good,False,False,False
G2701250,27,125,47.8654866,-96.08718,47.876104,-96.135646,4089.0,Red Lake,Minnesota,G2701250,47.876104,-96.135646,2011,72753,46.9333,-96.8167,72.50943729556474,True,8610,693,Good,Good,Good,Suspicious,Suspicious,Good,Good,Good,False,False,False
G2701270,27,127,44.4035357,-95.2542415,44.43888,-95.195158,16059.0,Redwood,Minnesota,G2701270,44.43888,-95.195158,2011,KSPW0,43.1655,-95.2028,87.98285505011373,True,7589,865,Good,Good,Good,Suspicious,Suspicious,Good,Good,Good,False,False,False
G2701290,27,129,44.7236969,-94.9556169,44.721974,-94.937875,15730.0,Renville,Minnesota,G2701290,44.721974,-94.937875,2011,KMIC0,45.062,-93.3539,81.012635558404,True,7473,901,Good,Good,Good,Good,Suspicious,Good,Good,Good,False,False,False
G2701310,27,131,44.3509428,-93.2985032,44.370592,-93.260361,64142.0,Rice,Minnesota,G2701310,44.370592,-93.260361,2011,KMIC0,45.062,-93.3539,47.991897059669974,True,7473,901,Good,Good,Good,Good,Suspicious,Good,Good,Good,False,False,False
G2701330,27,133,43.6695866,-96.2632376,43.648101,-96.238816,9687.0,Rock,Minnesota,G2701330,43.648101,-96.238816,2011,72651,43.5833,-96.75,25.959609643601766,True,7642,822,Good,Good,Good,Suspicious,Suspicious,Good,Good,Good,False,False,False
G2701350,27,135,48.7610683,-95.8215042,48.821304,-95.648394,15629.0,Roseau,Minnesota,G2701350,48.821304,-95.648394,2011,KBDE0,48.7284,-94.6122,47.6161599728481,True,9353,324,Good,Good,Good,Suspicious,Suspicious,Good,Good,Good,True,True,True
G2701370,27,137,47.578635,-92.51457,47.085203,-92.311226,200226.0,St. Louis,Minnesota,G2701370,47.085203,-92.311226,2011,KASX0,46.5485,-90.919,75.5528733202586,True,8483,359,Good,Good,Good,Suspicious,Suspicious,Good,Good,Good,False,False,False
G2701390,27,139,44.651805,-93.5337311,44.713131,-93.467891,129928.0,Scott,Minnesota,G2701390,44.713131,-93.467891,2011,KMIC0,45.062,-93.3539,24.741960620044875,True,7473,901,Good,Good,Good,Good,Suspicious,Good,Good,Good,False,False,False
G2701410,27,141,45.4531762,-93.76913,45.404646,-93.721897,88499.0,Sherburne,Minnesota,G2701410,45.404646,-93.721897,2011,KMIC0,45.062,-93.3539,29.683176408871926,True,7473,901,Good,Good,Good,Good,Suspicious,Good,Good,Good,False,False,False
G2701430,27,143,44.5757343,-94.2301232,44.582707,-94.168405,15226.0,Sibley,Minnesota,G2701430,44.582707,-94.168405,2011,KMIC0,45.062,-93.3539,51.8649786056029,True,7473,901,Good,Good,Good,Good,Suspicious,Good,Good,Good,False,False,False
G2701450,27,145,45.5552345,-94.6104822,45.55783,-94.360801,150642.0,Stearns,Minnesota,G2701450,45.55783,-94.360801,2011,KBRD0,46.4017,-94.1356,59.299822448931764,True,8409,553,Good,Good,Good,Suspicious,Suspicious,Good,Good,Good,False,False,False
G2701470,27,147,44.0152607,-93.2204527,44.064305,-93.214413,36576.0,Steele,Minnesota,G2701470,44.064305,-93.214413,2011,72644,43.9,-92.5,37.28809768129816,True,7561,706,Good,Good,Good,Suspicious,Suspicious,Good,Good,Good,False,False,False
G2701490,27,149,45.5934609,-95.9923146,45.580687,-95.926026,9726.0,Stevens,Minnesota,G2701490,45.580687,-95.926026,2011,72753,46.9333,-96.8167,102.68516280760775,True,8610,693,Good,Good,Good,Suspicious,Suspicious,Good,Good,Good,False,False,False
G2701510,27,151,45.2758101,-95.6901243,45.274076,-95.64442,9783.0,Swift,Minnesota,G2701510,45.274076,-95.64442,2011,KBRD0,46.4017,-94.1356,106.50986826787457,True,8409,553,Good,Good,Good,Suspicious,Suspicious,Good,Good,Good,False,False,False
G2701530,27,153,46.0665694,-94.9005758,46.066924,-94.886512,24895.0,Todd,Minnesota,G2701530,46.066924,-94.886512,2011,KBRD0,46.4017,-94.1356,42.69611318054797,True,8409,553,Good,Good,Good,Suspicious,Suspicious,Good,Good,Good,False,False,False
G2701550,27,155,45.7699352,-96.4748315,45.751079,-96.54917,3558.0,Traverse,Minnesota,G2701550,45.751079,-96.54917,2011,72753,46.9333,-96.8167,82.67415436486591,True,8610,693,Good,Good,Good,Suspicious,Suspicious,Good,Good,Good,False,False,False
G2701570,27,157,44.289693,-92.2333405,44.297858,-92.221086,21676.0,Wabasha,Minnesota,G2701570,44.297858,-92.221086,2011,72644,43.9,-92.5,30.77639904793058,True,7561,706,Good,Good,Good,Suspicious,Suspicious,Good,Good,Good,False,False,False
G2701590,27,159,46.5869861,-94.9886078,46.524393,-95.04137,13843.0,Wadena,Minnesota,G2701590,46.524393,-95.04137,2011,KBRD0,46.4017,-94.1356,43.93367248868244,True,8409,553,Good,Good,Good,Suspicious,Suspicious,Good,Good,Good,False,False,False
G2701610,27,161,44.0184598,-93.5898443,44.061,-93.549998,19136.0,Waseca,Minnesota,G2701610,44.061,-93.549998,2011,72644,43.9,-92.5,53.375326995889544,True,7561,706,Good,Good,Good,Suspicious,Suspicious,Good,Good,Good,False,False,False
G2701630,27,163,45.037929,-92.890117,44.988623,-92.920897,238136.0,Washington,Minnesota,G2701630,44.988623,-92.920897,2011,KMIC0,45.062,-93.3539,21.744846923748373,True,7473,901,Good,Good,Good,Good,Suspicious,Good,Good,Good,False,False,False
G2701650,27,165,43.9783661,-94.6141282,43.993423,-94.583786,11211.0,Watonwan,Minnesota,G2701650,43.993423,-94.583786,2011,KSPW0,43.1655,-95.2028,65.05522482243754,True,7589,865,Good,Good,Good,Suspicious,Suspicious,Good,Good,Good,False,False,False
G2701670,27,167,46.3623354,-96.476657,46.316536,-96.529683,6576.0,Wilkin,Minnesota,G2701670,46.316536,-96.529683,2011,72753,46.9333,-96.8167,44.73760722538788,True,8610,693,Good,Good,Good,Suspicious,Suspicious,Good,Good,Good,False,False,False
G2701690,27,169,43.9822682,-91.7767076,44.023706,-91.714435,51461.0,Winona,Minnesota,G2701690,44.023706,-91.714435,2011,72644,43.9,-92.5,39.99276130795158,True,7561,706,Good,Good,Good,Suspicious,Suspicious,Good,Good,Good,False,False,False
G2701710,27,171,45.1750914,-93.9663965,45.197631,-93.828888,124700.0,Wright,Minnesota,G2701710,45.197631,-93.828888,2011,KMIC0,45.062,-93.3539,24.97805186786832,True,7473,901,Good,Good,Good,Good,Suspicious,Good,Good,Good,False,False,False
G2701730,27,173,44.7157358,-95.862756,44.737553,-95.825953,10438.0,Yellow Medicine,Minnesota,G2701730,44.737553,-95.825953,2011,72651,43.5833,-96.75,91.96627513276543,True,7642,822,Good,Good,Good,Suspicious,Suspicious,Good,Good,Good,False,False,False
G2800010,28,1,31.4862176,-91.3517814,31.547641,-91.352164,32297.0,Adams,Mississippi,G2800010,31.547641,-91.352164,2011,KTVR0,32.3516,-91.0277,58.71484089542515,True,2382,2516,Good,Good,Good,Suspicious,Suspicious,Good,Good,Good,False,False,False
G2800030,28,3,34.8865689,-88.5811091,34.908785,-88.531068,37057.0,Alcorn,Mississippi,G2800030,34.908785,-88.531068,2011,72332,34.2667,-88.1,50.6887629369598,True,2961,2135,Good,Good,Good,Suspicious,Suspicious,Good,Good,Good,False,False,False
G2800050,28,5,31.2039333,-90.7955421,31.180019,-90.817613,13131.0,Amite,Mississippi,G2800050,31.180019,-90.817613,2011,KTVR0,32.3516,-91.0277,81.8836921302279,True,2382,2516,Good,Good,Good,Suspicious,Suspicious,Good,Good,Good,False,False,False
G2800070,28,7,33.0904703,-89.5886221,33.066234,-89.586852,19564.0,Attala,Mississippi,G2800070,33.066234,-89.586852,2011,72234,32.3333,-88.75,70.22758724912673,True,2597,2018,Good,Good,Good,Suspicious,Suspicious,Good,Good,Good,False,False,False
G2800090,28,9,34.8105184,-89.2002848,34.81011,-89.204186,8729.0,Benton,Mississippi,G2800090,34.81011,-89.204186,2011,72334,35.0333,-89.9833,46.75453163988942,True,2858,2499,Good,Good,Good,Good,Suspicious,Good,Good,Good,False,False,False
G2800110,28,11,33.7991391,-90.8841199,33.77228,-90.775341,34145.0,Bolivar,Mississippi,G2800110,33.77228,-90.775341,2011,74768,33.4829,-90.9856,23.368579282753803,True,2724,2339,Good,Good,Good,Suspicious,Suspicious,Good,Good,Good,False,False,False
G2800130,28,13,33.9366339,-89.3371142,33.929772,-89.306905,14962.0,Calhoun,Mississippi,G2800130,33.929772,-89.306905,2011,72332,34.2667,-88.1,72.87048789421605,True,2961,2135,Good,Good,Good,Suspicious,Suspicious,Good,Good,Good,False,False,False
G2800150,28,15,33.4407948,-89.918887,33.458389,-89.918375,10597.0,Carroll,Mississippi,G2800150,33.458389,-89.918375,2011,74768,33.4829,-90.9856,61.533038338590615,True,2724,2339,Good,Good,Good,Suspicious,Suspicious,Good,Good,Good,False,False,False
G2800170,28,17,33.9216539,-88.9458075,33.932227,-88.931815,17392.0,Chickasaw,Mississippi,G2800170,33.932227,-88.931815,2011,72332,34.2667,-88.1,52.905269834802056,True,2961,2135,Good,Good,Good,Suspicious,Suspicious,Good,Good,Good,False,False,False
G2800190,28,19,33.3459638,-89.2513319,33.342151,-89.236281,8547.0,Choctaw,Mississippi,G2800190,33.342151,-89.236281,2011,72234,32.3333,-88.75,75.20406423718957,True,2597,2018,Good,Good,Good,Suspicious,Suspicious,Good,Good,Good,False,False,False
G2800210,28,21,31.9728096,-90.9154239,31.935954,-90.954141,9604.0,Claiborne,Mississippi,G2800210,31.935954,-90.954141,2011,KTVR0,32.3516,-91.0277,29.038987274557922,True,2382,2516,Good,Good,Good,Suspicious,Suspicious,Good,Good,Good,False,False,False
G2800230,28,23,32.0453737,-88.6879757,32.062753,-88.730627,16732.0,Clarke,Mississippi,G2800230,32.062753,-88.730627,2011,72234,32.3333,-88.75,18.72727163846337,True,2597,2018,Good,Good,Good,Suspicious,Suspicious,Good,Good,Good,False,False,False
G2800250,28,25,33.6617328,-88.7833259,33.62459,-88.69246,20634.0,Clay,Mississippi,G2800250,33.62459,-88.69246,2011,72332,34.2667,-88.1,55.86981974125066,True,2961,2135,Good,Good,Good,Suspicious,Suspicious,Good,Good,Good,False,False,False
G2800270,28,27,34.2286699,-90.603165,34.222427,-90.569863,26151.0,Coahoma,Mississippi,G2800270,34.222427,-90.569863,2011,74768,33.4829,-90.9856,56.390439073734306,True,2724,2339,Good,Good,Good,Suspicious,Suspicious,Good,Good,Good,False,False,False
G2800290,28,29,31.8669151,-90.4487578,31.889652,-90.3792,29449.0,Copiah,Mississippi,G2800290,31.889652,-90.3792,2011,KTVR0,32.3516,-91.0277,49.58617882242147,True,2382,2516,Good,Good,Good,Suspicious,Suspicious,Good,Good,Good,False,False,False
G2800310,28,31,31.633331,-89.5488968,31.637591,-89.548718,19568.0,Covington,Mississippi,G2800310,31.637591,-89.548718,2011,72234,32.3333,-88.75,67.09337109444535,True,2597,2018,Good,Good,Good,Suspicious,Suspicious,Good,Good,Good,False,False,False
G2800330,28,33,34.874266,-89.99324,34.9304,-89.956695,161252.0,DeSoto,Mississippi,G2800330,34.9304,-89.956695,2011,72334,35.0333,-89.9833,7.267478721301487,True,2858,2499,Good,Good,Good,Good,Suspicious,Good,Good,Good,False,False,False
G2800350,28,35,31.1885802,-89.2594467,31.309039,-89.287875,74934.0,Forrest,Mississippi,G2800350,31.309039,-89.287875,2011,72234,32.3333,-88.75,77.49471601728914,True,2597,2018,Good,Good,Good,Suspicious,Suspicious,Good,Good,Good,False,False,False
G2800390,28,39,30.8554305,-88.6422679,30.870536,-88.592895,22578.0,George,Mississippi,G2800390,30.870536,-88.592895,2011,72223,30.6833,-88.0667,33.80922121281644,True,1673,2598,Good,Good,Good,Suspicious,Suspicious,Good,Good,Good,False,False,False
G2800410,28,41,31.2128455,-88.6348108,31.193014,-88.626139,14400.0,Greene,Mississippi,G2800410,31.193014,-88.626139,2011,72223,30.6833,-88.0667,48.36800372810903,True,1673,2598,Good,Good,Good,Suspicious,Suspicious,Good,Good,Good,False,False,False
G2800430,28,43,33.770031,-89.8027405,33.768122,-89.802799,21906.0,Grenada,Mississippi,G2800430,33.768122,-89.802799,2011,74768,33.4829,-90.9856,70.84479021664019,True,2724,2339,Good,Good,Good,Suspicious,Suspicious,Good,Good,Good,False,False,False
G2800450,28,45,30.3914717,-89.4799641,30.379392,-89.405662,43929.0,Hancock,Mississippi,G2800450,30.379392,-89.405662,2011,72231,30.0,-90.0833,48.21755057506977,True,1225,3301,Good,Good,Good,Suspicious,Suspicious,Good,Good,Good,False,False,False
G2800470,28,47,30.4165357,-89.0833762,30.432955,-89.063834,187105.0,Harrison,Mississippi,G2800470,30.432955,-89.063834,2011,72223,30.6833,-88.0667,61.79653861107062,True,1673,2598,Good,Good,Good,Suspicious,Suspicious,Good,Good,Good,False,False,False
G2800490,28,49,32.2677879,-90.4660171,32.303868,-90.255669,245285.0,Hinds,Mississippi,G2800490,32.303868,-90.255669,2011,KTVR0,32.3516,-91.0277,45.19468957066049,True,2382,2516,Good,Good,Good,Suspicious,Suspicious,Good,Good,Good,False,False,False
G2800510,28,51,33.1259415,-90.0911968,33.090289,-90.0284,19198.0,Holmes,Mississippi,G2800510,33.090289,-90.0284,2011,74768,33.4829,-90.9856,61.58169361192111,True,2724,2339,Good,Good,Good,Suspicious,Suspicious,Good,Good,Good,False,False,False
G2800530,28,53,33.1309962,-90.5234209,33.161583,-90.519097,9375.0,Humphreys,Mississippi,G2800530,33.161583,-90.519097,2011,74768,33.4829,-90.9856,34.90361499823755,True,2724,2339,Good,Good,Good,Suspicious,Suspicious,Good,Good,Good,False,False,False
G2800570,28,57,34.2810747,-88.3631269,34.292221,-88.40269,23401.0,Itawamba,Mississippi,G2800570,34.292221,-88.40269,2011,72332,34.2667,-88.1,17.37084475194296,True,2961,2135,Good,Good,Good,Suspicious,Suspicious,Good,Good,Good,False,False,False
G2800590,28,59,30.4560045,-88.6251005,30.44437,-88.660684,139668.0,Jackson,Mississippi,G2800590,30.44437,-88.660684,2011,72223,30.6833,-88.0667,39.004083354292995,True,1673,2598,Good,Good,Good,Suspicious,Suspicious,Good,Good,Good,False,False,False
G2800610,28,61,32.0169894,-89.1194302,31.966737,-89.144535,17062.0,Jasper,Mississippi,G2800610,31.966737,-89.144535,2011,72234,32.3333,-88.75,34.265512923476265,True,2597,2018,Good,Good,Good,Suspicious,Suspicious,Good,Good,Good,False,False,False
G2800630,28,63,31.7336333,-91.0438779,31.714659,-91.055531,7726.0,Jefferson,Mississippi,G2800630,31.714659,-91.055531,2011,KTVR0,32.3516,-91.0277,44.03853829063254,True,2382,2516,Good,Good,Good,Suspicious,Suspicious,Good,Good,Good,False,False,False
G2800650,28,65,31.5656058,-89.8265175,31.574917,-89.814551,12487.0,Jefferson Davis,Mississippi,G2800650,31.574917,-89.814551,2011,72234,32.3333,-88.75,81.48788371020174,True,2597,2018,Good,Good,Good,Suspicious,Suspicious,Good,Good,Good,False,False,False
G2800670,28,67,31.6166011,-89.1685317,31.668673,-89.16512,67761.0,Jones,Mississippi,G2800670,31.668673,-89.16512,2011,72234,32.3333,-88.75,51.96517310245704,True,2597,2018,Good,Good,Good,Suspicious,Suspicious,Good,Good,Good,False,False,False
G2800690,28,69,32.7501361,-88.6256306,32.759967,-88.677908,10456.0,Kemper,Mississippi,G2800690,32.759967,-88.677908,2011,72234,32.3333,-88.75,29.777346758597467,True,2597,2018,Good,Good,Good,Suspicious,Suspicious,Good,Good,Good,False,False,False
G2800710,28,71,34.3492982,-89.4859026,34.361506,-89.526937,47351.0,Lafayette,Mississippi,G2800710,34.361506,-89.526937,2011,72334,35.0333,-89.9833,53.16521871605727,True,2858,2499,Good,Good,Good,Good,Suspicious,Good,Good,Good,False,False,False
G2800730,28,73,31.1975865,-89.5063691,31.264156,-89.438738,55658.0,Lamar,Mississippi,G2800730,31.264156,-89.438738,2011,72234,32.3333,-88.75,84.21717930301912,True,2597,2018,Good,Good,Good,Suspicious,Suspicious,Good,Good,Good,False,False,False
G2800750,28,75,32.4039981,-88.6604487,32.400679,-88.691796,80261.0,Lauderdale,Mississippi,G2800750,32.400679,-88.691796,2011,72234,32.3333,-88.75,5.762876343344313,True,2597,2018,Good,Good,Good,Suspicious,Suspicious,Good,Good,Good,False,False,False
G2800770,28,77,31.5500087,-90.1075299,31.555383,-90.109256,12929.0,Lawrence,Mississippi,G2800770,31.555383,-90.109256,2011,KTVR0,32.3516,-91.0277,76.9766753937614,True,2382,2516,Good,Good,Good,Suspicious,Suspicious,Good,Good,Good,False,False,False
G2800790,28,79,32.7607372,-89.5222361,32.725455,-89.504736,23805.0,Leake,Mississippi,G2800790,32.725455,-89.504736,2011,72234,32.3333,-88.75,51.64446180671886,True,2597,2018,Good,Good,Good,Suspicious,Suspicious,Good,Good,Good,False,False,False
G2800810,28,81,34.2924597,-88.6823833,34.274735,-88.702989,82910.0,Lee,Mississippi,G2800810,34.274735,-88.702989,2011,72332,34.2667,-88.1,34.433741183384925,True,2961,2135,Good,Good,Good,Suspicious,Suspicious,Good,Good,Good,False,False,False
G2800830,28,83,33.5497896,-90.2949343,33.513076,-90.209073,32317.0,Leflore,Mississippi,G2800830,33.513076,-90.209073,2011,74768,33.4829,-90.9856,44.78980980608023,True,2724,2339,Good,Good,Good,Suspicious,Suspicious,Good,Good,Good,False,False,False
G2800850,28,85,31.5352155,-90.4535663,31.550891,-90.456276,34869.0,Lincoln,Mississippi,G2800850,31.550891,-90.456276,2011,KTVR0,32.3516,-91.0277,64.67546651049001,True,2382,2516,Good,Good,Good,Suspicious,Suspicious,Good,Good,Good,False,False,False
G2800870,28,87,33.4714237,-88.4397227,33.515351,-88.392697,59779.0,Lowndes,Mississippi,G2800870,33.515351,-88.392697,2011,KTCL0,33.2206,-87.6114,49.4698404343302,True,2550,2254,Good,Good,Good,Suspicious,Suspicious,Good,Good,Good,False,False,False
G2800890,28,89,32.6343703,-90.0341603,32.510711,-90.098347,95203.0,Madison,Mississippi,G2800890,32.510711,-90.098347,2011,KTVR0,32.3516,-91.0277,55.30085447080509,True,2382,2516,Good,Good,Good,Suspicious,Suspicious,Good,Good,Good,False,False,False
G2800910,28,91,31.2301672,-89.821712,31.244447,-89.829694,27088.0,Marion,Mississippi,G2800910,31.244447,-89.829694,2011,72231,30.0,-90.0833,87.29502952513234,True,1225,3301,Good,Good,Good,Suspicious,Suspicious,Good,Good,Good,False,False,False
G2800930,28,93,34.7661897,-89.504231,34.815764,-89.542843,37144.0,Marshall,Mississippi,G2800930,34.815764,-89.542843,2011,72334,35.0333,-89.9833,29.129105947398,True,2858,2499,Good,Good,Good,Good,Suspicious,Good,Good,Good,False,False,False
G2800950,28,95,33.8900295,-88.4850379,33.925912,-88.498114,36989.0,Monroe,Mississippi,G2800950,33.925912,-88.498114,2011,72332,34.2667,-88.1,32.76089067475106,True,2961,2135,Good,Good,Good,Suspicious,Suspicious,Good,Good,Good,False,False,False
G2800970,28,97,33.5007144,-89.6396251,33.496574,-89.682988,10925.0,Montgomery,Mississippi,G2800970,33.496574,-89.682988,2011,74768,33.4829,-90.9856,75.06554601585121,True,2724,2339,Good,Good,Good,Suspicious,Suspicious,Good,Good,Good,False,False,False
G2800990,28,99,32.752518,-89.1192743,32.754204,-89.117671,29676.0,Neshoba,Mississippi,G2800990,32.754204,-89.117671,2011,72234,32.3333,-88.75,36.11549291759295,True,2597,2018,Good,Good,Good,Suspicious,Suspicious,Good,Good,Good,False,False,False
G2801010,28,101,32.4019702,-89.1184115,32.41204,-89.128073,21720.0,Newton,Mississippi,G2801010,32.41204,-89.128073,2011,72234,32.3333,-88.75,22.72333624242952,True,2597,2018,Good,Good,Good,Suspicious,Suspicious,Good,Good,Good,False,False,False
G2801030,28,103,33.1065082,-88.5660044,33.13112,-88.54983,11545.0,Noxubee,Mississippi,G2801030,33.13112,-88.54983,2011,KTCL0,33.2206,-87.6114,54.62093211456196,True,2550,2254,Good,Good,Good,Suspicious,Suspicious,Good,Good,Good,False,False,False
G2801050,28,105,33.4223134,-88.8761514,33.449231,-88.828709,47671.0,Oktibbeha,Mississippi,G2801050,33.449231,-88.828709,2011,72332,34.2667,-88.1,70.27262164904108,True,2961,2135,Good,Good,Good,Suspicious,Suspicious,Good,Good,Good,False,False,False
G2801070,28,107,34.3652052,-89.9630654,34.350009,-89.938355,34707.0,Panola,Mississippi,G2801070,34.350009,-89.938355,2011,72334,35.0333,-89.9833,47.2798267869238,True,2858,2499,Good,Good,Good,Good,Suspicious,Good,Good,Good,False,False,False
G2801090,28,109,30.7747929,-89.5869043,30.641968,-89.63173,55834.0,Pearl River,Mississippi,G2801090,30.641968,-89.63173,2011,72231,30.0,-90.0833,51.89194905164331,True,1225,3301,Good,Good,Good,Suspicious,Suspicious,Good,Good,Good,False,False,False
G2801110,28,111,31.1693073,-88.9887554,31.262821,-88.991988,12250.0,Perry,Mississippi,G2801110,31.262821,-88.991988,2011,72223,30.6833,-88.0667,67.88166373375171,True,1673,2598,Good,Good,Good,Suspicious,Suspicious,Good,Good,Good,False,False,False
G2801130,28,113,31.1775167,-90.3977249,31.216057,-90.436396,40404.0,Pike,Mississippi,G2801130,31.216057,-90.436396,2011,KTVR0,32.3516,-91.0277,85.80039870643813,True,2382,2516,Good,Good,Good,Suspicious,Suspicious,Good,Good,Good,False,False,False
G2801150,28,115,34.2270808,-89.0372387,34.252502,-89.011424,29957.0,Pontotoc,Mississippi,G2801150,34.252502,-89.011424,2011,72332,34.2667,-88.1,52.0562097659697,True,2961,2135,Good,Good,Good,Suspicious,Suspicious,Good,Good,Good,False,False,False
G2801170,28,117,34.6211043,-88.5221794,34.631502,-88.552652,25276.0,Prentiss,Mississippi,G2801170,34.631502,-88.552652,2011,72332,34.2667,-88.1,36.06178054392451,True,2961,2135,Good,Good,Good,Suspicious,Suspicious,Good,Good,Good,False,False,False
G2801190,28,119,34.2528327,-90.2901707,34.27262,-90.262854,8223.0,Quitman,Mississippi,G2801190,34.27262,-90.262854,2011,72334,35.0333,-89.9833,54.90703913154579,True,2858,2499,Good,Good,Good,Good,Suspicious,Good,Good,Good,False,False,False
G2801210,28,121,32.2671233,-89.946063,32.279373,-90.033002,141617.0,Rankin,Mississippi,G2801210,32.279373,-90.033002,2011,KTVR0,32.3516,-91.0277,58.296132218799094,True,2382,2516,Good,Good,Good,Suspicious,Suspicious,Good,Good,Good,False,False,False
G2801230,28,123,32.4271272,-89.5332094,32.401463,-89.529197,28264.0,Scott,Mississippi,G2801230,32.401463,-89.529197,2011,72234,32.3333,-88.75,45.71587683707322,True,2597,2018,Good,Good,Good,Suspicious,Suspicious,Good,Good,Good,False,False,False
G2801250,28,125,32.8923946,-90.8276129,32.924745,-90.859408,4916.0,Sharkey,Mississippi,G2801250,32.924745,-90.859408,2011,74768,33.4829,-90.9856,39.24874856090403,True,2724,2339,Good,Good,Good,Suspicious,Suspicious,Good,Good,Good,False,False,False
G2801270,28,127,31.9025047,-89.9177086,31.916008,-89.853775,27503.0,Simpson,Mississippi,G2801270,31.916008,-89.853775,2011,72234,32.3333,-88.75,70.72972105413308,True,2597,2018,Good,Good,Good,Suspicious,Suspicious,Good,Good,Good,False,False,False
G2801290,28,129,32.019029,-89.4948768,31.971849,-89.506985,16491.0,Smith,Mississippi,G2801290,31.971849,-89.506985,2011,72234,32.3333,-88.75,50.837889115834294,True,2597,2018,Good,Good,Good,Suspicious,Suspicious,Good,Good,Good,False,False,False
G2801310,28,131,30.790184,-89.112297,30.809011,-89.136496,17786.0,Stone,Mississippi,G2801310,30.809011,-89.136496,2011,72223,30.6833,-88.0667,64.11697489591612,True,1673,2598,Good,Good,Good,Suspicious,Suspicious,Good,Good,Good,False,False,False
G2801330,28,133,33.6055289,-90.5950901,33.594123,-90.584058,29450.0,Sunflower,Mississippi,G2801330,33.594123,-90.584058,2011,74768,33.4829,-90.9856,24.36834617129766,True,2724,2339,Good,Good,Good,Suspicious,Suspicious,Good,Good,Good,False,False,False
G2801350,28,135,33.9545268,-90.1722451,33.983144,-90.197125,15378.0,Tallahatchie,Mississippi,G2801350,33.983144,-90.197125,2011,74768,33.4829,-90.9856,56.98450800752348,True,2724,2339,Good,Good,Good,Suspicious,Suspicious,Good,Good,Good,False,False,False
G2801370,28,137,34.6495527,-89.9431054,34.64608,-89.948155,28886.0,Tate,Mississippi,G2801370,34.64608,-89.948155,2011,72334,35.0333,-89.9833,26.828438973610684,True,2858,2499,Good,Good,Good,Good,Suspicious,Good,Good,Good,False,False,False
G2801390,28,139,34.7636183,-88.9188185,34.767895,-88.925793,22232.0,Tippah,Mississippi,G2801390,34.767895,-88.925793,2011,72332,34.2667,-88.1,58.38908142764899,True,2961,2135,Good,Good,Good,Suspicious,Suspicious,Good,Good,Good,False,False,False
G2801410,28,141,34.7376972,-88.236064,34.723482,-88.228366,19593.0,Tishomingo,Mississippi,G2801410,34.723482,-88.228366,2011,72332,34.2667,-88.1,32.39602516131958,True,2961,2135,Good,Good,Good,Suspicious,Suspicious,Good,Good,Good,False,False,False
G2801430,28,143,34.6522011,-90.3717697,34.709638,-90.348008,10778.0,Tunica,Mississippi,G2801430,34.709638,-90.348008,2011,72334,35.0333,-89.9833,30.455094838964563,True,2858,2499,Good,Good,Good,Good,Suspicious,Good,Good,Good,False,False,False
G2801450,28,145,34.4895325,-89.0023393,34.484262,-89.007903,27134.0,Union,Mississippi,G2801450,34.484262,-89.007903,2011,72332,34.2667,-88.1,53.91234782494176,True,2961,2135,Good,Good,Good,Suspicious,Suspicious,Good,Good,Good,False,False,False
G2801470,28,147,31.164492,-90.1034306,31.151622,-90.121389,15443.0,Walthall,Mississippi,G2801470,31.151622,-90.121389,2011,72231,30.0,-90.0833,79.60161827779484,True,1225,3301,Good,Good,Good,Suspicious,Suspicious,Good,Good,Good,False,False,False
G2801490,28,149,32.3560946,-90.8523838,32.325884,-90.845245,48773.0,Warren,Mississippi,G2801490,32.325884,-90.845245,2011,KTVR0,32.3516,-91.0277,10.798349859521279,True,2382,2516,Good,Good,Good,Suspicious,Suspicious,Good,Good,Good,False,False,False
G2801510,28,151,33.273174,-90.9444459,33.37108,-91.010964,51137.0,Washington,Mississippi,G2801510,33.37108,-91.010964,2011,74768,33.4829,-90.9856,7.8632360256498846,True,2724,2339,Good,Good,Good,Suspicious,Suspicious,Good,Good,Good,False,False,False
G2801530,28,153,31.6424754,-88.6782122,31.650101,-88.659321,20747.0,Wayne,Mississippi,G2801530,31.650101,-88.659321,2011,72234,32.3333,-88.75,47.502609186918356,True,2597,2018,Good,Good,Good,Suspicious,Suspicious,Good,Good,Good,False,False,False
G2801550,28,155,33.6120482,-89.2838356,33.582221,-89.226172,10253.0,Webster,Mississippi,G2801550,33.582221,-89.226172,2011,72332,34.2667,-88.1,80.03227827985677,True,2961,2135,Good,Good,Good,Suspicious,Suspicious,Good,Good,Good,False,False,False
G2801570,28,157,31.1610908,-91.3246169,31.121531,-91.238269,9878.0,Wilkinson,Mississippi,G2801570,31.121531,-91.238269,2011,KLFT0,30.2052,-91.9876,77.40603687589362,True,1494,3062,Good,Good,Good,Suspicious,Suspicious,Good,Good,Good,False,True,True
G2801590,28,159,33.0787236,-89.0373913,33.084925,-89.042843,19198.0,Winston,Mississippi,G2801590,33.084925,-89.042843,2011,72234,32.3333,-88.75,54.651612946349616,True,2597,2018,Good,Good,Good,Suspicious,Suspicious,Good,Good,Good,False,False,False
G2801610,28,161,34.0306661,-89.7038072,34.080595,-89.693557,12678.0,Yalobusha,Mississippi,G2801610,34.080595,-89.693557,2011,72334,35.0333,-89.9833,67.858764146736,True,2858,2499,Good,Good,Good,Good,Suspicious,Good,Good,Good,False,False,False
G2801630,28,163,32.7656747,-90.3879282,32.82849,-90.380241,28065.0,Yazoo,Mississippi,G2801630,32.82849,-90.380241,2011,KTVR0,32.3516,-91.0277,50.06308476785959,True,2382,2516,Good,Good,Good,Suspicious,Suspicious,Good,Good,Good,False,False,False
G2900010,29,1,40.1906655,-92.6035922,40.19566,-92.582446,25607.0,Adair,Missouri,G2900010,40.19566,-92.582446,2011,KOTM0,41.1066,-92.4479,63.33376630736562,True,6225,1076,Good,Good,Good,Suspicious,Suspicious,Good,Good,Good,True,True,True
G2900030,29,3,39.9888628,-94.8035511,39.922565,-94.818293,17291.0,Andrew,Missouri,G2900030,39.922565,-94.818293,2011,72446,39.2972,-94.7306,43.459932374141914,True,5266,1575,Good,Good,Good,Suspicious,Suspicious,Good,Good,Good,False,False,False
G2900050,29,5,40.431846,-95.4375546,40.421105,-95.437688,5685.0,Atchison,Missouri,G2900050,40.421105,-95.437688,2011,72554,41.1167,-95.9,53.805876029840526,True,6261,1250,Good,Good,Good,Suspicious,Suspicious,Good,Good,Good,False,True,True
G2900070,29,7,39.2144798,-91.8434148,39.205358,-91.821071,25529.0,Audrain,Missouri,G2900070,39.205358,-91.821071,2011,KSUS0,38.6621,-90.6521,73.18500101122011,True,4618,1615,Good,Good,Good,Good,Suspicious,Good,Good,Good,False,False,False
G2900090,29,9,36.6993775,-93.8343258,36.735065,-93.862744,35597.0,Barry,Missouri,G2900090,36.735065,-93.862744,2011,KJLN0,37.1518,-94.4983,45.3960501908306,True,4296,2111,Good,Good,Good,Good,Suspicious,Good,Good,Good,False,False,False
G2900110,29,11,37.5007989,-94.3440893,37.495228,-94.308903,12402.0,Barton,Missouri,G2900110,37.495228,-94.308903,2011,KJLN0,37.1518,-94.4983,25.910165967818823,True,4296,2111,Good,Good,Good,Good,Suspicious,Good,Good,Good,False,False,False
G2900130,29,13,38.2572171,-94.3392459,38.276163,-94.362322,17049.0,Bates,Missouri,G2900130,38.276163,-94.362322,2011,72447,38.8309,-94.8903,47.7798610164813,True,5221,1697,Good,Good,Good,Suspicious,Suspicious,Good,Good,Good,False,False,False
G2900150,29,15,38.3010358,-93.2879421,38.302689,-93.308948,19056.0,Benton,Missouri,G2900150,38.302689,-93.308948,2011,72447,38.8309,-94.8903,92.89640396342696,True,5221,1697,Good,Good,Good,Suspicious,Suspicious,Good,Good,Good,False,False,False
G2900170,29,17,37.3183458,-90.0246043,37.338242,-89.998323,12363.0,Bollinger,Missouri,G2900170,37.338242,-89.998323,2011,KMDH0,37.7781,-89.252,50.93736751177559,True,4269,1583,Good,Good,Good,Suspicious,Suspicious,Good,Good,Good,False,False,False
G2900190,29,19,38.9898614,-92.3102022,38.959866,-92.321523,162642.0,Boone,Missouri,G2900190,38.959866,-92.321523,2011,KSUS0,38.6621,-90.6521,92.20272639940676,True,4618,1615,Good,Good,Good,Good,Suspicious,Good,Good,Good,False,False,False
G2900210,29,21,39.6603695,-94.8081728,39.750602,-94.821954,89201.0,Buchanan,Missouri,G2900210,39.750602,-94.821954,2011,72446,39.2972,-94.7306,31.703125739938276,True,5266,1575,Good,Good,Good,Suspicious,Suspicious,Good,Good,Good,False,False,False
G2900230,29,23,36.7151802,-90.40313,36.75379,-90.413589,42794.0,Butler,Missouri,G2900230,36.75379,-90.413589,2011,KJBR0,35.8317,-90.6464,65.01599537335476,True,3476,2114,Good,Good,Good,Good,Suspicious,Good,Good,Good,False,True,True
G2900250,29,25,39.6589977,-93.9791785,39.664765,-93.994816,9424.0,Caldwell,Missouri,G2900250,39.664765,-93.994816,2011,72446,39.2972,-94.7306,46.739676814508094,True,5266,1575,Good,Good,Good,Suspicious,Suspicious,Good,Good,Good,False,False,False
G2900270,29,27,38.835547,-91.9234458,38.802239,-91.993447,44332.0,Callaway,Missouri,G2900270,38.802239,-91.993447,2011,KSUS0,38.6621,-90.6521,72.94108366604229,True,4618,1615,Good,Good,Good,Good,Suspicious,Good,Good,Good,False,False,False
G2900290,29,29,38.0265275,-92.7653271,38.072828,-92.749496,44002.0,Camden,Missouri,G2900290,38.072828,-92.749496,2011,KUNO0,36.8784,-91.9027,94.69139067123206,True,4389,1497,Good,Good,Good,Suspicious,Suspicious,Good,Good,Good,False,False,False
G2900310,29,31,37.3841408,-89.6856575,37.353894,-89.60625,75674.0,Cape Girardeau,Missouri,G2900310,37.353894,-89.60625,2011,KMDH0,37.7781,-89.252,35.14917616824233,True,4269,1583,Good,Good,Good,Suspicious,Suspicious,Good,Good,Good,False,False,False
G2900330,29,33,39.4273754,-93.5002266,39.410155,-93.495631,9295.0,Carroll,Missouri,G2900330,39.410155,-93.495631,2011,72446,39.2972,-94.7306,66.43907386860042,True,5266,1575,Good,Good,Good,Suspicious,Suspicious,Good,Good,Good,False,False,False
G2900350,29,35,36.9448579,-90.9457051,36.949427,-90.897277,6265.0,Carter,Missouri,G2900350,36.949427,-90.897277,2011,KUNO0,36.8784,-91.9027,55.75847562322847,True,4389,1497,Good,Good,Good,Suspicious,Suspicious,Good,Good,Good,False,False,False
G2900370,29,37,38.6471588,-94.3542424,38.746895,-94.423526,99478.0,Cass,Missouri,G2900370,38.746895,-94.423526,2011,72447,38.8309,-94.8903,25.799641641975875,True,5221,1697,Good,Good,Good,Suspicious,Suspicious,Good,Good,Good,False,False,False
G2900390,29,39,37.7336549,-93.8500144,37.767996,-93.895022,13982.0,Cedar,Missouri,G2900390,37.767996,-93.895022,2011,KJLN0,37.1518,-94.4983,53.919638926655026,True,4296,2111,Good,Good,Good,Good,Suspicious,Good,Good,Good,False,False,False
G2900410,29,41,39.5179685,-92.9616205,39.486626,-92.934967,7831.0,Chariton,Missouri,G2900410,39.486626,-92.934967,2011,72446,39.2972,-94.7306,96.76870345443393,True,5266,1575,Good,Good,Good,Suspicious,Suspicious,Good,Good,Good,False,False,False
G2900430,29,43,36.9697388,-93.1876139,37.025687,-93.262511,77422.0,Christian,Missouri,G2900430,37.025687,-93.262511,2011,KBPK0,36.3689,-92.4705,63.12223267966362,True,3836,1844,Good,Good,Good,Good,Suspicious,Good,Good,Good,False,True,True
G2900450,29,45,40.4072747,-91.729472,40.413068,-91.704732,7139.0,Clark,Missouri,G2900450,40.413068,-91.704732,2011,72542,40.7832,-91.1255,39.71660788321603,True,5816,1200,Good,Good,Good,Suspicious,Suspicious,Good,Good,Good,False,True,True
G2900470,29,47,39.3155512,-94.4215023,39.251395,-94.49392,221939.0,Clay,Missouri,G2900470,39.251395,-94.49392,2011,72446,39.2972,-94.7306,13.048859367964216,True,5266,1575,Good,Good,Good,Suspicious,Suspicious,Good,Good,Good,False,False,False
G2900490,29,49,39.6087233,-94.3958028,39.602093,-94.370131,20743.0,Clinton,Missouri,G2900490,39.602093,-94.370131,2011,72446,39.2972,-94.7306,28.524471175173492,True,5266,1575,Good,Good,Good,Suspicious,Suspicious,Good,Good,Good,False,False,False
G2900510,29,51,38.5032331,-92.2800271,38.552393,-92.218634,75990.0,Cole,Missouri,G2900510,38.552393,-92.218634,2011,KSUS0,38.6621,-90.6521,84.91881323496892,True,4618,1615,Good,Good,Good,Good,Suspicious,Good,Good,Good,False,False,False
G2900530,29,53,38.8453861,-92.8123231,38.909615,-92.772604,17601.0,Cooper,Missouri,G2900530,38.909615,-92.772604,2011,72446,39.2972,-94.7306,108.34108974973884,True,5266,1575,Good,Good,Good,Suspicious,Suspicious,Good,Good,Good,False,False,False
G2900550,29,55,37.9665605,-91.3139328,38.059819,-91.322802,24696.0,Crawford,Missouri,G2900550,38.059819,-91.322802,2011,KSUS0,38.6621,-90.6521,55.24499411075827,True,4618,1615,Good,Good,Good,Good,Suspicious,Good,Good,Good,False,False,False
G2900570,29,57,37.4323495,-93.854878,37.415613,-93.829944,7883.0,Dade,Missouri,G2900570,37.415613,-93.829944,2011,KJLN0,37.1518,-94.4983,41.01483497612136,True,4296,2111,Good,Good,Good,Good,Suspicious,Good,Good,Good,False,False,False
G2900590,29,59,37.6835832,-93.0338115,37.643825,-93.067095,16777.0,Dallas,Missouri,G2900590,37.643825,-93.067095,2011,KUNO0,36.8784,-91.9027,83.04564008016385,True,4389,1497,Good,Good,Good,Suspicious,Suspicious,Good,Good,Good,False,False,False
G2900610,29,61,39.9628387,-93.970053,39.942683,-93.983258,8433.0,Daviess,Missouri,G2900610,39.942683,-93.983258,2011,72446,39.2972,-94.7306,59.75803288634971,True,5266,1575,Good,Good,Good,Suspicious,Suspicious,Good,Good,Good,False,False,False
G2900630,29,63,39.8946645,-94.4071901,39.81961,-94.340504,12892.0,DeKalb,Missouri,G2900630,39.81961,-94.340504,2011,72446,39.2972,-94.7306,41.64919242655808,True,5266,1575,Good,Good,Good,Suspicious,Suspicious,Good,Good,Good,False,False,False
G2900650,29,65,37.6030746,-91.489716,37.630684,-91.542131,15657.0,Dent,Missouri,G2900650,37.630684,-91.542131,2011,KUNO0,36.8784,-91.9027,55.6316852303077,True,4389,1497,Good,Good,Good,Suspicious,Suspicious,Good,Good,Good,False,False,False
G2900670,29,67,36.9465168,-92.5158918,36.939746,-92.588247,13684.0,Douglas,Missouri,G2900670,36.939746,-92.588247,2011,KUNO0,36.8784,-91.9027,38.110278407603346,True,4389,1497,Good,Good,Good,Suspicious,Suspicious,Good,Good,Good,False,False,False
G2900690,29,69,36.1530246,-90.0622538,36.326743,-90.059209,31953.0,Dunklin,Missouri,G2900690,36.326743,-90.059209,2011,KJBR0,35.8317,-90.6464,47.38207799368613,True,3476,2114,Good,Good,Good,Good,Suspicious,Good,Good,Good,False,True,True
G2900710,29,71,38.4083125,-91.0734098,38.432966,-90.999826,101492.0,Franklin,Missouri,G2900710,38.432966,-90.999826,2011,KSUS0,38.6621,-90.6521,24.570489506472278,True,4618,1615,Good,Good,Good,Good,Suspicious,Good,Good,Good,False,False,False
G2900730,29,73,38.4411826,-91.5057795,38.45363,-91.491625,15222.0,Gasconade,Missouri,G2900730,38.45363,-91.491625,2011,KSUS0,38.6621,-90.6521,47.59098124782459,True,4618,1615,Good,Good,Good,Good,Suspicious,Good,Good,Good,False,False,False
G2900750,29,75,40.2081271,-94.4053211,40.199987,-94.439143,6738.0,Gentry,Missouri,G2900750,40.199987,-94.439143,2011,72446,39.2972,-94.7306,64.26928766081535,True,5266,1575,Good,Good,Good,Suspicious,Suspicious,Good,Good,Good,False,False,False
G2900770,29,77,37.2581957,-93.3406409,37.193837,-93.3083,275174.0,Greene,Missouri,G2900770,37.193837,-93.3083,2011,KJLN0,37.1518,-94.4983,65.57900310156039,True,4296,2111,Good,Good,Good,Good,Suspicious,Good,Good,Good,False,False,False
G2900790,29,79,40.1125409,-93.5650538,40.091968,-93.595469,10261.0,Grundy,Missouri,G2900790,40.091968,-93.595469,2011,72446,39.2972,-94.7306,81.59161705689307,True,5266,1575,Good,Good,Good,Suspicious,Suspicious,Good,Good,Good,False,False,False
G2900810,29,81,40.34562,-93.9925818,40.313851,-94.000823,8957.0,Harrison,Missouri,G2900810,40.313851,-94.000823,2011,72446,39.2972,-94.7306,80.21547213134745,True,5266,1575,Good,Good,Good,Suspicious,Suspicious,Good,Good,Good,False,False,False
G2900830,29,83,38.3864909,-93.7926278,38.394758,-93.736873,22272.0,Henry,Missouri,G2900830,38.394758,-93.736873,2011,72447,38.8309,-94.8903,69.17884037185432,True,5221,1697,Good,Good,Good,Suspicious,Suspicious,Good,Good,Good,False,False,False
G2900850,29,85,37.9367003,-93.3228345,37.910659,-93.330251,9627.0,Hickory,Missouri,G2900850,37.910659,-93.330251,2011,KJLN0,37.1518,-94.4983,82.73415737535416,True,4296,2111,Good,Good,Good,Good,Suspicious,Good,Good,Good,False,False,False
G2900870,29,87,40.095724,-95.2190716,40.092393,-95.199972,4912.0,Holt,Missouri,G2900870,40.092393,-95.199972,2011,72446,39.2972,-94.7306,60.34353931485281,True,5266,1575,Good,Good,Good,Suspicious,Suspicious,Good,Good,Good,False,False,False
G2900890,29,89,39.143365,-92.6959255,39.139325,-92.705762,10144.0,Howard,Missouri,G2900890,39.139325,-92.705762,2011,72446,39.2972,-94.7306,108.93383225043134,True,5266,1575,Good,Good,Good,Suspicious,Suspicious,Good,Good,Good,False,False,False
G2900910,29,91,36.7743685,-91.8873677,36.793133,-91.873823,40400.0,Howell,Missouri,G2900910,36.793133,-91.873823,2011,KUNO0,36.8784,-91.9027,6.103962862064554,True,4389,1497,Good,Good,Good,Suspicious,Suspicious,Good,Good,Good,False,False,False
G2900930,29,93,37.6259709,-90.6995869,37.571851,-90.711599,10630.0,Iron,Missouri,G2900930,37.571851,-90.711599,2011,KCPS0,38.5707,-90.1562,75.33575729274189,True,4578,1554,Good,Good,Good,Suspicious,Suspicious,Good,Good,Good,True,True,True
G2900950,29,95,39.005441,-94.3433259,39.010332,-94.446137,674158.0,Jackson,Missouri,G2900950,39.010332,-94.446137,2011,72446,39.2972,-94.7306,25.00299322747141,True,5266,1575,Good,Good,Good,Suspicious,Suspicious,Good,Good,Good,False,False,False
G2900970,29,97,37.2051967,-94.3372594,37.128993,-94.443436,117404.0,Jasper,Missouri,G2900970,37.128993,-94.443436,2011,KJLN0,37.1518,-94.4983,3.408013160798031,True,4296,2111,Good,Good,Good,Good,Suspicious,Good,Good,Good,False,False,False
G2900990,29,99,38.2575993,-90.5435419,38.340593,-90.475744,218733.0,Jefferson,Missouri,G2900990,38.340593,-90.475744,2011,KCPS0,38.5707,-90.1562,23.488146647131646,True,4578,1554,Good,Good,Good,Suspicious,Suspicious,Good,Good,Good,True,True,True
G2901010,29,101,38.741528,-93.8118634,38.757209,-93.770312,52595.0,Johnson,Missouri,G2901010,38.757209,-93.770312,2011,72447,38.8309,-94.8903,60.527205257677316,True,5221,1697,Good,Good,Good,Suspicious,Suspicious,Good,Good,Good,False,False,False
G2901030,29,103,40.1367764,-92.1468094,40.151668,-92.150669,4131.0,Knox,Missouri,G2901030,40.151668,-92.150669,2011,KOTM0,41.1066,-92.4479,67.79520976181674,True,6225,1076,Good,Good,Good,Suspicious,Suspicious,Good,Good,Good,True,True,True
G2901050,29,105,37.6596879,-92.5948405,37.669645,-92.65456,35571.0,Laclede,Missouri,G2901050,37.669645,-92.65456,2011,KUNO0,36.8784,-91.9027,68.53845133934608,True,4389,1497,Good,Good,Good,Suspicious,Suspicious,Good,Good,Good,False,False,False
G2901070,29,107,39.0687048,-93.8026388,39.056329,-93.840082,33381.0,Lafayette,Missouri,G2901070,39.056329,-93.840082,2011,72446,39.2972,-94.7306,50.51701948650697,True,5266,1575,Good,Good,Good,Suspicious,Suspicious,Good,Good,Good,False,False,False
G2901090,29,109,37.1065898,-93.8305507,37.035398,-93.797074,38634.0,Lawrence,Missouri,G2901090,37.035398,-93.797074,2011,KJLN0,37.1518,-94.4983,39.47411453162018,True,4296,2111,Good,Good,Good,Good,Suspicious,Good,Good,Good,False,False,False
G2901110,29,111,40.0845592,-91.7288031,40.085505,-91.649082,10211.0,Lewis,Missouri,G2901110,40.085505,-91.649082,2011,72542,40.7832,-91.1255,55.515648185986365,True,5816,1200,Good,Good,Good,Suspicious,Suspicious,Good,Good,Good,False,True,True
G2901130,29,113,39.0622547,-90.9629165,39.003625,-90.928671,52566.0,Lincoln,Missouri,G2901130,39.003625,-90.928671,2011,KSUS0,38.6621,-90.6521,27.89988129111375,True,4618,1615,Good,Good,Good,Good,Suspicious,Good,Good,Good,False,False,False
G2901150,29,115,39.8644404,-93.108019,39.796774,-93.065191,12761.0,Linn,Missouri,G2901150,39.796774,-93.065191,2011,72446,39.2972,-94.7306,95.20516648769852,True,5266,1575,Good,Good,Good,Suspicious,Suspicious,Good,Good,Good,False,False,False
G2901170,29,117,39.778587,-93.5482013,39.795916,-93.554324,15195.0,Livingston,Missouri,G2901170,39.795916,-93.554324,2011,72446,39.2972,-94.7306,71.51750820235006,True,5266,1575,Good,Good,Good,Suspicious,Suspicious,Good,Good,Good,False,False,False
G2901190,29,119,36.630218,-94.3439556,36.618064,-94.39808,23083.0,McDonald,Missouri,G2901190,36.618064,-94.39808,2011,KJLN0,37.1518,-94.4983,37.291163745654345,True,4296,2111,Good,Good,Good,Good,Suspicious,Good,Good,Good,False,False,False
G2901210,29,121,39.829795,-92.56434,39.798522,-92.51033,15566.0,Macon,Missouri,G2901210,39.798522,-92.51033,2011,KOTM0,41.1066,-92.4479,90.43900381736229,True,6225,1076,Good,Good,Good,Suspicious,Suspicious,Good,Good,Good,True,True,True
G2901230,29,123,37.4732347,-90.3454526,37.535795,-90.300055,12226.0,Madison,Missouri,G2901230,37.535795,-90.300055,2011,KMDH0,37.7781,-89.252,59.72271000488708,True,4269,1583,Good,Good,Good,Suspicious,Suspicious,Good,Good,Good,False,False,False
G2901250,29,125,38.1626154,-91.923601,38.171917,-91.878062,9176.0,Maries,Missouri,G2901250,38.171917,-91.878062,2011,KSUS0,38.6621,-90.6521,74.50905469430016,True,4618,1615,Good,Good,Good,Good,Suspicious,Good,Good,Good,False,False,False
G2901270,29,127,39.8075383,-91.6353791,39.740805,-91.455661,28781.0,Marion,Missouri,G2901270,39.740805,-91.455661,2011,72542,40.7832,-91.1255,74.09618032719173,True,5816,1200,Good,Good,Good,Suspicious,Suspicious,Good,Good,Good,False,True,True
G2901290,29,129,40.4214135,-93.5676313,40.418591,-93.575859,3785.0,Mercer,Missouri,G2901290,40.418591,-93.575859,2011,KOTM0,41.1066,-92.4479,75.78925808604109,True,6225,1076,Good,Good,Good,Suspicious,Suspicious,Good,Good,Good,True,True,True
G2901310,29,131,38.2166802,-92.4298762,38.247837,-92.507085,24748.0,Miller,Missouri,G2901310,38.247837,-92.507085,2011,KUNO0,36.8784,-91.9027,100.24124532313738,True,4389,1497,Good,Good,Good,Suspicious,Suspicious,Good,Good,Good,False,False,False
G2901330,29,133,36.826264,-89.2959286,36.857051,-89.365459,14358.0,Mississippi,Missouri,G2901330,36.857051,-89.365459,2011,72435,37.05,-88.7667,35.646608134789076,True,3951,1644,Good,Good,Good,Good,Suspicious,Good,Good,Good,False,False,False
G2901350,29,135,38.6330371,-92.5836417,38.628938,-92.616373,15607.0,Moniteau,Missouri,G2901350,38.628938,-92.616373,2011,KSUS0,38.6621,-90.6521,106.02191189783939,True,4618,1615,Good,Good,Good,Good,Suspicious,Good,Good,Good,False,False,False
G2901370,29,137,39.4982695,-92.0064582,39.520553,-91.973958,8840.0,Monroe,Missouri,G2901370,39.520553,-91.973958,2011,KSUS0,38.6621,-90.6521,92.42598375429856,True,4618,1615,Good,Good,Good,Good,Suspicious,Good,Good,Good,False,False,False
G2901390,29,139,38.9351623,-91.4654372,38.950802,-91.468473,12236.0,Montgomery,Missouri,G2901390,38.950802,-91.468473,2011,KSUS0,38.6621,-90.6521,48.26945177362935,True,4618,1615,Good,Good,Good,Good,Suspicious,Good,Good,Good,False,False,False
G2901410,29,141,38.4208069,-92.8748352,38.381506,-92.850304,20565.0,Morgan,Missouri,G2901410,38.381506,-92.850304,2011,72447,38.8309,-94.8903,114.4357245869924,True,5221,1697,Good,Good,Good,Suspicious,Suspicious,Good,Good,Good,False,False,False
G2901430,29,143,36.5942608,-89.6559485,36.605307,-89.65871,18956.0,New Madrid,Missouri,G2901430,36.605307,-89.65871,2011,72435,37.05,-88.7667,58.11813650689193,True,3951,1644,Good,Good,Good,Good,Suspicious,Good,Good,Good,False,False,False
G2901450,29,145,36.9083639,-94.3350211,36.921798,-94.41138,58114.0,Newton,Missouri,G2901450,36.921798,-94.41138,2011,KJLN0,37.1518,-94.4983,16.598939758355,True,4296,2111,Good,Good,Good,Good,Suspicious,Good,Good,Good,False,False,False
G2901470,29,147,40.3611359,-94.8831457,40.352749,-94.867916,23370.0,Nodaway,Missouri,G2901470,40.352749,-94.867916,2011,72446,39.2972,-94.7306,73.29442769352507,True,5266,1575,Good,Good,Good,Suspicious,Suspicious,Good,Good,Good,False,False,False
G2901490,29,149,36.6853104,-91.4018272,36.618129,-91.464771,10881.0,Oregon,Missouri,G2901490,36.618129,-91.464771,2011,KUNO0,36.8784,-91.9027,30.186038897607034,True,4389,1497,Good,Good,Good,Suspicious,Suspicious,Good,Good,Good,False,False,False
G2901510,29,151,38.4642535,-91.8595036,38.453819,-91.883136,13878.0,Osage,Missouri,G2901510,38.453819,-91.883136,2011,KSUS0,38.6621,-90.6521,68.0506217696329,True,4618,1615,Good,Good,Good,Good,Suspicious,Good,Good,Good,False,False,False
G2901530,29,153,36.6495904,-92.4585492,36.62309,-92.424289,9723.0,Ozark,Missouri,G2901530,36.62309,-92.424289,2011,KBPK0,36.3689,-92.4705,17.749395024807345,True,3836,1844,Good,Good,Good,Good,Suspicious,Good,Good,Good,False,True,True
G2901550,29,155,36.2099162,-89.7859419,36.181794,-89.748715,18296.0,Pemiscot,Missouri,G2901550,36.181794,-89.748715,2011,KJBR0,35.8317,-90.6464,55.70032963040326,True,3476,2114,Good,Good,Good,Good,Suspicious,Good,Good,Good,False,True,True
G2901570,29,157,37.7111296,-89.8021249,37.713672,-89.857097,18971.0,Perry,Missouri,G2901570,37.713672,-89.857097,2011,,,,,,,,,,,,,,,,,,
G2901590,29,159,38.7273667,-93.2852073,38.702201,-93.246549,42201.0,Pettis,Missouri,G2901590,38.702201,-93.246549,2011,,,,,,,,,,,,,,,,,,
G2901610,29,161,37.8663263,-91.7903492,37.942882,-91.748715,45156.0,Phelps,Missouri,G2901610,37.942882,-91.748715,2011,,,,,,,,,,,,,,,,,,
G2901630,29,163,39.3399592,-91.1716071,39.363535,-91.156139,18516.0,Pike,Missouri,G2901630,39.363535,-91.156139,2011,,,,,,,,,,,,,,,,,,
G2901650,29,165,39.3786957,-94.7614717,39.262166,-94.684698,89322.0,Platte,Missouri,G2901650,39.262166,-94.684698,2011,,,,,,,,,,,,,,,,,,
G2901670,29,167,37.6167611,-93.4008166,37.601813,-93.404415,31137.0,Polk,Missouri,G2901670,37.601813,-93.404415,2011,,,,,,,,,,,,,,,,,,
G2901690,29,169,37.8248346,-92.2070224,37.824257,-92.1773,52274.0,Pulaski,Missouri,G2901690,37.824257,-92.1773,2011,,,,,,,,,,,,,,,,,,
G2901710,29,171,40.4786055,-93.0145314,40.480842,-92.979269,4979.0,Putnam,Missouri,G2901710,40.480842,-92.979269,2011,,,,,,,,,,,,,,,,,,
G2901730,29,173,39.5534554,-91.5247867,39.57958,-91.468633,10167.0,Ralls,Missouri,G2901730,39.57958,-91.468633,2011,,,,,,,,,,,,,,,,,,
G2901750,29,175,39.4392486,-92.4929595,39.412906,-92.451935,25414.0,Randolph,Missouri,G2901750,39.412906,-92.451935,2011,,,,,,,,,,,,,,,,,,
G2901770,29,177,39.3084005,-93.9957462,39.335641,-94.06127,23494.0,Ray,Missouri,G2901770,39.335641,-94.06127,2011,,,,,,,,,,,,,,,,,,
G2901790,29,179,37.3608568,-90.9695158,37.336586,-90.972986,6696.0,Reynolds,Missouri,G2901790,37.336586,-90.972986,2011,,,,,,,,,,,,,,,,,,
G2901810,29,181,36.6489017,-90.8670597,36.627212,-90.791802,14100.0,Ripley,Missouri,G2901810,36.627212,-90.791802,2011,,,,,,,,,,,,,,,,,,
G2901830,29,183,38.7811023,-90.6749153,38.776604,-90.659755,360485.0,St. Charles,Missouri,G2901830,38.776604,-90.659755,2011,,,,,,,,,,,,,,,,,,
G2901850,29,185,38.0390688,-93.7730765,38.056009,-93.765606,9805.0,St. Clair,Missouri,G2901850,38.056009,-93.765606,2011,,,,,,,,,,,,,,,,,,
G2901860,29,186,37.8858449,-90.1615306,37.939468,-90.168495,18145.0,Ste. Genevieve,Missouri,G2901860,37.939468,-90.168495,2011,,,,,,,,,,,,,,,,,,
G2901870,29,187,37.8107068,-90.4738684,37.835573,-90.492254,65359.0,St. Francois,Missouri,G2901870,37.835573,-90.492254,2011,,,,,,,,,,,,,,,,,,
G2901890,29,189,38.6407022,-90.4459541,38.647121,-90.386218,998954.0,St. Louis,Missouri,G2901890,38.647121,-90.386218,2011,,,,,,,,,,,,,,,,,,
G2901950,29,195,39.1358403,-93.2041639,39.111933,-93.204898,23370.0,Saline,Missouri,G2901950,39.111933,-93.204898,2011,,,,,,,,,,,,,,,,,,
G2901970,29,197,40.4693611,-92.5190156,40.461815,-92.521984,4431.0,Schuyler,Missouri,G2901970,40.461815,-92.521984,2011,,,,,,,,,,,,,,,,,,
G2901990,29,199,40.4476855,-92.1428235,40.448001,-92.146652,4843.0,Scotland,Missouri,G2901990,40.448001,-92.146652,2011,,,,,,,,,,,,,,,,,,
G2902010,29,201,37.0477927,-89.5680975,37.014498,-89.577839,39191.0,Scott,Missouri,G2902010,37.014498,-89.577839,2011,,,,,,,,,,,,,,,,,,
G2902030,29,203,37.1524984,-91.3913284,37.069627,-91.429472,8441.0,Shannon,Missouri,G2902030,37.069627,-91.429472,2011,,,,,,,,,,,,,,,,,,
G2902050,29,205,39.7975309,-92.0887194,39.761774,-92.077052,6373.0,Shelby,Missouri,G2902050,39.761774,-92.077052,2011,,,,,,,,,,,,,,,,,,
G2902070,29,207,36.8515565,-89.9474812,36.850777,-89.969639,29968.0,Stoddard,Missouri,G2902070,36.850777,-89.969639,2011,,,,,,,,,,,,,,,,,,
G2902090,29,209,36.751004,-93.4737009,36.717605,-93.438433,32202.0,Stone,Missouri,G2902090,36.717605,-93.438433,2011,,,,,,,,,,,,,,,,,,
G2902110,29,211,40.209587,-93.1097826,40.217733,-93.103734,6714.0,Sullivan,Missouri,G2902110,40.217733,-93.103734,2011,,,,,,,,,,,,,,,,,,
G2902130,29,213,36.6498267,-93.0428188,36.656706,-93.189979,51675.0,Taney,Missouri,G2902130,36.656706,-93.189979,2011,,,,,,,,,,,,,,,,,,
G2902150,29,215,37.3142565,-91.9644783,37.328457,-91.968488,26008.0,Texas,Missouri,G2902150,37.328457,-91.968488,2011,,,,,,,,,,,,,,,,,,
G2902170,29,217,37.8501957,-94.3415972,37.835598,-94.340355,21159.0,Vernon,Missouri,G2902170,37.835598,-94.340355,2011,,,,,,,,,,,,,,,,,,
G2902190,29,219,38.761902,-91.1593065,38.788663,-91.10358,32513.0,Warren,Missouri,G2902190,38.788663,-91.10358,2011,,,,,,,,,,,,,,,,,,
G2902210,29,221,37.9426107,-90.8970179,37.953147,-90.785675,25195.0,Washington,Missouri,G2902210,37.953147,-90.785675,2011,,,,,,,,,,,,,,,,,,
G2902230,29,223,37.1123189,-90.4523782,37.107087,-90.512622,13521.0,Wayne,Missouri,G2902230,37.107087,-90.512622,2011,,,,,,,,,,,,,,,,,,
G2902250,29,225,37.2808043,-92.8760795,37.263337,-92.907363,36202.0,Webster,Missouri,G2902250,37.263337,-92.907363,2011,,,,,,,,,,,,,,,,,,
G2902270,29,227,40.4801923,-94.4187477,40.482258,-94.438797,2171.0,Worth,Missouri,G2902270,40.482258,-94.438797,2011,,,,,,,,,,,,,,,,,,
G2902290,29,229,37.2676356,-92.4800104,37.192204,-92.429174,18815.0,Wright,Missouri,G2902290,37.192204,-92.429174,2011,,,,,,,,,,,,,,,,,,
G2905100,29,510,38.6356988,-90.2445816,38.623609,-90.252991,319294.0,St. Louis,Missouri,G2905100,38.623609,-90.252991,2011,,,,,,,,,,,,,,,,,,
G3000010,30,1,45.1338633,-112.8928694,45.221056,-112.696186,9246.0,Beaverhead,Montana,G3000010,45.221056,-112.696186,2011,,,,,,,,,,,,,,,,,,
G3000030,30,3,45.407869,-107.5181625,45.565831,-107.502778,12865.0,Big Horn,Montana,G3000030,45.565831,-107.502778,2011,,,,,,,,,,,,,,,,,,
G3000050,30,5,48.4282823,-108.9676475,48.441261,-108.899086,6491.0,Blaine,Montana,G3000050,48.441261,-108.899086,2011,,,,,,,,,,,,,,,,,,
G3000070,30,7,46.3298513,-111.4978686,46.302846,-111.535578,5612.0,Broadwater,Montana,G3000070,46.302846,-111.535578,2011,,,,,,,,,,,,,,,,,,
G3000090,30,9,45.2244745,-109.0285509,45.321484,-109.084478,10078.0,Carbon,Montana,G3000090,45.321484,-109.084478,2011,,,,,,,,,,,,,,,,,,
G3000130,30,13,47.3164427,-111.350571,47.491839,-111.306258,81327.0,Cascade,Montana,G3000130,47.491839,-111.306258,2011,,,,,,,,,,,,,,,,,,
G3000150,30,15,47.886837,-110.4361888,47.956366,-110.403274,5813.0,Chouteau,Montana,G3000150,47.956366,-110.403274,2011,,,,,,,,,,,,,,,,,,
G3000170,30,17,46.2614807,-105.550508,46.403369,-105.817008,11699.0,Custer,Montana,G3000170,46.403369,-105.817008,2011,,,,,,,,,,,,,,,,,,
G3000190,30,19,48.794429,-105.5417385,48.783416,-105.43032,1751.0,Daniels,Montana,G3000190,48.783416,-105.43032,2011,,,,,,,,,,,,,,,,,,
G3000210,30,21,47.2724248,-104.9010267,47.134482,-104.750559,8966.0,Dawson,Montana,G3000210,47.134482,-104.750559,2011,,,,,,,,,,,,,,,,,,
G3000230,30,23,46.0949625,-113.1401534,46.137755,-112.954087,9298.0,Deer Lodge,Montana,G3000230,46.137755,-112.954087,2011,,,,,,,,,,,,,,,,,,
G3000250,30,25,46.3181841,-104.4057182,46.358863,-104.309448,2890.0,Fallon,Montana,G3000250,46.358863,-104.309448,2011,,,,,,,,,,,,,,,,,,
G3000270,30,27,47.2236408,-109.2237053,47.097548,-109.417095,11586.0,Fergus,Montana,G3000270,47.097548,-109.417095,2011,,,,,,,,,,,,,,,,,,
G3000290,30,29,48.3145809,-114.0545229,48.247204,-114.279524,90928.0,Flathead,Montana,G3000290,48.247204,-114.279524,2011,,,,,,,,,,,,,,,,,,
G3000310,30,31,45.5180536,-111.1639214,45.682805,-111.128283,89513.0,Gallatin,Montana,G3000310,45.682805,-111.128283,2011,,,,,,,,,,,,,,,,,,
G3000350,30,35,48.7056706,-112.9905023,48.60292,-112.799156,13399.0,Glacier,Montana,G3000350,48.60292,-112.799156,2011,,,,,,,,,,,,,,,,,,
G3000370,30,37,46.3806243,-109.1745855,46.287061,-109.139695,884.0,Golden Valley,Montana,G3000370,46.287061,-109.139695,2011,,,,,,,,,,,,,,,,,,
G3000390,30,39,46.3949793,-113.425548,46.448832,-113.293879,3079.0,Granite,Montana,G3000390,46.448832,-113.293879,2011,,,,,,,,,,,,,,,,,,
G3000410,30,41,48.6319595,-110.106321,48.515786,-109.762794,16096.0,Hill,Montana,G3000410,48.515786,-109.762794,2011,,,,,,,,,,,,,,,,,,
G3000430,30,43,46.1243195,-112.0588528,46.254092,-112.053101,11406.0,Jefferson,Montana,G3000430,46.254092,-112.053101,2011,,,,,,,,,,,,,,,,,,
G3000450,30,45,47.032558,-110.30532,47.102395,-110.177445,2072.0,Judith Basin,Montana,G3000450,47.102395,-110.177445,2011,,,,,,,,,,,,,,,,,,
G3000470,30,47,47.6429007,-114.0836866,47.601938,-114.120003,28746.0,Lake,Montana,G3000470,47.601938,-114.120003,2011,,,,,,,,,,,,,,,,,,
G3000490,30,49,47.1220341,-112.3829244,46.64477,-112.021955,63395.0,Lewis and Clark,Montana,G3000490,46.64477,-112.021955,2011,,,,,,,,,,,,,,,,,,
G3000510,30,51,48.5596541,-111.0369242,48.563509,-111.000283,2339.0,Liberty,Montana,G3000510,48.563509,-111.000283,2011,,,,,,,,,,,,,,,,,,
G3000530,30,53,48.5567653,-115.4758302,48.545504,-115.437677,19687.0,Lincoln,Montana,G3000530,48.545504,-115.437677,2011,,,,,,,,,,,,,,,,,,
G3000550,30,55,47.6296277,-105.757222,47.561984,-105.644548,1734.0,McCone,Montana,G3000550,47.561984,-105.644548,2011,,,,,,,,,,,,,,,,,,
G3000570,30,57,45.3253212,-111.9137393,45.43599,-111.949217,7691.0,Madison,Montana,G3000570,45.43599,-111.949217,2011,,,,,,,,,,,,,,,,,,
G3000590,30,59,46.585698,-110.9217475,46.526827,-110.875445,1891.0,Meagher,Montana,G3000590,46.526827,-110.875445,2011,,,,,,,,,,,,,,,,,,
G3000610,30,61,47.1552135,-115.0645471,47.185566,-114.899744,4223.0,Mineral,Montana,G3000610,47.185566,-114.899744,2011,,,,,,,,,,,,,,,,,,
G3000630,30,63,47.0272626,-113.8926807,46.875472,-114.019007,109299.0,Missoula,Montana,G3000630,46.875472,-114.019007,2011,,,,,,,,,,,,,,,,,,
G3000650,30,65,46.5052807,-108.4397631,46.417552,-108.490425,4538.0,Musselshell,Montana,G3000650,46.417552,-108.490425,2011,,,,,,,,,,,,,,,,,,
G3000670,30,67,45.4219048,-110.5327983,45.59709,-110.599015,15636.0,Park,Montana,G3000670,45.59709,-110.599015,2011,,,,,,,,,,,,,,,,,,
G3000710,30,71,48.2501547,-107.9288331,48.374315,-107.857685,4253.0,Phillips,Montana,G3000710,48.374315,-107.857685,2011,,,,,,,,,,,,,,,,,,
G3000730,30,73,48.2303122,-112.2199279,48.210126,-112.14458,6153.0,Pondera,Montana,G3000730,48.210126,-112.14458,2011,,,,,,,,,,,,,,,,,,
G3000750,30,75,45.4089262,-105.555344,45.440737,-105.535004,1743.0,Powder River,Montana,G3000750,45.440737,-105.535004,2011,,,,,,,,,,,,,,,,,,
G3000770,30,77,46.8442254,-112.9310998,46.449212,-112.760484,7027.0,Powell,Montana,G3000770,46.449212,-112.760484,2011,,,,,,,,,,,,,,,,,,
G3000810,30,81,46.0792979,-114.1190647,46.352649,-114.117267,40212.0,Ravalli,Montana,G3000810,46.352649,-114.117267,2011,,,,,,,,,,,,,,,,,,
G3000830,30,83,47.7855132,-104.5633871,47.718572,-104.203904,9746.0,Richland,Montana,G3000830,47.718572,-104.203904,2011,,,,,,,,,,,,,,,,,,
G3000850,30,85,48.2827471,-104.9951698,48.132541,-105.24766,10425.0,Roosevelt,Montana,G3000850,48.132541,-105.24766,2011,,,,,,,,,,,,,,,,,,
G3000870,30,87,46.1620578,-106.7025387,45.907996,-106.611337,9233.0,Rosebud,Montana,G3000870,45.907996,-106.611337,2011,,,,,,,,,,,,,,,,,,
G3000890,30,89,47.7565002,-115.1802948,47.636131,-115.177085,11413.0,Sanders,Montana,G3000890,47.636131,-115.177085,2011,,,,,,,,,,,,,,,,,,
G3000910,30,91,48.7055228,-104.5339129,48.737464,-104.499376,3384.0,Sheridan,Montana,G3000910,48.737464,-104.499376,2011,,,,,,,,,,,,,,,,,,
G3000930,30,93,45.895959,-112.6602218,45.98796,-112.524356,34200.0,Silver Bow,Montana,G3000930,45.98796,-112.524356,2011,,,,,,,,,,,,,,,,,,
G3000950,30,95,45.6589275,-109.3821558,45.613806,-109.249493,9117.0,Stillwater,Montana,G3000950,45.613806,-109.249493,2011,,,,,,,,,,,,,,,,,,
G3000970,30,97,45.8130601,-109.9413124,45.830248,-109.915919,3651.0,Sweet Grass,Montana,G3000970,45.830248,-109.915919,2011,,,,,,,,,,,,,,,,,,
G3000990,30,99,47.8190352,-112.2817249,47.771875,-112.054612,6073.0,Teton,Montana,G3000990,47.771875,-112.054612,2011,,,,,,,,,,,,,,,,,,
G3001010,30,101,48.6450515,-111.7334927,48.585262,-111.85338,5324.0,Toole,Montana,G3001010,48.585262,-111.85338,2011,,,,,,,,,,,,,,,,,,
G3001050,30,105,48.3498496,-106.6704238,48.233939,-106.546143,7369.0,Valley,Montana,G3001050,48.233939,-106.546143,2011,,,,,,,,,,,,,,,,,,
G3001070,30,107,46.4970466,-109.8571467,46.459736,-109.844091,2168.0,Wheatland,Montana,G3001070,46.459736,-109.844091,2011,,,,,,,,,,,,,,,,,,
G3001090,30,109,46.9629657,-104.2745184,46.969011,-104.196159,1017.0,Wibaux,Montana,G3001090,46.969011,-104.196159,2011,,,,,,,,,,,,,,,,,,
G3001110,30,111,45.9369867,-108.2766564,45.791309,-108.539417,147972.0,Yellowstone,Montana,G3001110,45.791309,-108.539417,2011,,,,,,,,,,,,,,,,,,
G3100010,31,1,40.5206322,-98.5000441,40.583763,-98.414536,31364.0,Adams,Nebraska,G3100010,40.583763,-98.414536,2011,,,,,,,,,,,,,,,,,,
G3100030,31,3,42.1832253,-98.0580367,42.149596,-98.05683,6685.0,Antelope,Nebraska,G3100030,42.149596,-98.05683,2011,,,,,,,,,,,,,,,,,,
G3100110,31,11,41.7039345,-98.0704764,41.68018,-98.01636,5505.0,Boone,Nebraska,G3100110,41.68018,-98.01636,2011,,,,,,,,,,,,,,,,,,
G3100130,31,13,42.2103804,-103.0817795,42.13504,-102.903704,11308.0,Box Butte,Nebraska,G3100130,42.13504,-102.903704,2011,,,,,,,,,,,,,,,,,,
G3100150,31,15,42.8944477,-98.7730221,42.891084,-98.730816,2099.0,Boyd,Nebraska,G3100150,42.891084,-98.730816,2011,,,,,,,,,,,,,,,,,,
G3100170,31,17,42.3595618,-99.9239198,42.538836,-99.852141,3145.0,Brown,Nebraska,G3100170,42.538836,-99.852141,2011,,,,,,,,,,,,,,,,,,
G3100190,31,19,40.855226,-99.0749833,40.737667,-99.07016,46102.0,Buffalo,Nebraska,G3100190,40.737667,-99.07016,2011,,,,,,,,,,,,,,,,,,
G3100210,31,21,41.8541794,-96.3377462,41.845797,-96.34254,6858.0,Burt,Nebraska,G3100210,41.845797,-96.34254,2011,,,,,,,,,,,,,,,,,,
G3100230,31,23,41.2260724,-97.1320395,41.248949,-97.141234,8395.0,Butler,Nebraska,G3100230,41.248949,-97.141234,2011,,,,,,,,,,,,,,,,,,
G3100250,31,25,40.9098778,-96.1406086,40.946526,-96.062535,25241.0,Cass,Nebraska,G3100250,40.946526,-96.062535,2011,,,,,,,,,,,,,,,,,,
G3100270,31,27,42.6045112,-97.2568241,42.576273,-97.25486,8852.0,Cedar,Nebraska,G3100270,42.576273,-97.25486,2011,,,,,,,,,,,,,,,,,,
G3100290,31,29,40.5303903,-101.6941918,40.500254,-101.619767,3966.0,Chase,Nebraska,G3100290,40.500254,-101.619767,2011,,,,,,,,,,,,,,,,,,
G3100310,31,31,42.5713234,-101.0476533,42.784561,-100.754886,5713.0,Cherry,Nebraska,G3100310,42.784561,-100.754886,2011,,,,,,,,,,,,,,,,,,
G3100330,31,33,41.2142358,-103.0119289,41.166245,-102.982623,9998.0,Cheyenne,Nebraska,G3100330,41.166245,-102.982623,2011,,,,,,,,,,,,,,,,,,
G3100350,31,35,40.5236688,-98.0510501,40.545465,-98.029666,6542.0,Clay,Nebraska,G3100350,40.545465,-98.029666,2011,,,,,,,,,,,,,,,,,,
G3100370,31,37,41.57496,-97.0889449,41.517571,-97.076554,10515.0,Colfax,Nebraska,G3100370,41.517571,-97.076554,2011,,,,,,,,,,,,,,,,,,
G3100390,31,39,41.9158651,-96.7885168,41.897578,-96.759175,9139.0,Cuming,Nebraska,G3100390,41.897578,-96.759175,2011,,,,,,,,,,,,,,,,,,
G3100410,31,41,41.3938927,-99.7268662,41.401093,-99.672832,10939.0,Custer,Nebraska,G3100410,41.401093,-99.672832,2011,,,,,,,,,,,,,,,,,,
G3100430,31,43,42.3916449,-96.5613555,42.445678,-96.441515,21006.0,Dakota,Nebraska,G3100430,42.445678,-96.441515,2011,,,,,,,,,,,,,,,,,,
G3100450,31,45,42.7112144,-103.1348721,42.785306,-103.066266,9182.0,Dawes,Nebraska,G3100450,42.785306,-103.066266,2011,,,,,,,,,,,,,,,,,,
G3100470,31,47,40.8673784,-99.8151537,40.828531,-99.858944,24326.0,Dawson,Nebraska,G3100470,40.828531,-99.858944,2011,,,,,,,,,,,,,,,,,,
G3100510,31,51,42.4852801,-96.8558616,42.438517,-96.830002,6000.0,Dixon,Nebraska,G3100510,42.438517,-96.830002,2011,,,,,,,,,,,,,,,,,,
G3100530,31,53,41.5770082,-96.6458526,41.473485,-96.53063,36691.0,Dodge,Nebraska,G3100530,41.473485,-96.53063,2011,,,,,,,,,,,,,,,,,,
G3100550,31,55,41.2970908,-96.1540664,41.25991,-96.061471,517110.0,Douglas,Nebraska,G3100550,41.25991,-96.061471,2011,,,,,,,,,,,,,,,,,,
G3100590,31,59,40.5250399,-97.5967053,40.540682,-97.578024,5890.0,Fillmore,Nebraska,G3100590,40.540682,-97.578024,2011,,,,,,,,,,,,,,,,,,
G3100630,31,63,40.5309469,-100.4066834,40.607972,-100.404194,2756.0,Frontier,Nebraska,G3100630,40.607972,-100.404194,2011,,,,,,,,,,,,,,,,,,
G3100650,31,65,40.191865,-99.9096631,40.248006,-99.925599,4959.0,Furnas,Nebraska,G3100650,40.248006,-99.925599,2011,,,,,,,,,,,,,,,,,,
G3100670,31,67,40.2552337,-96.6834528,40.274482,-96.714139,22311.0,Gage,Nebraska,G3100670,40.274482,-96.714139,2011,,,,,,,,,,,,,,,,,,
G3100690,31,69,41.6333638,-102.3029845,41.422768,-102.320765,2057.0,Garden,Nebraska,G3100690,41.422768,-102.320765,2011,,,,,,,,,,,,,,,,,,
G3100710,31,71,41.9068675,-98.951231,41.800943,-99.107238,2049.0,Garfield,Nebraska,G3100710,41.800943,-99.107238,2011,,,,,,,,,,,,,,,,,,
G3100770,31,77,41.5675715,-98.5305655,41.556319,-98.497703,2538.0,Greeley,Nebraska,G3100770,41.556319,-98.497703,2011,,,,,,,,,,,,,,,,,,
G3100790,31,79,40.8660265,-98.5026645,40.915597,-98.377535,58607.0,Hall,Nebraska,G3100790,40.915597,-98.377535,2011,,,,,,,,,,,,,,,,,,
G3100810,31,81,40.8728173,-98.0223294,40.878695,-98.021089,9124.0,Hamilton,Nebraska,G3100810,40.878695,-98.021089,2011,,,,,,,,,,,,,,,,,,
G3100830,31,83,40.1787663,-99.4034177,40.145693,-99.40221,3423.0,Harlan,Nebraska,G3100830,40.145693,-99.40221,2011,,,,,,,,,,,,,,,,,,
G3100870,31,87,40.1768964,-101.044217,40.211961,-101.006845,2908.0,Hitchcock,Nebraska,G3100870,40.211961,-101.006845,2011,,,,,,,,,,,,,,,,,,
G3100890,31,89,42.4592867,-98.7847662,42.4584,-98.742988,10435.0,Holt,Nebraska,G3100890,42.4584,-98.742988,2011,,,,,,,,,,,,,,,,,,
G3100930,31,93,41.2168513,-98.5133417,41.189549,-98.493475,6274.0,Howard,Nebraska,G3100930,41.189549,-98.493475,2011,,,,,,,,,,,,,,,,,,
G3100950,31,95,40.1757356,-97.1431027,40.164028,-97.140354,7547.0,Jefferson,Nebraska,G3100950,40.164028,-97.140354,2011,,,,,,,,,,,,,,,,,,
G3100970,31,97,40.3950099,-96.2653668,40.401369,-96.228933,5217.0,Johnson,Nebraska,G3100970,40.401369,-96.228933,2011,,,,,,,,,,,,,,,,,,
G3100990,31,99,40.5091198,-98.9476019,40.506264,-98.992742,6489.0,Kearney,Nebraska,G3100990,40.506264,-98.992742,2011,,,,,,,,,,,,,,,,,,
G3101010,31,101,41.1942448,-101.6444493,41.141877,-101.696492,8368.0,Keith,Nebraska,G3101010,41.141877,-101.696492,2011,,,,,,,,,,,,,,,,,,
G3101050,31,105,41.1992736,-103.7031528,41.232889,-103.660711,3821.0,Kimball,Nebraska,G3101050,41.232889,-103.660711,2011,,,,,,,,,,,,,,,,,,
G3101070,31,107,42.6344045,-97.8913492,42.61911,-97.786962,8701.0,Knox,Nebraska,G3101070,42.61911,-97.786962,2011,,,,,,,,,,,,,,,,,,
G3101090,31,109,40.7835474,-96.6886584,40.801058,-96.673551,285407.0,Lancaster,Nebraska,G3101090,40.801058,-96.673551,2011,,,,,,,,,,,,,,,,,,
G3101110,31,111,41.0503221,-100.7444808,41.119635,-100.78923,36288.0,Lincoln,Nebraska,G3101110,41.119635,-100.78923,2011,,,,,,,,,,,,,,,,,,
G3101130,31,113,41.5421555,-100.4436647,41.484178,-100.500737,763.0,Logan,Nebraska,G3101130,41.484178,-100.500737,2011,,,,,,,,,,,,,,,,,,
G3101190,31,119,41.9099293,-97.6068564,42.003908,-97.461692,34876.0,Madison,Nebraska,G3101190,42.003908,-97.461692,2011,,,,,,,,,,,,,,,,,,
G3101210,31,121,41.1698005,-98.0310505,41.1312,-98.039353,7845.0,Merrick,Nebraska,G3101210,41.1312,-98.039353,2011,,,,,,,,,,,,,,,,,,
G3101230,31,123,41.7322039,-102.9905936,41.707123,-103.159224,5042.0,Morrill,Nebraska,G3101230,41.707123,-103.159224,2011,,,,,,,,,,,,,,,,,,
G3101250,31,125,41.4023855,-97.9914083,41.403829,-97.895028,3735.0,Nance,Nebraska,G3101250,41.403829,-97.895028,2011,,,,,,,,,,,,,,,,,,
G3101270,31,127,40.3852358,-95.8530563,40.403957,-95.836309,7248.0,Nemaha,Nebraska,G3101270,40.403957,-95.836309,2011,,,,,,,,,,,,,,,,,,
G3101290,31,129,40.1764918,-98.0468422,40.115021,-98.061108,4500.0,Nuckolls,Nebraska,G3101290,40.115021,-98.061108,2011,,,,,,,,,,,,,,,,,,
G3101310,31,131,40.6379916,-96.1310274,40.669495,-96.029874,15740.0,Otoe,Nebraska,G3101310,40.669495,-96.029874,2011,,,,,,,,,,,,,,,,,,
G3101350,31,135,40.8576462,-101.6274676,40.847278,-101.672531,2970.0,Perkins,Nebraska,G3101350,40.847278,-101.672531,2011,,,,,,,,,,,,,,,,,,
G3101370,31,137,40.5163647,-99.4065568,40.468151,-99.406756,9188.0,Phelps,Nebraska,G3101370,40.468151,-99.406756,2011,,,,,,,,,,,,,,,,,,
G3101390,31,139,42.2714129,-97.6109917,42.262663,-97.591986,7266.0,Pierce,Nebraska,G3101390,42.262663,-97.591986,2011,,,,,,,,,,,,,,,,,,
G3101410,31,141,41.5768655,-97.5134673,41.469013,-97.387409,32237.0,Platte,Nebraska,G3101410,41.469013,-97.387409,2011,,,,,,,,,,,,,,,,,,
G3101430,31,143,41.1879253,-97.5706627,41.174759,-97.555813,5406.0,Polk,Nebraska,G3101430,41.174759,-97.555813,2011,,,,,,,,,,,,,,,,,,
G3101450,31,145,40.1694196,-100.4685764,40.205475,-100.587807,11055.0,Red Willow,Nebraska,G3101450,40.205475,-100.587807,2011,,,,,,,,,,,,,,,,,,
G3101470,31,147,40.1237427,-95.7186026,40.099947,-95.673464,8363.0,Richardson,Nebraska,G3101470,40.099947,-95.673464,2011,,,,,,,,,,,,,,,,,,
G3101490,31,149,42.394749,-99.4208512,42.536442,-99.495235,1526.0,Rock,Nebraska,G3101490,42.536442,-99.495235,2011,,,,,,,,,,,,,,,,,,
G3101510,31,151,40.5168024,-97.131755,40.578252,-97.02001,14200.0,Saline,Nebraska,G3101510,40.578252,-97.02001,2011,,,,,,,,,,,,,,,,,,
G3101530,31,153,41.1150635,-96.1091254,41.153107,-96.033892,158840.0,Sarpy,Nebraska,G3101530,41.153107,-96.033892,2011,,,,,,,,,,,,,,,,,,
G3101550,31,155,41.2231522,-96.6409225,41.199571,-96.571016,20780.0,Saunders,Nebraska,G3101550,41.199571,-96.571016,2011,,,,,,,,,,,,,,,,,,
G3101570,31,157,41.8503306,-103.7015494,41.865018,-103.68038,36970.0,Scotts Bluff,Nebraska,G3101570,41.865018,-103.68038,2011,,,,,,,,,,,,,,,,,,
G3101590,31,159,40.8719439,-97.140383,40.873593,-97.106037,16750.0,Seward,Nebraska,G3101590,40.873593,-97.106037,2011,,,,,,,,,,,,,,,,,,
G3101610,31,161,42.5122888,-102.3682795,42.699305,-102.398893,5469.0,Sheridan,Nebraska,G3101610,42.699305,-102.398893,2011,,,,,,,,,,,,,,,,,,
G3101630,31,163,41.2187425,-98.9728492,41.223634,-98.97165,3152.0,Sherman,Nebraska,G3101630,41.223634,-98.97165,2011,,,,,,,,,,,,,,,,,,
G3101650,31,165,42.4706119,-103.7321114,42.379652,-103.825082,1311.0,Sioux,Nebraska,G3101650,42.379652,-103.825082,2011,,,,,,,,,,,,,,,,,,
G3101670,31,167,41.9050454,-97.1771094,41.985653,-97.251636,6129.0,Stanton,Nebraska,G3101670,41.985653,-97.251636,2011,,,,,,,,,,,,,,,,,,
G3101690,31,169,40.1738446,-97.5962626,40.179229,-97.62535,5228.0,Thayer,Nebraska,G3101690,40.179229,-97.62535,2011,,,,,,,,,,,,,,,,,,
G3101710,31,171,41.8486202,-100.5069105,41.966823,-100.546734,647.0,Thomas,Nebraska,G3101710,41.966823,-100.546734,2011,,,,,,,,,,,,,,,,,,
G3101730,31,173,42.1540613,-96.5339428,42.159409,-96.515688,6940.0,Thurston,Nebraska,G3101730,42.159409,-96.515688,2011,,,,,,,,,,,,,,,,,,
G3101750,31,175,41.5640938,-98.9834841,41.57337,-98.947749,4260.0,Valley,Nebraska,G3101750,41.57337,-98.947749,2011,,,,,,,,,,,,,,,,,,
G3101770,31,177,41.5339726,-96.2245771,41.507053,-96.158296,20234.0,Washington,Nebraska,G3101770,41.507053,-96.158296,2011,,,,,,,,,,,,,,,,,,
G3101790,31,179,42.210746,-97.1262433,42.22193,-97.063062,9595.0,Wayne,Nebraska,G3101790,42.22193,-97.063062,2011,,,,,,,,,,,,,,,,,,
G3101810,31,181,40.1806461,-98.4985897,40.200266,-98.485192,3812.0,Webster,Nebraska,G3101810,40.200266,-98.485192,2011,,,,,,,,,,,,,,,,,,
G3101830,31,183,41.922578,-98.520851,41.880574,-98.543873,818.0,Wheeler,Nebraska,G3101830,41.880574,-98.543873,2011,,,,,,,,,,,,,,,,,,
G3101850,31,185,40.8730557,-97.5967418,40.864374,-97.605431,13665.0,York,Nebraska,G3101850,40.864374,-97.605431,2011,,,,,,,,,,,,,,,,,,
G3200010,32,1,39.53771,-118.2641654,39.473584,-118.795661,24877.0,Churchill,Nevada,G3200010,39.473584,-118.795661,2011,,,,,,,,,,,,,,,,,,
G3200030,32,3,36.214236,-115.0138188,36.143366,-115.14994,1951269.0,Clark,Nevada,G3200030,36.143366,-115.14994,2011,,,,,,,,,,,,,,,,,,
G3200050,32,5,38.9051292,-119.6090191,38.956913,-119.755928,46997.0,Douglas,Nevada,G3200050,38.956913,-119.755928,2011,,,,,,,,,,,,,,,,,,
G3200070,32,7,41.1411327,-115.3514239,40.870907,-115.518595,48818.0,Elko,Nevada,G3200070,40.870907,-115.518595,2011,,,,,,,,,,,,,,,,,,
G3200110,32,11,39.9777878,-116.2722082,39.866898,-116.147686,1987.0,Eureka,Nevada,G3200110,39.866898,-116.147686,2011,,,,,,,,,,,,,,,,,,
G3200130,32,13,41.4079136,-118.1275915,41.034176,-117.745055,16528.0,Humboldt,Nevada,G3200130,41.034176,-117.745055,2011,,,,,,,,,,,,,,,,,,
G3200150,32,15,39.9002105,-117.0472398,40.520911,-116.94321,5775.0,Lander,Nevada,G3200150,40.520911,-116.94321,2011,,,,,,,,,,,,,,,,,,
G3200170,32,17,37.634605,-114.8630367,37.6903,-114.644504,5345.0,Lincoln,Nevada,G3200170,37.6903,-114.644504,2011,,,,,,,,,,,,,,,,,,
G3200190,32,19,39.0222125,-119.1974246,39.34878,-119.325133,51980.0,Lyon,Nevada,G3200190,39.34878,-119.325133,2011,,,,,,,,,,,,,,,,,,
G3200210,32,21,38.516647,-118.4162794,38.590037,-118.638693,4772.0,Mineral,Nevada,G3200210,38.590037,-118.638693,2011,,,,,,,,,,,,,,,,,,
G3200230,32,23,37.9658636,-116.4590107,36.468656,-116.165792,43946.0,Nye,Nevada,G3200230,36.468656,-116.165792,2011,,,,,,,,,,,,,,,,,,
G3200270,32,27,40.439639,-118.4094765,40.34344,-118.294549,6753.0,Pershing,Nevada,G3200270,40.34344,-118.294549,2011,,,,,,,,,,,,,,,,,,
G3200290,32,29,39.4383853,-119.5246462,39.389364,-119.624138,4010.0,Storey,Nevada,G3200290,39.389364,-119.624138,2011,,,,,,,,,,,,,,,,,,
G3200310,32,31,40.734015,-119.6622724,39.535558,-119.795493,421407.0,Washoe,Nevada,G3200310,39.535558,-119.795493,2011,,,,,,,,,,,,,,,,,,
G3200330,32,33,39.4182344,-114.900605,39.273238,-114.862381,10030.0,White Pine,Nevada,G3200330,39.273238,-114.862381,2011,,,,,,,,,,,,,,,,,,
G3205100,32,510,39.1533382,-119.7436864,39.166134,-119.753711,55274.0,Carson City,Nevada,G3205100,39.166134,-119.753711,2011,,,,,,,,,,,,,,,,,,
G3300010,33,1,43.5191091,-71.4253661,43.5174,-71.44059,60088.0,Belknap,New Hampshire,G3300010,43.5174,-71.44059,2011,,,,,,,,,,,,,,,,,,
G3300030,33,3,43.8675668,-71.201665,43.810972,-71.166412,47818.0,Carroll,New Hampshire,G3300030,43.810972,-71.166412,2011,,,,,,,,,,,,,,,,,,
G3300050,33,5,42.9254553,-72.2482169,42.898264,-72.262715,77117.0,Cheshire,New Hampshire,G3300050,42.898264,-72.262715,2011,,,,,,,,,,,,,,,,,,
G3300070,33,7,44.6524194,-71.2893827,44.550062,-71.36275,33055.0,Coos,New Hampshire,G3300070,44.550062,-71.36275,2011,,,,,,,,,,,,,,,,,,
G3300090,33,9,43.9264976,-71.8423368,43.838874,-71.953268,89118.0,Grafton,New Hampshire,G3300090,43.838874,-71.953268,2011,,,,,,,,,,,,,,,,,,
G3300110,33,11,42.9116429,-71.7231012,42.879889,-71.532928,400721.0,Hillsborough,New Hampshire,G3300110,42.879889,-71.532928,2011,,,,,,,,,,,,,,,,,,
G3300130,33,13,43.2994849,-71.6801295,43.246442,-71.586214,146445.0,Merrimack,New Hampshire,G3300130,43.246442,-71.586214,2011,,,,,,,,,,,,,,,,,,
G3300150,33,15,42.9885826,-71.0989884,42.936726,-71.104266,295223.0,Rockingham,New Hampshire,G3300150,42.936726,-71.104266,2011,,,,,,,,,,,,,,,,,,
G3300170,33,17,43.2931715,-71.035889,43.247646,-70.954943,123143.0,Strafford,New Hampshire,G3300170,43.247646,-70.954943,2011,,,,,,,,,,,,,,,,,,
G3300190,33,19,43.3611883,-72.2220839,43.367422,-72.259352,43742.0,Sullivan,New Hampshire,G3300190,43.367422,-72.259352,2011,,,,,,,,,,,,,,,,,,
G3400010,34,1,39.469354,-74.6337584,39.427562,-74.583452,274549.0,Atlantic,New Jersey,G3400010,39.427562,-74.583452,2011,,,,,,,,,,,,,,,,,,
G3400030,34,3,40.959648,-74.0748604,40.918799,-74.057383,905116.0,Bergen,New Jersey,G3400030,40.918799,-74.057383,2011,,,,,,,,,,,,,,,,,,
G3400050,34,5,39.8757858,-74.6630063,39.982667,-74.834269,448734.0,Burlington,New Jersey,G3400050,39.982667,-74.834269,2011,,,,,,,,,,,,,,,,,,
G3400070,34,7,39.8023521,-74.9612508,39.86401,-75.027836,513657.0,Camden,New Jersey,G3400070,39.86401,-75.027836,2011,,,,,,,,,,,,,,,,,,
G3400090,34,9,39.0861425,-74.8477158,39.095952,-74.807133,97265.0,Cape May,New Jersey,G3400090,39.095952,-74.807133,2011,,,,,,,,,,,,,,,,,,
G3400110,34,11,39.3283874,-75.1216435,39.428284,-75.087728,156898.0,Cumberland,New Jersey,G3400110,39.428284,-75.087728,2011,,,,,,,,,,,,,,,,,,
G3400130,34,13,40.7872272,-74.246153,40.768705,-74.216402,783969.0,Essex,New Jersey,G3400130,40.768705,-74.216402,2011,,,,,,,,,,,,,,,,,,
G3400150,34,15,39.7228248,-75.1455481,39.749187,-75.127456,288288.0,Gloucester,New Jersey,G3400150,39.749187,-75.127456,2011,,,,,,,,,,,,,,,,,,
G3400170,34,17,40.7313837,-74.0786266,40.742925,-74.061278,634266.0,Hudson,New Jersey,G3400170,40.742925,-74.061278,2011,,,,,,,,,,,,,,,,,,
G3400190,34,19,40.5652832,-74.9119695,40.572183,-74.896782,128349.0,Hunterdon,New Jersey,G3400190,40.572183,-74.896782,2011,,,,,,,,,,,,,,,,,,
G3400210,34,21,40.2825027,-74.703724,40.255566,-74.70034,366513.0,Mercer,New Jersey,G3400210,40.255566,-74.70034,2011,,,,,,,,,,,,,,,,,,
G3400230,34,23,40.4395925,-74.4075852,40.485529,-74.387921,809858.0,Middlesex,New Jersey,G3400230,40.485529,-74.387921,2011,,,,,,,,,,,,,,,,,,
G3400250,34,25,40.2870558,-74.1524453,40.291301,-74.14773,630380.0,Monmouth,New Jersey,G3400250,40.291301,-74.14773,2011,,,,,,,,,,,,,,,,,,
G3400270,34,27,40.8585805,-74.5474268,40.859552,-74.501661,492276.0,Morris,New Jersey,G3400270,40.859552,-74.501661,2011,,,,,,,,,,,,,,,,,,
G3400290,34,29,39.865669,-74.2588636,39.973657,-74.21461,576567.0,Ocean,New Jersey,G3400290,39.973657,-74.21461,2011,,,,,,,,,,,,,,,,,,
G3400310,34,31,41.0383851,-74.2984918,40.925361,-74.191473,501226.0,Passaic,New Jersey,G3400310,40.925361,-74.191473,2011,,,,,,,,,,,,,,,,,,
G3400330,34,33,39.5738282,-75.3573559,39.625938,-75.37658,66083.0,Salem,New Jersey,G3400330,39.625938,-75.37658,2011,,,,,,,,,,,,,,,,,,
G3400350,34,35,40.5655218,-74.61993,40.561176,-74.578798,323444.0,Somerset,New Jersey,G3400350,40.561176,-74.578798,2011,,,,,,,,,,,,,,,,,,
G3400370,34,37,41.1374239,-74.6918545,41.091219,-74.654037,149265.0,Sussex,New Jersey,G3400370,41.091219,-74.654037,2011,,,,,,,,,,,,,,,,,,
G3400390,34,39,40.6598707,-74.3086957,40.659609,-74.294239,536499.0,Union,New Jersey,G3400390,40.659609,-74.294239,2011,,,,,,,,,,,,,,,,,,
G3400410,34,41,40.8535238,-75.0095421,40.795162,-75.016426,108692.0,Warren,New Jersey,G3400410,40.795162,-75.016426,2011,,,,,,,,,,,,,,,,,,
G3500010,35,1,35.0540019,-106.6690645,35.107877,-106.616039,662564.0,Bernalillo,New Mexico,G3500010,35.107877,-106.616039,2011,,,,,,,,,,,,,,,,,,
G3500050,35,5,33.3616045,-104.4698374,33.364652,-104.51261,65645.0,Chaves,New Mexico,G3500050,33.364652,-104.51261,2011,,,,,,,,,,,,,,,,,,
G3500060,35,6,34.93205,-108.000374,35.113977,-107.804609,27213.0,Cibola,New Mexico,G3500060,35.113977,-107.804609,2011,,,,,,,,,,,,,,,,,,
G3500070,35,7,36.6129625,-104.6401256,36.702618,-104.643736,13750.0,Colfax,New Mexico,G3500070,36.702618,-104.643736,2011,,,,,,,,,,,,,,,,,,
G3500090,35,9,34.5729841,-103.3460546,34.420099,-103.215708,48376.0,Curry,New Mexico,G3500090,34.420099,-103.215708,2011,,,,,,,,,,,,,,,,,,
G3500110,35,11,34.3592729,-104.3686961,34.465462,-104.257875,2022.0,De Baca,New Mexico,G3500110,34.465462,-104.257875,2011,,,,,,,,,,,,,,,,,,
G3500130,35,13,32.3509119,-106.8321821,32.247294,-106.728697,209233.0,Dona Ana,New Mexico,G3500130,32.247294,-106.728697,2011,,,,,,,,,,,,,,,,,,
G3500150,35,15,32.4578702,-104.3064789,32.547601,-104.291387,53829.0,Eddy,New Mexico,G3500150,32.547601,-104.291387,2011,,,,,,,,,,,,,,,,,,
G3500170,35,17,32.732087,-108.3815043,32.780455,-108.242693,29514.0,Grant,New Mexico,G3500170,32.780455,-108.242693,2011,,,,,,,,,,,,,,,,,,
G3500190,35,19,34.8697822,-104.7849677,34.930036,-104.792489,4687.0,Guadalupe,New Mexico,G3500190,34.930036,-104.792489,2011,,,,,,,,,,,,,,,,,,
G3500230,35,23,31.8980519,-108.7519293,32.275633,-108.76674,4894.0,Hidalgo,New Mexico,G3500230,32.275633,-108.76674,2011,,,,,,,,,,,,,,,,,,
G3500250,35,25,32.7956865,-103.4132707,32.753117,-103.193711,64727.0,Lea,New Mexico,G3500250,32.753117,-103.193711,2011,,,,,,,,,,,,,,,,,,
G3500270,35,27,33.7409407,-105.4490834,33.420964,-105.631173,20497.0,Lincoln,New Mexico,G3500270,33.420964,-105.631173,2011,,,,,,,,,,,,,,,,,,
G3500280,35,28,35.8700469,-106.3079679,35.868766,-106.270283,17950.0,Los Alamos,New Mexico,G3500280,35.868766,-106.270283,2011,,,,,,,,,,,,,,,,,,
G3500290,35,29,32.1845231,-107.7471911,32.217487,-107.740412,25095.0,Luna,New Mexico,G3500290,32.217487,-107.740412,2011,,,,,,,,,,,,,,,,,,
G3500310,35,31,35.5838784,-108.2532659,35.511504,-108.63423,71492.0,McKinley,New Mexico,G3500310,35.511504,-108.63423,2011,,,,,,,,,,,,,,,,,,
G3500330,35,33,35.9828413,-104.9218975,35.99928,-105.241049,4881.0,Mora,New Mexico,G3500330,35.99928,-105.241049,2011,,,,,,,,,,,,,,,,,,
G3500350,35,35,32.5887764,-105.7810785,32.806642,-105.989844,63797.0,Otero,New Mexico,G3500350,32.806642,-105.989844,2011,,,,,,,,,,,,,,,,,,
G3500370,35,37,35.1070184,-103.5480713,35.180626,-103.65613,9041.0,Quay,New Mexico,G3500370,35.180626,-103.65613,2011,,,,,,,,,,,,,,,,,,
G3500390,35,39,36.5096687,-106.6939829,36.201002,-106.204801,40246.0,Rio Arriba,New Mexico,G3500390,36.201002,-106.204801,2011,,,,,,,,,,,,,,,,,,
G3500410,35,41,34.0214569,-103.4827248,34.167549,-103.348217,19846.0,Roosevelt,New Mexico,G3500410,34.167549,-103.348217,2011,,,,,,,,,,,,,,,,,,
G3500430,35,43,35.6850708,-106.8826194,35.328605,-106.64926,131561.0,Sandoval,New Mexico,G3500430,35.328605,-106.64926,2011,,,,,,,,,,,,,,,,,,
G3500450,35,45,36.5116245,-108.3245778,36.72194,-108.220647,130044.0,San Juan,New Mexico,G3500450,36.72194,-108.220647,2011,,,,,,,,,,,,,,,,,,
G3500470,35,47,35.4768585,-104.8035189,35.573296,-105.309684,29393.0,San Miguel,New Mexico,G3500470,35.573296,-105.309684,2011,,,,,,,,,,,,,,,,,,
G3500490,35,49,35.5143214,-105.9657722,35.630805,-106.004953,144170.0,Santa Fe,New Mexico,G3500490,35.630805,-106.004953,2011,,,,,,,,,,,,,,,,,,
G3500510,35,51,33.1194611,-107.1881533,33.109273,-107.277841,11988.0,Sierra,New Mexico,G3500510,33.109273,-107.277841,2011,,,,,,,,,,,,,,,,,,
G3500530,35,53,33.9916579,-106.9391362,34.153828,-106.957793,17866.0,Socorro,New Mexico,G3500530,34.153828,-106.957793,2011,,,,,,,,,,,,,,,,,,
G3500550,35,55,36.5765287,-105.6379865,36.433447,-105.609376,32937.0,Taos,New Mexico,G3500550,36.433447,-105.609376,2011,,,,,,,,,,,,,,,,,,
G3500570,35,57,34.5549786,-105.8905582,34.867124,-106.100997,16383.0,Torrance,New Mexico,G3500570,34.867124,-106.100997,2011,,,,,,,,,,,,,,,,,,
G3500590,35,59,36.4880853,-103.4757229,36.455575,-103.262118,4549.0,Union,New Mexico,G3500590,36.455575,-103.262118,2011,,,,,,,,,,,,,,,,,,
G3500610,35,61,34.7168404,-106.8065821,34.752149,-106.722542,76569.0,Valencia,New Mexico,G3500610,34.752149,-106.722542,2011,,,,,,,,,,,,,,,,,,
G3600010,36,1,42.5882401,-73.9740095,42.678976,-73.81304,304204.0,Albany,New York,G3600010,42.678976,-73.81304,2011,,,,,,,,,,,,,,,,,,
G3600030,36,3,42.2478639,-78.0261263,42.228245,-78.019297,48946.0,Allegany,New York,G3600030,42.228245,-78.019297,2011,,,,,,,,,,,,,,,,,,
G3600050,36,5,40.8487111,-73.852939,40.849354,-73.882363,1385108.0,Bronx,New York,G3600050,40.849354,-73.882363,2011,,,,,,,,,,,,,,,,,,
G3600070,36,7,42.1619773,-75.8302833,42.121306,-75.934245,200600.0,Broome,New York,G3600070,42.121306,-75.934245,2011,,,,,,,,,,,,,,,,,,
G3600090,36,9,42.2390953,-78.6623347,42.224267,-78.607656,80317.0,Cattaraugus,New York,G3600090,42.224267,-78.607656,2011,,,,,,,,,,,,,,,,,,
G3600110,36,11,43.0085456,-76.5745866,42.93537,-76.560044,80026.0,Cayuga,New York,G3600110,42.93537,-76.560044,2011,,,,,,,,,,,,,,,,,,
G3600130,36,13,42.3042159,-79.4075949,42.246256,-79.314671,134905.0,Chautauqua,New York,G3600130,42.246256,-79.314671,2011,,,,,,,,,,,,,,,,,,
G3600150,36,15,42.1552802,-76.7471789,42.118262,-76.813046,88830.0,Chemung,New York,G3600150,42.118262,-76.813046,2011,,,,,,,,,,,,,,,,,,
G3600170,36,17,42.4780238,-75.6022407,42.481195,-75.570326,50477.0,Chenango,New York,G3600170,42.481195,-75.570326,2011,,,,,,,,,,,,,,,,,,
G3600190,36,19,44.752712,-73.7056429,44.730039,-73.545325,82128.0,Clinton,New York,G3600190,44.730039,-73.545325,2011,,,,,,,,,,,,,,,,,,
G3600210,36,21,42.2477288,-73.6268057,42.273336,-73.681049,63096.0,Columbia,New York,G3600210,42.273336,-73.681049,2011,,,,,,,,,,,,,,,,,,
G3600230,36,23,42.594039,-76.0762397,42.59613,-76.145474,49336.0,Cortland,New York,G3600230,42.59613,-76.145474,2011,,,,,,,,,,,,,,,,,,
G3600250,36,25,42.1939865,-74.966728,42.244535,-74.993985,47980.0,Delaware,New York,G3600250,42.244535,-74.993985,2011,,,,,,,,,,,,,,,,,,
G3600270,36,27,41.7547696,-73.7400411,41.681015,-73.839417,297488.0,Dutchess,New York,G3600270,41.681015,-73.839417,2011,,,,,,,,,,,,,,,,,,
G3600290,36,29,42.752759,-78.7781922,42.889478,-78.792596,919040.0,Erie,New York,G3600290,42.889478,-78.792596,2011,,,,,,,,,,,,,,,,,,
G3600310,36,31,44.1096005,-73.7784307,44.174474,-73.689906,39370.0,Essex,New York,G3600310,44.174474,-73.689906,2011,,,,,,,,,,,,,,,,,,
G3600330,36,33,44.5943758,-74.31067,44.712835,-74.344365,51599.0,Franklin,New York,G3600330,44.712835,-74.344365,2011,,,,,,,,,,,,,,,,,,
G3600350,36,35,43.1156093,-74.4236782,43.059172,-74.330346,55531.0,Fulton,New York,G3600350,43.059172,-74.330346,2011,,,,,,,,,,,,,,,,,,
G3600370,36,37,43.0009096,-78.1927784,42.999625,-78.173095,60079.0,Genesee,New York,G3600370,42.999625,-78.173095,2011,,,,,,,,,,,,,,,,,,
G3600390,36,39,42.2869702,-74.1495421,42.299303,-73.975873,49221.0,Greene,New York,G3600390,42.299303,-73.975873,2011,,,,,,,,,,,,,,,,,,
G3600410,36,41,43.6578786,-74.5024556,43.612034,-74.385121,4836.0,Hamilton,New York,G3600410,43.612034,-74.385121,2011,,,,,,,,,,,,,,,,,,
G3600430,36,43,43.571009,-74.8410968,43.070536,-74.995034,64519.0,Herkimer,New York,G3600430,43.070536,-74.995034,2011,,,,,,,,,,,,,,,,,,
G3600450,36,45,43.9965164,-76.0529023,44.019125,-75.89664,116229.0,Jefferson,New York,G3600450,44.019125,-75.89664,2011,,,,,,,,,,,,,,,,,,
G3600470,36,47,40.6350451,-73.9506398,40.650523,-73.954811,2504700.0,Kings,New York,G3600470,40.650523,-73.954811,2011,,,,,,,,,,,,,,,,,,
G3600490,36,49,43.7826811,-75.4441402,43.789217,-75.449321,27087.0,Lewis,New York,G3600490,43.789217,-75.449321,2011,,,,,,,,,,,,,,,,,,
G3600510,36,51,42.7274845,-77.7697795,42.766358,-77.7642,65393.0,Livingston,New York,G3600510,42.766358,-77.7642,2011,,,,,,,,,,,,,,,,,,
G3600530,36,53,42.9100255,-75.6635749,42.984471,-75.717386,73442.0,Madison,New York,G3600530,42.984471,-75.717386,2011,,,,,,,,,,,,,,,,,,
G3600550,36,55,43.4644751,-77.6646556,43.161503,-77.619988,744344.0,Monroe,New York,G3600550,43.161503,-77.619988,2011,,,,,,,,,,,,,,,,,,
G3600570,36,57,42.9008912,-74.4353575,42.933549,-74.343088,50219.0,Montgomery,New York,G3600570,42.933549,-74.343088,2011,,,,,,,,,,,,,,,,,,
G3600590,36,59,40.7296118,-73.5894189,40.716587,-73.602242,1339532.0,Nassau,New York,G3600590,40.716587,-73.602242,2011,,,,,,,,,,,,,,,,,,
G3600610,36,61,40.7766419,-73.9701871,40.777958,-73.966303,1585873.0,New York,New York,G3600610,40.777958,-73.966303,2011,,,,,,,,,,,,,,,,,,
G3600630,36,63,43.4567309,-78.7921425,43.134704,-78.852109,216469.0,Niagara,New York,G3600630,43.134704,-78.852109,2011,,,,,,,,,,,,,,,,,,
G3600650,36,65,43.2427273,-75.4342824,43.147454,-75.359106,234878.0,Oneida,New York,G3600650,43.147454,-75.359106,2011,,,,,,,,,,,,,,,,,,
G3600670,36,67,43.0065163,-76.1961336,43.067188,-76.167442,467026.0,Onondaga,New York,G3600670,43.067188,-76.167442,2011,,,,,,,,,,,,,,,,,,
G3600690,36,69,42.8566949,-77.3032768,42.899374,-77.260129,107931.0,Ontario,New York,G3600690,42.899374,-77.260129,2011,,,,,,,,,,,,,,,,,,
G3600710,36,71,41.4024096,-74.3062522,41.422034,-74.243059,372813.0,Orange,New York,G3600710,41.422034,-74.243059,2011,,,,,,,,,,,,,,,,,,
G3600730,36,73,43.5022867,-78.2297258,43.248317,-78.223294,42883.0,Orleans,New York,G3600730,43.248317,-78.223294,2011,,,,,,,,,,,,,,,,,,
G3600750,36,75,43.4614428,-76.209258,43.391821,-76.313145,122109.0,Oswego,New York,G3600750,43.391821,-76.313145,2011,,,,,,,,,,,,,,,,,,
G3600770,36,77,42.6297762,-75.028841,42.563531,-75.060062,62259.0,Otsego,New York,G3600770,42.563531,-75.060062,2011,,,,,,,,,,,,,,,,,,
G3600790,36,79,41.4279035,-73.7438816,41.411282,-73.717247,99710.0,Putnam,New York,G3600790,41.411282,-73.717247,2011,,,,,,,,,,,,,,,,,,
G3600810,36,81,40.6585571,-73.8379293,40.721294,-73.833451,2230722.0,Queens,New York,G3600810,40.721294,-73.833451,2011,,,,,,,,,,,,,,,,,,
G3600830,36,83,42.7104206,-73.5138454,42.699991,-73.629889,159429.0,Rensselaer,New York,G3600830,42.699991,-73.629889,2011,,,,,,,,,,,,,,,,,,
G3600850,36,85,40.5638553,-74.1371008,40.588523,-74.137304,468730.0,Richmond,New York,G3600850,40.588523,-74.137304,2011,,,,,,,,,,,,,,,,,,
G3600870,36,87,41.1546392,-74.0246455,41.127623,-74.019039,311687.0,Rockland,New York,G3600870,41.127623,-74.019039,2011,,,,,,,,,,,,,,,,,,
G3600890,36,89,44.4881125,-75.074311,44.651458,-75.149708,111944.0,St. Lawrence,New York,G3600890,44.651458,-75.149708,2011,,,,,,,,,,,,,,,,,,
G3600910,36,91,43.1061353,-73.8553872,43.008801,-73.785787,219607.0,Saratoga,New York,G3600910,43.008801,-73.785787,2011,,,,,,,,,,,,,,,,,,
G3600930,36,93,42.817539,-74.0435482,42.809284,-73.946182,154727.0,Schenectady,New York,G3600930,42.809284,-73.946182,2011,,,,,,,,,,,,,,,,,,
G3600950,36,95,42.591294,-74.4381718,42.642508,-74.436027,32749.0,Schoharie,New York,G3600950,42.642508,-74.436027,2011,,,,,,,,,,,,,,,,,,
G3600970,36,97,42.4197755,-76.938603,42.387815,-76.869122,18343.0,Schuyler,New York,G3600970,42.387815,-76.869122,2011,,,,,,,,,,,,,,,,,,
G3600990,36,99,42.7822943,-76.827088,42.827354,-76.828521,35251.0,Seneca,New York,G3600990,42.827354,-76.828521,2011,,,,,,,,,,,,,,,,,,
G3601010,36,101,42.2667252,-77.3855253,42.266288,-77.320329,98990.0,Steuben,New York,G3601010,42.266288,-77.320329,2011,,,,,,,,,,,,,,,,,,
G3601030,36,103,40.943554,-72.6922184,40.821924,-73.113775,1493350.0,Suffolk,New York,G3601030,40.821924,-73.113775,2011,,,,,,,,,,,,,,,,,,
G3601050,36,105,41.7199928,-74.7715769,41.700086,-74.707459,77547.0,Sullivan,New York,G3601050,41.700086,-74.707459,2011,,,,,,,,,,,,,,,,,,
G3601070,36,107,42.1780565,-76.2974556,42.12098,-76.297151,51125.0,Tioga,New York,G3601070,42.12098,-76.297151,2011,,,,,,,,,,,,,,,,,,
G3601090,36,109,42.4530029,-76.4734815,42.460259,-76.477416,101564.0,Tompkins,New York,G3601090,42.460259,-76.477416,2011,,,,,,,,,,,,,,,,,,
G3601110,36,111,41.9472156,-74.2654583,41.841064,-74.100745,182493.0,Ulster,New York,G3601110,41.841064,-74.100745,2011,,,,,,,,,,,,,,,,,,
G3601130,36,113,43.5551053,-73.8381388,43.396992,-73.714626,65707.0,Warren,New York,G3601130,43.396992,-73.714626,2011,,,,,,,,,,,,,,,,,,
G3601150,36,115,43.3123766,-73.4394282,43.290255,-73.458693,63216.0,Washington,New York,G3601150,43.290255,-73.458693,2011,,,,,,,,,,,,,,,,,,
G3601170,36,117,43.4587577,-77.0631637,43.143734,-77.126682,93772.0,Wayne,New York,G3601170,43.143734,-77.126682,2011,,,,,,,,,,,,,,,,,,
G3601190,36,119,41.1527698,-73.745912,41.040536,-73.804532,949113.0,Westchester,New York,G3601190,41.040536,-73.804532,2011,,,,,,,,,,,,,,,,,,
G3601210,36,121,42.7013627,-78.2285667,42.725754,-78.218884,42155.0,Wyoming,New York,G3601210,42.725754,-78.218884,2011,,,,,,,,,,,,,,,,,,
G3601230,36,123,42.638237,-77.1043238,42.633657,-77.078037,25348.0,Yates,New York,G3601230,42.633657,-77.078037,2011,,,,,,,,,,,,,,,,,,
G3700010,37,1,36.0439595,-79.4005733,36.071263,-79.414193,151131.0,Alamance,North Carolina,G3700010,36.071263,-79.414193,2011,,,,,,,,,,,,,,,,,,
G3700030,37,3,35.9209506,-81.1774668,35.890299,-81.191638,37198.0,Alexander,North Carolina,G3700030,35.890299,-81.191638,2011,,,,,,,,,,,,,,,,,,
G3700050,37,5,36.4893563,-81.1322988,36.498332,-81.105731,11155.0,Alleghany,North Carolina,G3700050,36.498332,-81.105731,2011,,,,,,,,,,,,,,,,,,
G3700070,37,7,34.9749961,-80.1099593,34.972824,-80.110145,26948.0,Anson,North Carolina,G3700070,34.972824,-80.110145,2011,,,,,,,,,,,,,,,,,,
G3700090,37,9,36.4434687,-81.4993343,36.415077,-81.489759,27281.0,Ashe,North Carolina,G3700090,36.415077,-81.489759,2011,,,,,,,,,,,,,,,,,,
G3700110,37,11,36.0728941,-81.920363,36.07632,-81.943907,17797.0,Avery,North Carolina,G3700110,36.07632,-81.943907,2011,,,,,,,,,,,,,,,,,,
G3700130,37,13,35.4823128,-76.8420144,35.519484,-76.956571,47759.0,Beaufort,North Carolina,G3700130,35.519484,-76.956571,2011,,,,,,,,,,,,,,,,,,
G3700150,37,15,36.0590432,-76.9623641,36.083776,-76.968883,21282.0,Bertie,North Carolina,G3700150,36.083776,-76.968883,2011,,,,,,,,,,,,,,,,,,
G3700170,37,17,34.5919375,-78.5394885,34.607845,-78.64109,35190.0,Bladen,North Carolina,G3700170,34.607845,-78.64109,2011,,,,,,,,,,,,,,,,,,
G3700190,37,19,34.0387542,-78.2277653,34.03637,-78.229195,107431.0,Brunswick,North Carolina,G3700190,34.03637,-78.229195,2011,,,,,,,,,,,,,,,,,,
G3700210,37,21,35.6093714,-82.5304259,35.587674,-82.550087,238318.0,Buncombe,North Carolina,G3700210,35.587674,-82.550087,2011,,,,,,,,,,,,,,,,,,
G3700230,37,23,35.746182,-81.7061795,35.730474,-81.638347,90912.0,Burke,North Carolina,G3700230,35.730474,-81.638347,2011,,,,,,,,,,,,,,,,,,
G3700250,37,25,35.388369,-80.5526938,35.399234,-80.612525,178011.0,Cabarrus,North Carolina,G3700250,35.399234,-80.612525,2011,,,,,,,,,,,,,,,,,,
G3700270,37,27,35.9579149,-81.5300023,35.873614,-81.503741,83029.0,Caldwell,North Carolina,G3700270,35.873614,-81.503741,2011,,,,,,,,,,,,,,,,,,
G3700290,37,29,36.3423438,-76.1624876,36.36267,-76.19176,9980.0,Camden,North Carolina,G3700290,36.36267,-76.19176,2011,,,,,,,,,,,,,,,,,,
G3700310,37,31,34.858313,-76.5269665,34.746773,-76.804454,66469.0,Carteret,North Carolina,G3700310,34.746773,-76.804454,2011,,,,,,,,,,,,,,,,,,
G3700330,37,33,36.3942984,-79.339609,36.402606,-79.361931,23719.0,Caswell,North Carolina,G3700330,36.402606,-79.361931,2011,,,,,,,,,,,,,,,,,,
G3700350,37,35,35.6604495,-81.2128483,35.695409,-81.245839,154358.0,Catawba,North Carolina,G3700350,35.695409,-81.245839,2011,,,,,,,,,,,,,,,,,,
G3700370,37,37,35.7049939,-79.2514542,35.744124,-79.236572,63505.0,Chatham,North Carolina,G3700370,35.744124,-79.236572,2011,,,,,,,,,,,,,,,,,,
G3700390,37,39,35.1362316,-84.0613094,35.106484,-84.016472,27444.0,Cherokee,North Carolina,G3700390,35.106484,-84.016472,2011,,,,,,,,,,,,,,,,,,
G3700410,37,41,36.128979,-76.6027521,36.116754,-76.626254,14793.0,Chowan,North Carolina,G3700410,36.116754,-76.626254,2011,,,,,,,,,,,,,,,,,,
G3700430,37,43,35.0529971,-83.7522638,35.035248,-83.807512,10587.0,Clay,North Carolina,G3700430,35.035248,-83.807512,2011,,,,,,,,,,,,,,,,,,
G3700450,37,45,35.3346302,-81.5571145,35.292496,-81.517017,98078.0,Cleveland,North Carolina,G3700450,35.292496,-81.517017,2011,,,,,,,,,,,,,,,,,,
G3700470,37,47,34.2616017,-78.6393077,34.27927,-78.709221,58098.0,Columbus,North Carolina,G3700470,34.27927,-78.709221,2011,,,,,,,,,,,,,,,,,,
G3700490,37,49,35.1181789,-77.0825413,35.066758,-77.038555,103505.0,Craven,North Carolina,G3700490,35.066758,-77.038555,2011,,,,,,,,,,,,,,,,,,
G3700510,37,51,35.0501921,-78.8287187,35.056493,-78.936138,319431.0,Cumberland,North Carolina,G3700510,35.056493,-78.936138,2011,,,,,,,,,,,,,,,,,,
G3700530,37,53,36.3721739,-75.9412242,36.391946,-76.00904,23547.0,Currituck,North Carolina,G3700530,36.391946,-76.00904,2011,,,,,,,,,,,,,,,,,,
G3700550,37,55,35.6062688,-75.7675364,35.907564,-75.674875,33920.0,Dare,North Carolina,G3700550,35.907564,-75.674875,2011,,,,,,,,,,,,,,,,,,
G3700570,37,57,35.7951312,-80.207107,35.853743,-80.199539,162878.0,Davidson,North Carolina,G3700570,35.853743,-80.199539,2011,,,,,,,,,,,,,,,,,,
G3700590,37,59,35.9293554,-80.5425524,35.929813,-80.52158,41240.0,Davie,North Carolina,G3700590,35.929813,-80.52158,2011,,,,,,,,,,,,,,,,,,
G3700610,37,61,34.9344033,-77.9335434,34.936096,-77.943354,58505.0,Duplin,North Carolina,G3700610,34.936096,-77.943354,2011,,,,,,,,,,,,,,,,,,
G3700630,37,63,36.0338223,-78.8781198,35.989801,-78.9062,267587.0,Durham,North Carolina,G3700630,35.989801,-78.9062,2011,,,,,,,,,,,,,,,,,,
G3700650,37,65,35.9170554,-77.6026551,35.903736,-77.656297,56552.0,Edgecombe,North Carolina,G3700650,35.903736,-77.656297,2011,,,,,,,,,,,,,,,,,,
G3700670,37,67,36.1324661,-80.2569608,36.106431,-80.256625,350670.0,Forsyth,North Carolina,G3700670,36.106431,-80.256625,2011,,,,,,,,,,,,,,,,,,
G3700690,37,69,36.0882406,-78.2830903,36.047826,-78.340858,60619.0,Franklin,North Carolina,G3700690,36.047826,-78.340858,2011,,,,,,,,,,,,,,,,,,
G3700710,37,71,35.2933443,-81.1772556,35.275594,-81.156574,206086.0,Gaston,North Carolina,G3700710,35.275594,-81.156574,2011,,,,,,,,,,,,,,,,,,
G3700730,37,73,36.4421353,-76.7023552,36.46589,-76.706157,12197.0,Gates,North Carolina,G3700730,36.46589,-76.706157,2011,,,,,,,,,,,,,,,,,,
G3700750,37,75,35.3483644,-83.8309147,35.330969,-83.787962,8861.0,Graham,North Carolina,G3700750,35.330969,-83.787962,2011,,,,,,,,,,,,,,,,,,
G3700770,37,77,36.299884,-78.6576338,36.223855,-78.657114,59916.0,Granville,North Carolina,G3700770,36.223855,-78.657114,2011,,,,,,,,,,,,,,,,,,
G3700790,37,79,35.481959,-77.6816876,35.468776,-77.669536,21362.0,Greene,North Carolina,G3700790,35.468776,-77.669536,2011,,,,,,,,,,,,,,,,,,
G3700810,37,81,36.079065,-79.7886652,36.065215,-79.850251,488406.0,Guilford,North Carolina,G3700810,36.065215,-79.850251,2011,,,,,,,,,,,,,,,,,,
G3700830,37,83,36.2514375,-77.6448423,36.353153,-77.672949,54691.0,Halifax,North Carolina,G3700830,36.353153,-77.672949,2011,,,,,,,,,,,,,,,,,,
G3700850,37,85,35.3686348,-78.8716104,35.359863,-78.847096,114678.0,Harnett,North Carolina,G3700850,35.359863,-78.847096,2011,,,,,,,,,,,,,,,,,,
G3700870,37,87,35.5570986,-82.972823,35.517983,-82.939915,59036.0,Haywood,North Carolina,G3700870,35.517983,-82.939915,2011,,,,,,,,,,,,,,,,,,
G3700890,37,89,35.3364146,-82.4797406,35.34095,-82.472355,106740.0,Henderson,North Carolina,G3700890,35.34095,-82.472355,2011,,,,,,,,,,,,,,,,,,
G3700910,37,91,36.3635174,-76.981616,36.351304,-77.009973,24669.0,Hertford,North Carolina,G3700910,36.351304,-77.009973,2011,,,,,,,,,,,,,,,,,,
G3700930,37,93,35.0172328,-79.2419636,34.989624,-79.177133,46952.0,Hoke,North Carolina,G3700930,34.989624,-79.177133,2011,,,,,,,,,,,,,,,,,,
G3700950,37,95,35.4081567,-76.1536867,35.43421,-76.208134,5810.0,Hyde,North Carolina,G3700950,35.43421,-76.208134,2011,,,,,,,,,,,,,,,,,,
G3700970,37,97,35.8063558,-80.8745449,35.707328,-80.869103,159437.0,Iredell,North Carolina,G3700970,35.707328,-80.869103,2011,,,,,,,,,,,,,,,,,,
G3700990,37,99,35.2799287,-83.1224776,35.335275,-83.202489,40271.0,Jackson,North Carolina,G3700990,35.335275,-83.202489,2011,,,,,,,,,,,,,,,,,,
G3701010,37,101,35.5134002,-78.3673108,35.560263,-78.411954,168878.0,Johnston,North Carolina,G3701010,35.560263,-78.411954,2011,,,,,,,,,,,,,,,,,,
G3701030,37,103,35.0322677,-77.3561946,35.027454,-77.353062,10153.0,Jones,North Carolina,G3701030,35.027454,-77.353062,2011,,,,,,,,,,,,,,,,,,
G3701050,37,105,35.4763365,-79.1721174,35.459779,-79.173135,57866.0,Lee,North Carolina,G3701050,35.459779,-79.173135,2011,,,,,,,,,,,,,,,,,,
G3701070,37,107,35.2400677,-77.6355095,35.262323,-77.631874,59495.0,Lenoir,North Carolina,G3701070,35.262323,-77.631874,2011,,,,,,,,,,,,,,,,,,
G3701090,37,109,35.488502,-81.2269746,35.485027,-81.178511,78265.0,Lincoln,North Carolina,G3701090,35.485027,-81.178511,2011,,,,,,,,,,,,,,,,,,
G3701110,37,111,35.6822317,-82.0480292,35.667958,-82.021507,44996.0,McDowell,North Carolina,G3701110,35.667958,-82.021507,2011,,,,,,,,,,,,,,,,,,
G3701130,37,113,35.1529593,-83.421901,35.157148,-83.380756,33922.0,Macon,North Carolina,G3701130,35.157148,-83.380756,2011,,,,,,,,,,,,,,,,,,
G3701150,37,115,35.8640782,-82.7127315,35.839078,-82.638666,20764.0,Madison,North Carolina,G3701150,35.839078,-82.638666,2011,,,,,,,,,,,,,,,,,,
G3701170,37,117,35.8410585,-77.1128666,35.83274,-77.100767,24505.0,Martin,North Carolina,G3701170,35.83274,-77.100767,2011,,,,,,,,,,,,,,,,,,
G3701190,37,119,35.2468623,-80.8338317,35.223469,-80.81662,919628.0,Mecklenburg,North Carolina,G3701190,35.223469,-80.81662,2011,,,,,,,,,,,,,,,,,,
G3701210,37,121,36.013102,-82.1635541,35.962278,-82.114348,15579.0,Mitchell,North Carolina,G3701210,35.962278,-82.114348,2011,,,,,,,,,,,,,,,,,,
G3701230,37,123,35.3344151,-79.9066023,35.338988,-79.88204,27798.0,Montgomery,North Carolina,G3701230,35.338988,-79.88204,2011,,,,,,,,,,,,,,,,,,
G3701250,37,125,35.3082717,-79.4927248,35.244618,-79.44678,88247.0,Moore,North Carolina,G3701250,35.244618,-79.44678,2011,,,,,,,,,,,,,,,,,,
G3701270,37,127,35.9659447,-77.9875546,35.947411,-77.923901,95840.0,Nash,North Carolina,G3701270,35.947411,-77.923901,2011,,,,,,,,,,,,,,,,,,
G3701290,37,129,34.1778748,-77.8696735,34.211687,-77.879277,202667.0,New Hanover,North Carolina,G3701290,34.211687,-77.879277,2011,,,,,,,,,,,,,,,,,,
G3701310,37,131,36.4217739,-77.3983518,36.431948,-77.434731,22099.0,Northampton,North Carolina,G3701310,36.431948,-77.434731,2011,,,,,,,,,,,,,,,,,,
G3701330,37,133,34.7631087,-77.4994691,34.741545,-77.400612,177772.0,Onslow,North Carolina,G3701330,34.741545,-77.400612,2011,,,,,,,,,,,,,,,,,,
G3701350,37,135,36.062499,-79.1193552,35.978596,-79.081244,133801.0,Orange,North Carolina,G3701350,35.978596,-79.081244,2011,,,,,,,,,,,,,,,,,,
G3701370,37,137,35.1477841,-76.665422,35.105356,-76.775886,13144.0,Pamlico,North Carolina,G3701370,35.105356,-76.775886,2011,,,,,,,,,,,,,,,,,,
G3701390,37,139,36.265184,-76.2606959,36.293502,-76.246298,40661.0,Pasquotank,North Carolina,G3701390,36.293502,-76.246298,2011,,,,,,,,,,,,,,,,,,
G3701410,37,141,34.5125561,-77.8881063,34.469476,-77.836015,52217.0,Pender,North Carolina,G3701410,34.469476,-77.836015,2011,,,,,,,,,,,,,,,,,,
G3701430,37,143,36.1808969,-76.4032445,36.181299,-76.424403,13453.0,Perquimans,North Carolina,G3701430,36.181299,-76.424403,2011,,,,,,,,,,,,,,,,,,
G3701450,37,145,36.3863362,-78.9656441,36.373422,-78.970901,39464.0,Person,North Carolina,G3701450,36.373422,-78.970901,2011,,,,,,,,,,,,,,,,,,
G3701470,37,147,35.592965,-77.373138,35.57917,-77.381178,168148.0,Pitt,North Carolina,G3701470,35.57917,-77.381178,2011,,,,,,,,,,,,,,,,,,
G3701490,37,149,35.2779011,-82.1676211,35.258669,-82.17545,20510.0,Polk,North Carolina,G3701490,35.258669,-82.17545,2011,,,,,,,,,,,,,,,,,,
G3701510,37,151,35.7099148,-79.8062153,35.766292,-79.827981,141752.0,Randolph,North Carolina,G3701510,35.766292,-79.827981,2011,,,,,,,,,,,,,,,,,,
G3701530,37,153,35.004636,-79.7556946,34.943604,-79.733496,46639.0,Richmond,North Carolina,G3701530,34.943604,-79.733496,2011,,,,,,,,,,,,,,,,,,
G3701550,37,155,34.6392096,-79.1008811,34.674582,-79.093867,134168.0,Robeson,North Carolina,G3701550,34.674582,-79.093867,2011,,,,,,,,,,,,,,,,,,
G3701570,37,157,36.3818545,-79.7827376,36.402247,-79.772606,93643.0,Rockingham,North Carolina,G3701570,36.402247,-79.772606,2011,,,,,,,,,,,,,,,,,,
G3701590,37,159,35.640811,-80.5216131,35.620395,-80.521966,138428.0,Rowan,North Carolina,G3701590,35.620395,-80.521966,2011,,,,,,,,,,,,,,,,,,
G3701610,37,161,35.4027469,-81.9195825,35.348446,-81.894978,67810.0,Rutherford,North Carolina,G3701610,35.348446,-81.894978,2011,,,,,,,,,,,,,,,,,,
G3701630,37,163,34.9905745,-78.3713822,35.033839,-78.396164,63431.0,Sampson,North Carolina,G3701630,35.033839,-78.396164,2011,,,,,,,,,,,,,,,,,,
G3701650,37,165,34.8400226,-79.4773366,34.786334,-79.47868,36157.0,Scotland,North Carolina,G3701650,34.786334,-79.47868,2011,,,,,,,,,,,,,,,,,,
G3701670,37,167,35.3104492,-80.2543742,35.321525,-80.247474,60585.0,Stanly,North Carolina,G3701670,35.321525,-80.247474,2011,,,,,,,,,,,,,,,,,,
G3701690,37,169,36.3935056,-80.2661995,36.35064,-80.273917,47401.0,Stokes,North Carolina,G3701690,36.35064,-80.273917,2011,,,,,,,,,,,,,,,,,,
G3701710,37,171,36.415416,-80.6864631,36.431314,-80.656971,73673.0,Surry,North Carolina,G3701710,36.431314,-80.656971,2011,,,,,,,,,,,,,,,,,,
G3701730,37,173,35.5688491,-83.4656136,35.438412,-83.413457,13981.0,Swain,North Carolina,G3701730,35.438412,-83.413457,2011,,,,,,,,,,,,,,,,,,
G3701750,37,175,35.2100794,-82.816653,35.2102,-82.745507,33090.0,Transylvania,North Carolina,G3701750,35.2102,-82.745507,2011,,,,,,,,,,,,,,,,,,
G3701790,37,179,34.9916748,-80.5306724,35.013609,-80.619702,201292.0,Union,North Carolina,G3701790,35.013609,-80.619702,2011,,,,,,,,,,,,,,,,,,
G3701810,37,181,36.3654806,-78.4054343,36.331178,-78.402101,45422.0,Vance,North Carolina,G3701810,36.331178,-78.402101,2011,,,,,,,,,,,,,,,,,,
G3701830,37,183,35.7898464,-78.650624,35.797203,-78.673074,900993.0,Wake,North Carolina,G3701830,35.797203,-78.673074,2011,,,,,,,,,,,,,,,,,,
G3701850,37,185,36.3981051,-78.0998993,36.409715,-78.138543,20972.0,Warren,North Carolina,G3701850,36.409715,-78.138543,2011,,,,,,,,,,,,,,,,,,
G3701870,37,187,35.844713,-76.5722906,35.864206,-76.649275,13228.0,Washington,North Carolina,G3701870,35.864206,-76.649275,2011,,,,,,,,,,,,,,,,,,
G3701890,37,189,36.2353724,-81.7099229,36.220299,-81.685479,51079.0,Watauga,North Carolina,G3701890,36.220299,-81.685479,2011,,,,,,,,,,,,,,,,,,
G3701910,37,191,35.3541896,-78.0086695,35.370731,-77.988459,122623.0,Wayne,North Carolina,G3701910,35.370731,-77.988459,2011,,,,,,,,,,,,,,,,,,
G3701930,37,193,36.2088833,-81.1660949,36.193059,-81.134214,69340.0,Wilkes,North Carolina,G3701930,36.193059,-81.134214,2011,,,,,,,,,,,,,,,,,,
G3701950,37,195,35.7003569,-77.9215978,35.726988,-77.931323,81234.0,Wilson,North Carolina,G3701950,35.726988,-77.931323,2011,,,,,,,,,,,,,,,,,,
G3701970,37,197,36.1587653,-80.6651641,36.163573,-80.675351,38406.0,Yadkin,North Carolina,G3701970,36.163573,-80.675351,2011,,,,,,,,,,,,,,,,,,
G3701990,37,199,35.8894554,-82.3041188,35.910155,-82.292339,17818.0,Yancey,North Carolina,G3701990,35.910155,-82.292339,2011,,,,,,,,,,,,,,,,,,
G3800010,38,1,46.0968146,-102.5331983,46.032949,-102.625989,2343.0,Adams,North Dakota,G3800010,46.032949,-102.625989,2011,,,,,,,,,,,,,,,,,,
G3800030,38,3,46.94255,-98.0701946,46.92752,-98.033032,11066.0,Barnes,North Dakota,G3800030,46.92752,-98.033032,2011,,,,,,,,,,,,,,,,,,
G3800050,38,5,48.071743,-99.3511517,48.020822,-99.146122,6660.0,Benson,North Dakota,G3800050,48.020822,-99.146122,2011,,,,,,,,,,,,,,,,,,
G3800090,38,9,48.7944116,-100.8312572,48.820134,-100.650317,6429.0,Bottineau,North Dakota,G3800090,48.820134,-100.650317,2011,,,,,,,,,,,,,,,,,,
G3800110,38,11,46.1101438,-103.5059433,46.171185,-103.396646,3151.0,Bowman,North Dakota,G3800110,46.171185,-103.396646,2011,,,,,,,,,,,,,,,,,,
G3800130,38,13,48.7864534,-102.5200874,48.771943,-102.521915,1968.0,Burke,North Dakota,G3800130,48.771943,-102.521915,2011,,,,,,,,,,,,,,,,,,
G3800150,38,15,46.9718426,-100.4620005,46.822761,-100.761508,81308.0,Burleigh,North Dakota,G3800150,46.822761,-100.761508,2011,,,,,,,,,,,,,,,,,,
G3800170,38,17,46.9270033,-97.2523747,46.860506,-96.861406,149778.0,Cass,North Dakota,G3800170,46.860506,-96.861406,2011,,,,,,,,,,,,,,,,,,
G3800190,38,19,48.7684388,-98.4637903,48.755612,-98.41499,3993.0,Cavalier,North Dakota,G3800190,48.755612,-98.41499,2011,,,,,,,,,,,,,,,,,,
G3800210,38,21,46.1077559,-98.4965182,46.087766,-98.328185,5289.0,Dickey,North Dakota,G3800210,46.087766,-98.328185,2011,,,,,,,,,,,,,,,,,,
G3800230,38,23,48.8147537,-103.5093256,48.874965,-103.348927,2071.0,Divide,North Dakota,G3800230,48.874965,-103.348927,2011,,,,,,,,,,,,,,,,,,
G3800250,38,25,47.3545477,-102.6123659,47.332654,-102.643252,3536.0,Dunn,North Dakota,G3800250,47.332654,-102.643252,2011,,,,,,,,,,,,,,,,,,
G3800270,38,27,47.7234355,-98.9004745,47.707976,-99.051857,2385.0,Eddy,North Dakota,G3800270,47.707976,-99.051857,2011,,,,,,,,,,,,,,,,,,
G3800290,38,29,46.2842552,-100.2378424,46.265684,-100.210914,3550.0,Emmons,North Dakota,G3800290,46.265684,-100.210914,2011,,,,,,,,,,,,,,,,,,
G3800310,38,31,47.4714315,-98.8728755,47.461156,-99.040279,3343.0,Foster,North Dakota,G3800310,47.461156,-99.040279,2011,,,,,,,,,,,,,,,,,,
G3800330,38,33,46.9389237,-103.8446117,46.894589,-103.962247,1680.0,Golden Valley,North Dakota,G3800330,46.894589,-103.962247,2011,,,,,,,,,,,,,,,,,,
G3800350,38,35,47.9260026,-97.450851,47.907658,-97.120998,66861.0,Grand Forks,North Dakota,G3800350,47.907658,-97.120998,2011,,,,,,,,,,,,,,,,,,
G3800370,38,37,46.3578269,-101.6390494,46.387962,-101.711807,2394.0,Grant,North Dakota,G3800370,46.387962,-101.711807,2011,,,,,,,,,,,,,,,,,,
G3800390,38,39,47.4563342,-98.2322863,47.451199,-98.18781,2420.0,Griggs,North Dakota,G3800390,47.451199,-98.18781,2011,,,,,,,,,,,,,,,,,,
G3800410,38,41,46.4357038,-102.454238,46.448932,-102.544717,2477.0,Hettinger,North Dakota,G3800410,46.448932,-102.544717,2011,,,,,,,,,,,,,,,,,,
G3800430,38,43,46.9382725,-99.731198,46.919486,-99.813669,2435.0,Kidder,North Dakota,G3800430,46.919486,-99.813669,2011,,,,,,,,,,,,,,,,,,
G3800450,38,45,46.4641952,-98.5260571,46.405346,-98.520959,4139.0,LaMoure,North Dakota,G3800450,46.405346,-98.520959,2011,,,,,,,,,,,,,,,,,,
G3800490,38,49,48.2338417,-100.6332668,48.182793,-100.694529,5395.0,McHenry,North Dakota,G3800490,48.182793,-100.694529,2011,,,,,,,,,,,,,,,,,,
G3800510,38,51,46.1170337,-99.4430409,46.144162,-99.492295,2809.0,McIntosh,North Dakota,G3800510,46.144162,-99.492295,2011,,,,,,,,,,,,,,,,,,
G3800530,38,53,47.7424751,-103.4032148,47.815541,-103.228066,6360.0,McKenzie,North Dakota,G3800530,47.815541,-103.228066,2011,,,,,,,,,,,,,,,,,,
G3800550,38,55,47.6530553,-101.4217937,47.523976,-101.204564,8962.0,McLean,North Dakota,G3800550,47.523976,-101.204564,2011,,,,,,,,,,,,,,,,,,
G3800570,38,57,47.3071473,-101.8333279,47.297717,-101.710274,8424.0,Mercer,North Dakota,G3800570,47.297717,-101.710274,2011,,,,,,,,,,,,,,,,,,
G3800590,38,59,46.7108188,-101.2982647,46.819739,-101.011434,27471.0,Morton,North Dakota,G3800590,46.819739,-101.011434,2011,,,,,,,,,,,,,,,,,,
G3800610,38,61,48.2102905,-102.3647561,48.134702,-102.371315,7673.0,Mountrail,North Dakota,G3800610,48.134702,-102.371315,2011,,,,,,,,,,,,,,,,,,
G3800630,38,63,47.9186666,-98.2044278,47.919339,-98.209414,3126.0,Nelson,North Dakota,G3800630,47.919339,-98.209414,2011,,,,,,,,,,,,,,,,,,
G3800670,38,67,48.7668959,-97.5454045,48.789947,-97.582307,7413.0,Pembina,North Dakota,G3800670,48.789947,-97.582307,2011,,,,,,,,,,,,,,,,,,
G3800690,38,69,48.2388827,-99.966497,48.328166,-99.988011,4357.0,Pierce,North Dakota,G3800690,48.328166,-99.988011,2011,,,,,,,,,,,,,,,,,,
G3800710,38,71,48.2661631,-98.739031,48.136409,-98.834844,11451.0,Ramsey,North Dakota,G3800710,48.136409,-98.834844,2011,,,,,,,,,,,,,,,,,,
G3800730,38,73,46.4492764,-97.6475541,46.478257,-97.657193,5457.0,Ransom,North Dakota,G3800730,46.478257,-97.657193,2011,,,,,,,,,,,,,,,,,,
G3800750,38,75,48.7127815,-101.6581522,48.721416,-101.526364,2470.0,Renville,North Dakota,G3800750,48.721416,-101.526364,2011,,,,,,,,,,,,,,,,,,
G3800770,38,77,46.2652192,-96.9379599,46.264153,-96.76635,16321.0,Richland,North Dakota,G3800770,46.264153,-96.76635,2011,,,,,,,,,,,,,,,,,,
G3800790,38,79,48.7682715,-99.8404634,48.836027,-99.817363,13937.0,Rolette,North Dakota,G3800790,48.836027,-99.817363,2011,,,,,,,,,,,,,,,,,,
G3800810,38,81,46.1082063,-97.6300298,46.163745,-97.591691,3829.0,Sargent,North Dakota,G3800810,46.163745,-97.591691,2011,,,,,,,,,,,,,,,,,,
G3800830,38,83,47.5813594,-100.3309858,47.576556,-100.340156,1321.0,Sheridan,North Dakota,G3800830,47.576556,-100.340156,2011,,,,,,,,,,,,,,,,,,
G3800850,38,85,46.1106181,-101.061284,46.161951,-100.72635,4153.0,Sioux,North Dakota,G3800850,46.161951,-100.72635,2011,,,,,,,,,,,,,,,,,,
G3800890,38,89,46.8170312,-102.6620262,46.879757,-102.785075,24199.0,Stark,North Dakota,G3800890,46.879757,-102.785075,2011,,,,,,,,,,,,,,,,,,
G3800910,38,91,47.4510624,-97.71892,47.459656,-97.746445,1975.0,Steele,North Dakota,G3800910,47.459656,-97.746445,2011,,,,,,,,,,,,,,,,,,
G3800930,38,93,46.9722235,-98.9561228,46.915799,-98.744696,21100.0,Stutsman,North Dakota,G3800930,46.915799,-98.744696,2011,,,,,,,,,,,,,,,,,,
G3800950,38,95,48.6821831,-99.2481583,48.584615,-99.234305,2246.0,Towner,North Dakota,G3800950,48.584615,-99.234305,2011,,,,,,,,,,,,,,,,,,
G3800970,38,97,47.4462146,-97.1647538,47.491264,-97.226828,8121.0,Traill,North Dakota,G3800970,47.491264,-97.226828,2011,,,,,,,,,,,,,,,,,,
G3800990,38,99,48.3769789,-97.7222304,48.390892,-97.555232,11119.0,Walsh,North Dakota,G3800990,48.390892,-97.555232,2011,,,,,,,,,,,,,,,,,,
G3801010,38,101,48.2166858,-101.5405369,48.256527,-101.329338,61675.0,Ward,North Dakota,G3801010,48.256527,-101.329338,2011,,,,,,,,,,,,,,,,,,
G3801030,38,103,47.5808812,-99.6822538,47.676761,-99.781286,4207.0,Wells,North Dakota,G3801030,47.676761,-99.781286,2011,,,,,,,,,,,,,,,,,,
G3801050,38,105,48.3557649,-103.5013332,48.199801,-103.563682,22398.0,Williams,North Dakota,G3801050,48.199801,-103.563682,2011,,,,,,,,,,,,,,,,,,
G3900010,39,1,38.8344683,-83.4780816,38.848346,-83.517043,28550.0,Adams,Ohio,G3900010,38.848346,-83.517043,2011,,,,,,,,,,,,,,,,,,
G3900030,39,3,40.7716274,-84.1061032,40.757675,-84.121928,106331.0,Allen,Ohio,G3900030,40.757675,-84.121928,2011,,,,,,,,,,,,,,,,,,
G3900050,39,5,40.8432735,-82.270127,40.855217,-82.285667,53139.0,Ashland,Ohio,G3900050,40.855217,-82.285667,2011,,,,,,,,,,,,,,,,,,
G3900070,39,7,41.9066381,-80.7455937,41.795339,-80.767571,101497.0,Ashtabula,Ohio,G3900070,41.795339,-80.767571,2011,,,,,,,,,,,,,,,,,,
G3900090,39,9,39.3325699,-82.0458376,39.345128,-82.10024,64757.0,Athens,Ohio,G3900090,39.345128,-82.10024,2011,,,,,,,,,,,,,,,,,,
G3900110,39,11,40.561309,-84.2240177,40.545245,-84.269481,45949.0,Auglaize,Ohio,G3900110,40.545245,-84.269481,2011,,,,,,,,,,,,,,,,,,
G3900130,39,13,40.0176819,-80.9677268,40.042095,-80.88884,70400.0,Belmont,Ohio,G3900130,40.042095,-80.88884,2011,,,,,,,,,,,,,,,,,,
G3900150,39,15,38.9313769,-83.8667723,38.948158,-83.892944,44846.0,Brown,Ohio,G3900150,38.948158,-83.892944,2011,,,,,,,,,,,,,,,,,,
G3900170,39,17,39.4397469,-84.5657341,39.410684,-84.500267,368130.0,Butler,Ohio,G3900170,39.410684,-84.500267,2011,,,,,,,,,,,,,,,,,,
G3900190,39,19,40.5798841,-81.090787,40.608318,-81.114892,28836.0,Carroll,Ohio,G3900190,40.608318,-81.114892,2011,,,,,,,,,,,,,,,,,,
G3900210,39,21,40.1327594,-83.7675425,40.120684,-83.76028,40097.0,Champaign,Ohio,G3900210,40.120684,-83.76028,2011,,,,,,,,,,,,,,,,,,
G3900230,39,23,39.9170315,-83.783676,39.927147,-83.832287,138333.0,Clark,Ohio,G3900230,39.927147,-83.832287,2011,,,,,,,,,,,,,,,,,,
G3900250,39,25,39.0520838,-84.149614,39.103441,-84.212568,197363.0,Clermont,Ohio,G3900250,39.103441,-84.212568,2011,,,,,,,,,,,,,,,,,,
G3900270,39,27,39.4290042,-83.7950485,39.410549,-83.842336,42040.0,Clinton,Ohio,G3900270,39.410549,-83.842336,2011,,,,,,,,,,,,,,,,,,
G3900290,39,29,40.770073,-80.778455,40.777774,-80.730264,107841.0,Columbiana,Ohio,G3900290,40.777774,-80.730264,2011,,,,,,,,,,,,,,,,,,
G3900310,39,31,40.2967096,-81.9301092,40.290804,-81.86512,36901.0,Coshocton,Ohio,G3900310,40.290804,-81.86512,2011,,,,,,,,,,,,,,,,,,
G3900330,39,33,40.8485244,-82.9247827,40.797377,-82.874776,43784.0,Crawford,Ohio,G3900330,40.797377,-82.874776,2011,,,,,,,,,,,,,,,,,,
G3900350,39,35,41.760392,-81.7242168,41.449624,-81.676037,1280122.0,Cuyahoga,Ohio,G3900350,41.449624,-81.676037,2011,,,,,,,,,,,,,,,,,,
G3900370,39,37,40.1315416,-84.6212483,40.115612,-84.608214,52959.0,Darke,Ohio,G3900370,40.115612,-84.608214,2011,,,,,,,,,,,,,,,,,,
G3900390,39,39,41.3216789,-84.4864334,41.295398,-84.449086,39037.0,Defiance,Ohio,G3900390,41.295398,-84.449086,2011,,,,,,,,,,,,,,,,,,
G3900410,39,41,40.2789411,-83.0074622,40.216351,-83.013223,174214.0,Delaware,Ohio,G3900410,40.216351,-83.013223,2011,,,,,,,,,,,,,,,,,,
G3900430,39,43,41.5540061,-82.5258973,41.405481,-82.627891,77079.0,Erie,Ohio,G3900430,41.405481,-82.627891,2011,,,,,,,,,,,,,,,,,,
G3900450,39,45,39.7526407,-82.6275691,39.795111,-82.666944,146156.0,Fairfield,Ohio,G3900450,39.795111,-82.666944,2011,,,,,,,,,,,,,,,,,,
G3900470,39,47,39.5552748,-83.4619451,39.549717,-83.443808,29030.0,Fayette,Ohio,G3900470,39.549717,-83.443808,2011,,,,,,,,,,,,,,,,,,
G3900490,39,49,39.9693838,-83.0072731,39.999581,-82.993223,1163414.0,Franklin,Ohio,G3900490,39.999581,-82.993223,2011,,,,,,,,,,,,,,,,,,
G3900510,39,51,41.5972639,-84.1242667,41.5785,-84.094751,42698.0,Fulton,Ohio,G3900510,41.5785,-84.094751,2011,,,,,,,,,,,,,,,,,,
G3900530,39,53,38.8170456,-82.3017463,38.830629,-82.274096,30934.0,Gallia,Ohio,G3900530,38.830629,-82.274096,2011,,,,,,,,,,,,,,,,,,
G3900550,39,55,41.4993217,-81.1735054,41.489615,-81.221561,93389.0,Geauga,Ohio,G3900550,41.489615,-81.221561,2011,,,,,,,,,,,,,,,,,,
G3900570,39,57,39.6874785,-83.8948943,39.726404,-83.996686,161573.0,Greene,Ohio,G3900570,39.726404,-83.996686,2011,,,,,,,,,,,,,,,,,,
G3900590,39,59,40.0566648,-81.497875,40.016788,-81.541827,40087.0,Guernsey,Ohio,G3900590,40.016788,-81.541827,2011,,,,,,,,,,,,,,,,,,
G3900610,39,61,39.1969272,-84.5441868,39.180332,-84.50859,802374.0,Hamilton,Ohio,G3900610,39.180332,-84.50859,2011,,,,,,,,,,,,,,,,,,
G3900630,39,63,41.0004711,-83.6660335,41.039056,-83.641951,74782.0,Hancock,Ohio,G3900630,41.039056,-83.641951,2011,,,,,,,,,,,,,,,,,,
G3900650,39,65,40.6604152,-83.6640773,40.689386,-83.675755,32058.0,Hardin,Ohio,G3900650,40.689386,-83.675755,2011,,,,,,,,,,,,,,,,,,
G3900670,39,67,40.2923175,-81.0915651,40.308636,-81.050672,15864.0,Harrison,Ohio,G3900670,40.308636,-81.050672,2011,,,,,,,,,,,,,,,,,,
G3900690,39,69,41.3315843,-84.0688996,41.358702,-84.076961,28215.0,Henry,Ohio,G3900690,41.358702,-84.076961,2011,,,,,,,,,,,,,,,,,,
G3900710,39,71,39.1844221,-83.601359,39.220062,-83.581988,43589.0,Highland,Ohio,G3900710,39.220062,-83.581988,2011,,,,,,,,,,,,,,,,,,
G3900730,39,73,39.4903425,-82.4834447,39.522194,-82.446275,29380.0,Hocking,Ohio,G3900730,39.522194,-82.446275,2011,,,,,,,,,,,,,,,,,,
G3900750,39,75,40.5653086,-81.9298686,40.567391,-81.872764,42366.0,Holmes,Ohio,G3900750,40.567391,-81.872764,2011,,,,,,,,,,,,,,,,,,
G3900770,39,77,41.1450798,-82.594641,41.175374,-82.614391,59626.0,Huron,Ohio,G3900770,41.175374,-82.614391,2011,,,,,,,,,,,,,,,,,,
G3900790,39,79,39.0134773,-82.614142,39.036265,-82.610661,33225.0,Jackson,Ohio,G3900790,39.036265,-82.610661,2011,,,,,,,,,,,,,,,,,,
G3900810,39,81,40.3993836,-80.7635272,40.365108,-80.694228,69709.0,Jefferson,Ohio,G3900810,40.365108,-80.694228,2011,,,,,,,,,,,,,,,,,,
G3900830,39,83,40.4036198,-82.4223929,40.399128,-82.454649,60921.0,Knox,Ohio,G3900830,40.399128,-82.454649,2011,,,,,,,,,,,,,,,,,,
G3900850,39,85,41.9241163,-81.3926429,41.685888,-81.319338,230041.0,Lake,Ohio,G3900850,41.685888,-81.319338,2011,,,,,,,,,,,,,,,,,,
G3900870,39,87,38.6038659,-82.5171856,38.503018,-82.540684,62450.0,Lawrence,Ohio,G3900870,38.503018,-82.540684,2011,,,,,,,,,,,,,,,,,,
G3900890,39,89,40.0936093,-82.4812506,40.05271,-82.515759,166492.0,Licking,Ohio,G3900890,40.05271,-82.515759,2011,,,,,,,,,,,,,,,,,,
G3900910,39,91,40.3875532,-83.766343,40.383676,-83.779471,45858.0,Logan,Ohio,G3900910,40.383676,-83.779471,2011,,,,,,,,,,,,,,,,,,
G3900930,39,93,41.4388045,-82.179722,41.38987,-82.112376,301356.0,Lorain,Ohio,G3900930,41.38987,-82.112376,2011,,,,,,,,,,,,,,,,,,
G3900950,39,95,41.6823213,-83.4689033,41.652803,-83.615345,441815.0,Lucas,Ohio,G3900950,41.652803,-83.615345,2011,,,,,,,,,,,,,,,,,,
G3900970,39,97,39.8966074,-83.4008847,39.924376,-83.379953,43435.0,Madison,Ohio,G3900970,39.924376,-83.379953,2011,,,,,,,,,,,,,,,,,,
G3900990,39,99,41.0108798,-80.7703956,41.049535,-80.696308,238823.0,Mahoning,Ohio,G3900990,41.049535,-80.696308,2011,,,,,,,,,,,,,,,,,,
G3901010,39,101,40.5880337,-83.1688034,40.58206,-83.129156,66501.0,Marion,Ohio,G3901010,40.58206,-83.129156,2011,,,,,,,,,,,,,,,,,,
G3901030,39,103,41.1161743,-81.8997641,41.144056,-81.84012,172332.0,Medina,Ohio,G3901030,41.144056,-81.84012,2011,,,,,,,,,,,,,,,,,,
G3901050,39,105,39.0898068,-82.0283968,39.060946,-82.013323,23770.0,Meigs,Ohio,G3901050,39.060946,-82.013323,2011,,,,,,,,,,,,,,,,,,
G3901070,39,107,40.5353325,-84.6320588,40.517287,-84.608376,40814.0,Mercer,Ohio,G3901070,40.517287,-84.608376,2011,,,,,,,,,,,,,,,,,,
G3901090,39,109,40.0533257,-84.2284135,40.046907,-84.234863,102506.0,Miami,Ohio,G3901090,40.046907,-84.234863,2011,,,,,,,,,,,,,,,,,,
G3901110,39,111,39.7262398,-81.0909758,39.741292,-81.06521,14642.0,Monroe,Ohio,G3901110,39.741292,-81.06521,2011,,,,,,,,,,,,,,,,,,
G3901130,39,113,39.7537357,-84.2905915,39.746151,-84.207549,535153.0,Montgomery,Ohio,G3901130,39.746151,-84.207549,2011,,,,,,,,,,,,,,,,,,
G3901150,39,115,39.6249463,-81.8616989,39.61669,-81.866143,15054.0,Morgan,Ohio,G3901150,39.61669,-81.866143,2011,,,,,,,,,,,,,,,,,,
G3901170,39,117,40.5252659,-82.7977288,40.518848,-82.795365,34827.0,Morrow,Ohio,G3901170,40.518848,-82.795365,2011,,,,,,,,,,,,,,,,,,
G3901190,39,119,39.9660457,-81.9435064,39.961284,-81.996883,86074.0,Muskingum,Ohio,G3901190,39.961284,-81.996883,2011,,,,,,,,,,,,,,,,,,
G3901210,39,121,39.7672325,-81.4525117,39.77163,-81.485165,14645.0,Noble,Ohio,G3901210,39.77163,-81.485165,2011,,,,,,,,,,,,,,,,,,
G3901230,39,123,41.5454953,-83.0126127,41.531718,-83.081463,41428.0,Ottawa,Ohio,G3901230,41.531718,-83.081463,2011,,,,,,,,,,,,,,,,,,
G3901250,39,125,41.1189196,-84.5822551,41.132218,-84.584535,19614.0,Paulding,Ohio,G3901250,41.132218,-84.584535,2011,,,,,,,,,,,,,,,,,,
G3901270,39,127,39.7431874,-82.2379525,39.754136,-82.234082,36058.0,Perry,Ohio,G3901270,39.754136,-82.234082,2011,,,,,,,,,,,,,,,,,,
G3901290,39,129,39.648947,-83.0528267,39.666509,-82.993084,55698.0,Pickaway,Ohio,G3901290,39.666509,-82.993084,2011,,,,,,,,,,,,,,,,,,
G3901310,39,131,39.071363,-83.0529118,39.083994,-83.038173,28709.0,Pike,Ohio,G3901310,39.083994,-83.038173,2011,,,,,,,,,,,,,,,,,,
G3901330,39,133,41.1688366,-81.197042,41.17947,-81.273457,161419.0,Portage,Ohio,G3901330,41.17947,-81.273457,2011,,,,,,,,,,,,,,,,,,
G3901350,39,135,39.7388104,-84.6447584,39.743738,-84.624466,42270.0,Preble,Ohio,G3901350,39.743738,-84.624466,2011,,,,,,,,,,,,,,,,,,
G3901370,39,137,41.0245334,-84.1298791,41.0083,-84.11802,34499.0,Putnam,Ohio,G3901370,41.0083,-84.11802,2011,,,,,,,,,,,,,,,,,,
G3901390,39,139,40.774159,-82.5427812,40.762374,-82.540347,124475.0,Richland,Ohio,G3901390,40.762374,-82.540347,2011,,,,,,,,,,,,,,,,,,
G3901410,39,141,39.3238179,-83.0595805,39.340682,-83.022104,78064.0,Ross,Ohio,G3901410,39.340682,-83.022104,2011,,,,,,,,,,,,,,,,,,
G3901430,39,143,41.3552905,-83.142735,41.341058,-83.101952,60944.0,Sandusky,Ohio,G3901430,41.341058,-83.101952,2011,,,,,,,,,,,,,,,,,,
G3901450,39,145,38.8148886,-82.998675,38.781629,-82.945444,79499.0,Scioto,Ohio,G3901450,38.781629,-82.945444,2011,,,,,,,,,,,,,,,,,,
G3901470,39,147,41.1200224,-83.1275037,41.127601,-83.201322,56745.0,Seneca,Ohio,G3901470,41.127601,-83.201322,2011,,,,,,,,,,,,,,,,,,
G3901490,39,149,40.3366802,-84.2041425,40.318869,-84.192139,49423.0,Shelby,Ohio,G3901490,40.318869,-84.192139,2011,,,,,,,,,,,,,,,,,,
G3901510,39,151,40.8141314,-81.3656673,40.837013,-81.387172,375586.0,Stark,Ohio,G3901510,40.837013,-81.387172,2011,,,,,,,,,,,,,,,,,,
G3901530,39,153,41.1218513,-81.5349361,41.112957,-81.512898,541781.0,Summit,Ohio,G3901530,41.112957,-81.512898,2011,,,,,,,,,,,,,,,,,,
G3901550,39,155,41.3059114,-80.7687013,41.240415,-80.759806,210312.0,Trumbull,Ohio,G3901550,41.240415,-80.759806,2011,,,,,,,,,,,,,,,,,,
G3901570,39,157,40.4474477,-81.4711573,40.479556,-81.465322,92582.0,Tuscarawas,Ohio,G3901570,40.479556,-81.465322,2011,,,,,,,,,,,,,,,,,,
G3901590,39,159,40.2959008,-83.3670416,40.252214,-83.350113,52300.0,Union,Ohio,G3901590,40.252214,-83.350113,2011,,,,,,,,,,,,,,,,,,
G3901610,39,161,40.8555203,-84.5857751,40.856353,-84.565522,28744.0,Van Wert,Ohio,G3901610,40.856353,-84.565522,2011,,,,,,,,,,,,,,,,,,
G3901630,39,163,39.2520144,-82.485961,39.240104,-82.503644,13435.0,Vinton,Ohio,G3901630,39.240104,-82.503644,2011,,,,,,,,,,,,,,,,,,
G3901650,39,165,39.4256516,-84.1699063,39.424293,-84.245128,212693.0,Warren,Ohio,G3901650,39.424293,-84.245128,2011,,,,,,,,,,,,,,,,,,
G3901670,39,167,39.4506837,-81.4906531,39.41251,-81.512663,61778.0,Washington,Ohio,G3901670,39.41251,-81.512663,2011,,,,,,,,,,,,,,,,,,
G3901690,39,169,40.8296612,-81.8871942,40.838544,-81.864335,114520.0,Wayne,Ohio,G3901690,40.838544,-81.864335,2011,,,,,,,,,,,,,,,,,,
G3901710,39,171,41.5649581,-84.5843225,41.533691,-84.573035,37642.0,Williams,Ohio,G3901710,41.533691,-84.573035,2011,,,,,,,,,,,,,,,,,,
G3901730,39,173,41.3601834,-83.6226821,41.44828,-83.601066,125488.0,Wood,Ohio,G3901730,41.44828,-83.601066,2011,,,,,,,,,,,,,,,,,,
G3901750,39,175,40.8397816,-83.313681,40.865953,-83.298153,22615.0,Wyandot,Ohio,G3901750,40.865953,-83.298153,2011,,,,,,,,,,,,,,,,,,
G4000010,40,1,35.8980428,-94.6510258,35.887523,-94.63575,22683.0,Adair,Oklahoma,G4000010,35.887523,-94.63575,2011,,,,,,,,,,,,,,,,,,
G4000050,40,5,34.3924691,-96.0365577,34.324459,-96.090179,14182.0,Atoka,Oklahoma,G4000050,34.324459,-96.090179,2011,,,,,,,,,,,,,,,,,,
G4000070,40,7,36.7483343,-100.4830555,36.818228,-100.616419,5636.0,Beaver,Oklahoma,G4000070,36.818228,-100.616419,2011,,,,,,,,,,,,,,,,,,
G4000090,40,9,35.2706008,-99.6900574,35.361391,-99.512486,22119.0,Beckham,Oklahoma,G4000090,35.361391,-99.512486,2011,,,,,,,,,,,,,,,,,,
G4000110,40,11,35.877782,-98.4289343,35.884817,-98.420662,11943.0,Blaine,Oklahoma,G4000110,35.884817,-98.420662,2011,,,,,,,,,,,,,,,,,,
G4000130,40,13,33.9640035,-96.2641365,33.977295,-96.383822,42416.0,Bryan,Oklahoma,G4000130,33.977295,-96.383822,2011,,,,,,,,,,,,,,,,,,
G4000150,40,15,35.1679202,-98.3810447,35.147225,-98.338494,29600.0,Caddo,Oklahoma,G4000150,35.147225,-98.338494,2011,,,,,,,,,,,,,,,,,,
G4000170,40,17,35.54341,-97.9798435,35.491254,-97.78114,115541.0,Canadian,Oklahoma,G4000170,35.491254,-97.78114,2011,,,,,,,,,,,,,,,,,,
G4000190,40,19,34.2518484,-97.2879273,34.192075,-97.20457,47557.0,Carter,Oklahoma,G4000190,34.192075,-97.20457,2011,,,,,,,,,,,,,,,,,,
G4000210,40,21,35.9043668,-94.9967964,35.900171,-94.994163,46987.0,Cherokee,Oklahoma,G4000210,35.900171,-94.994163,2011,,,,,,,,,,,,,,,,,,
G4000230,40,23,34.0276453,-95.5542077,34.020247,-95.533567,15205.0,Choctaw,Oklahoma,G4000230,34.020247,-95.533567,2011,,,,,,,,,,,,,,,,,,
G4000270,40,27,35.2063756,-97.3230884,35.266627,-97.447024,255755.0,Cleveland,Oklahoma,G4000270,35.266627,-97.447024,2011,,,,,,,,,,,,,,,,,,
G4000290,40,29,34.5828612,-96.288039,34.546448,-96.278023,5925.0,Coal,Oklahoma,G4000290,34.546448,-96.278023,2011,,,,,,,,,,,,,,,,,,
G4000310,40,31,34.6626279,-98.4765971,34.629215,-98.421648,124098.0,Comanche,Oklahoma,G4000310,34.629215,-98.421648,2011,,,,,,,,,,,,,,,,,,
G4000330,40,33,34.290676,-98.3734379,34.307791,-98.332256,6193.0,Cotton,Oklahoma,G4000330,34.307791,-98.332256,2011,,,,,,,,,,,,,,,,,,
G4000350,40,35,36.7638896,-95.2015531,36.675666,-95.153823,15029.0,Craig,Oklahoma,G4000350,36.675666,-95.153823,2011,,,,,,,,,,,,,,,,,,
G4000370,40,37,35.9077324,-96.3797931,35.974422,-96.233839,69967.0,Creek,Oklahoma,G4000370,35.974422,-96.233839,2011,,,,,,,,,,,,,,,,,,
G4000390,40,39,35.6456012,-98.9973857,35.547405,-98.839507,27469.0,Custer,Oklahoma,G4000390,35.547405,-98.839507,2011,,,,,,,,,,,,,,,,,,
G4000410,40,41,36.3933755,-94.808217,36.463017,-94.794943,41487.0,Delaware,Oklahoma,G4000410,36.463017,-94.794943,2011,,,,,,,,,,,,,,,,,,
G4000430,40,43,35.9779598,-99.014385,36.052429,-99.06334,4810.0,Dewey,Oklahoma,G4000430,36.052429,-99.06334,2011,,,,,,,,,,,,,,,,,,
G4000450,40,45,36.2242576,-99.7501388,36.265997,-99.784141,4151.0,Ellis,Oklahoma,G4000450,36.265997,-99.784141,2011,,,,,,,,,,,,,,,,,,
G4000470,40,47,36.3782725,-97.7877291,36.398165,-97.883789,60580.0,Garfield,Oklahoma,G4000470,36.398165,-97.883789,2011,,,,,,,,,,,,,,,,,,
G4000490,40,49,34.7093497,-97.312723,34.735648,-97.288696,27576.0,Garvin,Oklahoma,G4000490,34.735648,-97.288696,2011,,,,,,,,,,,,,,,,,,
G4000510,40,51,35.0210581,-97.8868902,35.099526,-97.861894,52431.0,Grady,Oklahoma,G4000510,35.099526,-97.861894,2011,,,,,,,,,,,,,,,,,,
G4000530,40,53,36.7882544,-97.7881508,36.762627,-97.774047,4527.0,Grant,Oklahoma,G4000530,36.762627,-97.774047,2011,,,,,,,,,,,,,,,,,,
G4000550,40,55,34.9338533,-99.5529675,34.915219,-99.459421,6239.0,Greer,Oklahoma,G4000550,34.915219,-99.459421,2011,,,,,,,,,,,,,,,,,,
G4000570,40,57,34.745971,-99.8441936,34.694761,-99.897993,2922.0,Harmon,Oklahoma,G4000570,34.694761,-99.897993,2011,,,,,,,,,,,,,,,,,,
G4000590,40,59,36.8003504,-99.6628052,36.771519,-99.757532,3685.0,Harper,Oklahoma,G4000590,36.771519,-99.757532,2011,,,,,,,,,,,,,,,,,,
G4000610,40,61,35.2322937,-95.1095776,35.237804,-95.121608,12769.0,Haskell,Oklahoma,G4000610,35.237804,-95.121608,2011,,,,,,,,,,,,,,,,,,
G4000630,40,63,35.0529339,-96.2511829,35.081959,-96.32078,14003.0,Hughes,Oklahoma,G4000630,35.081959,-96.32078,2011,,,,,,,,,,,,,,,,,,
G4000650,40,65,34.5939486,-99.4122097,34.653404,-99.335932,26446.0,Jackson,Oklahoma,G4000650,34.653404,-99.335932,2011,,,,,,,,,,,,,,,,,,
G4000670,40,67,34.1050824,-97.8388896,34.128114,-97.866159,6472.0,Jefferson,Oklahoma,G4000670,34.128114,-97.866159,2011,,,,,,,,,,,,,,,,,,
G4000690,40,69,34.3134553,-96.6542545,34.263937,-96.654549,10957.0,Johnston,Oklahoma,G4000690,34.263937,-96.654549,2011,,,,,,,,,,,,,,,,,,
G4000710,40,71,36.8148851,-97.1438616,36.745203,-97.128546,46562.0,Kay,Oklahoma,G4000710,36.745203,-97.128546,2011,,,,,,,,,,,,,,,,,,
G4000730,40,73,35.9494308,-97.934568,35.915329,-97.912409,15034.0,Kingfisher,Oklahoma,G4000730,35.915329,-97.912409,2011,,,,,,,,,,,,,,,,,,
G4000750,40,75,34.9214893,-98.9816168,34.936358,-99.015436,9446.0,Kiowa,Oklahoma,G4000750,34.936358,-99.015436,2011,,,,,,,,,,,,,,,,,,
G4000770,40,77,34.8751365,-95.2722625,34.883191,-95.258464,11154.0,Latimer,Oklahoma,G4000770,34.883191,-95.258464,2011,,,,,,,,,,,,,,,,,,
G4000790,40,79,34.8973562,-94.6950743,35.061854,-94.641301,50384.0,Le Flore,Oklahoma,G4000790,35.061854,-94.641301,2011,,,,,,,,,,,,,,,,,,
G4000810,40,81,35.7031175,-96.8813917,35.659026,-96.882293,34273.0,Lincoln,Oklahoma,G4000810,35.659026,-96.882293,2011,,,,,,,,,,,,,,,,,,
G4000830,40,83,35.9141514,-97.4507644,35.832833,-97.439988,41848.0,Logan,Oklahoma,G4000830,35.832833,-97.439988,2011,,,,,,,,,,,,,,,,,,
G4000850,40,85,33.9577749,-97.2451238,33.927597,-97.171716,9423.0,Love,Oklahoma,G4000850,33.927597,-97.171716,2011,,,,,,,,,,,,,,,,,,
G4000870,40,87,35.0164333,-97.449801,35.092174,-97.514971,34506.0,McClain,Oklahoma,G4000870,35.092174,-97.514971,2011,,,,,,,,,,,,,,,,,,
G4000890,40,89,34.1170728,-94.7660863,34.001191,-94.816419,33151.0,McCurtain,Oklahoma,G4000890,34.001191,-94.816419,2011,,,,,,,,,,,,,,,,,,
G4000910,40,91,35.3691078,-95.6717865,35.38549,-95.580112,20252.0,McIntosh,Oklahoma,G4000910,35.38549,-95.580112,2011,,,,,,,,,,,,,,,,,,
G4000930,40,93,36.3131189,-98.5420147,36.301932,-98.421761,7527.0,Major,Oklahoma,G4000930,36.301932,-98.421761,2011,,,,,,,,,,,,,,,,,,
G4000950,40,95,34.0270068,-96.770533,34.020632,-96.754422,15840.0,Marshall,Oklahoma,G4000950,34.020632,-96.754422,2011,,,,,,,,,,,,,,,,,,
G4000970,40,97,36.303804,-95.2356382,36.292914,-95.235555,41259.0,Mayes,Oklahoma,G4000970,36.292914,-95.235555,2011,,,,,,,,,,,,,,,,,,
G4000990,40,99,34.4857664,-97.0715567,34.507027,-97.028909,13488.0,Murray,Oklahoma,G4000990,34.507027,-97.028909,2011,,,,,,,,,,,,,,,,,,
G4001010,40,101,35.6175506,-95.3839106,35.709969,-95.368317,70990.0,Muskogee,Oklahoma,G4001010,35.709969,-95.368317,2011,,,,,,,,,,,,,,,,,,
G4001030,40,103,36.384901,-97.2363345,36.322823,-97.233709,11561.0,Noble,Oklahoma,G4001030,36.322823,-97.233709,2011,,,,,,,,,,,,,,,,,,
G4001050,40,105,36.7896148,-95.6133123,36.775398,-95.634714,10536.0,Nowata,Oklahoma,G4001050,36.775398,-95.634714,2011,,,,,,,,,,,,,,,,,,
G4001070,40,107,35.466804,-96.3277619,35.44943,-96.333303,12191.0,Okfuskee,Oklahoma,G4001070,35.44943,-96.333303,2011,,,,,,,,,,,,,,,,,,
G4001090,40,109,35.5546109,-97.4094007,35.519307,-97.510552,718633.0,Oklahoma,Oklahoma,G4001090,35.519307,-97.510552,2011,,,,,,,,,,,,,,,,,,
G4001110,40,111,35.646879,-95.96458,35.61535,-95.967902,40069.0,Okmulgee,Oklahoma,G4001110,35.61535,-95.967902,2011,,,,,,,,,,,,,,,,,,
G4001130,40,113,36.6242995,-96.4081119,36.424523,-96.241685,47472.0,Osage,Oklahoma,G4001130,36.424523,-96.241685,2011,,,,,,,,,,,,,,,,,,
G4001150,40,115,36.8357635,-94.8026814,36.858051,-94.837147,31848.0,Ottawa,Oklahoma,G4001150,36.858051,-94.837147,2011,,,,,,,,,,,,,,,,,,
G4001170,40,117,36.3137038,-96.6966693,36.273127,-96.549785,16577.0,Pawnee,Oklahoma,G4001170,36.273127,-96.549785,2011,,,,,,,,,,,,,,,,,,
G4001190,40,119,36.0792254,-96.9752553,36.091385,-97.003156,77350.0,Payne,Oklahoma,G4001190,36.091385,-97.003156,2011,,,,,,,,,,,,,,,,,,
G4001210,40,121,34.9255401,-95.7481302,34.957989,-95.719834,45837.0,Pittsburg,Oklahoma,G4001210,34.957989,-95.719834,2011,,,,,,,,,,,,,,,,,,
G4001230,40,123,34.7217157,-96.6921232,34.773665,-96.6714,37492.0,Pontotoc,Oklahoma,G4001230,34.773665,-96.6714,2011,,,,,,,,,,,,,,,,,,
G4001250,40,125,35.2113928,-96.957007,35.317085,-96.951814,69442.0,Pottawatomie,Oklahoma,G4001250,35.317085,-96.951814,2011,,,,,,,,,,,,,,,,,,
G4001270,40,127,34.377899,-95.4080818,34.336743,-95.477215,11572.0,Pushmataha,Oklahoma,G4001270,34.336743,-95.477215,2011,,,,,,,,,,,,,,,,,,
G4001310,40,131,36.3777941,-95.6013835,36.317138,-95.644612,86905.0,Rogers,Oklahoma,G4001310,36.317138,-95.644612,2011,,,,,,,,,,,,,,,,,,
G4001330,40,133,35.1583657,-96.6028575,35.18355,-96.628173,25482.0,Seminole,Oklahoma,G4001330,35.18355,-96.628173,2011,,,,,,,,,,,,,,,,,,
G4001350,40,135,35.5024345,-94.7507569,35.468313,-94.732692,42391.0,Sequoyah,Oklahoma,G4001350,35.468313,-94.732692,2011,,,,,,,,,,,,,,,,,,
G4001370,40,137,34.4813609,-97.8556068,34.517163,-97.945593,45048.0,Stephens,Oklahoma,G4001370,34.517163,-97.945593,2011,,,,,,,,,,,,,,,,,,
G4001390,40,139,36.7463169,-101.4838549,36.71352,-101.449911,20640.0,Texas,Oklahoma,G4001390,36.71352,-101.449911,2011,,,,,,,,,,,,,,,,,,
G4001410,40,141,34.3710852,-98.931701,34.380456,-98.972769,7992.0,Tillman,Oklahoma,G4001410,34.380456,-98.972769,2011,,,,,,,,,,,,,,,,,,
G4001430,40,143,36.1203177,-95.9418132,36.105918,-95.914798,603403.0,Tulsa,Oklahoma,G4001430,36.105918,-95.914798,2011,,,,,,,,,,,,,,,,,,
G4001450,40,145,35.9634793,-95.5141004,36.011259,-95.612267,73085.0,Wagoner,Oklahoma,G4001450,36.011259,-95.612267,2011,,,,,,,,,,,,,,,,,,
G4001470,40,147,36.7043803,-95.9061545,36.729169,-95.938601,50976.0,Washington,Oklahoma,G4001470,36.729169,-95.938601,2011,,,,,,,,,,,,,,,,,,
G4001490,40,149,35.2894967,-98.9914359,35.313031,-99.056867,11629.0,Washita,Oklahoma,G4001490,35.313031,-99.056867,2011,,,,,,,,,,,,,,,,,,
G4001510,40,151,36.7269843,-98.863649,36.764048,-98.719763,8878.0,Woods,Oklahoma,G4001510,36.764048,-98.719763,2011,,,,,,,,,,,,,,,,,,
G4001530,40,153,36.4256189,-99.2736609,36.426108,-99.383837,20081.0,Woodward,Oklahoma,G4001530,36.426108,-99.383837,2011,,,,,,,,,,,,,,,,,,
G4100010,41,1,44.7034268,-117.6919334,44.779398,-117.765487,16134.0,Baker,Oregon,G4100010,44.779398,-117.765487,2011,,,,,,,,,,,,,,,,,,
G4100030,41,3,44.4938816,-123.4246641,44.571181,-123.278972,85579.0,Benton,Oregon,G4100030,44.571181,-123.278972,2011,,,,,,,,,,,,,,,,,,
G4100050,41,5,45.1604934,-122.1951274,45.363365,-122.57415,375992.0,Clackamas,Oregon,G4100050,45.363365,-122.57415,2011,,,,,,,,,,,,,,,,,,
G4100070,41,7,46.0245092,-123.705014,46.098033,-123.837442,37039.0,Clatsop,Oregon,G4100070,46.098033,-123.837442,2011,,,,,,,,,,,,,,,,,,
G4100090,41,9,45.941932,-123.081079,45.893189,-122.93005,49351.0,Columbia,Oregon,G4100090,45.893189,-122.93005,2011,,,,,,,,,,,,,,,,,,
G4100110,41,11,43.1841928,-124.0925574,43.305343,-124.231247,63043.0,Coos,Oregon,G4100110,43.305343,-124.231247,2011,,,,,,,,,,,,,,,,,,
G4100130,41,13,44.1630537,-120.3715849,44.285943,-120.839327,20978.0,Crook,Oregon,G4100130,44.285943,-120.839327,2011,,,,,,,,,,,,,,,,,,
G4100150,41,15,42.4664387,-124.2109292,42.249909,-124.328547,22364.0,Curry,Oregon,G4100150,42.249909,-124.328547,2011,,,,,,,,,,,,,,,,,,
G4100170,41,17,43.9151181,-121.2255751,44.092071,-121.30565,157733.0,Deschutes,Oregon,G4100170,44.092071,-121.30565,2011,,,,,,,,,,,,,,,,,,
G4100190,41,19,43.2863277,-123.154476,43.237447,-123.386761,107667.0,Douglas,Oregon,G4100190,43.237447,-123.386761,2011,,,,,,,,,,,,,,,,,,
G4100210,41,21,45.382955,-120.276246,45.438181,-120.194384,1871.0,Gilliam,Oregon,G4100210,45.438181,-120.194384,2011,,,,,,,,,,,,,,,,,,
G4100230,41,23,44.4963261,-119.0140572,44.450864,-119.001015,7445.0,Grant,Oregon,G4100230,44.450864,-119.001015,2011,,,,,,,,,,,,,,,,,,
G4100250,41,25,43.0644492,-118.9871695,43.522141,-118.986738,7422.0,Harney,Oregon,G4100250,43.522141,-118.986738,2011,,,,,,,,,,,,,,,,,,
G4100270,41,27,45.5117753,-121.6559762,45.655533,-121.563132,22346.0,Hood River,Oregon,G4100270,45.655533,-121.563132,2011,,,,,,,,,,,,,,,,,,
G4100290,41,29,42.4116284,-122.6756846,42.34699,-122.858316,203206.0,Jackson,Oregon,G4100290,42.34699,-122.858316,2011,,,,,,,,,,,,,,,,,,
G4100310,41,31,44.6451505,-121.1786315,44.601999,-121.193198,21720.0,Jefferson,Oregon,G4100310,44.601999,-121.193198,2011,,,,,,,,,,,,,,,,,,
G4100330,41,33,42.3869815,-123.5716261,42.404127,-123.386809,82713.0,Josephine,Oregon,G4100330,42.404127,-123.386809,2011,,,,,,,,,,,,,,,,,,
G4100350,41,35,42.6837613,-121.6461682,42.281867,-121.724883,66380.0,Klamath,Oregon,G4100350,42.281867,-121.724883,2011,,,,,,,,,,,,,,,,,,
G4100370,41,37,42.7884009,-120.3897896,42.490564,-120.479309,7895.0,Lake,Oregon,G4100370,42.490564,-120.479309,2011,,,,,,,,,,,,,,,,,,
G4100390,41,39,43.9283286,-122.8976901,44.038338,-123.117351,351715.0,Lane,Oregon,G4100390,44.038338,-123.117351,2011,,,,,,,,,,,,,,,,,,
G4100410,41,41,44.6410607,-123.9112121,44.712447,-124.000861,46034.0,Lincoln,Oregon,G4100410,44.712447,-124.000861,2011,,,,,,,,,,,,,,,,,,
G4100430,41,43,44.4888982,-122.5372084,44.554621,-122.959618,116672.0,Linn,Oregon,G4100430,44.554621,-122.959618,2011,,,,,,,,,,,,,,,,,,
G4100450,41,45,43.1880821,-117.6040452,43.971312,-117.062987,31313.0,Malheur,Oregon,G4100450,43.971312,-117.062987,2011,,,,,,,,,,,,,,,,,,
G4100470,41,47,44.9008984,-122.5762602,44.96169,-122.954793,315335.0,Marion,Oregon,G4100470,44.96169,-122.954793,2011,,,,,,,,,,,,,,,,,,
G4100490,41,49,45.4254956,-119.6023111,45.730088,-119.612758,11173.0,Morrow,Oregon,G4100490,45.730088,-119.612758,2011,,,,,,,,,,,,,,,,,,
G4100510,41,51,45.5476932,-122.4171728,45.517889,-122.588705,735334.0,Multnomah,Oregon,G4100510,45.517889,-122.588705,2011,,,,,,,,,,,,,,,,,,
G4100530,41,53,44.9003752,-123.3986729,44.920133,-123.211525,75403.0,Polk,Oregon,G4100530,44.920133,-123.211525,2011,,,,,,,,,,,,,,,,,,
G4100550,41,55,45.3992158,-120.6785124,45.522409,-120.726192,1765.0,Sherman,Oregon,G4100550,45.522409,-120.726192,2011,,,,,,,,,,,,,,,,,,
G4100570,41,57,45.4558895,-123.7592988,45.467428,-123.858675,25250.0,Tillamook,Oregon,G4100570,45.467428,-123.858675,2011,,,,,,,,,,,,,,,,,,
G4100590,41,59,45.5911997,-118.7338795,45.798618,-118.952064,75889.0,Umatilla,Oregon,G4100590,45.798618,-118.952064,2011,,,,,,,,,,,,,,,,,,
G4100610,41,61,45.3040809,-117.9991488,45.341758,-118.019473,25748.0,Union,Oregon,G4100610,45.341758,-118.019473,2011,,,,,,,,,,,,,,,,,,
G4100630,41,63,45.593753,-117.1855796,45.443081,-117.310593,7008.0,Wallowa,Oregon,G4100630,45.443081,-117.310593,2011,,,,,,,,,,,,,,,,,,
G4100650,41,65,45.1645359,-121.1650693,45.536003,-121.202594,25213.0,Wasco,Oregon,G4100650,45.536003,-121.202594,2011,,,,,,,,,,,,,,,,,,
G4100670,41,67,45.5535419,-123.0976146,45.48421,-122.870641,529710.0,Washington,Oregon,G4100670,45.48421,-122.870641,2011,,,,,,,,,,,,,,,,,,
G4100690,41,69,44.7364146,-120.0268608,44.839441,-120.085187,1441.0,Wheeler,Oregon,G4100690,44.839441,-120.085187,2011,,,,,,,,,,,,,,,,,,
G4100710,41,71,45.2478274,-123.3163993,45.237712,-123.140448,99193.0,Yamhill,Oregon,G4100710,45.237712,-123.140448,2011,,,,,,,,,,,,,,,,,,
G4200010,42,1,39.8694707,-77.2177296,39.851863,-77.158646,101407.0,Adams,Pennsylvania,G4200010,39.851863,-77.158646,2011,,,,,,,,,,,,,,,,,,
G4200030,42,3,40.4697574,-79.9804515,40.446249,-79.966538,1223348.0,Allegheny,Pennsylvania,G4200030,40.446249,-79.966538,2011,,,,,,,,,,,,,,,,,,
G4200050,42,5,40.8123805,-79.4641285,40.769725,-79.511347,68941.0,Armstrong,Pennsylvania,G4200050,40.769725,-79.511347,2011,,,,,,,,,,,,,,,,,,
G4200070,42,7,40.6841401,-80.3507209,40.684545,-80.302592,170539.0,Beaver,Pennsylvania,G4200070,40.684545,-80.302592,2011,,,,,,,,,,,,,,,,,,
G4200090,42,9,39.9986204,-78.4947507,40.053372,-78.477467,49762.0,Bedford,Pennsylvania,G4200090,40.053372,-78.477467,2011,,,,,,,,,,,,,,,,,,
G4200110,42,11,40.4139565,-75.9268598,40.364226,-75.908729,411442.0,Berks,Pennsylvania,G4200110,40.364226,-75.908729,2011,,,,,,,,,,,,,,,,,,
G4200130,42,13,40.4979217,-78.3106362,40.485519,-78.3772,127089.0,Blair,Pennsylvania,G4200130,40.485519,-78.3772,2011,,,,,,,,,,,,,,,,,,
G4200150,42,15,41.7914949,-76.5021237,41.829722,-76.526197,62622.0,Bradford,Pennsylvania,G4200150,41.829722,-76.526197,2011,,,,,,,,,,,,,,,,,,
G4200170,42,17,40.3368872,-75.10706,40.238922,-75.024632,625249.0,Bucks,Pennsylvania,G4200170,40.238922,-75.024632,2011,,,,,,,,,,,,,,,,,,
G4200190,42,19,40.9138467,-79.9189776,40.829199,-79.958665,183862.0,Butler,Pennsylvania,G4200190,40.829199,-79.958665,2011,,,,,,,,,,,,,,,,,,
G4200210,42,21,40.5103124,-78.7104629,40.406479,-78.800168,143679.0,Cambria,Pennsylvania,G4200210,40.406479,-78.800168,2011,,,,,,,,,,,,,,,,,,
G4200230,42,23,41.4382883,-78.1983145,41.502183,-78.236901,5085.0,Cameron,Pennsylvania,G4200230,41.502183,-78.236901,2011,,,,,,,,,,,,,,,,,,
G4200250,42,25,40.9183661,-75.7050387,40.871762,-75.708746,65249.0,Carbon,Pennsylvania,G4200250,40.871762,-75.708746,2011,,,,,,,,,,,,,,,,,,
G4200270,42,27,40.9091603,-77.8478296,40.841087,-77.838248,153990.0,Centre,Pennsylvania,G4200270,40.841087,-77.838248,2011,,,,,,,,,,,,,,,,,,
G4200290,42,29,39.9739654,-75.7497323,39.990871,-75.679351,498886.0,Chester,Pennsylvania,G4200290,39.990871,-75.679351,2011,,,,,,,,,,,,,,,,,,
G4200310,42,31,41.1981594,-79.4203691,41.183479,-79.427108,39988.0,Clarion,Pennsylvania,G4200310,41.183479,-79.427108,2011,,,,,,,,,,,,,,,,,,
G4200330,42,33,41.0002489,-78.473749,40.988404,-78.495829,81642.0,Clearfield,Pennsylvania,G4200330,40.988404,-78.495829,2011,,,,,,,,,,,,,,,,,,
G4200350,42,35,41.2453009,-77.6491409,41.141257,-77.451745,39238.0,Clinton,Pennsylvania,G4200350,41.141257,-77.451745,2011,,,,,,,,,,,,,,,,,,
G4200370,42,37,41.0455174,-76.4042599,41.037606,-76.390955,67295.0,Columbia,Pennsylvania,G4200370,41.037606,-76.390955,2011,,,,,,,,,,,,,,,,,,
G4200390,42,39,41.687835,-80.107799,41.665952,-80.101229,88765.0,Crawford,Pennsylvania,G4200390,41.665952,-80.101229,2011,,,,,,,,,,,,,,,,,,
G4200410,42,41,40.1648047,-77.2634419,40.204609,-77.099379,235406.0,Cumberland,Pennsylvania,G4200410,40.204609,-77.099379,2011,,,,,,,,,,,,,,,,,,
G4200430,42,43,40.4125646,-76.7926343,40.306988,-76.796622,268100.0,Dauphin,Pennsylvania,G4200430,40.306988,-76.796622,2011,,,,,,,,,,,,,,,,,,
G4200450,42,45,39.9166704,-75.3987862,39.921778,-75.348629,558979.0,Delaware,Pennsylvania,G4200450,39.921778,-75.348629,2011,,,,,,,,,,,,,,,,,,
G4200470,42,47,41.4273339,-78.6539383,41.419475,-78.620668,31946.0,Elk,Pennsylvania,G4200470,41.419475,-78.620668,2011,,,,,,,,,,,,,,,,,,
G4200490,42,49,42.1179519,-80.0963858,42.068053,-80.071718,280566.0,Erie,Pennsylvania,G4200490,42.068053,-80.071718,2011,,,,,,,,,,,,,,,,,,
G4200510,42,51,39.9189072,-79.6401194,39.949668,-79.71427,136606.0,Fayette,Pennsylvania,G4200510,39.949668,-79.71427,2011,,,,,,,,,,,,,,,,,,
G4200530,42,53,41.513304,-79.249705,41.491795,-79.241027,7716.0,Forest,Pennsylvania,G4200530,41.491795,-79.241027,2011,,,,,,,,,,,,,,,,,,
G4200550,42,55,39.9266851,-77.7244974,39.882739,-77.656246,149618.0,Franklin,Pennsylvania,G4200550,39.882739,-77.656246,2011,,,,,,,,,,,,,,,,,,
G4200570,42,57,39.9107505,-78.1226171,39.919336,-78.086385,14845.0,Fulton,Pennsylvania,G4200570,39.919336,-78.086385,2011,,,,,,,,,,,,,,,,,,
G4200590,42,59,39.8477067,-80.2256552,39.876467,-80.117573,38686.0,Greene,Pennsylvania,G4200590,39.876467,-80.117573,2011,,,,,,,,,,,,,,,,,,
G4200610,42,61,40.4223108,-77.9685953,40.424965,-78.002675,45913.0,Huntingdon,Pennsylvania,G4200610,40.424965,-78.002675,2011,,,,,,,,,,,,,,,,,,
G4200630,42,63,40.6514319,-79.0875451,40.616037,-79.129455,88880.0,Indiana,Pennsylvania,G4200630,40.616037,-79.129455,2011,,,,,,,,,,,,,,,,,,
G4200650,42,65,41.1380281,-79.012419,41.085708,-78.964758,45200.0,Jefferson,Pennsylvania,G4200650,41.085708,-78.964758,2011,,,,,,,,,,,,,,,,,,
G4200670,42,67,40.530673,-77.4004377,40.571523,-77.329618,24636.0,Juniata,Pennsylvania,G4200670,40.571523,-77.329618,2011,,,,,,,,,,,,,,,,,,
G4200690,42,69,41.4402841,-75.6096661,41.441266,-75.636058,214437.0,Lackawanna,Pennsylvania,G4200690,41.441266,-75.636058,2011,,,,,,,,,,,,,,,,,,
G4200710,42,71,40.0419921,-76.250198,40.073653,-76.290855,519445.0,Lancaster,Pennsylvania,G4200710,40.073653,-76.290855,2011,,,,,,,,,,,,,,,,,,
G4200730,42,73,40.9927352,-80.3344455,40.986592,-80.336662,91108.0,Lawrence,Pennsylvania,G4200730,40.986592,-80.336662,2011,,,,,,,,,,,,,,,,,,
G4200750,42,75,40.3715593,-76.4648697,40.341615,-76.442891,133568.0,Lebanon,Pennsylvania,G4200750,40.341615,-76.442891,2011,,,,,,,,,,,,,,,,,,
G4200770,42,77,40.6142409,-75.5906269,40.599225,-75.50897,349497.0,Lehigh,Pennsylvania,G4200770,40.599225,-75.50897,2011,,,,,,,,,,,,,,,,,,
G4200790,42,79,41.1727868,-75.9760345,41.199679,-75.929184,320918.0,Luzerne,Pennsylvania,G4200790,41.199679,-75.929184,2011,,,,,,,,,,,,,,,,,,
G4200810,42,81,41.3436196,-77.0552254,41.249888,-76.98414,116111.0,Lycoming,Pennsylvania,G4200810,41.249888,-76.98414,2011,,,,,,,,,,,,,,,,,,
G4200830,42,83,41.8145902,-78.5724631,41.865308,-78.583174,43450.0,McKean,Pennsylvania,G4200830,41.865308,-78.583174,2011,,,,,,,,,,,,,,,,,,
G4200850,42,85,41.3000142,-80.2527863,41.263653,-80.336921,116638.0,Mercer,Pennsylvania,G4200850,41.263653,-80.336921,2011,,,,,,,,,,,,,,,,,,
G4200870,42,87,40.6016069,-77.6519381,40.602421,-77.615982,46682.0,Mifflin,Pennsylvania,G4200870,40.602421,-77.615982,2011,,,,,,,,,,,,,,,,,,
G4200890,42,89,41.0562401,-75.3290651,41.037307,-75.308191,169842.0,Monroe,Pennsylvania,G4200890,41.037307,-75.308191,2011,,,,,,,,,,,,,,,,,,
G4200910,42,91,40.2099992,-75.3702011,40.169886,-75.313634,799874.0,Montgomery,Pennsylvania,G4200910,40.169886,-75.313634,2011,,,,,,,,,,,,,,,,,,
G4200930,42,93,41.0292912,-76.6651953,40.997428,-76.630083,18267.0,Montour,Pennsylvania,G4200930,40.997428,-76.630083,2011,,,,,,,,,,,,,,,,,,
G4200950,42,95,40.7527913,-75.3074468,40.699705,-75.320519,297735.0,Northampton,Pennsylvania,G4200950,40.699705,-75.320519,2011,,,,,,,,,,,,,,,,,,
G4200970,42,97,40.8515244,-76.709877,40.873395,-76.682108,94528.0,Northumberland,Pennsylvania,G4200970,40.873395,-76.682108,2011,,,,,,,,,,,,,,,,,,
G4200990,42,99,40.3977795,-77.2663284,40.410162,-77.152841,45969.0,Perry,Pennsylvania,G4200990,40.410162,-77.152841,2011,,,,,,,,,,,,,,,,,,
G4201010,42,101,40.0093755,-75.1333459,40.004629,-75.139469,1526006.0,Philadelphia,Pennsylvania,G4201010,40.004629,-75.139469,2011,,,,,,,,,,,,,,,,,,
G4201030,42,103,41.3259485,-75.0315143,41.302232,-74.985987,57369.0,Pike,Pennsylvania,G4201030,41.302232,-74.985987,2011,,,,,,,,,,,,,,,,,,
G4201050,42,105,41.7485866,-77.8944358,41.822324,-77.936972,17457.0,Potter,Pennsylvania,G4201050,41.822324,-77.936972,2011,,,,,,,,,,,,,,,,,,
G4201070,42,107,40.703682,-76.2177878,40.713737,-76.197364,148289.0,Schuylkill,Pennsylvania,G4201070,40.713737,-76.197364,2011,,,,,,,,,,,,,,,,,,
G4201090,42,109,40.7554068,-77.0729288,40.786765,-76.981311,39702.0,Snyder,Pennsylvania,G4201090,40.786765,-76.981311,2011,,,,,,,,,,,,,,,,,,
G4201110,42,111,39.9812968,-79.0284859,40.031352,-79.010484,77742.0,Somerset,Pennsylvania,G4201110,40.031352,-79.010484,2011,,,,,,,,,,,,,,,,,,
G4201130,42,113,41.4392848,-76.5117166,41.470773,-76.49082,6428.0,Sullivan,Pennsylvania,G4201130,41.470773,-76.49082,2011,,,,,,,,,,,,,,,,,,
G4201150,42,115,41.8196651,-75.8009686,41.822623,-75.770799,43356.0,Susquehanna,Pennsylvania,G4201150,41.822623,-75.770799,2011,,,,,,,,,,,,,,,,,,
G4201170,42,117,41.7668593,-77.2572881,41.815409,-77.207281,41981.0,Tioga,Pennsylvania,G4201170,41.815409,-77.207281,2011,,,,,,,,,,,,,,,,,,
G4201190,42,119,40.962179,-77.0554751,40.97426,-76.957803,44947.0,Union,Pennsylvania,G4201190,40.97426,-76.957803,2011,,,,,,,,,,,,,,,,,,
G4201210,42,121,41.4019797,-79.7544181,41.406083,-79.766084,54984.0,Venango,Pennsylvania,G4201210,41.406083,-79.766084,2011,,,,,,,,,,,,,,,,,,
G4201230,42,123,41.8436691,-79.3131731,41.851752,-79.238649,41815.0,Warren,Pennsylvania,G4201230,41.851752,-79.238649,2011,,,,,,,,,,,,,,,,,,
G4201250,42,125,40.2000054,-80.2521319,40.204057,-80.144361,207820.0,Washington,Pennsylvania,G4201250,40.204057,-80.144361,2011,,,,,,,,,,,,,,,,,,
G4201270,42,127,41.6470068,-75.293193,41.539119,-75.3089,52822.0,Wayne,Pennsylvania,G4201270,41.539119,-75.3089,2011,,,,,,,,,,,,,,,,,,
G4201290,42,129,40.3110682,-79.4666879,40.339402,-79.591786,365169.0,Westmoreland,Pennsylvania,G4201290,40.339402,-79.591786,2011,,,,,,,,,,,,,,,,,,
G4201310,42,131,41.5251726,-76.008731,41.539714,-75.938352,28276.0,Wyoming,Pennsylvania,G4201310,41.539714,-75.938352,2011,,,,,,,,,,,,,,,,,,
G4201330,42,133,39.9217514,-76.7288887,39.942113,-76.750832,434972.0,York,Pennsylvania,G4201330,39.942113,-76.750832,2011,,,,,,,,,,,,,,,,,,
G4400010,44,1,41.7016138,-71.2892856,41.712119,-71.283919,49875.0,Bristol,Rhode Island,G4400010,41.712119,-71.283919,2011,,,,,,,,,,,,,,,,,,
G4400030,44,3,41.6689489,-71.5776343,41.699105,-71.487993,166158.0,Kent,Rhode Island,G4400030,41.699105,-71.487993,2011,,,,,,,,,,,,,,,,,,
G4400050,44,5,41.5025036,-71.2836888,41.548265,-71.266661,82888.0,Newport,Rhode Island,G4400050,41.548265,-71.266661,2011,,,,,,,,,,,,,,,,,,
G4400070,44,7,41.8697652,-71.5786261,41.856551,-71.450538,626667.0,Providence,Rhode Island,G4400070,41.856551,-71.450538,2011,,,,,,,,,,,,,,,,,,
G4400090,44,9,41.4009815,-71.6175979,41.46723,-71.589511,126979.0,Washington,Rhode Island,G4400090,41.46723,-71.589511,2011,,,,,,,,,,,,,,,,,,
G4500010,45,1,34.2138089,-82.4604603,34.238459,-82.422325,25417.0,Abbeville,South Carolina,G4500010,34.238459,-82.422325,2011,,,,,,,,,,,,,,,,,,
G4500030,45,3,33.5500134,-81.632983,33.535417,-81.769514,160099.0,Aiken,South Carolina,G4500030,33.535417,-81.769514,2011,,,,,,,,,,,,,,,,,,
G4500050,45,5,32.9797838,-81.3634213,32.994406,-81.292207,10419.0,Allendale,South Carolina,G4500050,32.994406,-81.292207,2011,,,,,,,,,,,,,,,,,,
G4500070,45,7,34.521235,-82.6386029,34.557505,-82.618277,187126.0,Anderson,South Carolina,G4500070,34.557505,-82.618277,2011,,,,,,,,,,,,,,,,,,
G4500090,45,9,33.2030211,-81.0531607,33.269763,-81.074156,15987.0,Bamberg,South Carolina,G4500090,33.269763,-81.074156,2011,,,,,,,,,,,,,,,,,,
G4500110,45,11,33.2605516,-81.4342278,33.29489,-81.35449,22621.0,Barnwell,South Carolina,G4500110,33.29489,-81.35449,2011,,,,,,,,,,,,,,,,,,
G4500130,45,13,32.3581474,-80.6893201,32.323566,-80.77157,162233.0,Beaufort,South Carolina,G4500130,32.323566,-80.77157,2011,,,,,,,,,,,,,,,,,,
G4500150,45,15,33.2077,-79.9536554,33.068108,-80.032851,177843.0,Berkeley,South Carolina,G4500150,33.068108,-80.032851,2011,,,,,,,,,,,,,,,,,,
G4500170,45,17,33.6747804,-80.7803468,33.67638,-80.819428,15175.0,Calhoun,South Carolina,G4500170,33.67638,-80.819428,2011,,,,,,,,,,,,,,,,,,
G4500190,45,19,32.8004582,-79.94248,32.822801,-79.979214,350209.0,Charleston,South Carolina,G4500190,32.822801,-79.979214,2011,,,,,,,,,,,,,,,,,,
G4500210,45,21,35.0497962,-81.6076469,35.080073,-81.64701,55342.0,Cherokee,South Carolina,G4500210,35.080073,-81.64701,2011,,,,,,,,,,,,,,,,,,
G4500230,45,23,34.689345,-81.161249,34.702761,-81.119727,33140.0,Chester,South Carolina,G4500230,34.702761,-81.119727,2011,,,,,,,,,,,,,,,,,,
G4500250,45,25,34.6370178,-80.1592269,34.682027,-80.144685,46734.0,Chesterfield,South Carolina,G4500250,34.682027,-80.144685,2011,,,,,,,,,,,,,,,,,,
G4500270,45,27,33.6646821,-80.2178886,33.691189,-80.206489,34971.0,Clarendon,South Carolina,G4500270,33.691189,-80.206489,2011,,,,,,,,,,,,,,,,,,
G4500290,45,29,32.8350184,-80.6552438,32.916002,-80.655455,38892.0,Colleton,South Carolina,G4500290,32.916002,-80.655455,2011,,,,,,,,,,,,,,,,,,
G4500310,45,31,34.3321854,-79.9621155,34.326829,-79.983805,68681.0,Darlington,South Carolina,G4500310,34.326829,-79.983805,2011,,,,,,,,,,,,,,,,,,
G4500330,45,33,34.3901723,-79.3749638,34.39471,-79.359942,32062.0,Dillon,South Carolina,G4500330,34.39471,-79.359942,2011,,,,,,,,,,,,,,,,,,
G4500350,45,35,33.0821859,-80.4046966,33.000816,-80.21761,136555.0,Dorchester,South Carolina,G4500350,33.000816,-80.21761,2011,,,,,,,,,,,,,,,,,,
G4500370,45,37,33.7764976,-81.9682452,33.722044,-81.920292,26985.0,Edgefield,South Carolina,G4500370,33.722044,-81.920292,2011,,,,,,,,,,,,,,,,,,
G4500390,45,39,34.3956685,-81.1270007,34.361469,-81.073993,23956.0,Fairfield,South Carolina,G4500390,34.361469,-81.073993,2011,,,,,,,,,,,,,,,,,,
G4500410,45,41,34.0285346,-79.7102329,34.100049,-79.760954,136885.0,Florence,South Carolina,G4500410,34.100049,-79.760954,2011,,,,,,,,,,,,,,,,,,
G4500430,45,43,33.4175309,-79.2963325,33.453334,-79.269399,60158.0,Georgetown,South Carolina,G4500430,33.453334,-79.269399,2011,,,,,,,,,,,,,,,,,,
G4500450,45,45,34.8926452,-82.3720772,34.847691,-82.335536,451225.0,Greenville,South Carolina,G4500450,34.847691,-82.335536,2011,,,,,,,,,,,,,,,,,,
G4500470,45,47,34.1557959,-82.1278759,34.204262,-82.148595,69661.0,Greenwood,South Carolina,G4500470,34.204262,-82.148595,2011,,,,,,,,,,,,,,,,,,
G4500490,45,49,32.7783349,-81.1438173,32.800714,-81.118468,21090.0,Hampton,South Carolina,G4500490,32.800714,-81.118468,2011,,,,,,,,,,,,,,,,,,
G4500510,45,51,33.9092694,-78.9766749,33.786228,-78.940096,269291.0,Horry,South Carolina,G4500510,33.786228,-78.940096,2011,,,,,,,,,,,,,,,,,,
G4500530,45,53,32.43059,-81.021627,32.427942,-81.012491,24777.0,Jasper,South Carolina,G4500530,32.427942,-81.012491,2011,,,,,,,,,,,,,,,,,,
G4500550,45,55,34.3383561,-80.5908847,34.259654,-80.645219,61697.0,Kershaw,South Carolina,G4500550,34.259654,-80.645219,2011,,,,,,,,,,,,,,,,,,
G4500570,45,57,34.6868182,-80.7036885,34.758129,-80.74724,76652.0,Lancaster,South Carolina,G4500570,34.758129,-80.74724,2011,,,,,,,,,,,,,,,,,,
G4500590,45,59,34.483477,-82.005657,34.504773,-82.026131,66537.0,Laurens,South Carolina,G4500590,34.504773,-82.026131,2011,,,,,,,,,,,,,,,,,,
G4500610,45,61,34.1586401,-80.2512086,34.181555,-80.265139,19220.0,Lee,South Carolina,G4500610,34.181555,-80.265139,2011,,,,,,,,,,,,,,,,,,
G4500630,45,63,33.8925891,-81.2728284,33.958732,-81.213684,262391.0,Lexington,South Carolina,G4500630,33.958732,-81.213684,2011,,,,,,,,,,,,,,,,,,
G4500650,45,65,33.8976052,-82.316192,33.883028,-82.293659,10233.0,McCormick,South Carolina,G4500650,33.883028,-82.293659,2011,,,,,,,,,,,,,,,,,,
G4500670,45,67,34.0836195,-79.3540014,34.164265,-79.336829,33062.0,Marion,South Carolina,G4500670,34.164265,-79.336829,2011,,,,,,,,,,,,,,,,,,
G4500690,45,69,34.6018053,-79.6779418,34.635883,-79.670645,28933.0,Marlboro,South Carolina,G4500690,34.635883,-79.670645,2011,,,,,,,,,,,,,,,,,,
G4500710,45,71,34.2897302,-81.6000526,34.268079,-81.575787,37508.0,Newberry,South Carolina,G4500710,34.268079,-81.575787,2011,,,,,,,,,,,,,,,,,,
G4500730,45,73,34.7487713,-83.0615427,34.707761,-83.005464,74273.0,Oconee,South Carolina,G4500730,34.707761,-83.005464,2011,,,,,,,,,,,,,,,,,,
G4500750,45,75,33.436135,-80.8029131,33.471516,-80.799081,92501.0,Orangeburg,South Carolina,G4500750,33.471516,-80.799081,2011,,,,,,,,,,,,,,,,,,
G4500770,45,77,34.8853801,-82.7233764,34.809329,-82.686452,119224.0,Pickens,South Carolina,G4500770,34.809329,-82.686452,2011,,,,,,,,,,,,,,,,,,
G4500790,45,79,34.0297833,-80.8965664,34.060483,-80.98649,384504.0,Richland,South Carolina,G4500790,34.060483,-80.98649,2011,,,,,,,,,,,,,,,,,,
G4500810,45,81,34.0052784,-81.7279033,33.995666,-81.706529,19875.0,Saluda,South Carolina,G4500810,33.995666,-81.706529,2011,,,,,,,,,,,,,,,,,,
G4500830,45,83,34.9332392,-81.991053,34.962731,-82.000163,284307.0,Spartanburg,South Carolina,G4500830,34.962731,-82.000163,2011,,,,,,,,,,,,,,,,,,
G4500850,45,85,33.9162531,-80.3822876,33.929411,-80.387303,107456.0,Sumter,South Carolina,G4500850,33.929411,-80.387303,2011,,,,,,,,,,,,,,,,,,
G4500870,45,87,34.6903899,-81.6158989,34.73195,-81.625389,28961.0,Union,South Carolina,G4500870,34.73195,-81.625389,2011,,,,,,,,,,,,,,,,,,
G4500890,45,89,33.6264629,-79.7164752,33.654581,-79.733271,34423.0,Williamsburg,South Carolina,G4500890,33.654581,-79.733271,2011,,,,,,,,,,,,,,,,,,
G4500910,45,91,34.9701904,-81.1831885,34.991083,-81.06181,226073.0,York,South Carolina,G4500910,34.991083,-81.06181,2011,,,,,,,,,,,,,,,,,,
G4600030,46,3,43.7247191,-98.5775872,43.694057,-98.531305,2710.0,Aurora,South Dakota,G4600030,43.694057,-98.531305,2011,,,,,,,,,,,,,,,,,,
G4600050,46,5,44.4182649,-98.2794224,44.368344,-98.226727,17398.0,Beadle,South Dakota,G4600050,44.368344,-98.226727,2011,,,,,,,,,,,,,,,,,,
G4600070,46,7,43.1869121,-101.677181,43.208288,-101.786034,3431.0,Bennett,South Dakota,G4600070,43.208288,-101.786034,2011,,,,,,,,,,,,,,,,,,
G4600090,46,9,42.985799,-97.8841987,42.965559,-97.860351,7070.0,Bon Homme,South Dakota,G4600090,42.965559,-97.860351,2011,,,,,,,,,,,,,,,,,,
G4600110,46,11,44.3766745,-96.7977971,44.312257,-96.786838,31965.0,Brookings,South Dakota,G4600110,44.312257,-96.786838,2011,,,,,,,,,,,,,,,,,,
G4600130,46,13,45.5892542,-98.3521746,45.477807,-98.448464,36531.0,Brown,South Dakota,G4600130,45.477807,-98.448464,2011,,,,,,,,,,,,,,,,,,
G4600150,46,15,43.7298803,-99.092941,43.762079,-99.188651,5255.0,Brule,South Dakota,G4600150,43.762079,-99.188651,2011,,,,,,,,,,,,,,,,,,
G4600190,46,19,44.8962264,-103.5014361,44.672144,-103.761216,10110.0,Butte,South Dakota,G4600190,44.672144,-103.761216,2011,,,,,,,,,,,,,,,,,,
G4600230,46,23,43.2061853,-98.5951429,43.173936,-98.516453,9129.0,Charles Mix,South Dakota,G4600230,43.173936,-98.516453,2011,,,,,,,,,,,,,,,,,,
G4600250,46,25,44.8552107,-97.7249124,44.839529,-97.710087,3691.0,Clark,South Dakota,G4600250,44.839529,-97.710087,2011,,,,,,,,,,,,,,,,,,
G4600270,46,27,42.9161495,-96.980468,42.811174,-96.93806,13864.0,Clay,South Dakota,G4600270,42.811174,-96.93806,2011,,,,,,,,,,,,,,,,,,
G4600290,46,29,44.9662852,-97.1988375,44.913901,-97.131386,27227.0,Codington,South Dakota,G4600290,44.913901,-97.131386,2011,,,,,,,,,,,,,,,,,,
G4600310,46,31,45.6856708,-101.1796647,45.764089,-100.924599,4050.0,Corson,South Dakota,G4600310,45.764089,-100.924599,2011,,,,,,,,,,,,,,,,,,
G4600330,46,33,43.6849428,-103.46225,43.739996,-103.518429,8216.0,Custer,South Dakota,G4600330,43.739996,-103.518429,2011,,,,,,,,,,,,,,,,,,
G4600350,46,35,43.6804393,-98.1558683,43.706368,-98.041463,19504.0,Davison,South Dakota,G4600350,43.706368,-98.041463,2011,,,,,,,,,,,,,,,,,,
G4600370,46,37,45.3550335,-97.5814295,45.364549,-97.520104,5710.0,Day,South Dakota,G4600370,45.364549,-97.520104,2011,,,,,,,,,,,,,,,,,,
G4600390,46,39,44.7562899,-96.6902393,44.736642,-96.658745,4364.0,Deuel,South Dakota,G4600390,44.736642,-96.658745,2011,,,,,,,,,,,,,,,,,,
G4600410,46,41,45.148049,-100.8379534,45.116808,-101.117074,5301.0,Dewey,South Dakota,G4600410,45.116808,-101.117074,2011,,,,,,,,,,,,,,,,,,
G4600430,46,43,43.3915064,-98.3584331,43.37109,-98.357737,3002.0,Douglas,South Dakota,G4600430,43.37109,-98.357737,2011,,,,,,,,,,,,,,,,,,
G4600450,46,45,45.4116802,-99.205362,45.453502,-99.160435,4071.0,Edmunds,South Dakota,G4600450,45.453502,-99.160435,2011,,,,,,,,,,,,,,,,,,
G4600470,46,47,43.2216189,-103.5126087,43.388192,-103.514809,7094.0,Fall River,South Dakota,G4600470,43.388192,-103.514809,2011,,,,,,,,,,,,,,,,,,
G4600490,46,49,45.0654764,-99.1535637,45.077019,-99.11707,2364.0,Faulk,South Dakota,G4600490,45.077019,-99.11707,2011,,,,,,,,,,,,,,,,,,
G4600510,46,51,45.1726366,-96.7722606,45.205831,-96.652826,7356.0,Grant,South Dakota,G4600510,45.205831,-96.652826,2011,,,,,,,,,,,,,,,,,,
G4600530,46,53,43.1790977,-99.2021531,43.182985,-99.278797,4271.0,Gregory,South Dakota,G4600530,43.182985,-99.278797,2011,,,,,,,,,,,,,,,,,,
G4600550,46,55,44.2828847,-101.5954603,44.130701,-101.577551,1937.0,Haakon,South Dakota,G4600550,44.130701,-101.577551,2011,,,,,,,,,,,,,,,,,,
G4600570,46,57,44.6806187,-97.178598,44.647395,-97.142214,5903.0,Hamlin,South Dakota,G4600570,44.647395,-97.142214,2011,,,,,,,,,,,,,,,,,,
G4600590,46,59,44.5467133,-99.0045751,44.529314,-98.990895,3431.0,Hand,South Dakota,G4600590,44.529314,-98.990895,2011,,,,,,,,,,,,,,,,,,
G4600650,46,65,44.3844521,-99.9756842,44.382662,-100.305241,17022.0,Hughes,South Dakota,G4600650,44.382662,-100.305241,2011,,,,,,,,,,,,,,,,,,
G4600670,46,67,43.3367101,-97.7493828,43.336046,-97.746735,7343.0,Hutchinson,South Dakota,G4600670,43.336046,-97.746735,2011,,,,,,,,,,,,,,,,,,
G4600730,46,73,44.0634099,-98.6231702,44.087702,-98.562253,2071.0,Jerauld,South Dakota,G4600730,44.087702,-98.562253,2011,,,,,,,,,,,,,,,,,,
G4600750,46,75,43.9519896,-100.6861386,43.902516,-100.697764,1006.0,Jones,South Dakota,G4600750,43.902516,-100.697764,2011,,,,,,,,,,,,,,,,,,
G4600770,46,77,44.3629687,-97.499313,44.374375,-97.405002,5148.0,Kingsbury,South Dakota,G4600770,44.374375,-97.405002,2011,,,,,,,,,,,,,,,,,,
G4600790,46,79,44.0284497,-97.1232229,44.002691,-97.10012,11200.0,Lake,South Dakota,G4600790,44.002691,-97.10012,2011,,,,,,,,,,,,,,,,,,
G4600810,46,81,44.3485831,-103.8058171,44.447051,-103.800718,24097.0,Lawrence,South Dakota,G4600810,44.447051,-103.800718,2011,,,,,,,,,,,,,,,,,,
G4600830,46,83,43.2794204,-96.7222862,43.427562,-96.746072,44828.0,Lincoln,South Dakota,G4600830,43.427562,-96.746072,2011,,,,,,,,,,,,,,,,,,
G4600870,46,87,43.6789244,-97.3620356,43.666866,-97.344878,5618.0,McCook,South Dakota,G4600870,43.666866,-97.344878,2011,,,,,,,,,,,,,,,,,,
G4600890,46,89,45.7842491,-99.2114212,45.760167,-99.263772,2459.0,McPherson,South Dakota,G4600890,45.760167,-99.263772,2011,,,,,,,,,,,,,,,,,,
G4600910,46,91,45.7370535,-97.5808837,45.766216,-97.619971,4656.0,Marshall,South Dakota,G4600910,45.766216,-97.619971,2011,,,,,,,,,,,,,,,,,,
G4600930,46,93,44.6052764,-102.7141774,44.296996,-103.288909,25434.0,Meade,South Dakota,G4600930,44.296996,-103.288909,2011,,,,,,,,,,,,,,,,,,
G4600970,46,97,44.0215411,-97.608122,44.01589,-97.555355,2389.0,Miner,South Dakota,G4600970,44.01589,-97.555355,2011,,,,,,,,,,,,,,,,,,
G4600990,46,99,43.6674723,-96.7957261,43.559391,-96.732329,169468.0,Minnehaha,South Dakota,G4600990,43.559391,-96.732329,2011,,,,,,,,,,,,,,,,,,
G4601010,46,101,44.0124293,-96.6760536,44.019542,-96.65761,6486.0,Moody,South Dakota,G4601010,44.019542,-96.65761,2011,,,,,,,,,,,,,,,,,,
G4601030,46,103,44.0023492,-102.8238015,44.064633,-103.213752,100948.0,Pennington,South Dakota,G4601030,44.064633,-103.213752,2011,,,,,,,,,,,,,,,,,,
G4601050,46,105,45.4833865,-102.4679947,45.711883,-102.322856,2982.0,Perkins,South Dakota,G4601050,45.711883,-102.322856,2011,,,,,,,,,,,,,,,,,,
G4601070,46,107,45.0527131,-99.9620034,45.076727,-99.909039,2329.0,Potter,South Dakota,G4601070,45.076727,-99.909039,2011,,,,,,,,,,,,,,,,,,
G4601090,46,109,45.6233973,-96.9475513,45.61302,-96.952207,10149.0,Roberts,South Dakota,G4601090,45.61302,-96.952207,2011,,,,,,,,,,,,,,,,,,
G4601110,46,111,44.0210318,-98.0921054,44.006288,-98.149484,2355.0,Sanborn,South Dakota,G4601110,44.006288,-98.149484,2011,,,,,,,,,,,,,,,,,,
G4601150,46,115,44.9237717,-98.3396152,44.910381,-98.429642,6415.0,Spink,South Dakota,G4601150,44.910381,-98.429642,2011,,,,,,,,,,,,,,,,,,
G4601170,46,117,44.4155468,-100.7491628,44.363198,-100.436337,2966.0,Stanley,South Dakota,G4601170,44.363198,-100.436337,2011,,,,,,,,,,,,,,,,,,
G4601190,46,119,44.722325,-100.1313985,44.710627,-100.121731,1373.0,Sully,South Dakota,G4601190,44.710627,-100.121731,2011,,,,,,,,,,,,,,,,,,
G4601210,46,121,43.2087936,-100.7076636,43.248143,-100.783743,9612.0,Todd,South Dakota,G4601210,43.248143,-100.783743,2011,,,,,,,,,,,,,,,,,,
G4601230,46,123,43.3497292,-99.8762186,43.349802,-99.851545,5644.0,Tripp,South Dakota,G4601230,43.349802,-99.851545,2011,,,,,,,,,,,,,,,,,,
G4601250,46,125,43.3086698,-97.1501851,43.301965,-97.115892,8347.0,Turner,South Dakota,G4601250,43.301965,-97.115892,2011,,,,,,,,,,,,,,,,,,
G4601270,46,127,42.8311064,-96.6508287,42.702762,-96.600368,14399.0,Union,South Dakota,G4601270,42.702762,-96.600368,2011,,,,,,,,,,,,,,,,,,
G4601290,46,129,45.4276046,-100.0278563,45.520019,-100.313424,5438.0,Walworth,South Dakota,G4601290,45.520019,-100.313424,2011,,,,,,,,,,,,,,,,,,
G4601350,46,135,43.0066072,-97.3883388,42.902431,-97.394907,22438.0,Yankton,South Dakota,G4601350,42.902431,-97.394907,2011,,,,,,,,,,,,,,,,,,
G4700010,47,1,36.1167307,-84.1954177,36.082029,-84.180288,75129.0,Anderson,Tennessee,G4700010,36.082029,-84.180288,2011,,,,,,,,,,,,,,,,,,
G4700030,47,3,35.5136604,-86.4582939,35.51241,-86.464741,45058.0,Bedford,Tennessee,G4700030,35.51241,-86.464741,2011,,,,,,,,,,,,,,,,,,
G4700050,47,5,36.069253,-88.0712118,36.071513,-88.09002,16489.0,Benton,Tennessee,G4700050,36.071513,-88.09002,2011,,,,,,,,,,,,,,,,,,
G4700070,47,7,35.5936683,-85.205979,35.612132,-85.195883,12876.0,Bledsoe,Tennessee,G4700070,35.612132,-85.195883,2011,,,,,,,,,,,,,,,,,,
G4700090,47,9,35.6881849,-83.9229731,35.752926,-83.973022,123010.0,Blount,Tennessee,G4700090,35.752926,-83.973022,2011,,,,,,,,,,,,,,,,,,
G4700110,47,11,35.1539144,-84.8594137,35.166015,-84.859341,98963.0,Bradley,Tennessee,G4700110,35.166015,-84.859341,2011,,,,,,,,,,,,,,,,,,
G4700130,47,13,36.4015922,-84.1592495,36.383124,-84.125923,40716.0,Campbell,Tennessee,G4700130,36.383124,-84.125923,2011,,,,,,,,,,,,,,,,,,
G4700150,47,15,35.808394,-86.0624044,35.80032,-86.06262,13801.0,Cannon,Tennessee,G4700150,35.80032,-86.06262,2011,,,,,,,,,,,,,,,,,,
G4700170,47,17,35.9659184,-88.4522981,36.018048,-88.464475,28522.0,Carroll,Tennessee,G4700170,36.018048,-88.464475,2011,,,,,,,,,,,,,,,,,,
G4700190,47,19,36.2847441,-82.1265932,36.318376,-82.201421,57424.0,Carter,Tennessee,G4700190,36.318376,-82.201421,2011,,,,,,,,,,,,,,,,,,
G4700210,47,21,36.2551687,-87.1008077,36.269635,-87.063974,39105.0,Cheatham,Tennessee,G4700210,36.269635,-87.063974,2011,,,,,,,,,,,,,,,,,,
G4700230,47,23,35.420253,-88.6113533,35.436863,-88.622571,17131.0,Chester,Tennessee,G4700230,35.436863,-88.622571,2011,,,,,,,,,,,,,,,,,,
G4700250,47,25,36.5015422,-83.6607217,36.491598,-83.64175,32213.0,Claiborne,Tennessee,G4700250,36.491598,-83.64175,2011,,,,,,,,,,,,,,,,,,
G4700270,47,27,36.5457881,-85.545816,36.553965,-85.560947,7861.0,Clay,Tennessee,G4700270,36.553965,-85.560947,2011,,,,,,,,,,,,,,,,,,
G4700290,47,29,35.916198,-83.1192242,35.947227,-83.174767,35662.0,Cocke,Tennessee,G4700290,35.947227,-83.174767,2011,,,,,,,,,,,,,,,,,,
G4700310,47,31,35.4887586,-86.0782188,35.454014,-86.124954,52796.0,Coffee,Tennessee,G4700310,35.454014,-86.124954,2011,,,,,,,,,,,,,,,,,,
G4700330,47,33,35.8187949,-89.1324936,35.789488,-89.122632,14586.0,Crockett,Tennessee,G4700330,35.789488,-89.122632,2011,,,,,,,,,,,,,,,,,,
G4700350,47,35,35.9523984,-84.9947614,35.954565,-85.020109,56053.0,Cumberland,Tennessee,G4700350,35.954565,-85.020109,2011,,,,,,,,,,,,,,,,,,
G4700370,47,37,36.1691287,-86.7847898,36.140596,-86.74545,626681.0,Davidson,Tennessee,G4700370,36.140596,-86.74545,2011,,,,,,,,,,,,,,,,,,
G4700390,47,39,35.6031362,-88.1102917,35.610752,-88.126566,11757.0,Decatur,Tennessee,G4700390,35.610752,-88.126566,2011,,,,,,,,,,,,,,,,,,
G4700410,47,41,35.9864712,-85.8349139,35.966234,-85.838617,18723.0,DeKalb,Tennessee,G4700410,35.966234,-85.838617,2011,,,,,,,,,,,,,,,,,,
G4700430,47,43,36.1455325,-87.3641546,36.106096,-87.345598,49666.0,Dickson,Tennessee,G4700430,36.106096,-87.345598,2011,,,,,,,,,,,,,,,,,,
G4700450,47,45,36.054196,-89.3983057,36.058797,-89.359385,38335.0,Dyer,Tennessee,G4700450,36.058797,-89.359385,2011,,,,,,,,,,,,,,,,,,
G4700470,47,47,35.1969933,-89.4138027,35.203083,-89.470445,38413.0,Fayette,Tennessee,G4700470,35.203083,-89.470445,2011,,,,,,,,,,,,,,,,,,
G4700490,47,49,36.3698878,-84.937764,36.365518,-84.93663,17959.0,Fentress,Tennessee,G4700490,36.365518,-84.93663,2011,,,,,,,,,,,,,,,,,,
G4700510,47,51,35.1559259,-86.0992032,35.206924,-86.116239,41052.0,Franklin,Tennessee,G4700510,35.206924,-86.116239,2011,,,,,,,,,,,,,,,,,,
G4700530,47,53,35.9916366,-88.9338103,35.938053,-88.876406,49683.0,Gibson,Tennessee,G4700530,35.938053,-88.876406,2011,,,,,,,,,,,,,,,,,,
G4700550,47,55,35.2027228,-87.035319,35.191241,-87.031071,29485.0,Giles,Tennessee,G4700550,35.191241,-87.031071,2011,,,,,,,,,,,,,,,,,,
G4700570,47,57,36.2774634,-83.5094926,36.269199,-83.483361,22657.0,Grainger,Tennessee,G4700570,36.269199,-83.483361,2011,,,,,,,,,,,,,,,,,,
G4700590,47,59,36.179514,-82.8474854,36.177294,-82.833456,68831.0,Greene,Tennessee,G4700590,36.177294,-82.833456,2011,,,,,,,,,,,,,,,,,,
G4700610,47,61,35.393356,-85.7103893,35.341946,-85.720235,13703.0,Grundy,Tennessee,G4700610,35.341946,-85.720235,2011,,,,,,,,,,,,,,,,,,
G4700630,47,63,36.2183967,-83.2660711,36.215973,-83.296406,62544.0,Hamblen,Tennessee,G4700630,36.215973,-83.296406,2011,,,,,,,,,,,,,,,,,,
G4700650,47,65,35.159186,-85.2022955,35.093485,-85.205177,336463.0,Hamilton,Tennessee,G4700650,35.093485,-85.205177,2011,,,,,,,,,,,,,,,,,,
G4700670,47,67,36.5214195,-83.2274526,36.517795,-83.23135,6819.0,Hancock,Tennessee,G4700670,36.517795,-83.23135,2011,,,,,,,,,,,,,,,,,,
G4700690,47,69,35.2187853,-88.988697,35.22229,-89.017224,27253.0,Hardeman,Tennessee,G4700690,35.22229,-89.017224,2011,,,,,,,,,,,,,,,,,,
G4700710,47,71,35.2018926,-88.1856958,35.199678,-88.226837,26026.0,Hardin,Tennessee,G4700710,35.199678,-88.226837,2011,,,,,,,,,,,,,,,,,,
G4700730,47,73,36.4522106,-82.9313857,36.462944,-82.873902,56833.0,Hawkins,Tennessee,G4700730,36.462944,-82.873902,2011,,,,,,,,,,,,,,,,,,
G4700750,47,75,35.5866898,-89.2825359,35.586187,-89.267291,18787.0,Haywood,Tennessee,G4700750,35.586187,-89.267291,2011,,,,,,,,,,,,,,,,,,
G4700770,47,77,35.6539945,-88.3876742,35.648436,-88.402036,27769.0,Henderson,Tennessee,G4700770,35.648436,-88.402036,2011,,,,,,,,,,,,,,,,,,
G4700790,47,79,36.325295,-88.3002878,36.319164,-88.293739,32330.0,Henry,Tennessee,G4700790,36.319164,-88.293739,2011,,,,,,,,,,,,,,,,,,
G4700810,47,81,35.8022905,-87.4671007,35.852522,-87.403679,24690.0,Hickman,Tennessee,G4700810,35.852522,-87.403679,2011,,,,,,,,,,,,,,,,,,
G4700830,47,83,36.2857824,-87.7055983,36.304687,-87.70333,8426.0,Houston,Tennessee,G4700830,36.304687,-87.70333,2011,,,,,,,,,,,,,,,,,,
G4700850,47,85,36.0408218,-87.7904526,36.072233,-87.774505,18538.0,Humphreys,Tennessee,G4700850,36.072233,-87.774505,2011,,,,,,,,,,,,,,,,,,
G4700870,47,87,36.354241,-85.6740945,36.329916,-85.628303,11638.0,Jackson,Tennessee,G4700870,36.329916,-85.628303,2011,,,,,,,,,,,,,,,,,,
G4700890,47,89,36.0484787,-83.4409664,36.067034,-83.453522,51407.0,Jefferson,Tennessee,G4700890,36.067034,-83.453522,2011,,,,,,,,,,,,,,,,,,
G4700910,47,91,36.4532029,-81.8612467,36.450735,-81.843103,18244.0,Johnson,Tennessee,G4700910,36.450735,-81.843103,2011,,,,,,,,,,,,,,,,,,
G4700930,47,93,35.9927265,-83.9377209,35.973839,-83.985913,432226.0,Knox,Tennessee,G4700930,35.973839,-83.985913,2011,,,,,,,,,,,,,,,,,,
G4700950,47,95,36.3339054,-89.4855365,36.357362,-89.468133,7832.0,Lake,Tennessee,G4700950,36.357362,-89.468133,2011,,,,,,,,,,,,,,,,,,
G4700970,47,97,35.7629507,-89.6277318,35.762745,-89.54174,27815.0,Lauderdale,Tennessee,G4700970,35.762745,-89.54174,2011,,,,,,,,,,,,,,,,,,
G4700990,47,99,35.2204764,-87.396546,35.2351,-87.355853,41869.0,Lawrence,Tennessee,G4700990,35.2351,-87.355853,2011,,,,,,,,,,,,,,,,,,
G4701010,47,101,35.5232441,-87.4969827,35.533806,-87.523745,12161.0,Lewis,Tennessee,G4701010,35.533806,-87.523745,2011,,,,,,,,,,,,,,,,,,
G4701030,47,103,35.1429163,-86.5932976,35.107495,-86.574658,33361.0,Lincoln,Tennessee,G4701030,35.107495,-86.574658,2011,,,,,,,,,,,,,,,,,,
G4701050,47,105,35.73745,-84.316204,35.759679,-84.286322,48556.0,Loudon,Tennessee,G4701050,35.759679,-84.286322,2011,,,,,,,,,,,,,,,,,,
G4701070,47,107,35.4244708,-84.6199625,35.425632,-84.598553,52266.0,McMinn,Tennessee,G4701070,35.425632,-84.598553,2011,,,,,,,,,,,,,,,,,,
G4701090,47,109,35.175228,-88.5636295,35.177181,-88.542589,26075.0,McNairy,Tennessee,G4701090,35.177181,-88.542589,2011,,,,,,,,,,,,,,,,,,
G4701110,47,111,36.5377574,-86.0009592,36.535537,-86.022066,22248.0,Macon,Tennessee,G4701110,36.535537,-86.022066,2011,,,,,,,,,,,,,,,,,,
G4701130,47,113,35.6060563,-88.8334238,35.650005,-88.822589,98294.0,Madison,Tennessee,G4701130,35.650005,-88.822589,2011,,,,,,,,,,,,,,,,,,
G4701150,47,115,35.1334215,-85.618399,35.109364,-85.604158,28237.0,Marion,Tennessee,G4701150,35.109364,-85.604158,2011,,,,,,,,,,,,,,,,,,
G4701170,47,117,35.4683866,-86.7658862,35.488656,-86.772777,30617.0,Marshall,Tennessee,G4701170,35.488656,-86.772777,2011,,,,,,,,,,,,,,,,,,
G4701190,47,119,35.6156963,-87.0777632,35.623,-87.045667,80956.0,Maury,Tennessee,G4701190,35.623,-87.045667,2011,,,,,,,,,,,,,,,,,,
G4701210,47,121,35.5033973,-84.8238876,35.503802,-84.815615,11753.0,Meigs,Tennessee,G4701210,35.503802,-84.815615,2011,,,,,,,,,,,,,,,,,,
G4701230,47,123,35.4478181,-84.249705,35.517149,-84.353878,44519.0,Monroe,Tennessee,G4701230,35.517149,-84.353878,2011,,,,,,,,,,,,,,,,,,
G4701250,47,125,36.5003535,-87.3808865,36.551703,-87.352951,172331.0,Montgomery,Tennessee,G4701250,36.551703,-87.352951,2011,,,,,,,,,,,,,,,,,,
G4701270,47,127,35.2888885,-86.358684,35.297553,-86.341444,6362.0,Moore,Tennessee,G4701270,35.297553,-86.341444,2011,,,,,,,,,,,,,,,,,,
G4701290,47,129,36.138697,-84.6392616,36.098632,-84.590381,21987.0,Morgan,Tennessee,G4701290,36.098632,-84.590381,2011,,,,,,,,,,,,,,,,,,
G4701310,47,131,36.3581714,-89.1498791,36.396173,-89.080699,31807.0,Obion,Tennessee,G4701310,36.396173,-89.080699,2011,,,,,,,,,,,,,,,,,,
G4701330,47,133,36.3448504,-85.2830756,36.348292,-85.322853,22083.0,Overton,Tennessee,G4701330,36.348292,-85.322853,2011,,,,,,,,,,,,,,,,,,
G4701350,47,135,35.6637491,-87.8693294,35.652569,-87.858652,7915.0,Perry,Tennessee,G4701350,35.652569,-87.858652,2011,,,,,,,,,,,,,,,,,,
G4701370,47,137,36.5593638,-85.075741,36.566056,-85.141613,5077.0,Pickett,Tennessee,G4701370,36.566056,-85.141613,2011,,,,,,,,,,,,,,,,,,
G4701390,47,139,35.1094371,-84.5411124,35.125651,-84.565986,16825.0,Polk,Tennessee,G4701390,35.125651,-84.565986,2011,,,,,,,,,,,,,,,,,,
G4701410,47,141,36.1409404,-85.4961801,36.163405,-85.503295,72321.0,Putnam,Tennessee,G4701410,36.163405,-85.503295,2011,,,,,,,,,,,,,,,,,,
G4701430,47,143,35.600587,-84.9495522,35.556242,-84.955218,31809.0,Rhea,Tennessee,G4701430,35.556242,-84.955218,2011,,,,,,,,,,,,,,,,,,
G4701450,47,145,35.8472486,-84.523942,35.882073,-84.524136,54181.0,Roane,Tennessee,G4701450,35.882073,-84.524136,2011,,,,,,,,,,,,,,,,,,
G4701470,47,147,36.5275304,-86.8693774,36.484933,-86.832296,66283.0,Robertson,Tennessee,G4701470,36.484933,-86.832296,2011,,,,,,,,,,,,,,,,,,
G4701490,47,149,35.8433688,-86.4172127,35.892016,-86.44798,262604.0,Rutherford,Tennessee,G4701490,35.892016,-86.44798,2011,,,,,,,,,,,,,,,,,,
G4701510,47,151,36.4360711,-84.5055479,36.453953,-84.506554,22228.0,Scott,Tennessee,G4701510,36.453953,-84.506554,2011,,,,,,,,,,,,,,,,,,
G4701530,47,153,35.3723582,-85.4103223,35.354219,-85.392052,14112.0,Sequatchie,Tennessee,G4701530,35.354219,-85.392052,2011,,,,,,,,,,,,,,,,,,
G4701550,47,155,35.8018095,-83.5156955,35.861562,-83.580944,89889.0,Sevier,Tennessee,G4701550,35.861562,-83.580944,2011,,,,,,,,,,,,,,,,,,
G4701570,47,157,35.1837942,-89.895397,35.131228,-89.894188,927644.0,Shelby,Tennessee,G4701570,35.131228,-89.894188,2011,,,,,,,,,,,,,,,,,,
G4701590,47,159,36.2556502,-85.9420777,36.241092,-85.968484,19166.0,Smith,Tennessee,G4701590,36.241092,-85.968484,2011,,,,,,,,,,,,,,,,,,
G4701610,47,161,36.5117556,-87.8515483,36.493717,-87.798679,13324.0,Stewart,Tennessee,G4701610,36.493717,-87.798679,2011,,,,,,,,,,,,,,,,,,
G4701630,47,163,36.5102131,-82.299396,36.531452,-82.394917,156823.0,Sullivan,Tennessee,G4701630,36.531452,-82.394917,2011,,,,,,,,,,,,,,,,,,
G4701650,47,165,36.473443,-86.4597975,36.398559,-86.536931,160645.0,Sumner,Tennessee,G4701650,36.398559,-86.536931,2011,,,,,,,,,,,,,,,,,,
G4701670,47,167,35.5002588,-89.766803,35.478427,-89.748046,61081.0,Tipton,Tennessee,G4701670,35.478427,-89.748046,2011,,,,,,,,,,,,,,,,,,
G4701690,47,169,36.3930297,-86.1566909,36.393982,-86.170445,7870.0,Trousdale,Tennessee,G4701690,36.393982,-86.170445,2011,,,,,,,,,,,,,,,,,,
G4701710,47,171,36.1002156,-82.4182654,36.149453,-82.396177,18313.0,Unicoi,Tennessee,G4701710,36.149453,-82.396177,2011,,,,,,,,,,,,,,,,,,
G4701730,47,173,36.2841401,-83.8360878,36.243267,-83.816526,19109.0,Union,Tennessee,G4701730,36.243267,-83.816526,2011,,,,,,,,,,,,,,,,,,
G4701750,47,175,35.6992335,-85.4584092,35.723509,-85.45447,5548.0,Van Buren,Tennessee,G4701750,35.723509,-85.45447,2011,,,,,,,,,,,,,,,,,,
G4701770,47,177,35.6782498,-85.7773428,35.695537,-85.792646,39839.0,Warren,Tennessee,G4701770,35.695537,-85.792646,2011,,,,,,,,,,,,,,,,,,
G4701790,47,179,36.2956649,-82.4950374,36.324631,-82.434713,122979.0,Washington,Tennessee,G4701790,36.324631,-82.434713,2011,,,,,,,,,,,,,,,,,,
G4701810,47,181,35.2428856,-87.8198497,35.257711,-87.789817,17021.0,Wayne,Tennessee,G4701810,35.257711,-87.789817,2011,,,,,,,,,,,,,,,,,,
G4701830,47,183,36.3033855,-88.7208026,36.292721,-88.773558,35021.0,Weakley,Tennessee,G4701830,36.292721,-88.773558,2011,,,,,,,,,,,,,,,,,,
G4701850,47,185,35.9270621,-85.4557657,35.939892,-85.487471,25841.0,White,Tennessee,G4701850,35.939892,-85.487471,2011,,,,,,,,,,,,,,,,,,
G4701870,47,187,35.8948446,-86.8978858,35.920355,-86.85552,183182.0,Williamson,Tennessee,G4701870,35.920355,-86.85552,2011,,,,,,,,,,,,,,,,,,
G4701890,47,189,36.1484757,-86.2902097,36.201286,-86.404093,113993.0,Wilson,Tennessee,G4701890,36.201286,-86.404093,2011,,,,,,,,,,,,,,,,,,
G4800010,48,1,31.8412615,-95.6617264,31.776143,-95.687072,58458.0,Anderson,Texas,G4800010,31.776143,-95.687072,2011,,,,,,,,,,,,,,,,,,
G4800030,48,3,32.3122581,-102.6402058,32.32166,-102.542123,14786.0,Andrews,Texas,G4800030,32.32166,-102.542123,2011,,,,,,,,,,,,,,,,,,
G4800050,48,5,31.2519514,-94.6110558,31.312605,-94.714115,86771.0,Angelina,Texas,G4800050,31.312605,-94.714115,2011,,,,,,,,,,,,,,,,,,
G4800070,48,7,28.1042254,-96.977983,28.030072,-97.071875,23158.0,Aransas,Texas,G4800070,28.030072,-97.071875,2011,,,,,,,,,,,,,,,,,,
G4800090,48,9,33.6163054,-98.6872669,33.70449,-98.610345,9054.0,Archer,Texas,G4800090,33.70449,-98.610345,2011,,,,,,,,,,,,,,,,,,
G4800130,48,13,28.8913965,-98.535381,29.034632,-98.576202,44911.0,Atascosa,Texas,G4800130,29.034632,-98.576202,2011,,,,,,,,,,,,,,,,,,
G4800150,48,15,29.8919013,-96.2701696,29.853256,-96.221858,28417.0,Austin,Texas,G4800150,29.853256,-96.221858,2011,,,,,,,,,,,,,,,,,,
G4800170,48,17,34.0675209,-102.8303446,34.216557,-102.745529,7165.0,Bailey,Texas,G4800170,34.216557,-102.745529,2011,,,,,,,,,,,,,,,,,,
G4800190,48,19,29.756389,-99.2482849,29.703543,-99.036031,20485.0,Bandera,Texas,G4800190,29.703543,-99.036031,2011,,,,,,,,,,,,,,,,,,
G4800210,48,21,30.1007707,-97.3106432,30.144282,-97.358916,74171.0,Bastrop,Texas,G4800210,30.144282,-97.358916,2011,,,,,,,,,,,,,,,,,,
G4800230,48,23,33.6189211,-99.207848,33.596338,-99.26133,3726.0,Baylor,Texas,G4800230,33.596338,-99.26133,2011,,,,,,,,,,,,,,,,,,
G4800250,48,25,28.416077,-97.7425858,28.396655,-97.736901,31861.0,Bee,Texas,G4800250,28.396655,-97.736901,2011,,,,,,,,,,,,,,,,,,
G4800270,48,27,31.0423032,-97.4813742,31.084262,-97.592082,310235.0,Bell,Texas,G4800270,31.084262,-97.592082,2011,,,,,,,,,,,,,,,,,,
G4800290,48,29,29.4486708,-98.5201465,29.479255,-98.525238,1714773.0,Bexar,Texas,G4800290,29.479255,-98.525238,2011,,,,,,,,,,,,,,,,,,
G4800310,48,31,30.2664556,-98.399217,30.185496,-98.393265,10497.0,Blanco,Texas,G4800310,30.185496,-98.393265,2011,,,,,,,,,,,,,,,,,,
G4800350,48,35,31.9008189,-97.6376407,31.86216,-97.576972,18212.0,Bosque,Texas,G4800350,31.86216,-97.576972,2011,,,,,,,,,,,,,,,,,,
G4800370,48,37,33.4460512,-94.4223747,33.436159,-94.203466,92565.0,Bowie,Texas,G4800370,33.436159,-94.203466,2011,,,,,,,,,,,,,,,,,,
G4800390,48,39,29.1678175,-95.434647,29.329215,-95.385415,313166.0,Brazoria,Texas,G4800390,29.329215,-95.385415,2011,,,,,,,,,,,,,,,,,,
G4800410,48,41,30.6567174,-96.302392,30.628865,-96.33059,194851.0,Brazos,Texas,G4800410,30.628865,-96.33059,2011,,,,,,,,,,,,,,,,,,
G4800430,48,43,29.8089965,-103.2524579,30.217438,-103.617388,9232.0,Brewster,Texas,G4800430,30.217438,-103.617388,2011,,,,,,,,,,,,,,,,,,
G4800450,48,45,34.5251725,-101.205893,34.440834,-101.232801,1637.0,Briscoe,Texas,G4800450,34.440834,-101.232801,2011,,,,,,,,,,,,,,,,,,
G4800470,48,47,27.0349936,-98.2152756,27.204776,-98.144221,7223.0,Brooks,Texas,G4800470,27.204776,-98.144221,2011,,,,,,,,,,,,,,,,,,
G4800490,48,49,31.7641026,-98.9984697,31.731622,-98.989458,38106.0,Brown,Texas,G4800490,31.731622,-98.989458,2011,,,,,,,,,,,,,,,,,,
G4800510,48,51,30.4934867,-96.6220912,30.479774,-96.646318,17187.0,Burleson,Texas,G4800510,30.479774,-96.646318,2011,,,,,,,,,,,,,,,,,,
G4800530,48,53,30.7896305,-98.2011867,30.671778,-98.244836,42750.0,Burnet,Texas,G4800530,30.671778,-98.244836,2011,,,,,,,,,,,,,,,,,,
G4800550,48,55,29.8323986,-97.628141,29.852388,-97.686629,38066.0,Caldwell,Texas,G4800550,29.852388,-97.686629,2011,,,,,,,,,,,,,,,,,,
G4800570,48,57,28.4417191,-96.5795739,28.586063,-96.625056,21381.0,Calhoun,Texas,G4800570,28.586063,-96.625056,2011,,,,,,,,,,,,,,,,,,
G4800590,48,59,32.2931499,-99.372249,32.346951,-99.448422,13544.0,Callahan,Texas,G4800590,32.346951,-99.448422,2011,,,,,,,,,,,,,,,,,,
G4800610,48,61,26.1029227,-97.4789584,26.045736,-97.556998,406220.0,Cameron,Texas,G4800610,26.045736,-97.556998,2011,,,,,,,,,,,,,,,,,,
G4800630,48,63,32.9745813,-94.979085,32.990653,-94.98408,12401.0,Camp,Texas,G4800630,32.990653,-94.98408,2011,,,,,,,,,,,,,,,,,,
G4800650,48,65,35.4054961,-101.3553558,35.384076,-101.329281,6182.0,Carson,Texas,G4800650,35.384076,-101.329281,2011,,,,,,,,,,,,,,,,,,
G4800670,48,67,33.0836979,-94.3575786,33.079821,-94.299328,30464.0,Cass,Texas,G4800670,33.079821,-94.299328,2011,,,,,,,,,,,,,,,,,,
G4800690,48,69,34.5336207,-102.2587856,34.521244,-102.26892,8062.0,Castro,Texas,G4800690,34.521244,-102.26892,2011,,,,,,,,,,,,,,,,,,
G4800710,48,71,29.6963741,-94.6694454,29.801262,-94.741728,35096.0,Chambers,Texas,G4800710,29.801262,-94.741728,2011,,,,,,,,,,,,,,,,,,
G4800730,48,73,31.8438717,-95.1563454,31.904972,-95.211216,50845.0,Cherokee,Texas,G4800730,31.904972,-95.211216,2011,,,,,,,,,,,,,,,,,,
G4800750,48,75,34.5293372,-100.2083364,34.428815,-100.225433,7041.0,Childress,Texas,G4800750,34.428815,-100.225433,2011,,,,,,,,,,,,,,,,,,
G4800770,48,77,33.7859042,-98.2129174,33.828051,-98.245004,10752.0,Clay,Texas,G4800770,33.828051,-98.245004,2011,,,,,,,,,,,,,,,,,,
G4800790,48,79,33.6084401,-102.830449,33.687756,-102.737454,3127.0,Cochran,Texas,G4800790,33.687756,-102.737454,2011,,,,,,,,,,,,,,,,,,
G4800810,48,81,31.877105,-100.6352358,31.904324,-100.405638,3320.0,Coke,Texas,G4800810,31.904324,-100.405638,2011,,,,,,,,,,,,,,,,,,
G4800830,48,83,31.9142052,-99.3466223,31.808605,-99.423304,8895.0,Coleman,Texas,G4800830,31.808605,-99.423304,2011,,,,,,,,,,,,,,,,,,
G4800850,48,85,33.1947365,-96.579707,33.099357,-96.693057,782341.0,Collin,Texas,G4800850,33.099357,-96.693057,2011,,,,,,,,,,,,,,,,,,
G4800870,48,87,34.9633577,-100.2721351,34.863545,-100.216872,3057.0,Collingsworth,Texas,G4800870,34.863545,-100.216872,2011,,,,,,,,,,,,,,,,,,
G4800890,48,89,29.596296,-96.5089347,29.661294,-96.536638,20874.0,Colorado,Texas,G4800890,29.661294,-96.536638,2011,,,,,,,,,,,,,,,,,,
G4800910,48,91,29.8060147,-98.2605401,29.764495,-98.221819,108472.0,Comal,Texas,G4800910,29.764495,-98.221819,2011,,,,,,,,,,,,,,,,,,
G4800930,48,93,31.9516447,-98.5496169,31.969672,-98.557373,13974.0,Comanche,Texas,G4800930,31.969672,-98.557373,2011,,,,,,,,,,,,,,,,,,
G4800950,48,95,31.3188647,-99.8636483,31.280122,-99.859636,4087.0,Concho,Texas,G4800950,31.280122,-99.859636,2011,,,,,,,,,,,,,,,,,,
G4800970,48,97,33.6391964,-97.2103433,33.610424,-97.137065,38437.0,Cooke,Texas,G4800970,33.610424,-97.137065,2011,,,,,,,,,,,,,,,,,,
G4800990,48,99,31.3911774,-97.7980223,31.239826,-97.828854,75388.0,Coryell,Texas,G4800990,31.239826,-97.828854,2011,,,,,,,,,,,,,,,,,,
G4801010,48,101,34.0919063,-100.2764416,34.019044,-100.300376,1505.0,Cottle,Texas,G4801010,34.019044,-100.300376,2011,,,,,,,,,,,,,,,,,,
G4801030,48,103,31.4227965,-102.4877739,31.400898,-102.352002,4375.0,Crane,Texas,G4801030,31.400898,-102.352002,2011,,,,,,,,,,,,,,,,,,
G4801050,48,105,30.7175316,-101.4042113,30.707106,-101.220153,3719.0,Crockett,Texas,G4801050,30.707106,-101.220153,2011,,,,,,,,,,,,,,,,,,
G4801070,48,107,33.609144,-101.2987099,33.664489,-101.361212,6059.0,Crosby,Texas,G4801070,33.664489,-101.361212,2011,,,,,,,,,,,,,,,,,,
G4801090,48,109,31.4459085,-104.5269447,31.071834,-104.821069,2398.0,Culberson,Texas,G4801090,31.071834,-104.821069,2011,,,,,,,,,,,,,,,,,,
G4801110,48,111,36.2863696,-102.5940204,36.110008,-102.577929,6703.0,Dallam,Texas,G4801110,36.110008,-102.577929,2011,,,,,,,,,,,,,,,,,,
G4801130,48,113,32.7669866,-96.7784238,32.808956,-96.788197,2368139.0,Dallas,Texas,G4801130,32.808956,-96.788197,2011,,,,,,,,,,,,,,,,,,
G4801150,48,115,32.7419338,-101.9473224,32.73465,-101.949316,13833.0,Dawson,Texas,G4801150,32.73465,-101.949316,2011,,,,,,,,,,,,,,,,,,
G4801170,48,117,34.9407663,-102.6075637,34.835104,-102.402042,19372.0,Deaf Smith,Texas,G4801170,34.835104,-102.402042,2011,,,,,,,,,,,,,,,,,,
G4801190,48,119,33.3859329,-95.6733504,33.37458,-95.704605,5231.0,Delta,Texas,G4801190,33.37458,-95.704605,2011,,,,,,,,,,,,,,,,,,
G4801210,48,121,33.205132,-97.1211403,33.109148,-97.019684,662614.0,Denton,Texas,G4801210,33.109148,-97.019684,2011,,,,,,,,,,,,,,,,,,
G4801230,48,123,29.0823457,-97.3616543,29.101571,-97.313585,20097.0,DeWitt,Texas,G4801230,29.101571,-97.313585,2011,,,,,,,,,,,,,,,,,,
G4801250,48,125,33.6153628,-100.7876173,33.534982,-100.852578,2444.0,Dickens,Texas,G4801250,33.534982,-100.852578,2011,,,,,,,,,,,,,,,,,,
G4801270,48,127,28.4235871,-99.7658713,28.519099,-99.817579,9996.0,Dimmit,Texas,G4801270,28.519099,-99.817579,2011,,,,,,,,,,,,,,,,,,
G4801290,48,129,34.9550364,-100.8158457,34.94207,-100.85405,3677.0,Donley,Texas,G4801290,34.94207,-100.85405,2011,,,,,,,,,,,,,,,,,,
G4801310,48,131,27.6811232,-98.4973933,27.729918,-98.389589,11782.0,Duval,Texas,G4801310,27.729918,-98.389589,2011,,,,,,,,,,,,,,,,,,
G4801330,48,133,32.3246454,-98.8365596,32.356034,-98.840622,18583.0,Eastland,Texas,G4801330,32.356034,-98.840622,2011,,,,,,,,,,,,,,,,,,
G4801350,48,135,31.8653008,-102.5425068,31.864941,-102.3858,137130.0,Ector,Texas,G4801350,31.864941,-102.3858,2011,,,,,,,,,,,,,,,,,,
G4801390,48,139,32.3468783,-96.7969403,32.423916,-96.815886,149610.0,Ellis,Texas,G4801390,32.423916,-96.815886,2011,,,,,,,,,,,,,,,,,,
G4801410,48,141,31.7664034,-106.2413905,31.782045,-106.375936,800647.0,El Paso,Texas,G4801410,31.782045,-106.375936,2011,,,,,,,,,,,,,,,,,,
G4801430,48,143,32.2381358,-98.2223769,32.206569,-98.228806,37890.0,Erath,Texas,G4801430,32.206569,-98.228806,2011,,,,,,,,,,,,,,,,,,
G4801450,48,145,31.2519298,-96.9341275,31.260968,-96.950734,17866.0,Falls,Texas,G4801450,31.260968,-96.950734,2011,,,,,,,,,,,,,,,,,,
G4801470,48,147,33.5911611,-96.1049882,33.561545,-96.175947,33915.0,Fannin,Texas,G4801470,33.561545,-96.175947,2011,,,,,,,,,,,,,,,,,,
G4801490,48,149,29.8778861,-96.9212309,29.8524,-96.897998,24554.0,Fayette,Texas,G4801490,29.8524,-96.897998,2011,,,,,,,,,,,,,,,,,,
G4801510,48,151,32.7404728,-100.4031198,32.77399,-100.413883,3974.0,Fisher,Texas,G4801510,32.77399,-100.413883,2011,,,,,,,,,,,,,,,,,,
G4801530,48,153,34.0737305,-101.3032742,34.042836,-101.376103,6446.0,Floyd,Texas,G4801530,34.042836,-101.376103,2011,,,,,,,,,,,,,,,,,,
G4801550,48,155,33.9633063,-99.8168285,33.991937,-99.701195,1336.0,Foard,Texas,G4801550,33.991937,-99.701195,2011,,,,,,,,,,,,,,,,,,
G4801570,48,157,29.5266017,-95.7710149,29.613217,-95.663045,585375.0,Fort Bend,Texas,G4801570,29.613217,-95.663045,2011,,,,,,,,,,,,,,,,,,
G4801590,48,159,33.1758457,-95.2190662,33.126081,-95.223453,10605.0,Franklin,Texas,G4801590,33.126081,-95.223453,2011,,,,,,,,,,,,,,,,,,
G4801610,48,161,31.7012602,-96.1444868,31.696374,-96.209634,19816.0,Freestone,Texas,G4801610,31.696374,-96.209634,2011,,,,,,,,,,,,,,,,,,
G4801630,48,163,28.8693343,-99.1087876,28.845787,-99.107465,17217.0,Frio,Texas,G4801630,28.845787,-99.107465,2011,,,,,,,,,,,,,,,,,,
G4801650,48,165,32.7439423,-102.6315614,32.760539,-102.658431,17526.0,Gaines,Texas,G4801650,32.760539,-102.658431,2011,,,,,,,,,,,,,,,,,,
G4801670,48,167,29.2283656,-94.8954262,29.424115,-95.013496,291309.0,Galveston,Texas,G4801670,29.424115,-95.013496,2011,,,,,,,,,,,,,,,,,,
G4801690,48,169,33.183792,-101.3011341,33.198856,-101.385674,6461.0,Garza,Texas,G4801690,33.198856,-101.385674,2011,,,,,,,,,,,,,,,,,,
G4801710,48,171,30.3250882,-98.9418509,30.272524,-98.905778,24837.0,Gillespie,Texas,G4801710,30.272524,-98.905778,2011,,,,,,,,,,,,,,,,,,
G4801730,48,173,31.8680062,-101.5214944,31.851318,-101.514268,1226.0,Glasscock,Texas,G4801730,31.851318,-101.514268,2011,,,,,,,,,,,,,,,,,,
G4801750,48,175,28.6607,-97.4304145,28.704105,-97.370374,7210.0,Goliad,Texas,G4801750,28.704105,-97.370374,2011,,,,,,,,,,,,,,,,,,
G4801770,48,177,29.4619169,-97.4918609,29.476703,-97.50357,19807.0,Gonzales,Texas,G4801770,29.476703,-97.50357,2011,,,,,,,,,,,,,,,,,,
G4801790,48,179,35.4025424,-100.8123736,35.527957,-100.938403,22535.0,Gray,Texas,G4801790,35.527957,-100.938403,2011,,,,,,,,,,,,,,,,,,
G4801810,48,181,33.6245321,-96.6757378,33.649485,-96.624643,120877.0,Grayson,Texas,G4801810,33.649485,-96.624643,2011,,,,,,,,,,,,,,,,,,
G4801830,48,183,32.4863971,-94.8162759,32.49808,-94.79133,121730.0,Gregg,Texas,G4801830,32.49808,-94.79133,2011,,,,,,,,,,,,,,,,,,
G4801850,48,185,30.5432314,-95.988082,30.447103,-96.009259,26604.0,Grimes,Texas,G4801850,30.447103,-96.009259,2011,,,,,,,,,,,,,,,,,,
G4801870,48,187,29.583532,-97.946771,29.598985,-98.097778,131533.0,Guadalupe,Texas,G4801870,29.598985,-98.097778,2011,,,,,,,,,,,,,,,,,,
G4801890,48,189,34.0684364,-101.8228879,34.145755,-101.739801,36273.0,Hale,Texas,G4801890,34.145755,-101.739801,2011,,,,,,,,,,,,,,,,,,
G4801910,48,191,34.4531894,-100.5763434,34.658133,-100.604341,3353.0,Hall,Texas,G4801910,34.658133,-100.604341,2011,,,,,,,,,,,,,,,,,,
G4801930,48,193,31.7073342,-98.1118266,31.761315,-98.099032,8517.0,Hamilton,Texas,G4801930,31.761315,-98.099032,2011,,,,,,,,,,,,,,,,,,
G4801950,48,195,36.2728469,-101.3569304,36.213931,-101.273482,5613.0,Hansford,Texas,G4801950,36.213931,-101.273482,2011,,,,,,,,,,,,,,,,,,
G4801970,48,197,34.2899036,-99.7456973,34.283002,-99.694647,4139.0,Hardeman,Texas,G4801970,34.283002,-99.694647,2011,,,,,,,,,,,,,,,,,,
G4801990,48,199,30.3296483,-94.3931781,30.303364,-94.262169,54635.0,Hardin,Texas,G4801990,30.303364,-94.262169,2011,,,,,,,,,,,,,,,,,,
G4802010,48,201,29.857273,-95.3930371,29.807479,-95.417454,4092459.0,Harris,Texas,G4802010,29.807479,-95.417454,2011,,,,,,,,,,,,,,,,,,
G4802030,48,203,32.5479914,-94.3744344,32.534967,-94.412978,65631.0,Harrison,Texas,G4802030,32.534967,-94.412978,2011,,,,,,,,,,,,,,,,,,
G4802050,48,205,35.8402444,-102.6100473,35.984331,-102.488764,6062.0,Hartley,Texas,G4802050,35.984331,-102.488764,2011,,,,,,,,,,,,,,,,,,
G4802070,48,207,33.175965,-99.7307731,33.178592,-99.767465,5899.0,Haskell,Texas,G4802070,33.178592,-99.767465,2011,,,,,,,,,,,,,,,,,,
G4802090,48,209,30.0612247,-98.0292673,30.00246,-97.935889,157107.0,Hays,Texas,G4802090,30.00246,-97.935889,2011,,,,,,,,,,,,,,,,,,
G4802110,48,211,35.8159564,-100.2792102,35.893959,-100.364036,3807.0,Hemphill,Texas,G4802110,35.893959,-100.364036,2011,,,,,,,,,,,,,,,,,,
G4802130,48,213,32.2116334,-95.8534183,32.237902,-95.889717,78532.0,Henderson,Texas,G4802130,32.237902,-95.889717,2011,,,,,,,,,,,,,,,,,,
G4802150,48,215,26.3963839,-98.18099,26.232452,-98.184054,774769.0,Hidalgo,Texas,G4802150,26.232452,-98.184054,2011,,,,,,,,,,,,,,,,,,
G4802170,48,217,31.9826809,-97.130668,31.998096,-97.174067,35089.0,Hill,Texas,G4802170,31.998096,-97.174067,2011,,,,,,,,,,,,,,,,,,
G4802190,48,219,33.605932,-102.3433978,33.586415,-102.33483,22935.0,Hockley,Texas,G4802190,33.586415,-102.33483,2011,,,,,,,,,,,,,,,,,,
G4802210,48,221,32.430149,-97.8316766,32.432951,-97.765687,51182.0,Hood,Texas,G4802210,32.432951,-97.765687,2011,,,,,,,,,,,,,,,,,,
G4802230,48,223,33.1489586,-95.5651936,33.124117,-95.586932,35161.0,Hopkins,Texas,G4802230,33.124117,-95.586932,2011,,,,,,,,,,,,,,,,,,
G4802250,48,225,31.3230362,-95.4215995,31.298935,-95.46482,23732.0,Houston,Texas,G4802250,31.298935,-95.46482,2011,,,,,,,,,,,,,,,,,,
G4802270,48,227,32.3034712,-101.438772,32.242066,-101.464986,35012.0,Howard,Texas,G4802270,32.242066,-101.464986,2011,,,,,,,,,,,,,,,,,,
G4802290,48,229,31.4508678,-105.3775489,31.420986,-105.641319,3476.0,Hudspeth,Texas,G4802290,31.420986,-105.641319,2011,,,,,,,,,,,,,,,,,,
G4802310,48,231,33.1232921,-96.0842024,33.085785,-96.095018,86129.0,Hunt,Texas,G4802310,33.085785,-96.095018,2011,,,,,,,,,,,,,,,,,,
G4802330,48,233,35.837047,-101.3627461,35.6807,-101.448842,22150.0,Hutchinson,Texas,G4802330,35.6807,-101.448842,2011,,,,,,,,,,,,,,,,,,
G4802350,48,235,31.3034241,-100.9813037,31.266676,-100.844201,1599.0,Irion,Texas,G4802350,31.266676,-100.844201,2011,,,,,,,,,,,,,,,,,,
G4802370,48,237,33.2320933,-98.1716089,33.198497,-98.168776,9044.0,Jack,Texas,G4802370,33.198497,-98.168776,2011,,,,,,,,,,,,,,,,,,
G4802390,48,239,28.9598019,-96.58908,28.961331,-96.594951,14075.0,Jackson,Texas,G4802390,28.961331,-96.594951,2011,,,,,,,,,,,,,,,,,,
G4802410,48,241,30.7529323,-94.0222943,30.736464,-93.994075,35710.0,Jasper,Texas,G4802410,30.736464,-93.994075,2011,,,,,,,,,,,,,,,,,,
G4802430,48,243,30.6217108,-104.1911424,30.603582,-103.990284,2342.0,Jeff Davis,Texas,G4802430,30.603582,-103.990284,2011,,,,,,,,,,,,,,,,,,
G4802450,48,245,29.8539997,-94.1493306,30.01233,-94.067554,252273.0,Jefferson,Texas,G4802450,30.01233,-94.067554,2011,,,,,,,,,,,,,,,,,,
G4802470,48,247,27.0412118,-98.700127,27.304609,-98.68362,5300.0,Jim Hogg,Texas,G4802470,27.304609,-98.68362,2011,,,,,,,,,,,,,,,,,,
G4802490,48,249,27.7335157,-98.0908141,27.751904,-98.064602,40838.0,Jim Wells,Texas,G4802490,27.751904,-98.064602,2011,,,,,,,,,,,,,,,,,,
G4802510,48,251,32.3798207,-97.3649587,32.435783,-97.325793,150934.0,Johnson,Texas,G4802510,32.435783,-97.325793,2011,,,,,,,,,,,,,,,,,,
G4802530,48,253,32.7437089,-99.8744297,32.711236,-99.808917,20202.0,Jones,Texas,G4802530,32.711236,-99.808917,2011,,,,,,,,,,,,,,,,,,
G4802550,48,255,28.9089957,-97.8522048,28.856195,-97.864151,14824.0,Karnes,Texas,G4802550,28.856195,-97.864151,2011,,,,,,,,,,,,,,,,,,
G4802570,48,257,32.598944,-96.2883777,32.656168,-96.338534,103350.0,Kaufman,Texas,G4802570,32.656168,-96.338534,2011,,,,,,,,,,,,,,,,,,
G4802590,48,259,29.9435246,-98.7092693,29.841299,-98.725533,33410.0,Kendall,Texas,G4802590,29.841299,-98.725533,2011,,,,,,,,,,,,,,,,,,
G4802630,48,263,33.1847797,-100.7697199,33.247856,-100.629728,808.0,Kent,Texas,G4802630,33.247856,-100.629728,2011,,,,,,,,,,,,,,,,,,
G4802650,48,265,30.059953,-99.3533388,30.039931,-99.159771,49625.0,Kerr,Texas,G4802650,30.039931,-99.159771,2011,,,,,,,,,,,,,,,,,,
G4802670,48,267,30.479472,-99.7463959,30.490095,-99.732497,4607.0,Kimble,Texas,G4802670,30.490095,-99.732497,2011,,,,,,,,,,,,,,,,,,
G4802710,48,271,29.3470865,-100.4177003,29.304886,-100.418801,3598.0,Kinney,Texas,G4802710,29.304886,-100.418801,2011,,,,,,,,,,,,,,,,,,
G4802730,48,273,27.4387348,-97.6606203,27.492495,-97.857766,32061.0,Kleberg,Texas,G4802730,27.492495,-97.857766,2011,,,,,,,,,,,,,,,,,,
G4802750,48,275,33.6166569,-99.7471116,33.464244,-99.705702,3719.0,Knox,Texas,G4802750,33.464244,-99.705702,2011,,,,,,,,,,,,,,,,,,
G4802770,48,277,33.6672628,-95.5703477,33.674176,-95.53564,49793.0,Lamar,Texas,G4802770,33.674176,-95.53564,2011,,,,,,,,,,,,,,,,,,
G4802790,48,279,34.0688615,-102.3480182,34.028478,-102.324158,13977.0,Lamb,Texas,G4802790,34.028478,-102.324158,2011,,,,,,,,,,,,,,,,,,
G4802810,48,281,31.1967308,-98.2408885,31.09588,-98.116277,19677.0,Lampasas,Texas,G4802810,31.09588,-98.116277,2011,,,,,,,,,,,,,,,,,,
G4802830,48,283,28.3510976,-99.0967743,28.336046,-99.249834,6886.0,La Salle,Texas,G4802830,28.336046,-99.249834,2011,,,,,,,,,,,,,,,,,,
G4802850,48,285,29.3825778,-96.9236334,29.409258,-97.047964,19263.0,Lavaca,Texas,G4802850,29.409258,-97.047964,2011,,,,,,,,,,,,,,,,,,
G4802870,48,287,30.3211046,-96.976365,30.270012,-96.967301,16612.0,Lee,Texas,G4802870,30.270012,-96.967301,2011,,,,,,,,,,,,,,,,,,
G4802890,48,289,31.3004926,-95.9956219,31.29928,-96.046864,16801.0,Leon,Texas,G4802890,31.29928,-96.046864,2011,,,,,,,,,,,,,,,,,,
G4802910,48,291,30.1584509,-94.844078,30.155392,-94.901747,75643.0,Liberty,Texas,G4802910,30.155392,-94.901747,2011,,,,,,,,,,,,,,,,,,
G4802930,48,293,31.5475427,-96.593623,31.592033,-96.520288,23384.0,Limestone,Texas,G4802930,31.592033,-96.520288,2011,,,,,,,,,,,,,,,,,,
G4802970,48,297,28.3515349,-98.1269608,28.341838,-98.105736,11531.0,Live Oak,Texas,G4802970,28.341838,-98.105736,2011,,,,,,,,,,,,,,,,,,
G4802990,48,299,30.7075845,-98.6846901,30.684899,-98.511609,19301.0,Llano,Texas,G4802990,30.684899,-98.511609,2011,,,,,,,,,,,,,,,,,,
G4803030,48,303,33.6114688,-101.8199438,33.556622,-101.887742,278831.0,Lubbock,Texas,G4803030,33.556622,-101.887742,2011,,,,,,,,,,,,,,,,,,
G4803050,48,305,33.1784124,-101.8184933,33.181411,-101.807743,5915.0,Lynn,Texas,G4803050,33.181411,-101.807743,2011,,,,,,,,,,,,,,,,,,
G4803070,48,307,31.2054766,-99.3598557,31.150738,-99.337039,8283.0,McCulloch,Texas,G4803070,31.150738,-99.337039,2011,,,,,,,,,,,,,,,,,,
G4803090,48,309,31.549493,-97.2014721,31.541318,-97.171313,234906.0,McLennan,Texas,G4803090,31.541318,-97.171313,2011,,,,,,,,,,,,,,,,,,
G4803130,48,313,30.9668782,-95.9303719,30.955599,-95.897089,13664.0,Madison,Texas,G4803130,30.955599,-95.897089,2011,,,,,,,,,,,,,,,,,,
G4803150,48,315,32.7981818,-94.3568528,32.78969,-94.423837,10546.0,Marion,Texas,G4803150,32.78969,-94.423837,2011,,,,,,,,,,,,,,,,,,
G4803170,48,317,32.3098298,-101.9618363,32.184223,-101.825151,4799.0,Martin,Texas,G4803170,32.184223,-101.825151,2011,,,,,,,,,,,,,,,,,,
G4803190,48,319,30.7032288,-99.2376134,30.75329,-99.216248,4012.0,Mason,Texas,G4803190,30.75329,-99.216248,2011,,,,,,,,,,,,,,,,,,
G4803210,48,321,28.7747601,-96.0015316,28.915316,-96.002899,36702.0,Matagorda,Texas,G4803210,28.915316,-96.002899,2011,,,,,,,,,,,,,,,,,,
G4803230,48,323,28.7297873,-100.316678,28.70947,-100.481002,54258.0,Maverick,Texas,G4803230,28.70947,-100.481002,2011,,,,,,,,,,,,,,,,,,
G4803250,48,325,29.3536614,-99.1110846,29.305418,-98.968309,46006.0,Medina,Texas,G4803250,29.305418,-98.968309,2011,,,,,,,,,,,,,,,,,,
G4803270,48,327,30.8843655,-99.8539896,30.899442,-99.772013,2242.0,Menard,Texas,G4803270,30.899442,-99.772013,2011,,,,,,,,,,,,,,,,,,
G4803290,48,329,31.8708957,-102.0243264,32.002748,-102.106662,136872.0,Midland,Texas,G4803290,32.002748,-102.106662,2011,,,,,,,,,,,,,,,,,,
G4803310,48,331,30.791242,-96.9843946,30.747373,-97.01043,24757.0,Milam,Texas,G4803310,30.747373,-97.01043,2011,,,,,,,,,,,,,,,,,,
G4803330,48,333,31.4948885,-98.5946231,31.486443,-98.578116,4936.0,Mills,Texas,G4803330,31.486443,-98.578116,2011,,,,,,,,,,,,,,,,,,
G4803350,48,335,32.3041168,-100.9243924,32.392977,-100.863291,9403.0,Mitchell,Texas,G4803350,32.392977,-100.863291,2011,,,,,,,,,,,,,,,,,,
G4803370,48,337,33.6783558,-97.7250138,33.63828,-97.756255,19719.0,Montague,Texas,G4803370,33.63828,-97.756255,2011,,,,,,,,,,,,,,,,,,
G4803390,48,339,30.3006194,-95.494713,30.232068,-95.468727,455746.0,Montgomery,Texas,G4803390,30.232068,-95.468727,2011,,,,,,,,,,,,,,,,,,
G4803410,48,341,35.8356759,-101.8905018,35.904748,-101.956199,21904.0,Moore,Texas,G4803410,35.904748,-101.956199,2011,,,,,,,,,,,,,,,,,,
G4803430,48,343,33.116466,-94.7312653,33.071717,-94.72461,12934.0,Morris,Texas,G4803430,33.071717,-94.72461,2011,,,,,,,,,,,,,,,,,,
G4803470,48,347,31.6205598,-94.6202497,31.623266,-94.642764,64524.0,Nacogdoches,Texas,G4803470,31.623266,-94.642764,2011,,,,,,,,,,,,,,,,,,
G4803490,48,349,32.048448,-96.4769087,32.079812,-96.488644,47735.0,Navarro,Texas,G4803490,32.079812,-96.488644,2011,,,,,,,,,,,,,,,,,,
G4803510,48,351,30.7867182,-93.73925,30.687746,-93.751989,14445.0,Newton,Texas,G4803510,30.687746,-93.751989,2011,,,,,,,,,,,,,,,,,,
G4803530,48,353,32.312338,-100.4181079,32.449322,-100.411684,15216.0,Nolan,Texas,G4803530,32.449322,-100.411684,2011,,,,,,,,,,,,,,,,,,
G4803550,48,355,27.7387374,-97.5186598,27.733674,-97.430035,340223.0,Nueces,Texas,G4803550,27.733674,-97.430035,2011,,,,,,,,,,,,,,,,,,
G4803570,48,357,36.2787442,-100.8158636,36.381028,-100.810965,10223.0,Ochiltree,Texas,G4803570,36.381028,-100.810965,2011,,,,,,,,,,,,,,,,,,
G4803590,48,359,35.4019206,-102.5976203,35.324274,-102.390158,2052.0,Oldham,Texas,G4803590,35.324274,-102.390158,2011,,,,,,,,,,,,,,,,,,
G4803610,48,361,30.1223229,-93.8940999,30.124169,-93.870235,81837.0,Orange,Texas,G4803610,30.124169,-93.870235,2011,,,,,,,,,,,,,,,,,,
G4803630,48,363,32.7522042,-98.3179673,32.778005,-98.167593,28111.0,Palo Pinto,Texas,G4803630,32.778005,-98.167593,2011,,,,,,,,,,,,,,,,,,
G4803650,48,365,32.1639784,-94.3051563,32.167392,-94.331166,23796.0,Panola,Texas,G4803650,32.167392,-94.331166,2011,,,,,,,,,,,,,,,,,,
G4803670,48,367,32.7770964,-97.8059049,32.794168,-97.736777,116927.0,Parker,Texas,G4803670,32.794168,-97.736777,2011,,,,,,,,,,,,,,,,,,
G4803690,48,369,34.5321628,-102.7848533,34.538847,-102.815812,10269.0,Parmer,Texas,G4803690,34.538847,-102.815812,2011,,,,,,,,,,,,,,,,,,
G4803710,48,371,30.7708943,-102.71986,30.898458,-102.790862,15507.0,Pecos,Texas,G4803710,30.898458,-102.790862,2011,,,,,,,,,,,,,,,,,,
G4803730,48,373,30.7845525,-94.8373376,30.743717,-94.940487,45413.0,Polk,Texas,G4803730,30.743717,-94.940487,2011,,,,,,,,,,,,,,,,,,
G4803750,48,375,35.3986751,-101.893804,35.221681,-101.836644,121073.0,Potter,Texas,G4803750,35.221681,-101.836644,2011,,,,,,,,,,,,,,,,,,
G4803770,48,377,30.0058912,-104.2616192,29.807527,-104.260977,7818.0,Presidio,Texas,G4803770,29.807527,-104.260977,2011,,,,,,,,,,,,,,,,,,
G4803790,48,379,32.8705795,-95.79544,32.886055,-95.797078,10914.0,Rains,Texas,G4803790,32.886055,-95.797078,2011,,,,,,,,,,,,,,,,,,
G4803810,48,381,34.962529,-101.8955472,35.121463,-101.888863,120725.0,Randall,Texas,G4803810,35.121463,-101.888863,2011,,,,,,,,,,,,,,,,,,
G4803830,48,383,31.3751911,-101.5143954,31.215015,-101.465521,3367.0,Reagan,Texas,G4803830,31.215015,-101.465521,2011,,,,,,,,,,,,,,,,,,
G4803850,48,385,29.8300967,-99.812549,29.719686,-99.841559,3309.0,Real,Texas,G4803850,29.719686,-99.841559,2011,,,,,,,,,,,,,,,,,,
G4803870,48,387,33.6196255,-95.0484293,33.592399,-95.07117,12860.0,Red River,Texas,G4803870,33.592399,-95.07117,2011,,,,,,,,,,,,,,,,,,
G4803890,48,389,31.308366,-103.712706,31.382677,-103.532874,13783.0,Reeves,Texas,G4803890,31.382677,-103.532874,2011,,,,,,,,,,,,,,,,,,
G4803910,48,391,28.3127162,-97.1613657,28.29039,-97.244247,7383.0,Refugio,Texas,G4803910,28.29039,-97.244247,2011,,,,,,,,,,,,,,,,,,
G4803950,48,395,31.025481,-96.5149408,30.970148,-96.547126,16622.0,Robertson,Texas,G4803950,30.970148,-96.547126,2011,,,,,,,,,,,,,,,,,,
G4803970,48,397,32.8986766,-96.4044017,32.915625,-96.435493,78337.0,Rockwall,Texas,G4803970,32.915625,-96.435493,2011,,,,,,,,,,,,,,,,,,
G4803990,48,399,31.8451118,-99.9827145,31.801037,-99.994273,10501.0,Runnels,Texas,G4803990,31.801037,-99.994273,2011,,,,,,,,,,,,,,,,,,
G4804010,48,401,32.1094232,-94.7563823,32.193758,-94.797713,53330.0,Rusk,Texas,G4804010,32.193758,-94.797713,2011,,,,,,,,,,,,,,,,,,
G4804030,48,403,31.3432997,-93.8519129,31.338566,-93.850011,10834.0,Sabine,Texas,G4804030,31.338566,-93.850011,2011,,,,,,,,,,,,,,,,,,
G4804050,48,405,31.3824492,-94.1631796,31.443536,-94.150624,8865.0,San Augustine,Texas,G4804050,31.443536,-94.150624,2011,,,,,,,,,,,,,,,,,,
G4804070,48,407,30.5743884,-95.1631363,30.547998,-95.131415,26384.0,San Jacinto,Texas,G4804070,30.547998,-95.131415,2011,,,,,,,,,,,,,,,,,,
G4804090,48,409,28.0117863,-97.5171619,27.947285,-97.399384,64804.0,San Patricio,Texas,G4804090,27.947285,-97.399384,2011,,,,,,,,,,,,,,,,,,
G4804110,48,411,31.1551375,-98.8192922,31.190792,-98.763369,6131.0,San Saba,Texas,G4804110,31.190792,-98.763369,2011,,,,,,,,,,,,,,,,,,
G4804150,48,415,32.7444622,-100.9133987,32.705897,-100.905311,16921.0,Scurry,Texas,G4804150,32.705897,-100.905311,2011,,,,,,,,,,,,,,,,,,
G4804170,48,417,32.7438198,-99.3470045,32.688185,-99.308669,3378.0,Shackelford,Texas,G4804170,32.688185,-99.308669,2011,,,,,,,,,,,,,,,,,,
G4804190,48,419,31.7901368,-94.1425654,31.823558,-94.180373,25448.0,Shelby,Texas,G4804190,31.823558,-94.180373,2011,,,,,,,,,,,,,,,,,,
G4804230,48,423,32.3751061,-95.2687428,32.326711,-95.297792,209714.0,Smith,Texas,G4804230,32.326711,-95.297792,2011,,,,,,,,,,,,,,,,,,
G4804250,48,425,32.2180714,-97.7692171,32.23787,-97.752805,8490.0,Somervell,Texas,G4804250,32.23787,-97.752805,2011,,,,,,,,,,,,,,,,,,
G4804270,48,427,26.5309027,-98.7402346,26.388176,-98.84119,60968.0,Starr,Texas,G4804270,26.388176,-98.84119,2011,,,,,,,,,,,,,,,,,,
G4804290,48,429,32.7363063,-98.8361192,32.754222,-98.904243,9630.0,Stephens,Texas,G4804290,32.754222,-98.904243,2011,,,,,,,,,,,,,,,,,,
G4804310,48,431,31.8357739,-101.0549111,31.839559,-100.993423,1143.0,Sterling,Texas,G4804310,31.839559,-100.993423,2011,,,,,,,,,,,,,,,,,,
G4804350,48,435,30.5176801,-100.5052697,30.562364,-100.630735,4128.0,Sutton,Texas,G4804350,30.562364,-100.630735,2011,,,,,,,,,,,,,,,,,,
G4804370,48,437,34.5263192,-101.7438622,34.531837,-101.771547,7854.0,Swisher,Texas,G4804370,34.531837,-101.771547,2011,,,,,,,,,,,,,,,,,,
G4804390,48,439,32.7721191,-97.2912241,32.76219,-97.244748,1809034.0,Tarrant,Texas,G4804390,32.76219,-97.244748,2011,,,,,,,,,,,,,,,,,,
G4804410,48,441,32.2973269,-99.8901793,32.423132,-99.768456,131506.0,Taylor,Texas,G4804410,32.423132,-99.768456,2011,,,,,,,,,,,,,,,,,,
G4804450,48,445,33.171229,-102.339284,33.183905,-102.271641,12651.0,Terry,Texas,G4804450,33.183905,-102.271641,2011,,,,,,,,,,,,,,,,,,
G4804490,48,449,33.214599,-94.9667825,33.175718,-94.966822,32334.0,Titus,Texas,G4804490,33.175718,-94.966822,2011,,,,,,,,,,,,,,,,,,
G4804510,48,451,31.398843,-100.4638207,31.452272,-100.460084,110224.0,Tom Green,Texas,G4804510,31.452272,-100.460084,2011,,,,,,,,,,,,,,,,,,
G4804530,48,453,30.2395128,-97.6912697,30.31025,-97.749981,1024266.0,Travis,Texas,G4804530,30.31025,-97.749981,2011,,,,,,,,,,,,,,,,,,
G4804550,48,455,31.096675,-95.1516869,31.000011,-95.245491,14585.0,Trinity,Texas,G4804550,31.000011,-95.245491,2011,,,,,,,,,,,,,,,,,,
G4804570,48,457,30.7692953,-94.3756561,30.741967,-94.365305,21766.0,Tyler,Texas,G4804570,30.741967,-94.365305,2011,,,,,,,,,,,,,,,,,,
G4804590,48,459,32.7353495,-94.9411837,32.697983,-94.925153,39309.0,Upshur,Texas,G4804590,32.697983,-94.925153,2011,,,,,,,,,,,,,,,,,,
G4804610,48,461,31.353849,-102.0420128,31.183695,-102.122277,3355.0,Upton,Texas,G4804610,31.183695,-102.122277,2011,,,,,,,,,,,,,,,,,,
G4804630,48,463,29.3503081,-99.768427,29.247671,-99.75475,26405.0,Uvalde,Texas,G4804630,29.247671,-99.75475,2011,,,,,,,,,,,,,,,,,,
G4804650,48,465,29.8752853,-101.1433237,29.38073,-100.898068,48879.0,Val Verde,Texas,G4804650,29.38073,-100.898068,2011,,,,,,,,,,,,,,,,,,
G4804670,48,467,32.5587866,-95.8369057,32.57797,-95.833094,52579.0,Van Zandt,Texas,G4804670,32.57797,-95.833094,2011,,,,,,,,,,,,,,,,,,
G4804690,48,469,28.7963699,-96.9711977,28.820583,-96.990925,86793.0,Victoria,Texas,G4804690,28.820583,-96.990925,2011,,,,,,,,,,,,,,,,,,
G4804710,48,471,30.7431631,-95.5698246,30.729192,-95.535016,67861.0,Walker,Texas,G4804710,30.729192,-95.535016,2011,,,,,,,,,,,,,,,,,,
G4804730,48,473,30.0135781,-95.9821022,30.021425,-95.968855,43205.0,Waller,Texas,G4804730,30.021425,-95.968855,2011,,,,,,,,,,,,,,,,,,
G4804750,48,475,31.5130687,-103.1051127,31.565078,-102.921099,10658.0,Ward,Texas,G4804750,31.565078,-102.921099,2011,,,,,,,,,,,,,,,,,,
G4804770,48,477,30.2150752,-96.4102717,30.182708,-96.396264,33718.0,Washington,Texas,G4804770,30.182708,-96.396264,2011,,,,,,,,,,,,,,,,,,
G4804790,48,479,27.7705836,-99.3266413,27.520331,-99.47635,250304.0,Webb,Texas,G4804790,27.520331,-99.47635,2011,,,,,,,,,,,,,,,,,,
G4804810,48,481,29.2784805,-96.2296745,29.276822,-96.175663,41280.0,Wharton,Texas,G4804810,29.276822,-96.175663,2011,,,,,,,,,,,,,,,,,,
G4804830,48,483,35.3925926,-100.2531067,35.353697,-100.265178,5410.0,Wheeler,Texas,G4804830,35.353697,-100.265178,2011,,,,,,,,,,,,,,,,,,
G4804850,48,485,33.9911025,-98.7168508,33.922335,-98.551696,131500.0,Wichita,Texas,G4804850,33.922335,-98.551696,2011,,,,,,,,,,,,,,,,,,
G4804870,48,487,34.0849199,-99.2424397,34.147319,-99.296459,13535.0,Wilbarger,Texas,G4804870,34.147319,-99.296459,2011,,,,,,,,,,,,,,,,,,
G4804890,48,489,26.4803815,-97.5832559,26.452145,-97.779937,22134.0,Willacy,Texas,G4804890,26.452145,-97.779937,2011,,,,,,,,,,,,,,,,,,
G4804910,48,491,30.6490296,-97.6050692,30.554707,-97.71143,422679.0,Williamson,Texas,G4804910,30.554707,-97.71143,2011,,,,,,,,,,,,,,,,,,
G4804930,48,493,29.173883,-98.0867336,29.226084,-98.142066,42918.0,Wilson,Texas,G4804930,29.226084,-98.142066,2011,,,,,,,,,,,,,,,,,,
G4804950,48,495,31.8314155,-103.055986,31.841034,-103.099982,7110.0,Winkler,Texas,G4804950,31.841034,-103.099982,2011,,,,,,,,,,,,,,,,,,
G4804970,48,497,33.2190947,-97.6539968,33.164603,-97.637257,59127.0,Wise,Texas,G4804970,33.164603,-97.637257,2011,,,,,,,,,,,,,,,,,,
G4804990,48,499,32.7835881,-95.3821664,32.772492,-95.396924,41964.0,Wood,Texas,G4804990,32.772492,-95.396924,2011,,,,,,,,,,,,,,,,,,
G4805010,48,501,33.1623979,-102.8322422,33.025705,-102.829655,7879.0,Yoakum,Texas,G4805010,33.025705,-102.829655,2011,,,,,,,,,,,,,,,,,,
G4805030,48,503,33.1587884,-98.6782806,33.166529,-98.625208,18550.0,Young,Texas,G4805030,33.166529,-98.625208,2011,,,,,,,,,,,,,,,,,,
G4805050,48,505,26.9969806,-99.1826027,26.902457,-99.26586,14018.0,Zapata,Texas,G4805050,26.902457,-99.26586,2011,,,,,,,,,,,,,,,,,,
G4805070,48,507,28.8646523,-99.7598304,28.757996,-99.807717,11677.0,Zavala,Texas,G4805070,28.757996,-99.807717,2011,,,,,,,,,,,,,,,,,,
G4900010,49,1,38.357535,-113.2389481,38.299707,-112.776347,6629.0,Beaver,Utah,G4900010,38.299707,-112.776347,2011,,,,,,,,,,,,,,,,,,
G4900030,49,3,41.476021,-113.052922,41.591026,-112.09977,49975.0,Box Elder,Utah,G4900030,41.591026,-112.09977,2011,,,,,,,,,,,,,,,,,,
G4900050,49,5,41.7342277,-111.7445629,41.744338,-111.840612,112656.0,Cache,Utah,G4900050,41.744338,-111.840612,2011,,,,,,,,,,,,,,,,,,
G4900070,49,7,39.673284,-110.5884845,39.601629,-110.777221,21403.0,Carbon,Utah,G4900070,39.601629,-110.777221,2011,,,,,,,,,,,,,,,,,,
G4900090,49,9,40.890099,-109.5057855,40.967854,-109.646088,1059.0,Daggett,Utah,G4900090,40.967854,-109.646088,2011,,,,,,,,,,,,,,,,,,
G4900110,49,11,41.0370451,-112.2021234,41.01957,-111.958756,306479.0,Davis,Utah,G4900110,41.01957,-111.958756,2011,,,,,,,,,,,,,,,,,,
G4900130,49,13,40.2896487,-110.4298303,40.289409,-110.165397,18607.0,Duchesne,Utah,G4900130,40.289409,-110.165397,2011,,,,,,,,,,,,,,,,,,
G4900150,49,15,39.0090247,-110.7210999,39.216051,-110.925129,10976.0,Emery,Utah,G4900150,39.216051,-110.925129,2011,,,,,,,,,,,,,,,,,,
G4900170,49,17,37.8316645,-111.4509076,37.76185,-112.088923,5172.0,Garfield,Utah,G4900170,37.76185,-112.088923,2011,,,,,,,,,,,,,,,,,,
G4900190,49,19,38.9743261,-109.5734502,38.569104,-109.530222,9225.0,Grand,Utah,G4900190,38.569104,-109.530222,2011,,,,,,,,,,,,,,,,,,
G4900210,49,21,37.9093044,-113.3067405,37.709161,-113.073838,46163.0,Iron,Utah,G4900210,37.709161,-113.073838,2011,,,,,,,,,,,,,,,,,,
G4900230,49,23,39.71412,-112.790471,39.750368,-111.894782,10246.0,Juab,Utah,G4900230,39.750368,-111.894782,2011,,,,,,,,,,,,,,,,,,
G4900250,49,25,37.275083,-111.8153524,37.114838,-112.425977,7125.0,Kane,Utah,G4900250,37.114838,-112.425977,2011,,,,,,,,,,,,,,,,,,
G4900270,49,27,39.0945348,-113.5250088,39.214604,-112.494882,12503.0,Millard,Utah,G4900270,39.214604,-112.494882,2011,,,,,,,,,,,,,,,,,,
G4900290,49,29,41.0910273,-111.5778846,41.073208,-111.718106,9469.0,Morgan,Utah,G4900290,41.073208,-111.718106,2011,,,,,,,,,,,,,,,,,,
G4900310,49,31,38.3358805,-112.1293755,38.288475,-112.208162,1556.0,Piute,Utah,G4900310,38.288475,-112.208162,2011,,,,,,,,,,,,,,,,,,
G4900330,49,33,41.6275976,-111.2402269,41.76689,-111.278738,2264.0,Rich,Utah,G4900330,41.76689,-111.278738,2011,,,,,,,,,,,,,,,,,,
G4900350,49,35,40.6678828,-111.9242397,40.646321,-111.922762,1029655.0,Salt Lake,Utah,G4900350,40.646321,-111.922762,2011,,,,,,,,,,,,,,,,,,
G4900370,49,37,37.6026387,-109.7915704,37.523884,-109.521036,14746.0,San Juan,Utah,G4900370,37.523884,-109.521036,2011,,,,,,,,,,,,,,,,,,
G4900390,49,39,39.3825322,-111.5728791,39.380549,-111.606832,27822.0,Sanpete,Utah,G4900390,39.380549,-111.606832,2011,,,,,,,,,,,,,,,,,,
G4900410,49,41,38.7468245,-111.8119299,38.77474,-112.042048,20802.0,Sevier,Utah,G4900410,38.77474,-112.042048,2011,,,,,,,,,,,,,,,,,,
G4900430,49,43,40.8720603,-110.9684862,40.727812,-111.47076,36324.0,Summit,Utah,G4900430,40.727812,-111.47076,2011,,,,,,,,,,,,,,,,,,
G4900450,49,45,40.4677525,-113.1239786,40.56078,-112.379217,58218.0,Tooele,Utah,G4900450,40.56078,-112.379217,2011,,,,,,,,,,,,,,,,,,
G4900470,49,47,40.1258872,-109.5177482,40.42648,-109.597164,32588.0,Uintah,Utah,G4900470,40.42648,-109.597164,2011,,,,,,,,,,,,,,,,,,
G4900490,49,49,40.1204324,-111.6685266,40.272349,-111.73158,516564.0,Utah,Utah,G4900490,40.272349,-111.73158,2011,,,,,,,,,,,,,,,,,,
G4900510,49,51,40.3348838,-111.1615683,40.505696,-111.412248,23530.0,Wasatch,Utah,G4900510,40.505696,-111.412248,2011,,,,,,,,,,,,,,,,,,
G4900530,49,53,37.2625308,-113.4878003,37.135163,-113.519705,138115.0,Washington,Utah,G4900530,37.135163,-113.519705,2011,,,,,,,,,,,,,,,,,,
G4900550,49,55,38.2612288,-110.9903225,38.361636,-111.467245,2778.0,Wayne,Utah,G4900550,38.361636,-111.467245,2011,,,,,,,,,,,,,,,,,,
G4900570,49,57,41.2703289,-111.8767971,41.224614,-111.990305,231236.0,Weber,Utah,G4900570,41.224614,-111.990305,2011,,,,,,,,,,,,,,,,,,
G5000010,50,1,44.0312479,-73.1415807,44.06247,-73.166759,36821.0,Addison,Vermont,G5000010,44.06247,-73.166759,2011,,,,,,,,,,,,,,,,,,
G5000030,50,3,43.0353254,-73.1114603,42.972541,-73.15352,37125.0,Bennington,Vermont,G5000030,42.972541,-73.15352,2011,,,,,,,,,,,,,,,,,,
G5000050,50,5,44.4687907,-72.1121676,44.467875,-72.07512,31227.0,Caledonia,Vermont,G5000050,44.467875,-72.07512,2011,,,,,,,,,,,,,,,,,,
G5000070,50,7,44.4633275,-73.0694125,44.480855,-73.149444,156545.0,Chittenden,Vermont,G5000070,44.480855,-73.149444,2011,,,,,,,,,,,,,,,,,,
G5000090,50,9,44.7240209,-71.7327362,44.666929,-71.740577,6306.0,Essex,Vermont,G5000090,44.666929,-71.740577,2011,,,,,,,,,,,,,,,,,,
G5000110,50,11,44.8589643,-72.9094023,44.840447,-72.993263,47746.0,Franklin,Vermont,G5000110,44.840447,-72.993263,2011,,,,,,,,,,,,,,,,,,
G5000130,50,13,44.8017867,-73.300759,44.79441,-73.298303,6970.0,Grand Isle,Vermont,G5000130,44.79441,-73.298303,2011,,,,,,,,,,,,,,,,,,
G5000150,50,15,44.6037037,-72.6389224,44.58756,-72.653257,24475.0,Lamoille,Vermont,G5000150,44.58756,-72.653257,2011,,,,,,,,,,,,,,,,,,
G5000170,50,17,44.0033924,-72.3696871,43.996017,-72.394216,28936.0,Orange,Vermont,G5000170,43.996017,-72.394216,2011,,,,,,,,,,,,,,,,,,
G5000190,50,19,44.8284417,-72.25163,44.864953,-72.223292,27231.0,Orleans,Vermont,G5000190,44.864953,-72.223292,2011,,,,,,,,,,,,,,,,,,
G5000210,50,21,43.5808577,-73.0382023,43.601633,-73.045536,61642.0,Rutland,Vermont,G5000210,43.601633,-73.045536,2011,,,,,,,,,,,,,,,,,,
G5000230,50,23,44.2749532,-72.6094749,44.241925,-72.58392,59534.0,Washington,Vermont,G5000230,44.241925,-72.58392,2011,,,,,,,,,,,,,,,,,,
G5000250,50,25,42.9953348,-72.721955,42.95631,-72.61616,44513.0,Windham,Vermont,G5000250,42.95631,-72.61616,2011,,,,,,,,,,,,,,,,,,
G5000270,50,27,43.5726769,-72.5988245,43.545556,-72.491252,56670.0,Windsor,Vermont,G5000270,43.545556,-72.491252,2011,,,,,,,,,,,,,,,,,,
G5100010,51,1,37.7659435,-75.7578073,37.784132,-75.641008,33164.0,Accomack,Virginia,G5100010,37.784132,-75.641008,2011,,,,,,,,,,,,,,,,,,
G5100030,51,3,38.0241841,-78.5535056,38.05016,-78.516763,98970.0,Albemarle,Virginia,G5100030,38.05016,-78.516763,2011,,,,,,,,,,,,,,,,,,
G5100050,51,5,37.7879048,-80.008669,37.800535,-79.929401,16250.0,Alleghany,Virginia,G5100050,37.800535,-79.929401,2011,,,,,,,,,,,,,,,,,,
G5100070,51,7,37.3319271,-77.9774619,37.341681,-77.977011,12690.0,Amelia,Virginia,G5100070,37.341681,-77.977011,2011,,,,,,,,,,,,,,,,,,
G5100090,51,9,37.6286103,-79.1542813,37.519237,-79.102718,32353.0,Amherst,Virginia,G5100090,37.519237,-79.102718,2011,,,,,,,,,,,,,,,,,,
G5100110,51,11,37.3707253,-78.8109404,37.359958,-78.833953,14973.0,Appomattox,Virginia,G5100110,37.359958,-78.833953,2011,,,,,,,,,,,,,,,,,,
G5100130,51,13,38.8783374,-77.1007034,38.8749,-77.10082,207627.0,Arlington,Virginia,G5100130,38.8749,-77.10082,2011,,,,,,,,,,,,,,,,,,
G5100150,51,15,38.1719106,-79.1475571,38.12803,-79.032141,73750.0,Augusta,Virginia,G5100150,38.12803,-79.032141,2011,,,,,,,,,,,,,,,,,,
G5100170,51,17,38.0683679,-79.7312032,38.017866,-79.764614,4731.0,Bath,Virginia,G5100170,38.017866,-79.764614,2011,,,,,,,,,,,,,,,,,,
G5100190,51,19,37.3124119,-79.527947,37.314607,-79.497893,68676.0,Bedford,Virginia,G5100190,37.314607,-79.497893,2011,,,,,,,,,,,,,,,,,,
G5100210,51,21,37.1306124,-81.1258532,37.150725,-81.089354,6824.0,Bland,Virginia,G5100210,37.150725,-81.089354,2011,,,,,,,,,,,,,,,,,,
G5100230,51,23,37.5654811,-79.7975529,37.448222,-79.851418,33148.0,Botetourt,Virginia,G5100230,37.448222,-79.851418,2011,,,,,,,,,,,,,,,,,,
G5100250,51,25,36.7642043,-77.8614832,36.756799,-77.86074,17434.0,Brunswick,Virginia,G5100250,36.756799,-77.86074,2011,,,,,,,,,,,,,,,,,,
G5100270,51,27,37.2681198,-82.0381508,37.264125,-82.058814,24098.0,Buchanan,Virginia,G5100270,37.264125,-82.058814,2011,,,,,,,,,,,,,,,,,,
G5100290,51,29,37.573928,-78.5291687,37.582102,-78.483454,17146.0,Buckingham,Virginia,G5100290,37.582102,-78.483454,2011,,,,,,,,,,,,,,,,,,
G5100310,51,31,37.210151,-79.0954285,37.25795,-79.165807,54842.0,Campbell,Virginia,G5100310,37.25795,-79.165807,2011,,,,,,,,,,,,,,,,,,
G5100330,51,33,38.0303193,-77.3523482,38.008601,-77.433166,28545.0,Caroline,Virginia,G5100330,38.008601,-77.433166,2011,,,,,,,,,,,,,,,,,,
G5100350,51,35,36.7319275,-80.7278646,36.712893,-80.763589,30042.0,Carroll,Virginia,G5100350,36.712893,-80.763589,2011,,,,,,,,,,,,,,,,,,
G5100360,51,36,37.3610537,-77.05417,37.381884,-77.102373,7256.0,Charles City,Virginia,G5100360,37.381884,-77.102373,2011,,,,,,,,,,,,,,,,,,
G5100370,51,37,37.0090421,-78.6585682,37.017568,-78.630844,12586.0,Charlotte,Virginia,G5100370,37.017568,-78.630844,2011,,,,,,,,,,,,,,,,,,
G5100410,51,41,37.3784338,-77.5858474,37.418224,-77.550555,316236.0,Chesterfield,Virginia,G5100410,37.418224,-77.550555,2011,,,,,,,,,,,,,,,,,,
G5100430,51,43,39.1153821,-77.9908359,39.129687,-77.988093,14034.0,Clarke,Virginia,G5100430,39.129687,-77.988093,2011,,,,,,,,,,,,,,,,,,
G5100450,51,45,37.4736031,-80.2310507,37.476038,-80.174522,5190.0,Craig,Virginia,G5100450,37.476038,-80.174522,2011,,,,,,,,,,,,,,,,,,
G5100470,51,47,38.4859303,-77.9564758,38.500155,-77.997848,46689.0,Culpeper,Virginia,G5100470,38.500155,-77.997848,2011,,,,,,,,,,,,,,,,,,
G5100490,51,49,37.5201891,-78.2528364,37.483249,-78.257306,10052.0,Cumberland,Virginia,G5100490,37.483249,-78.257306,2011,,,,,,,,,,,,,,,,,,
G5100510,51,51,37.1370642,-82.3492305,37.142003,-82.379283,15903.0,Dickenson,Virginia,G5100510,37.142003,-82.379283,2011,,,,,,,,,,,,,,,,,,
G5100530,51,53,37.0734984,-77.6354922,37.135094,-77.560538,28001.0,Dinwiddie,Virginia,G5100530,37.135094,-77.560538,2011,,,,,,,,,,,,,,,,,,
G5100570,51,57,37.9394802,-76.9418713,37.911272,-76.90549,11151.0,Essex,Virginia,G5100570,37.911272,-76.90549,2011,,,,,,,,,,,,,,,,,,
G5100590,51,59,38.831056,-77.2753845,38.843734,-77.258936,1081726.0,Fairfax,Virginia,G5100590,38.843734,-77.258936,2011,,,,,,,,,,,,,,,,,,
G5100610,51,61,38.7440975,-77.8214824,38.696041,-77.777194,65203.0,Fauquier,Virginia,G5100610,38.696041,-77.777194,2011,,,,,,,,,,,,,,,,,,
G5100630,51,63,36.9314381,-80.3503087,36.944158,-80.342686,15279.0,Floyd,Virginia,G5100630,36.944158,-80.342686,2011,,,,,,,,,,,,,,,,,,
G5100650,51,65,37.830571,-78.2834821,37.888175,-78.301879,25691.0,Fluvanna,Virginia,G5100650,37.888175,-78.301879,2011,,,,,,,,,,,,,,,,,,
G5100670,51,67,36.9911503,-79.8826633,37.016004,-79.861232,56159.0,Franklin,Virginia,G5100670,37.016004,-79.861232,2011,,,,,,,,,,,,,,,,,,
G5100690,51,69,39.203637,-78.2639164,39.168677,-78.193089,78305.0,Frederick,Virginia,G5100690,39.168677,-78.193089,2011,,,,,,,,,,,,,,,,,,
G5100710,51,71,37.3119305,-80.7171889,37.317609,-80.71689,17286.0,Giles,Virginia,G5100710,37.317609,-80.71689,2011,,,,,,,,,,,,,,,,,,
G5100730,51,73,37.4035413,-76.5235051,37.377825,-76.530947,36858.0,Gloucester,Virginia,G5100730,37.377825,-76.530947,2011,,,,,,,,,,,,,,,,,,
G5100750,51,75,37.7188141,-77.9176263,37.703091,-77.85186,21717.0,Goochland,Virginia,G5100750,37.703091,-77.85186,2011,,,,,,,,,,,,,,,,,,
G5100770,51,77,36.6522288,-81.215324,36.648239,-81.1193,15533.0,Grayson,Virginia,G5100770,36.648239,-81.1193,2011,,,,,,,,,,,,,,,,,,
G5100790,51,79,38.2979805,-78.4701629,38.254353,-78.422182,18403.0,Greene,Virginia,G5100790,38.254353,-78.422182,2011,,,,,,,,,,,,,,,,,,
G5100810,51,81,36.6803363,-77.5602774,36.721194,-77.537371,12243.0,Greensville,Virginia,G5100810,36.721194,-77.537371,2011,,,,,,,,,,,,,,,,,,
G5100830,51,83,36.766461,-78.9396142,36.75003,-78.927107,36241.0,Halifax,Virginia,G5100830,36.75003,-78.927107,2011,,,,,,,,,,,,,,,,,,
G5100850,51,85,37.7601655,-77.4909916,37.687345,-77.420161,99863.0,Hanover,Virginia,G5100850,37.687345,-77.420161,2011,,,,,,,,,,,,,,,,,,
G5100870,51,87,37.4375205,-77.300333,37.60276,-77.495683,306935.0,Henrico,Virginia,G5100870,37.60276,-77.495683,2011,,,,,,,,,,,,,,,,,,
G5100890,51,89,36.6206074,-79.9806728,36.690407,-79.903132,54151.0,Henry,Virginia,G5100890,36.690407,-79.903132,2011,,,,,,,,,,,,,,,,,,
G5100910,51,91,38.3662431,-79.5644718,38.386074,-79.568796,2321.0,Highland,Virginia,G5100910,38.386074,-79.568796,2011,,,,,,,,,,,,,,,,,,
G5100930,51,93,36.9014184,-76.7075688,36.921892,-76.655375,35270.0,Isle of Wight,Virginia,G5100930,36.921892,-76.655375,2011,,,,,,,,,,,,,,,,,,
G5100950,51,95,37.3248367,-76.7778878,37.294786,-76.757657,67009.0,James City,Virginia,G5100950,37.294786,-76.757657,2011,,,,,,,,,,,,,,,,,,
G5100970,51,97,37.7143718,-76.9018551,37.699158,-76.89237,6945.0,King and Queen,Virginia,G5100970,37.699158,-76.89237,2011,,,,,,,,,,,,,,,,,,
G5100990,51,99,38.2770489,-77.1627693,38.291254,-77.162858,23584.0,King George,Virginia,G5100990,38.291254,-77.162858,2011,,,,,,,,,,,,,,,,,,
G5101010,51,101,37.7082604,-77.0910539,37.702616,-77.05673,15935.0,King William,Virginia,G5101010,37.702616,-77.05673,2011,,,,,,,,,,,,,,,,,,
G5101030,51,103,37.7048433,-76.4126628,37.70389,-76.437123,11391.0,Lancaster,Virginia,G5101030,37.70389,-76.437123,2011,,,,,,,,,,,,,,,,,,
G5101050,51,105,36.7017206,-83.1301117,36.715746,-83.103165,25587.0,Lee,Virginia,G5101050,36.715746,-83.103165,2011,,,,,,,,,,,,,,,,,,
G5101070,51,107,39.0812119,-77.6389127,39.047874,-77.510676,312311.0,Loudoun,Virginia,G5101070,39.047874,-77.510676,2011,,,,,,,,,,,,,,,,,,
G5101090,51,109,37.9727041,-77.959795,37.979376,-77.965373,33153.0,Louisa,Virginia,G5101090,37.979376,-77.965373,2011,,,,,,,,,,,,,,,,,,
G5101110,51,111,36.9460943,-78.2419852,36.970055,-78.21653,12914.0,Lunenburg,Virginia,G5101110,36.970055,-78.21653,2011,,,,,,,,,,,,,,,,,,
G5101130,51,113,38.4120586,-78.2769613,38.378917,-78.23516,13308.0,Madison,Virginia,G5101130,38.378917,-78.23516,2011,,,,,,,,,,,,,,,,,,
G5101150,51,115,37.4253479,-76.2688078,37.444144,-76.342952,8978.0,Mathews,Virginia,G5101150,37.444144,-76.342952,2011,,,,,,,,,,,,,,,,,,
G5101170,51,117,36.6872563,-78.3689592,36.691889,-78.320815,32727.0,Mecklenburg,Virginia,G5101170,36.691889,-78.320815,2011,,,,,,,,,,,,,,,,,,
G5101190,51,119,37.6069753,-76.5280819,37.601651,-76.504547,10959.0,Middlesex,Virginia,G5101190,37.601651,-76.504547,2011,,,,,,,,,,,,,,,,,,
G5101210,51,121,37.1748845,-80.387314,37.189631,-80.412336,94392.0,Montgomery,Virginia,G5101210,37.189631,-80.412336,2011,,,,,,,,,,,,,,,,,,
G5101250,51,125,37.7890795,-78.8834397,37.810028,-78.871691,15020.0,Nelson,Virginia,G5101250,37.810028,-78.871691,2011,,,,,,,,,,,,,,,,,,
G5101270,51,127,37.5029357,-76.9828581,37.497253,-77.037031,18429.0,New Kent,Virginia,G5101270,37.497253,-77.037031,2011,,,,,,,,,,,,,,,,,,
G5101310,51,131,37.3027754,-75.9240178,37.389508,-75.917594,12389.0,Northampton,Virginia,G5101310,37.389508,-75.917594,2011,,,,,,,,,,,,,,,,,,
G5101330,51,133,37.8569736,-76.3796872,37.890865,-76.414247,12330.0,Northumberland,Virginia,G5101330,37.890865,-76.414247,2011,,,,,,,,,,,,,,,,,,
G5101350,51,135,37.1411668,-78.0538655,37.144866,-78.075207,15853.0,Nottoway,Virginia,G5101350,37.144866,-78.075207,2011,,,,,,,,,,,,,,,,,,
G5101370,51,137,38.250193,-78.0096224,38.267152,-77.966785,33481.0,Orange,Virginia,G5101370,38.267152,-77.966785,2011,,,,,,,,,,,,,,,,,,
G5101390,51,139,38.6232005,-78.4918796,38.604441,-78.500392,24042.0,Page,Virginia,G5101390,38.604441,-78.500392,2011,,,,,,,,,,,,,,,,,,
G5101410,51,141,36.6671277,-80.2864131,36.655724,-80.282113,18490.0,Patrick,Virginia,G5101410,36.655724,-80.282113,2011,,,,,,,,,,,,,,,,,,
G5101430,51,143,36.8217206,-79.3985019,36.772086,-79.409643,63506.0,Pittsylvania,Virginia,G5101430,36.772086,-79.409643,2011,,,,,,,,,,,,,,,,,,
G5101450,51,145,37.5494041,-77.9128553,37.546342,-77.872664,28046.0,Powhatan,Virginia,G5101450,37.546342,-77.872664,2011,,,,,,,,,,,,,,,,,,
G5101470,51,147,37.2248813,-78.4329574,37.259323,-78.423416,23368.0,Prince Edward,Virginia,G5101470,37.259323,-78.423416,2011,,,,,,,,,,,,,,,,,,
G5101490,51,149,37.1873255,-77.2209931,37.215406,-77.293227,35725.0,Prince George,Virginia,G5101490,37.215406,-77.293227,2011,,,,,,,,,,,,,,,,,,
G5101530,51,153,38.7011187,-77.4795791,38.691636,-77.409683,402002.0,Prince William,Virginia,G5101530,38.691636,-77.409683,2011,,,,,,,,,,,,,,,,,,
G5101550,51,155,37.0633853,-80.7134439,37.081529,-80.705779,34872.0,Pulaski,Virginia,G5101550,37.081529,-80.705779,2011,,,,,,,,,,,,,,,,,,
G5101570,51,157,38.6845215,-78.1688241,38.692393,-78.124495,7373.0,Rappahannock,Virginia,G5101570,38.692393,-78.124495,2011,,,,,,,,,,,,,,,,,,
G5101590,51,159,37.9428935,-76.7305609,37.94866,-76.715071,9254.0,Richmond,Virginia,G5101590,37.94866,-76.715071,2011,,,,,,,,,,,,,,,,,,
G5101610,51,161,37.330792,-80.1912371,37.271414,-79.989575,92376.0,Roanoke,Virginia,G5101610,37.271414,-79.989575,2011,,,,,,,,,,,,,,,,,,
G5101630,51,163,37.8145174,-79.4477537,37.786365,-79.428059,22307.0,Rockbridge,Virginia,G5101630,37.786365,-79.428059,2011,,,,,,,,,,,,,,,,,,
G5101650,51,165,38.5075848,-78.8853213,38.454851,-78.837195,76314.0,Rockingham,Virginia,G5101650,38.454851,-78.837195,2011,,,,,,,,,,,,,,,,,,
G5101670,51,167,36.9334198,-82.0959342,36.935284,-82.090612,28897.0,Russell,Virginia,G5101670,36.935284,-82.090612,2011,,,,,,,,,,,,,,,,,,
G5101690,51,169,36.7127756,-82.6136238,36.684532,-82.594258,23177.0,Scott,Virginia,G5101690,36.684532,-82.594258,2011,,,,,,,,,,,,,,,,,,
G5101710,51,171,38.856204,-78.5739867,38.86825,-78.529664,41993.0,Shenandoah,Virginia,G5101710,38.86825,-78.529664,2011,,,,,,,,,,,,,,,,,,
G5101730,51,173,36.8423183,-81.5397861,36.829257,-81.574231,32208.0,Smyth,Virginia,G5101730,36.829257,-81.574231,2011,,,,,,,,,,,,,,,,,,
G5101750,51,175,36.7201725,-77.1038556,36.71473,-77.070645,18570.0,Southampton,Virginia,G5101750,36.71473,-77.070645,2011,,,,,,,,,,,,,,,,,,
G5101770,51,177,38.1836897,-77.6567679,38.238928,-77.571234,122397.0,Spotsylvania,Virginia,G5101770,38.238928,-77.571234,2011,,,,,,,,,,,,,,,,,,
G5101790,51,179,38.4153856,-77.4548719,38.416536,-77.447823,128961.0,Stafford,Virginia,G5101790,38.416536,-77.447823,2011,,,,,,,,,,,,,,,,,,
G5101810,51,181,37.1197611,-76.8801717,37.118648,-76.867196,7058.0,Surry,Virginia,G5101810,37.118648,-76.867196,2011,,,,,,,,,,,,,,,,,,
G5101830,51,183,36.9266454,-77.2597319,36.972121,-77.210307,12087.0,Sussex,Virginia,G5101830,36.972121,-77.210307,2011,,,,,,,,,,,,,,,,,,
G5101850,51,185,37.1253949,-81.5629237,37.147549,-81.566563,45078.0,Tazewell,Virginia,G5101850,37.147549,-81.566563,2011,,,,,,,,,,,,,,,,,,
G5101870,51,187,38.9082214,-78.207594,38.925068,-78.179261,37575.0,Warren,Virginia,G5101870,38.925068,-78.179261,2011,,,,,,,,,,,,,,,,,,
G5101910,51,191,36.7478314,-81.9503155,36.703579,-81.972246,54876.0,Washington,Virginia,G5101910,36.703579,-81.972246,2011,,,,,,,,,,,,,,,,,,
G5101930,51,193,38.109311,-76.8039326,38.155269,-76.844011,17454.0,Westmoreland,Virginia,G5101930,38.155269,-76.844011,2011,,,,,,,,,,,,,,,,,,
G5101950,51,195,36.9745607,-82.6215601,36.952922,-82.609349,41452.0,Wise,Virginia,G5101950,36.952922,-82.609349,2011,,,,,,,,,,,,,,,,,,
G5101970,51,197,36.8998725,-81.0830053,36.919123,-81.066298,29235.0,Wythe,Virginia,G5101970,36.919123,-81.066298,2011,,,,,,,,,,,,,,,,,,
G5101990,51,199,37.2209139,-76.395533,37.172279,-76.49193,65464.0,York,Virginia,G5101990,37.172279,-76.49193,2011,,,,,,,,,,,,,,,,,,
G5105100,51,510,38.8200709,-77.0840628,38.820052,-77.09256,139966.0,Alexandria,Virginia,G5105100,38.820052,-77.09256,2011,,,,,,,,,,,,,,,,,,
G5105200,51,520,36.6169541,-82.1575641,36.610479,-82.169512,17835.0,Bristol,Virginia,G5105200,36.610479,-82.169512,2011,,,,,,,,,,,,,,,,,,
G5105300,51,530,37.7316634,-79.3563746,37.734133,-79.352493,6650.0,Buena Vista,Virginia,G5105300,37.734133,-79.352493,2011,,,,,,,,,,,,,,,,,,
G5105400,51,540,38.0376579,-78.4853806,38.033545,-78.490591,43475.0,Charlottesville,Virginia,G5105400,38.033545,-78.490591,2011,,,,,,,,,,,,,,,,,,
G5105500,51,550,36.6793761,-76.3017884,36.757515,-76.282263,222209.0,Chesapeake,Virginia,G5105500,36.757515,-76.282263,2011,,,,,,,,,,,,,,,,,,
G5105700,51,570,37.2616846,-77.3968043,37.264094,-77.401027,17411.0,Colonial Heights,Virginia,G5105700,37.264094,-77.401027,2011,,,,,,,,,,,,,,,,,,
G5105800,51,580,37.7781426,-79.986039,37.781277,-79.98934,5961.0,Covington,Virginia,G5105800,37.781277,-79.98934,2011,,,,,,,,,,,,,,,,,,
G5105900,51,590,36.5833337,-79.4080707,36.591119,-79.409867,43055.0,Danville,Virginia,G5105900,36.591119,-79.409867,2011,,,,,,,,,,,,,,,,,,
G5106000,51,600,38.8531833,-77.2990252,38.852046,-77.302597,22565.0,Fairfax,Virginia,G5106000,38.852046,-77.302597,2011,,,,,,,,,,,,,,,,,,
G5106100,51,610,38.8837873,-77.1746385,38.883689,-77.173924,12332.0,Falls Church,Virginia,G5106100,38.883689,-77.173924,2011,,,,,,,,,,,,,,,,,,
G5106200,51,620,36.6840142,-76.9413956,36.678687,-76.936518,8582.0,Franklin,Virginia,G5106200,36.678687,-76.936518,2011,,,,,,,,,,,,,,,,,,
G5106300,51,630,38.2992718,-77.4866583,38.298644,-77.4809,24286.0,Fredericksburg,Virginia,G5106300,38.298644,-77.4809,2011,,,,,,,,,,,,,,,,,,
G5106400,51,640,36.6656397,-80.9143083,36.665998,-80.918362,7042.0,Galax,Virginia,G5106400,36.665998,-80.918362,2011,,,,,,,,,,,,,,,,,,
G5106500,51,650,37.0480303,-76.2971486,37.042681,-76.366965,137436.0,Hampton,Virginia,G5106500,37.042681,-76.366965,2011,,,,,,,,,,,,,,,,,,
G5106600,51,660,38.4316694,-78.8760274,38.440627,-78.868871,48914.0,Harrisonburg,Virginia,G5106600,38.440627,-78.868871,2011,,,,,,,,,,,,,,,,,,
G5106700,51,670,37.2910098,-77.2989443,37.289087,-77.304582,22591.0,Hopewell,Virginia,G5106700,37.289087,-77.304582,2011,,,,,,,,,,,,,,,,,,
G5106780,51,678,37.7823316,-79.4443196,37.784093,-79.442982,7042.0,Lexington,Virginia,G5106780,37.784093,-79.442982,2011,,,,,,,,,,,,,,,,,,
G5106800,51,680,37.3990161,-79.1954582,37.394382,-79.188942,75568.0,Lynchburg,Virginia,G5106800,37.394382,-79.188942,2011,,,,,,,,,,,,,,,,,,
G5106830,51,683,38.747172,-77.4845362,38.753009,-77.474795,37821.0,Manassas,Virginia,G5106830,38.753009,-77.474795,2011,,,,,,,,,,,,,,,,,,
G5106850,51,685,38.7689523,-77.4487704,38.772139,-77.448892,14273.0,Manassas Park,Virginia,G5106850,38.772139,-77.448892,2011,,,,,,,,,,,,,,,,,,
G5106900,51,690,36.6835269,-79.8636475,36.683587,-79.86482,13821.0,Martinsville,Virginia,G5106900,36.683587,-79.86482,2011,,,,,,,,,,,,,,,,,,
G5107000,51,700,37.0761659,-76.5219682,37.089637,-76.495942,180719.0,Newport News,Virginia,G5107000,37.089637,-76.495942,2011,,,,,,,,,,,,,,,,,,
G5107100,51,710,36.9230149,-76.2446413,36.891356,-76.262277,242803.0,Norfolk,Virginia,G5107100,36.891356,-76.262277,2011,,,,,,,,,,,,,,,,,,
G5107200,51,720,36.9315489,-82.625996,36.938169,-82.624348,3958.0,Norton,Virginia,G5107200,36.938169,-82.624348,2011,,,,,,,,,,,,,,,,,,
G5107300,51,730,37.2047302,-77.3923681,37.210514,-77.396848,32420.0,Petersburg,Virginia,G5107300,37.210514,-77.396848,2011,,,,,,,,,,,,,,,,,,
G5107350,51,735,37.1283599,-76.3035337,37.131625,-76.381322,12150.0,Poquoson,Virginia,G5107350,37.131625,-76.381322,2011,,,,,,,,,,,,,,,,,,
G5107400,51,740,36.8594298,-76.3562686,36.833227,-76.35389,95535.0,Portsmouth,Virginia,G5107400,36.833227,-76.35389,2011,,,,,,,,,,,,,,,,,,
G5107500,51,750,37.1201161,-80.5591538,37.128676,-80.558831,16408.0,Radford,Virginia,G5107500,37.128676,-80.558831,2011,,,,,,,,,,,,,,,,,,
G5107600,51,760,37.531399,-77.4760085,37.53579,-77.466976,204214.0,Richmond,Virginia,G5107600,37.53579,-77.466976,2011,,,,,,,,,,,,,,,,,,
G5107700,51,770,37.278458,-79.9581739,37.278728,-79.960131,97032.0,Roanoke,Virginia,G5107700,37.278728,-79.960131,2011,,,,,,,,,,,,,,,,,,
G5107750,51,775,37.2853329,-80.0552407,37.286115,-80.05573,24802.0,Salem,Virginia,G5107750,37.286115,-80.05573,2011,,,,,,,,,,,,,,,,,,
G5107900,51,790,38.1580557,-79.061501,38.157796,-79.077956,23746.0,Staunton,Virginia,G5107900,38.157796,-79.077956,2011,,,,,,,,,,,,,,,,,,
G5108000,51,800,36.6971573,-76.6347808,36.776711,-76.556872,84585.0,Suffolk,Virginia,G5108000,36.776711,-76.556872,2011,,,,,,,,,,,,,,,,,,
G5108100,51,810,36.779322,-76.0240205,36.821554,-76.099445,437994.0,Virginia Beach,Virginia,G5108100,36.821554,-76.099445,2011,,,,,,,,,,,,,,,,,,
G5108200,51,820,38.0671571,-78.9014197,38.072013,-78.896755,21006.0,Waynesboro,Virginia,G5108200,38.072013,-78.896755,2011,,,,,,,,,,,,,,,,,,
G5108300,51,830,37.269481,-76.7081925,37.275866,-76.713075,14068.0,Williamsburg,Virginia,G5108300,37.275866,-76.713075,2011,,,,,,,,,,,,,,,,,,
G5108400,51,840,39.1738688,-78.1763562,39.175174,-78.170343,26203.0,Winchester,Virginia,G5108400,39.175174,-78.170343,2011,,,,,,,,,,,,,,,,,,
G5300010,53,1,47.0112378,-118.5128614,46.865676,-119.02242,18728.0,Adams,Washington,G5300010,46.865676,-119.02242,2011,,,,,,,,,,,,,,,,,,
G5300030,53,3,46.1818612,-117.2277813,46.388456,-117.067274,21623.0,Asotin,Washington,G5300030,46.388456,-117.067274,2011,,,,,,,,,,,,,,,,,,
G5300050,53,5,46.2281199,-119.5166659,46.229004,-119.276099,175177.0,Benton,Washington,G5300050,46.229004,-119.276099,2011,,,,,,,,,,,,,,,,,,
G5300070,53,7,47.8609755,-120.619044,47.530217,-120.344707,72453.0,Chelan,Washington,G5300070,47.530217,-120.344707,2011,,,,,,,,,,,,,,,,,,
G5300090,53,9,48.1109034,-123.8898599,48.094258,-123.451968,71404.0,Clallam,Washington,G5300090,48.094258,-123.451968,2011,,,,,,,,,,,,,,,,,,
G5300110,53,11,45.7716737,-122.4859027,45.679487,-122.561881,425363.0,Clark,Washington,G5300110,45.679487,-122.561881,2011,,,,,,,,,,,,,,,,,,
G5300130,53,13,46.2928505,-117.9116345,46.325941,-117.975741,4078.0,Columbia,Washington,G5300130,46.325941,-117.975741,2011,,,,,,,,,,,,,,,,,,
G5300150,53,15,46.1859234,-122.6586822,46.137731,-122.899958,102410.0,Cowlitz,Washington,G5300150,46.137731,-122.899958,2011,,,,,,,,,,,,,,,,,,
G5300170,53,17,47.7417625,-119.6946219,47.511897,-120.172826,38431.0,Douglas,Washington,G5300170,47.511897,-120.172826,2011,,,,,,,,,,,,,,,,,,
G5300190,53,19,48.4732563,-118.5335894,48.622195,-118.531788,7551.0,Ferry,Washington,G5300190,48.622195,-118.531788,2011,,,,,,,,,,,,,,,,,,
G5300210,53,21,46.5345799,-118.9069436,46.304218,-119.11931,78163.0,Franklin,Washington,G5300210,46.304218,-119.11931,2011,,,,,,,,,,,,,,,,,,
G5300250,53,25,47.2136328,-119.467788,47.141696,-119.469973,89120.0,Grant,Washington,G5300250,47.141696,-119.469973,2011,,,,,,,,,,,,,,,,,,
G5300270,53,27,47.1139993,-123.8266547,46.991374,-123.76763,72797.0,Grays Harbor,Washington,G5300270,46.991374,-123.76763,2011,,,,,,,,,,,,,,,,,,
G5300290,53,29,48.1585538,-122.6706492,48.206288,-122.576588,78506.0,Island,Washington,G5300290,48.206288,-122.576588,2011,,,,,,,,,,,,,,,,,,
G5300310,53,31,47.8053465,-123.5271357,48.008216,-122.825295,29872.0,Jefferson,Washington,G5300310,48.008216,-122.825295,2011,,,,,,,,,,,,,,,,,,
G5300330,53,33,47.4905993,-121.833996,47.54832,-122.229983,1931249.0,King,Washington,G5300330,47.54832,-122.229983,2011,,,,,,,,,,,,,,,,,,
G5300350,53,35,47.6396874,-122.6496358,47.613056,-122.632791,251133.0,Kitsap,Washington,G5300350,47.613056,-122.632791,2011,,,,,,,,,,,,,,,,,,
G5300370,53,37,47.1244443,-120.6767136,47.047742,-120.623911,40915.0,Kittitas,Washington,G5300370,47.047742,-120.623911,2011,,,,,,,,,,,,,,,,,,
G5300390,53,39,45.8695099,-120.7801182,45.797495,-121.132931,20318.0,Klickitat,Washington,G5300390,45.797495,-121.132931,2011,,,,,,,,,,,,,,,,,,
G5300410,53,41,46.5800714,-122.3774443,46.617975,-122.832505,75455.0,Lewis,Washington,G5300410,46.617975,-122.832505,2011,,,,,,,,,,,,,,,,,,
G5300430,53,43,47.5827433,-118.4176925,47.633857,-118.325118,10570.0,Lincoln,Washington,G5300430,47.633857,-118.325118,2011,,,,,,,,,,,,,,,,,,
G5300450,53,45,47.3541257,-123.1738498,47.287955,-123.036931,60699.0,Mason,Washington,G5300450,47.287955,-123.036931,2011,,,,,,,,,,,,,,,,,,
G5300470,53,47,48.5513865,-119.6858767,48.446246,-119.578336,41120.0,Okanogan,Washington,G5300470,48.446246,-119.578336,2011,,,,,,,,,,,,,,,,,,
G5300490,53,49,46.5565866,-123.7824193,46.528108,-123.896075,20920.0,Pacific,Washington,G5300490,46.528108,-123.896075,2011,,,,,,,,,,,,,,,,,,
G5300510,53,51,48.5438247,-117.2321913,48.286333,-117.222011,13001.0,Pend Oreille,Washington,G5300510,48.286333,-117.222011,2011,,,,,,,,,,,,,,,,,,
G5300530,53,53,47.0514152,-122.1532418,47.179454,-122.410936,795225.0,Pierce,Washington,G5300530,47.179454,-122.410936,2011,,,,,,,,,,,,,,,,,,
G5300550,53,55,48.5071904,-123.1037693,48.576187,-122.980165,15769.0,San Juan,Washington,G5300550,48.576187,-122.980165,2011,,,,,,,,,,,,,,,,,,
G5300570,53,57,48.4932917,-121.8157703,48.466681,-122.335882,116901.0,Skagit,Washington,G5300570,48.466681,-122.335882,2011,,,,,,,,,,,,,,,,,,
G5300590,53,59,46.0247815,-121.9532269,45.691397,-121.925675,11066.0,Skamania,Washington,G5300590,45.691397,-121.925675,2011,,,,,,,,,,,,,,,,,,
G5300610,53,61,48.054913,-121.7664118,47.929139,-122.189388,713335.0,Snohomish,Washington,G5300610,47.929139,-122.189388,2011,,,,,,,,,,,,,,,,,,
G5300630,53,63,47.6203752,-117.4033714,47.681186,-117.37087,471221.0,Spokane,Washington,G5300630,47.681186,-117.37087,2011,,,,,,,,,,,,,,,,,,
G5300650,53,65,48.388727,-117.8544544,48.279486,-117.810545,43531.0,Stevens,Washington,G5300650,48.279486,-117.810545,2011,,,,,,,,,,,,,,,,,,
G5300670,53,67,46.9358216,-122.8301524,46.999073,-122.840989,252264.0,Thurston,Washington,G5300670,46.999073,-122.840989,2011,,,,,,,,,,,,,,,,,,
G5300690,53,69,46.2946377,-123.4244583,46.236785,-123.428851,3978.0,Wahkiakum,Washington,G5300690,46.236785,-123.428851,2011,,,,,,,,,,,,,,,,,,
G5300710,53,71,46.2546061,-118.4803741,46.077821,-118.390182,58781.0,Walla Walla,Washington,G5300710,46.077821,-118.390182,2011,,,,,,,,,,,,,,,,,,
G5300730,53,73,48.8426531,-121.8364325,48.820552,-122.485318,201140.0,Whatcom,Washington,G5300730,48.820552,-122.485318,2011,,,,,,,,,,,,,,,,,,
G5300750,53,75,46.9059441,-117.5353898,46.797297,-117.221303,44776.0,Whitman,Washington,G5300750,46.797297,-117.221303,2011,,,,,,,,,,,,,,,,,,
G5300770,53,77,46.4565581,-120.7401446,46.515822,-120.41619,243231.0,Yakima,Washington,G5300770,46.515822,-120.41619,2011,,,,,,,,,,,,,,,,,,
G5400010,54,1,39.1397248,-79.9969466,39.109653,-80.004972,16589.0,Barbour,West Virginia,G5400010,39.109653,-80.004972,2011,,,,,,,,,,,,,,,,,,
G5400030,54,3,39.4480541,-78.0377755,39.457075,-77.982455,104169.0,Berkeley,West Virginia,G5400030,39.457075,-77.982455,2011,,,,,,,,,,,,,,,,,,
G5400050,54,5,38.0228142,-81.713539,38.054143,-81.752712,24629.0,Boone,West Virginia,G5400050,38.054143,-81.752712,2011,,,,,,,,,,,,,,,,,,
G5400070,54,7,38.6993418,-80.7316566,38.691193,-80.728585,14523.0,Braxton,West Virginia,G5400070,38.691193,-80.728585,2011,,,,,,,,,,,,,,,,,,
G5400090,54,9,40.2726454,-80.5786912,40.308456,-80.58577,24069.0,Brooke,West Virginia,G5400090,40.308456,-80.58577,2011,,,,,,,,,,,,,,,,,,
G5400110,54,11,38.4195778,-82.2433966,38.413495,-82.338233,96319.0,Cabell,West Virginia,G5400110,38.413495,-82.338233,2011,,,,,,,,,,,,,,,,,,
G5400130,54,13,38.8441591,-81.1154775,38.85054,-81.104298,7627.0,Calhoun,West Virginia,G5400130,38.85054,-81.104298,2011,,,,,,,,,,,,,,,,,,
G5400150,54,15,38.4598259,-81.0818663,38.468912,-81.103578,9386.0,Clay,West Virginia,G5400150,38.468912,-81.103578,2011,,,,,,,,,,,,,,,,,,
G5400170,54,17,39.2634805,-80.7012316,39.287426,-80.72175,8202.0,Doddridge,West Virginia,G5400170,39.287426,-80.72175,2011,,,,,,,,,,,,,,,,,,
G5400190,54,19,38.0309328,-81.0860508,38.033101,-81.13355,46039.0,Fayette,West Virginia,G5400190,38.033101,-81.13355,2011,,,,,,,,,,,,,,,,,,
G5400210,54,21,38.9158671,-80.8494132,38.924402,-80.827613,8693.0,Gilmer,West Virginia,G5400210,38.924402,-80.827613,2011,,,,,,,,,,,,,,,,,,
G5400230,54,23,39.1059882,-79.195064,39.061384,-79.162438,11937.0,Grant,West Virginia,G5400230,39.061384,-79.162438,2011,,,,,,,,,,,,,,,,,,
G5400250,54,25,37.9244182,-80.4505904,37.855598,-80.493567,35480.0,Greenbrier,West Virginia,G5400250,37.855598,-80.493567,2011,,,,,,,,,,,,,,,,,,
G5400270,54,27,39.3121395,-78.6119886,39.327538,-78.611263,23964.0,Hampshire,West Virginia,G5400270,39.327538,-78.611263,2011,,,,,,,,,,,,,,,,,,
G5400290,54,29,40.5169584,-80.5701643,40.479465,-80.569498,30676.0,Hancock,West Virginia,G5400290,40.479465,-80.569498,2011,,,,,,,,,,,,,,,,,,
G5400310,54,31,39.0113612,-78.8417292,39.037706,-78.881937,14025.0,Hardy,West Virginia,G5400310,39.037706,-78.881937,2011,,,,,,,,,,,,,,,,,,
G5400330,54,33,39.279182,-80.3864982,39.287945,-80.343216,69099.0,Harrison,West Virginia,G5400330,39.287945,-80.343216,2011,,,,,,,,,,,,,,,,,,
G5400350,54,35,38.8342339,-81.6777168,38.840404,-81.712041,29211.0,Jackson,West Virginia,G5400350,38.840404,-81.712041,2011,,,,,,,,,,,,,,,,,,
G5400370,54,37,39.3073985,-77.86322,39.315195,-77.847656,53498.0,Jefferson,West Virginia,G5400370,39.315195,-77.847656,2011,,,,,,,,,,,,,,,,,,
G5400390,54,39,38.3280675,-81.5235156,38.361943,-81.652953,193063.0,Kanawha,West Virginia,G5400390,38.361943,-81.652953,2011,,,,,,,,,,,,,,,,,,
G5400410,54,41,38.9888773,-80.4954773,39.03246,-80.471273,16372.0,Lewis,West Virginia,G5400410,39.03246,-80.471273,2011,,,,,,,,,,,,,,,,,,
G5400430,54,43,38.1717696,-82.0776231,38.199035,-82.066952,21720.0,Lincoln,West Virginia,G5400430,38.199035,-82.066952,2011,,,,,,,,,,,,,,,,,,
G5400450,54,45,37.8305905,-81.940853,37.856637,-81.971518,36743.0,Logan,West Virginia,G5400450,37.856637,-81.971518,2011,,,,,,,,,,,,,,,,,,
G5400470,54,47,37.3826627,-81.6582048,37.389931,-81.658541,22113.0,McDowell,West Virginia,G5400470,37.389931,-81.658541,2011,,,,,,,,,,,,,,,,,,
G5400490,54,49,39.5058387,-80.2434018,39.486129,-80.181612,56418.0,Marion,West Virginia,G5400490,39.486129,-80.181612,2011,,,,,,,,,,,,,,,,,,
G5400510,54,51,39.8544259,-80.6717944,39.926441,-80.7045,33107.0,Marshall,West Virginia,G5400510,39.926441,-80.7045,2011,,,,,,,,,,,,,,,,,,
G5400530,54,53,38.7592882,-82.0241715,38.826465,-82.059748,27324.0,Mason,West Virginia,G5400530,38.826465,-82.059748,2011,,,,,,,,,,,,,,,,,,
G5400550,54,55,37.4034477,-81.106456,37.352463,-81.140806,62264.0,Mercer,West Virginia,G5400550,37.352463,-81.140806,2011,,,,,,,,,,,,,,,,,,
G5400570,54,57,39.4047806,-78.9566899,39.465107,-78.909946,28212.0,Mineral,West Virginia,G5400570,39.465107,-78.909946,2011,,,,,,,,,,,,,,,,,,
G5400590,54,59,37.7211608,-82.1589891,37.705418,-82.157458,26839.0,Mingo,West Virginia,G5400590,37.705418,-82.157458,2011,,,,,,,,,,,,,,,,,,
G5400610,54,61,39.6336448,-80.0590736,39.636196,-79.959809,96189.0,Monongalia,West Virginia,G5400610,39.636196,-79.959809,2011,,,,,,,,,,,,,,,,,,
G5400630,54,63,37.5503396,-80.5478898,37.528463,-80.636561,13502.0,Monroe,West Virginia,G5400630,37.528463,-80.636561,2011,,,,,,,,,,,,,,,,,,
G5400650,54,65,39.5550021,-78.2573449,39.581071,-78.223556,17541.0,Morgan,West Virginia,G5400650,39.581071,-78.223556,2011,,,,,,,,,,,,,,,,,,
G5400670,54,67,38.2914157,-80.797516,38.275855,-80.775451,26233.0,Nicholas,West Virginia,G5400670,38.275855,-80.775451,2011,,,,,,,,,,,,,,,,,,
G5400690,54,69,40.0989316,-80.6207278,40.078993,-80.672339,44443.0,Ohio,West Virginia,G5400690,40.078993,-80.672339,2011,,,,,,,,,,,,,,,,,,
G5400710,54,71,38.6744501,-79.3406175,38.672518,-79.337502,7695.0,Pendleton,West Virginia,G5400710,38.672518,-79.337502,2011,,,,,,,,,,,,,,,,,,
G5400730,54,73,39.3681331,-81.1611724,39.383419,-81.19208,7605.0,Pleasants,West Virginia,G5400730,39.383419,-81.19208,2011,,,,,,,,,,,,,,,,,,
G5400750,54,75,38.332606,-80.0101205,38.286867,-80.024122,8719.0,Pocahontas,West Virginia,G5400750,38.286867,-80.024122,2011,,,,,,,,,,,,,,,,,,
G5400770,54,77,39.4690296,-79.6688649,39.495471,-79.676099,33520.0,Preston,West Virginia,G5400770,39.495471,-79.676099,2011,,,,,,,,,,,,,,,,,,
G5400790,54,79,38.5105128,-81.906109,38.475729,-81.926568,55486.0,Putnam,West Virginia,G5400790,38.475729,-81.926568,2011,,,,,,,,,,,,,,,,,,
G5400810,54,81,37.7624696,-81.2646711,37.770284,-81.202994,78859.0,Raleigh,West Virginia,G5400810,37.770284,-81.202994,2011,,,,,,,,,,,,,,,,,,
G5400830,54,83,38.7810953,-79.8677881,38.869406,-79.872569,29405.0,Randolph,West Virginia,G5400830,38.869406,-79.872569,2011,,,,,,,,,,,,,,,,,,
G5400850,54,85,39.1771117,-81.0663167,39.213934,-81.044436,10449.0,Ritchie,West Virginia,G5400850,39.213934,-81.044436,2011,,,,,,,,,,,,,,,,,,
G5400870,54,87,38.743003,-81.3545223,38.729491,-81.346321,14926.0,Roane,West Virginia,G5400870,38.729491,-81.346321,2011,,,,,,,,,,,,,,,,,,
G5400890,54,89,37.6560029,-80.8563149,37.666908,-80.847554,13927.0,Summers,West Virginia,G5400890,37.666908,-80.847554,2011,,,,,,,,,,,,,,,,,,
G5400910,54,91,39.3324777,-80.0465538,39.337291,-80.064419,16895.0,Taylor,West Virginia,G5400910,39.337291,-80.064419,2011,,,,,,,,,,,,,,,,,,
G5400930,54,93,39.1111751,-79.5599678,39.11173,-79.607202,7141.0,Tucker,West Virginia,G5400930,39.11173,-79.607202,2011,,,,,,,,,,,,,,,,,,
G5400950,54,95,39.465634,-80.8772193,39.508846,-80.925137,9208.0,Tyler,West Virginia,G5400950,39.508846,-80.925137,2011,,,,,,,,,,,,,,,,,,
G5400970,54,97,38.9025365,-80.2313352,38.953837,-80.228779,24254.0,Upshur,West Virginia,G5400970,38.953837,-80.228779,2011,,,,,,,,,,,,,,,,,,
G5400990,54,99,38.1455414,-82.4196812,38.261889,-82.491282,42481.0,Wayne,West Virginia,G5400990,38.261889,-82.491282,2011,,,,,,,,,,,,,,,,,,
G5401010,54,101,38.483459,-80.4490515,38.469808,-80.479615,9154.0,Webster,West Virginia,G5401010,38.469808,-80.479615,2011,,,,,,,,,,,,,,,,,,
G5401030,54,103,39.6006015,-80.6281566,39.62681,-80.758633,16583.0,Wetzel,West Virginia,G5401030,39.62681,-80.758633,2011,,,,,,,,,,,,,,,,,,
G5401050,54,105,39.0200337,-81.3829749,39.052702,-81.392132,5717.0,Wirt,West Virginia,G5401050,39.052702,-81.392132,2011,,,,,,,,,,,,,,,,,,
G5401070,54,107,39.2115749,-81.5162531,39.266169,-81.530388,86956.0,Wood,West Virginia,G5401070,39.266169,-81.530388,2011,,,,,,,,,,,,,,,,,,
G5401090,54,109,37.6037173,-81.5488841,37.628554,-81.564644,23796.0,Wyoming,West Virginia,G5401090,37.628554,-81.564644,2011,,,,,,,,,,,,,,,,,,
G5500010,55,1,43.9737629,-89.7672232,43.944401,-89.782239,20875.0,Adams,Wisconsin,G5500010,43.944401,-89.782239,2011,,,,,,,,,,,,,,,,,,
G5500030,55,3,46.5444245,-90.6796907,46.470378,-90.783551,16157.0,Ashland,Wisconsin,G5500030,46.470378,-90.783551,2011,,,,,,,,,,,,,,,,,,
G5500050,55,5,45.4371917,-91.8528921,45.436158,-91.815595,45870.0,Barron,Wisconsin,G5500050,45.436158,-91.815595,2011,,,,,,,,,,,,,,,,,,
G5500070,55,7,46.6341992,-91.1772815,46.588678,-91.102103,15014.0,Bayfield,Wisconsin,G5500070,46.588678,-91.102103,2011,,,,,,,,,,,,,,,,,,
G5500090,55,9,44.4739612,-87.9959258,44.497198,-88.031843,248007.0,Brown,Wisconsin,G5500090,44.497198,-88.031843,2011,,,,,,,,,,,,,,,,,,
G5500110,55,11,44.3856419,-91.7612289,44.379071,-91.743927,13587.0,Buffalo,Wisconsin,G5500110,44.379071,-91.743927,2011,,,,,,,,,,,,,,,,,,
G5500130,55,13,45.8668778,-92.3757402,45.833418,-92.413067,15457.0,Burnett,Wisconsin,G5500130,45.833418,-92.413067,2011,,,,,,,,,,,,,,,,,,
G5500150,55,15,44.0784104,-88.2121322,44.149211,-88.258764,48971.0,Calumet,Wisconsin,G5500150,44.149211,-88.258764,2011,,,,,,,,,,,,,,,,,,
G5500170,55,17,45.0690918,-91.2835054,44.986588,-91.32738,62415.0,Chippewa,Wisconsin,G5500170,44.986588,-91.32738,2011,,,,,,,,,,,,,,,,,,
G5500190,55,19,44.7393059,-90.6099454,44.784643,-90.547599,34690.0,Clark,Wisconsin,G5500190,44.784643,-90.547599,2011,,,,,,,,,,,,,,,,,,
G5500210,55,21,43.4718818,-89.3304721,43.46149,-89.367399,56833.0,Columbia,Wisconsin,G5500210,43.46149,-89.367399,2011,,,,,,,,,,,,,,,,,,
G5500230,55,23,43.24991,-90.9512302,43.159807,-91.011263,16644.0,Crawford,Wisconsin,G5500230,43.159807,-91.011263,2011,,,,,,,,,,,,,,,,,,
G5500250,55,25,43.0674684,-89.4178523,43.074343,-89.393883,488073.0,Dane,Wisconsin,G5500250,43.074343,-89.393883,2011,,,,,,,,,,,,,,,,,,
G5500270,55,27,43.4227057,-88.7043791,43.434231,-88.712346,88759.0,Dodge,Wisconsin,G5500270,43.434231,-88.712346,2011,,,,,,,,,,,,,,,,,,
G5500290,55,29,45.067811,-87.0879355,44.904102,-87.345365,27785.0,Door,Wisconsin,G5500290,44.904102,-87.345365,2011,,,,,,,,,,,,,,,,,,
G5500310,55,31,46.4633156,-91.8925795,46.633029,-92.017477,44159.0,Douglas,Wisconsin,G5500310,46.633029,-92.017477,2011,,,,,,,,,,,,,,,,,,
G5500330,55,33,44.9477408,-91.8977203,44.914467,-91.895108,43857.0,Dunn,Wisconsin,G5500330,44.914467,-91.895108,2011,,,,,,,,,,,,,,,,,,
G5500350,55,35,44.7263547,-91.2864137,44.790413,-91.454948,98736.0,Eau Claire,Wisconsin,G5500350,44.790413,-91.454948,2011,,,,,,,,,,,,,,,,,,
G5500370,55,37,45.8718648,-88.4072338,45.852429,-88.237785,4423.0,Florence,Wisconsin,G5500370,45.852429,-88.237785,2011,,,,,,,,,,,,,,,,,,
G5500390,55,39,43.7547219,-88.493284,43.76493,-88.486885,101633.0,Fond du Lac,Wisconsin,G5500390,43.76493,-88.486885,2011,,,,,,,,,,,,,,,,,,
G5500410,55,41,45.6668822,-88.7732251,45.561305,-88.806904,9304.0,Forest,Wisconsin,G5500410,45.561305,-88.806904,2011,,,,,,,,,,,,,,,,,,
G5500430,55,43,42.8700275,-90.6942288,42.82529,-90.616057,51208.0,Grant,Wisconsin,G5500430,42.82529,-90.616057,2011,,,,,,,,,,,,,,,,,,
G5500450,55,45,42.6755218,-89.6050743,42.670633,-89.576089,36842.0,Green,Wisconsin,G5500450,42.670633,-89.576089,2011,,,,,,,,,,,,,,,,,,
G5500470,55,47,43.7614097,-88.9872277,43.844076,-89.013089,19051.0,Green Lake,Wisconsin,G5500470,43.844076,-89.013089,2011,,,,,,,,,,,,,,,,,,
G5500490,55,49,43.0010208,-90.1336915,42.982704,-90.126735,23687.0,Iowa,Wisconsin,G5500490,42.982704,-90.126735,2011,,,,,,,,,,,,,,,,,,
G5500510,55,51,46.32655,-90.2612985,46.353147,-90.196635,5916.0,Iron,Wisconsin,G5500510,46.353147,-90.196635,2011,,,,,,,,,,,,,,,,,,
G5500530,55,53,44.3267574,-90.7960178,44.320474,-90.901558,20449.0,Jackson,Wisconsin,G5500530,44.320474,-90.901558,2011,,,,,,,,,,,,,,,,,,
G5500550,55,55,43.0138065,-88.7739855,43.040167,-88.784757,83686.0,Jefferson,Wisconsin,G5500550,43.040167,-88.784757,2011,,,,,,,,,,,,,,,,,,
G5500570,55,57,43.9328362,-90.1139837,43.842134,-90.100354,26664.0,Juneau,Wisconsin,G5500570,43.842134,-90.100354,2011,,,,,,,,,,,,,,,,,,
G5500590,55,59,42.5797028,-87.4248983,42.572633,-87.922956,166426.0,Kenosha,Wisconsin,G5500590,42.572633,-87.922956,2011,,,,,,,,,,,,,,,,,,
G5500610,55,61,44.5009489,-87.1618133,44.527541,-87.58979,20574.0,Kewaunee,Wisconsin,G5500610,44.527541,-87.58979,2011,,,,,,,,,,,,,,,,,,
G5500630,55,63,43.9082222,-91.1117584,43.858367,-91.208437,114638.0,La Crosse,Wisconsin,G5500630,43.858367,-91.208437,2011,,,,,,,,,,,,,,,,,,
G5500650,55,65,42.6555782,-90.1302916,42.661836,-90.139042,16836.0,Lafayette,Wisconsin,G5500650,42.661836,-90.139042,2011,,,,,,,,,,,,,,,,,,
G5500670,55,67,45.2621703,-89.0675486,45.18444,-89.105771,19977.0,Langlade,Wisconsin,G5500670,45.18444,-89.105771,2011,,,,,,,,,,,,,,,,,,
G5500690,55,69,45.3384167,-89.7423088,45.285493,-89.686664,28743.0,Lincoln,Wisconsin,G5500690,45.285493,-89.686664,2011,,,,,,,,,,,,,,,,,,
G5500710,55,71,44.1051076,-87.3138281,44.104426,-87.723854,81442.0,Manitowoc,Wisconsin,G5500710,44.104426,-87.723854,2011,,,,,,,,,,,,,,,,,,
G5500730,55,73,44.8980363,-89.757823,44.908503,-89.710946,134063.0,Marathon,Wisconsin,G5500730,44.908503,-89.710946,2011,,,,,,,,,,,,,,,,,,
G5500750,55,75,45.3468989,-87.991198,45.221014,-87.846106,41749.0,Marinette,Wisconsin,G5500750,45.221014,-87.846106,2011,,,,,,,,,,,,,,,,,,
G5500770,55,77,43.8260529,-89.4090953,43.813741,-89.41107,15404.0,Marquette,Wisconsin,G5500770,43.813741,-89.41107,2011,,,,,,,,,,,,,,,,,,
G5500790,55,79,43.0176524,-87.4815485,43.032865,-87.959548,947735.0,Milwaukee,Wisconsin,G5500790,43.032865,-87.959548,2011,,,,,,,,,,,,,,,,,,
G5500810,55,81,43.9451751,-90.6199687,43.942291,-90.640636,44673.0,Monroe,Wisconsin,G5500810,43.942291,-90.640636,2011,,,,,,,,,,,,,,,,,,
G5500830,55,83,44.9965754,-88.2065162,44.8979,-88.147837,37660.0,Oconto,Wisconsin,G5500830,44.8979,-88.147837,2011,,,,,,,,,,,,,,,,,,
G5500850,55,85,45.7161977,-89.5349883,45.708051,-89.490882,35998.0,Oneida,Wisconsin,G5500850,45.708051,-89.490882,2011,,,,,,,,,,,,,,,,,,
G5500870,55,87,44.4182258,-88.4649883,44.309508,-88.400738,176695.0,Outagamie,Wisconsin,G5500870,44.309508,-88.400738,2011,,,,,,,,,,,,,,,,,,
G5500890,55,89,43.360715,-87.4965534,43.32038,-87.949891,86395.0,Ozaukee,Wisconsin,G5500890,43.32038,-87.949891,2011,,,,,,,,,,,,,,,,,,
G5500910,55,91,44.6274362,-91.8348898,44.590724,-91.989241,7469.0,Pepin,Wisconsin,G5500910,44.590724,-91.989241,2011,,,,,,,,,,,,,,,,,,
G5500930,55,93,44.7253365,-92.4262793,44.771766,-92.544547,41019.0,Pierce,Wisconsin,G5500930,44.771766,-92.544547,2011,,,,,,,,,,,,,,,,,,
G5500950,55,95,45.4686538,-92.4537362,45.406302,-92.478528,44205.0,Polk,Wisconsin,G5500950,45.406302,-92.478528,2011,,,,,,,,,,,,,,,,,,
G5500970,55,97,44.4762457,-89.4980699,44.498175,-89.526902,70019.0,Portage,Wisconsin,G5500970,44.498175,-89.526902,2011,,,,,,,,,,,,,,,,,,
G5500990,55,99,45.6790725,-90.3596497,45.724747,-90.398474,14159.0,Price,Wisconsin,G5500990,45.724747,-90.398474,2011,,,,,,,,,,,,,,,,,,
G5501010,55,101,42.7540747,-87.414676,42.734943,-87.926109,195408.0,Racine,Wisconsin,G5501010,42.734943,-87.926109,2011,,,,,,,,,,,,,,,,,,
G5501030,55,103,43.3761994,-90.4356927,43.350327,-90.39055,18021.0,Richland,Wisconsin,G5501030,43.350327,-90.39055,2011,,,,,,,,,,,,,,,,,,
G5501050,55,105,42.6698784,-89.0752805,42.651893,-89.03741,160331.0,Rock,Wisconsin,G5501050,42.651893,-89.03741,2011,,,,,,,,,,,,,,,,,,
G5501070,55,107,45.472734,-91.1367448,45.448067,-91.127194,14755.0,Rusk,Wisconsin,G5501070,45.448067,-91.127194,2011,,,,,,,,,,,,,,,,,,
G5501090,55,109,45.0289589,-92.4472842,45.018036,-92.579597,84345.0,St. Croix,Wisconsin,G5501090,45.018036,-92.579597,2011,,,,,,,,,,,,,,,,,,
G5501110,55,111,43.4279976,-89.943329,43.446515,-89.869597,61976.0,Sauk,Wisconsin,G5501110,43.446515,-89.869597,2011,,,,,,,,,,,,,,,,,,
G5501130,55,113,45.8649127,-91.1471302,45.936442,-91.346565,16557.0,Sawyer,Wisconsin,G5501130,45.936442,-91.346565,2011,,,,,,,,,,,,,,,,,,
G5501150,55,115,44.7896407,-88.7558134,44.787648,-88.68623,41949.0,Shawano,Wisconsin,G5501150,44.787648,-88.68623,2011,,,,,,,,,,,,,,,,,,
G5501170,55,117,43.7460015,-87.7305455,43.733217,-87.820251,115507.0,Sheboygan,Wisconsin,G5501170,43.733217,-87.820251,2011,,,,,,,,,,,,,,,,,,
G5501190,55,119,45.2116558,-90.5048529,45.173257,-90.412651,20689.0,Taylor,Wisconsin,G5501190,45.173257,-90.412651,2011,,,,,,,,,,,,,,,,,,
G5501210,55,121,44.3030501,-91.3588668,44.292059,-91.360514,28816.0,Trempealeau,Wisconsin,G5501210,44.292059,-91.360514,2011,,,,,,,,,,,,,,,,,,
G5501230,55,123,43.5993661,-90.8219835,43.605782,-90.836755,29773.0,Vernon,Wisconsin,G5501230,43.605782,-90.836755,2011,,,,,,,,,,,,,,,,,,
G5501250,55,125,46.049848,-89.501254,45.984593,-89.499417,21430.0,Vilas,Wisconsin,G5501250,45.984593,-89.499417,2011,,,,,,,,,,,,,,,,,,
G5501270,55,127,42.6681095,-88.5417306,42.664074,-88.540668,102228.0,Walworth,Wisconsin,G5501270,42.664074,-88.540668,2011,,,,,,,,,,,,,,,,,,
G5501290,55,129,45.8924633,-91.7964225,45.847241,-91.834412,15911.0,Washburn,Wisconsin,G5501290,45.847241,-91.834412,2011,,,,,,,,,,,,,,,,,,
G5501310,55,131,43.391156,-88.2329166,43.347344,-88.215167,131887.0,Washington,Wisconsin,G5501310,43.347344,-88.215167,2011,,,,,,,,,,,,,,,,,,
G5501330,55,133,43.0193081,-88.3067069,43.034419,-88.236902,389891.0,Waukesha,Wisconsin,G5501330,43.034419,-88.236902,2011,,,,,,,,,,,,,,,,,,
G5501350,55,135,44.4780043,-88.9670053,44.432371,-88.937106,52410.0,Waupaca,Wisconsin,G5501350,44.432371,-88.937106,2011,,,,,,,,,,,,,,,,,,
G5501370,55,137,44.1128248,-89.239752,44.10115,-89.22596,24496.0,Waushara,Wisconsin,G5501370,44.10115,-89.22596,2011,,,,,,,,,,,,,,,,,,
G5501390,55,139,44.0857068,-88.6681488,44.100643,-88.540068,166994.0,Winnebago,Wisconsin,G5501390,44.100643,-88.540068,2011,,,,,,,,,,,,,,,,,,
G5501410,55,141,44.4614126,-90.0388252,44.478782,-89.963901,74749.0,Wood,Wisconsin,G5501410,44.478782,-89.963901,2011,,,,,,,,,,,,,,,,,,
G5600010,56,1,41.6655141,-105.7218826,41.314993,-105.598281,36299.0,Albany,Wyoming,G5600010,41.314993,-105.598281,2011,,,,,,,,,,,,,,,,,,
G5600030,56,3,44.5251167,-107.9948477,44.629497,-108.244578,11668.0,Big Horn,Wyoming,G5600030,44.629497,-108.244578,2011,,,,,,,,,,,,,,,,,,
G5600050,56,5,44.1919995,-105.5170141,44.254397,-105.494894,46133.0,Campbell,Wyoming,G5600050,44.254397,-105.494894,2011,,,,,,,,,,,,,,,,,,
G5600070,56,7,41.7035904,-106.9331526,41.670117,-107.083924,15885.0,Carbon,Wyoming,G5600070,41.670117,-107.083924,2011,,,,,,,,,,,,,,,,,,
G5600090,56,9,42.9748981,-105.5059169,42.79411,-105.527589,13833.0,Converse,Wyoming,G5600090,42.79411,-105.527589,2011,,,,,,,,,,,,,,,,,,
G5600110,56,11,44.5892657,-104.5672975,44.432535,-104.625297,7083.0,Crook,Wyoming,G5600110,44.432535,-104.625297,2011,,,,,,,,,,,,,,,,,,
G5600130,56,13,43.054831,-108.6089349,43.013591,-108.608913,40123.0,Fremont,Wyoming,G5600130,43.013591,-108.608913,2011,,,,,,,,,,,,,,,,,,
G5600150,56,15,42.08958,-104.3534821,42.046971,-104.220514,13249.0,Goshen,Wyoming,G5600150,42.046971,-104.220514,2011,,,,,,,,,,,,,,,,,,
G5600170,56,17,43.7202092,-108.4350765,43.661835,-108.230408,4812.0,Hot Springs,Wyoming,G5600170,43.661835,-108.230408,2011,,,,,,,,,,,,,,,,,,
G5600190,56,19,44.0440477,-106.5885406,44.290845,-106.693517,8569.0,Johnson,Wyoming,G5600190,44.290845,-106.693517,2011,,,,,,,,,,,,,,,,,,
G5600210,56,21,41.2928302,-104.660395,41.153225,-104.773209,91738.0,Laramie,Wyoming,G5600210,41.153225,-104.773209,2011,,,,,,,,,,,,,,,,,,
G5600230,56,23,42.2299932,-110.6829614,42.580437,-110.841375,18106.0,Lincoln,Wyoming,G5600230,42.580437,-110.841375,2011,,,,,,,,,,,,,,,,,,
G5600250,56,25,42.9736019,-106.7650699,42.844218,-106.336877,75450.0,Natrona,Wyoming,G5600250,42.844218,-106.336877,2011,,,,,,,,,,,,,,,,,,
G5600270,56,27,43.062159,-104.4683727,42.809987,-104.465879,2484.0,Niobrara,Wyoming,G5600270,42.809987,-104.465879,2011,,,,,,,,,,,,,,,,,,
G5600290,56,29,44.4923865,-109.5935975,44.615174,-108.97346,28205.0,Park,Wyoming,G5600290,44.615174,-108.97346,2011,,,,,,,,,,,,,,,,,,
G5600310,56,31,42.1315927,-104.9539626,42.10231,-104.928453,8667.0,Platte,Wyoming,G5600310,42.10231,-104.928453,2011,,,,,,,,,,,,,,,,,,
G5600330,56,33,44.7813692,-106.8812114,44.781091,-106.974338,29116.0,Sheridan,Wyoming,G5600330,44.781091,-106.974338,2011,,,,,,,,,,,,,,,,,,
G5600350,56,35,42.7679284,-109.9161701,42.780901,-109.961153,10247.0,Sublette,Wyoming,G5600350,42.780901,-109.961153,2011,,,,,,,,,,,,,,,,,,
G5600370,56,37,41.6603282,-108.8756774,41.580266,-109.295115,43806.0,Sweetwater,Wyoming,G5600370,41.580266,-109.295115,2011,,,,,,,,,,,,,,,,,,
G5600390,56,39,44.0486555,-110.5858253,43.494174,-110.784353,21294.0,Teton,Wyoming,G5600390,43.494174,-110.784353,2011,,,,,,,,,,,,,,,,,,
G5600410,56,41,41.2847255,-110.5589468,41.27186,-110.767519,21118.0,Uinta,Wyoming,G5600410,41.27186,-110.767519,2011,,,,,,,,,,,,,,,,,,
G5600430,56,43,43.8788305,-107.669052,44.012142,-107.911552,8533.0,Washakie,Wyoming,G5600430,44.012142,-107.911552,2011,,,,,,,,,,,,,,,,,,
G5600450,56,45,43.8462133,-104.5700202,43.910214,-104.312414,7208.0,Weston,Wyoming,G5600450,43.910214,-104.312414,2011,,,,,,,,,,,,,,,,,,
G0200130,2,13,,,54.860151,-162.901536,3141.0,Aleutians East,Alaska,G0200130,54.860151,-162.901536,2011,,,,,,,,,,,,,,,,,,
G0200160,2,16,,,54.023571,-168.292885,5561.0,Aleutians West,Alaska,G0200160,54.023571,-168.292885,2011,,,,,,,,,,,,,,,,,,
G2102230,21,223,,,38.620698,-85.332526,8809.0,Trimble,Kentucky,G2102230,38.620698,-85.332526,2011,,,,,,,,,,,,,,,,,,
G2200210,22,21,,,32.078215,-92.103757,10132.0,Caldwell,Louisiana,G2200210,32.078215,-92.103757,2011,,,,,,,,,,,,,,,,,,
G2800370,28,37,,,31.473218,-90.872761,8118.0,Franklin,Mississippi,G2800370,31.473218,-90.872761,2011,,,,,,,,,,,,,,,,,,
G3100570,31,57,,,40.093189,-101.601584,2008.0,Dundy,Nebraska,G3100570,40.093189,-101.601584,2011,,,,,,,,,,,,,,,,,,
G0501470,5,147,,,35.233191,-91.252079,7260.0,Woodruff,Arkansas,G0501470,35.233191,-91.252079,2011,,,,,,,,,,,,,,,,,,
G1300610,13,61,,,31.633549,-85.013368,3183.0,Clay,Georgia,G1300610,31.633549,-85.013368,2011,,,,,,,,,,,,,,,,,,
G1301250,13,125,,,33.235927,-82.609847,3082.0,Glascock,Georgia,G1301250,33.235927,-82.609847,2011,,,,,,,,,,,,,,,,,,
G1302390,13,239,,,31.859377,-85.077727,2513.0,Quitman,Georgia,G1302390,31.859377,-85.077727,2011,,,,,,,,,,,,,,,,,,
G1303070,13,307,,,32.049343,-84.560657,2799.0,Webster,Georgia,G1303070,32.049343,-84.560657,2011,,,,,,,,,,,,,,,,,,
G1600330,16,33,,,44.185815,-112.278608,982.0,Clark,Idaho,G1600330,44.185815,-112.278608,2011,,,,,,,,,,,,,,,,,,
G1701510,17,151,,,37.39893,-88.54991,4470.0,Pope,Illinois,G1701510,37.39893,-88.54991,2011,,,,,,,,,,,,,,,,,,
G2000710,20,71,,,38.487089,-101.763211,1247.0,Greeley,Kansas,G2000710,38.487089,-101.763211,2011,,,,,,,,,,,,,,,,,,
G2000750,20,75,,,37.979185,-101.76766,2690.0,Hamilton,Kansas,G2000750,37.979185,-101.76766,2011,,,,,,,,,,,,,,,,,,
G2000810,20,81,,,37.500029,-100.89411,4256.0,Haskell,Kansas,G2000810,37.500029,-100.89411,2011,,,,,,,,,,,,,,,,,,
G2000830,20,83,,,38.083504,-99.867564,1916.0,Hodgeman,Kansas,G2000830,38.083504,-99.867564,2011,,,,,,,,,,,,,,,,,,
G2001790,20,179,,,39.36791,-100.467964,2556.0,Sheridan,Kansas,G2001790,39.36791,-100.467964,2011,,,,,,,,,,,,,,,,,,
G2001870,20,187,,,37.566267,-101.756238,2235.0,Stanton,Kansas,G2001870,37.566267,-101.756238,2011,,,,,,,,,,,,,,,,,,
G2001990,20,199,,,38.888589,-101.765288,1485.0,Wallace,Kansas,G2001990,38.888589,-101.765288,2011,,,,,,,,,,,,,,,,,,
G2002030,20,203,,,38.494297,-101.349386,2234.0,Wichita,Kansas,G2002030,38.494297,-101.349386,2011,,,,,,,,,,,,,,,,,,
G2101890,21,189,,,37.452097,-83.684099,4755.0,Owsley,Kentucky,G2101890,37.452097,-83.684099,2011,,,,,,,,,,,,,,,,,,
G2102010,21,201,,,38.520826,-84.048848,2282.0,Robertson,Kentucky,G2102010,38.520826,-84.048848,2011,,,,,,,,,,,,,,,,,,
G2800550,28,55,,,32.867279,-91.006351,1406.0,Issaquena,Mississippi,G2800550,32.867279,-91.006351,2011,,,,,,,,,,,,,,,,,,
G3000110,30,11,,,45.679127,-104.523733,1160.0,Carter,Montana,G3000110,45.679127,-104.523733,2011,,,,,,,,,,,,,,,,,,
G3000330,30,33,,,47.299773,-106.97783,1206.0,Garfield,Montana,G3000330,47.299773,-106.97783,2011,,,,,,,,,,,,,,,,,,
G3000690,30,69,,,47.012441,-108.296716,494.0,Petroleum,Montana,G3000690,47.012441,-108.296716,2011,,,,,,,,,,,,,,,,,,
G3000790,30,79,,,46.807847,-105.269953,1179.0,Prairie,Montana,G3000790,46.807847,-105.269953,2011,,,,,,,,,,,,,,,,,,
G3001030,30,103,,,46.255884,-107.241002,718.0,Treasure,Montana,G3001030,46.255884,-107.241002,2011,,,,,,,,,,,,,,,,,,
G3701770,37,177,,,35.907144,-76.238874,4407.0,Tyrrell,North Carolina,G3701770,35.907144,-76.238874,2011,,,,,,,,,,,,,,,,,,
G3800070,38,7,,,47.016207,-103.308303,783.0,Billings,North Dakota,G3800070,47.016207,-103.308303,2011,,,,,,,,,,,,,,,,,,
G3800470,38,47,,,46.498411,-99.548585,1990.0,Logan,North Dakota,G3800470,46.498411,-99.548585,2011,,,,,,,,,,,,,,,,,,
G3800650,38,65,,,47.121328,-101.307901,1846.0,Oliver,North Dakota,G3800650,47.121328,-101.307901,2011,,,,,,,,,,,,,,,,,,
G3800870,38,87,,,46.411465,-103.443746,727.0,Slope,North Dakota,G3800870,46.411465,-103.443746,2011,,,,,,,,,,,,,,,,,,
G3100050,31,5,,,41.569808,-101.673813,460.0,Arthur,Nebraska,G3100050,41.569808,-101.673813,2011,,,,,,,,,,,,,,,,,,
G3100070,31,7,,,41.557925,-103.702088,690.0,Banner,Nebraska,G3100070,41.557925,-103.702088,2011,,,,,,,,,,,,,,,,,,
G3100090,31,9,,,41.901108,-100.007203,478.0,Blaine,Nebraska,G3100090,41.901108,-100.007203,2011,,,,,,,,,,,,,,,,,,
G3100490,31,49,,,41.088793,-102.345568,1941.0,Deuel,Nebraska,G3100490,41.088793,-102.345568,2011,,,,,,,,,,,,,,,,,,
G3100610,31,61,,,40.187621,-98.946914,3225.0,Franklin,Nebraska,G3100610,40.187621,-98.946914,2011,,,,,,,,,,,,,,,,,,
G3100730,31,73,,,40.592124,-99.830993,2044.0,Gosper,Nebraska,G3100730,40.592124,-99.830993,2011,,,,,,,,,,,,,,,,,,
G3100750,31,75,,,41.984368,-101.731402,614.0,Grant,Nebraska,G3100750,41.984368,-101.731402,2011,,,,,,,,,,,,,,,,,,
G3100850,31,85,,,40.49563,-101.058515,967.0,Hayes,Nebraska,G3100850,40.49563,-101.058515,2011,,,,,,,,,,,,,,,,,,
G3100910,31,91,,,42.016041,-101.062839,736.0,Hooker,Nebraska,G3100910,42.016041,-101.062839,2011,,,,,,,,,,,,,,,,,,
G3101030,31,103,,,42.868344,-99.703607,824.0,Keya Paha,Nebraska,G3101030,42.868344,-99.703607,2011,,,,,,,,,,,,,,,,,,
G3101150,31,115,,,41.816483,-99.402546,632.0,Loup,Nebraska,G3101150,41.816483,-99.402546,2011,,,,,,,,,,,,,,,,,,
G3101170,31,117,,,41.57331,-100.986347,539.0,McPherson,Nebraska,G3101170,41.57331,-100.986347,2011,,,,,,,,,,,,,,,,,,
G3101330,31,133,,,40.134921,-96.184059,2773.0,Pawnee,Nebraska,G3101330,40.134921,-96.184059,2011,,,,,,,,,,,,,,,,,,
G3500030,35,3,,,33.928093,-108.549207,3725.0,Catron,New Mexico,G3500030,33.928093,-108.549207,2011,,,,,,,,,,,,,,,,,,
G3500210,35,21,,,35.861023,-103.984528,695.0,Harding,New Mexico,G3500210,35.861023,-103.984528,2011,,,,,,,,,,,,,,,,,,
G3200090,32,9,,,37.708803,-117.677756,783.0,Esmeralda,Nevada,G3200090,37.708803,-117.677756,2011,,,,,,,,,,,,,,,,,,
G4000030,40,3,,,36.660625,-98.318501,5642.0,Alfalfa,Oklahoma,G4000030,36.660625,-98.318501,2011,,,,,,,,,,,,,,,,,,
G4000250,40,25,,,36.729185,-102.485321,2475.0,Cimarron,Oklahoma,G4000250,36.729185,-102.485321,2011,,,,,,,,,,,,,,,,,,
G4001290,40,129,,,35.633256,-99.654582,3647.0,Roger Mills,Oklahoma,G4001290,35.633256,-99.654582,2011,,,,,,,,,,,,,,,,,,
G4600170,46,17,,,44.05926,-99.375243,1912.0,Buffalo,South Dakota,G4600170,44.05926,-99.375243,2011,,,,,,,,,,,,,,,,,,
G4600210,46,21,,,45.802878,-100.101667,1466.0,Campbell,South Dakota,G4600210,45.802878,-100.101667,2011,,,,,,,,,,,,,,,,,,
G4600610,46,61,,,43.658195,-97.780795,3331.0,Hanson,South Dakota,G4600610,43.658195,-97.780795,2011,,,,,,,,,,,,,,,,,,
G4600630,46,63,,,45.612413,-103.525357,1255.0,Harding,South Dakota,G4600630,45.612413,-103.525357,2011,,,,,,,,,,,,,,,,,,
G4600690,46,69,,,44.511151,-99.46011,1420.0,Hyde,South Dakota,G4600690,44.511151,-99.46011,2011,,,,,,,,,,,,,,,,,,
G4600710,46,71,,,43.662756,-101.651749,3031.0,Jackson,South Dakota,G4600710,43.662756,-101.651749,2011,,,,,,,,,,,,,,,,,,
G4600850,46,85,,,43.951381,-99.721302,3755.0,Lyman,South Dakota,G4600850,43.951381,-99.721302,2011,,,,,,,,,,,,,,,,,,
G4600950,46,95,,,43.548671,-100.814632,2048.0,Mellette,South Dakota,G4600950,43.548671,-100.814632,2011,,,,,,,,,,,,,,,,,,
G4601020,46,102,,,43.186406,-102.487474,13586.0,Oglala Lakota,South Dakota,G4601020,43.186406,-102.487474,2011,,,,,,,,,,,,,,,,,,
G4601370,46,137,,,44.939041,-101.524925,2801.0,Ziebach,South Dakota,G4601370,44.939041,-101.524925,2011,,,,,,,,,,,,,,,,,,
G4800110,48,11,,,35.085722,-101.392092,1901.0,Armstrong,Texas,G4800110,35.085722,-101.392092,2011,,,,,,,,,,,,,,,,,,
G4800330,48,33,,,32.746089,-101.426185,641.0,Borden,Texas,G4800330,32.746089,-101.426185,2011,,,,,,,,,,,,,,,,,,
G4801370,48,137,,,29.977801,-100.19957,2002.0,Edwards,Texas,G4801370,29.977801,-100.19957,2011,,,,,,,,,,,,,,,,,,
G4802610,48,261,,,27.065647,-97.773573,416.0,Kenedy,Texas,G4802610,27.065647,-97.773573,2011,,,,,,,,,,,,,,,,,,
G4802690,48,269,,,33.653281,-100.314415,286.0,King,Texas,G4802690,33.653281,-100.314415,2011,,,,,,,,,,,,,,,,,,
G4802950,48,295,,,36.387589,-100.354171,3302.0,Lipscomb,Texas,G4802950,36.387589,-100.354171,2011,,,,,,,,,,,,,,,,,,
G4803010,48,301,,,31.745821,-103.602226,82.0,Loving,Texas,G4803010,31.745821,-103.602226,2011,,,,,,,,,,,,,,,,,,
G4803110,48,311,,,28.449157,-98.51005,707.0,McMullen,Texas,G4803110,28.449157,-98.51005,2011,,,,,,,,,,,,,,,,,,
G4803450,48,345,,,34.012828,-100.844887,1210.0,Motley,Texas,G4803450,34.012828,-100.844887,2011,,,,,,,,,,,,,,,,,,
G4803930,48,393,,,35.720593,-100.705316,929.0,Roberts,Texas,G4803930,35.720593,-100.705316,2011,,,,,,,,,,,,,,,,,,
G4804130,48,413,,,30.875183,-100.581777,3461.0,Schleicher,Texas,G4804130,30.875183,-100.581777,2011,,,,,,,,,,,,,,,,,,
G4804210,48,421,,,36.336364,-101.996669,3034.0,Sherman,Texas,G4804210,36.336364,-101.996669,2011,,,,,,,,,,,,,,,,,,
G4804330,48,433,,,33.145963,-100.236102,1490.0,Stonewall,Texas,G4804330,33.145963,-100.236102,2011,,,,,,,,,,,,,,,,,,
G4804430,48,443,,,30.159691,-102.356398,984.0,Terrell,Texas,G4804430,30.159691,-102.356398,2011,,,,,,,,,,,,,,,,,,
G4804470,48,447,,,33.139397,-99.13442,1641.0,Throckmorton,Texas,G4804470,33.139397,-99.13442,2011,,,,,,,,,,,,,,,,,,
G5105950,51,595,,,36.691841,-77.541306,5927.0,Emporia,Virginia,G5105950,36.691841,-77.541306,2011,,,,,,,,,,,,,,,,,,
G5300230,53,23,,,46.476155,-117.576254,2266.0,Garfield,Washington,G5300230,46.476155,-117.576254,2011,,,,,,,,,,,,,,,,,,
G5500780,55,78,,,44.913795,-88.641293,4232.0,Menominee,Wisconsin,G5500780,44.913795,-88.641293,2011,,,,,,,,,,,,,,,,,,
G0201000,2,100,,,59.234185,-135.497336,2080.0,Haines Borough,Alaska,G0201000,59.234185,-135.497336,2011,,,,,,,,,,,,,,,,,,
G0201050,2,105,,,58.123876,-135.423534,2365.0,Hoonah-Angoon Census Area,Alaska,G0201050,58.123876,-135.423534,2011,,,,,,,,,,,,,,,,,,
G0201950,2,195,,,56.79507,-132.943575,3398.0,Petersburg Borough,Alaska,G0201950,56.79507,-132.943575,2011,,,,,,,,,,,,,,,,,,
G0201980,2,198,,,55.59077,-132.668824,5753.0,Prince of Wales-Hyder Census Area,Alaska,G0201980,55.59077,-132.668824,2011,,,,,,,,,,,,,,,,,,
G0202300,2,230,,,59.465893,-135.310551,1240.0,Skagway Municipality,Alaska,G0202300,59.465893,-135.310551,2011,,,,,,,,,,,,,,,,,,
G0202700,2,270,,,62.1458,-162.8919,,Wade Hampton Census Area,Alaska,G0202700,62.1458,-162.8919,2011,,,,,,,,,,,,,,,,,,
G0202750,2,275,,,56.426145,-132.355422,2127.0,Wrangell City and Borough,Alaska,G0202750,56.426145,-132.355422,2011,,,,,,,,,,,,,,,,,,
G0202820,2,282,,,59.545059,-139.714907,662.0,Yakutat City and Borough,Alaska,G0202820,59.545059,-139.714907,2011,,,,,,,,,,,,,,,,,,
G0202900,2,290,,,64.966051,-152.827744,5343.0,Yukon-Koyukuk Census Area,Alaska,G0202900,64.966051,-152.827744,2011,,,,,,,,,,,,,,,,,,
G1500050,15,5,,,21.189607,-156.982059,82.0,Kalawao County,Hawaii,G1500050,21.189607,-156.982059,2011,,,,,,,,,,,,,,,,,,
G5105150,51,515,,,37.320204,-79.485385,79462.0,Bedford city,Virginia,G5105150,37.320204,-79.485385,2011,,,,,,,,,,,,,,,,,,
G0201580,2,158,,,62.05,-163.19205,,Kusilvak Census Area,Alaska,G0201580,62.05,-163.19205,2011,,,,,,,,,,,,,,,,,,
